{
  "canonical_smiles": "CCCOc1ccc(S(=O)(=O)NCCC2CCCN2C)cc1-c1nc(=O)c2c([nH]1)c(CCC)nn2C",
  "xtb_valid": true,
  "atom_valid_mask": [
    [
      1.0
    ],
    [
      1.0
    ],
    [
      1.0
    ],
    [
      1.0
    ],
    [
      1.0
    ],
    [
      1.0
    ],
    [
      1.0
    ],
    [
      1.0
    ],
    [
      1.0
    ],
    [
      1.0
    ],
    [
      1.0
    ],
    [
      1.0
    ],
    [
      1.0
    ],
    [
      1.0
    ],
    [
      1.0
    ],
    [
      1.0
    ],
    [
      1.0
    ],
    [
      1.0
    ],
    [
      1.0
    ],
    [
      1.0
    ],
    [
      1.0
    ],
    [
      1.0
    ],
    [
      1.0
    ],
    [
      1.0
    ],
    [
      1.0
    ],
    [
      1.0
    ],
    [
      1.0
    ],
    [
      1.0
    ],
    [
      1.0
    ],
    [
      1.0
    ],
    [
      1.0
    ],
    [
      1.0
    ],
    [
      1.0
    ],
    [
      1.0
    ],
    [
      1.0
    ],
    [
      1.0
    ]
  ],
  "atom_features": [
    [
      -0.10839208215475082,
      0.10839208215475082,
      -0.04599451646208763,
      0.2857142984867096,
      0.25529688596725464,
      0.5105937719345093
    ],
    [
      -0.0668506771326065,
      0.0668506771326065,
      -0.004453111439943314,
      0.4571428596973419,
      0.5060322880744934,
      0.5105937719345093
    ],
    [
      0.06663759052753448,
      0.06663759052753448,
      0.12903515994548798,
      0.8571428656578064,
      0.4865545332431793,
      0.5014707446098328
    ],
    [
      -0.26200875639915466,
      0.26200875639915466,
      -0.19961118698120117,
      0.1428571492433548,
      0.513452410697937,
      0.5552665591239929
    ],
    [
      0.1644163280725479,
      0.1644163280725479,
      0.2268138974905014,
      0.9142857193946838,
      0.9415696859359741,
      0.6766585111618042
    ],
    [
      -0.05783598870038986,
      0.05783598870038986,
      0.004561576992273331,
      0.5142857432365417,
      0.7016111612319946,
      0.7265638113021851
    ],
    [
      -0.02600432001054287,
      0.02600432001054287,
      0.03639324754476547,
      0.6285714507102966,
      0.7133090496063232,
      0.7265638113021851
    ],
    [
      -0.09010052680969238,
      0.09010052680969238,
      -0.02770296111702919,
      0.3142857253551483,
      0.8920754790306091,
      0.7051700353622437
    ],
    [
      1.135227084159851,
      1.135227084159851,
      1.197624683380127,
      1.0,
      1.2131110429763794,
      0.7861093878746033
    ],
    [
      -0.6403787136077881,
      0.6403787136077881,
      -0.577981173992157,
      0.02857142873108387,
      0.418257474899292,
      0.7861093878746033
    ],
    [
      -0.6433837413787842,
      0.6433837413787842,
      -0.5809862017631531,
      0.0,
      0.41573697328567505,
      0.7810683846473694
    ],
    [
      -0.37306174635887146,
      0.37306174635887146,
      -0.31066417694091797,
      0.08571428805589676,
      0.48553240299224854,
      0.4909469187259674
    ],
    [
      0.007159369997680187,
      0.007159369997680187,
      0.06955693662166595,
      0.7428571581840515,
      0.4955156743526459,
      0.500084400177002
    ],
    [
      -0.0764135792851448,
      0.0764135792851448,
      -0.014016013592481613,
      0.37142857909202576,
      0.4994361102581024,
      0.500084400177002
    ],
    [
      0.033413369208574295,
      0.033413369208574295,
      0.09581093490123749,
      0.7714285850524902,
      0.74190354347229,
      0.4987878203392029
    ],
    [
      -0.06966958940029144,
      0.06966958940029144,
      -0.00727202370762825,
      0.4285714328289032,
      0.4975881576538086,
      0.5023120045661926
    ],
    [
      -0.06476925313472748,
      0.06476925313472748,
      -0.0023716874420642853,
      0.48571428656578064,
      0.5000185370445251,
      0.5023120045661926
    ],
    [
      -0.0026148599572479725,
      0.0026148599572479725,
      0.05978270620107651,
      0.7142857313156128,
      0.4986215829849243,
      0.4995180666446686
    ],
    [
      -0.19831791520118713,
      0.19831791520118713,
      -0.13592034578323364,
      0.20000000298023224,
      0.7489672899246216,
      0.5062615871429443
    ],
    [
      -0.04073102027177811,
      0.04073102027177811,
      0.021666545420885086,
      0.5714285969734192,
      0.25313079357147217,
      0.5062615871429443
    ],
    [
      -0.034144941717386246,
      0.034144941717386246,
      0.028252623975276947,
      0.6000000238418579,
      0.7065153121948242,
      0.7078605890274048
    ],
    [
      -0.012483440339565277,
      0.012483440339565277,
      0.049914125353097916,
      0.6857143044471741,
      0.9331181645393372,
      0.7078605890274048
    ],
    [
      0.17168232798576355,
      0.17168232798576355,
      0.23407989740371704,
      0.9428571462631226,
      0.9481281638145447,
      0.777093768119812
    ],
    [
      -0.3137742280960083,
      0.3137742280960083,
      -0.2513766586780548,
      0.11428571492433548,
      0.7249594330787659,
      0.777093768119812
    ],
    [
      0.2866036593914032,
      0.2866036593914032,
      0.3490012288093567,
      0.9714285731315613,
      0.960720956325531,
      0.8035399913787842
    ],
    [
      -0.5115159749984741,
      0.5115159749984741,
      -0.44911840558052063,
      0.05714285746216774,
      0.4275144934654236,
      0.8035399913787842
    ],
    [
      -0.012574659660458565,
      0.012574659660458565,
      0.04982290416955948,
      0.6571428775787354,
      0.9392127990722656,
      0.6592366099357605
    ],
    [
      0.039785780012607574,
      0.039785780012607574,
      0.10218334197998047,
      0.800000011920929,
      0.9344555139541626,
      0.6592366099357605
    ],
    [
      -0.10985773801803589,
      0.10985773801803589,
      -0.047460172325372696,
      0.2571428716182709,
      0.6192577481269836,
      0.6120010614395142
    ],
    [
      0.047185711562633514,
      0.047185711562633514,
      0.10958327353000641,
      0.8285714387893677,
      0.9400404691696167,
      0.7357526421546936
    ],
    [
      -0.07089515030384064,
      0.07089515030384064,
      -0.008497584611177444,
      0.4000000059604645,
      0.501569390296936,
      0.5094431638717651
    ],
    [
      -0.05569111928343773,
      0.05569111928343773,
      0.006706446409225464,
      0.5428571701049805,
      0.5022478699684143,
      0.5108000636100769
    ],
    [
      -0.11095704883337021,
      0.11095704883337021,
      -0.048559483140707016,
      0.22857142984867096,
      0.25540003180503845,
      0.5108000636100769
    ],
    [
      -0.23554526269435883,
      0.23554526269435883,
      -0.17314769327640533,
      0.17142857611179352,
      0.6976059675216675,
      0.7357526421546936
    ],
    [
      0.06755787879228592,
      0.06755787879228592,
      0.1299554407596588,
      0.8857142925262451,
      0.8580915331840515,
      0.6153262853622437
    ],
    [
      -0.07800903171300888,
      0.07800903171300888,
      -0.015611466020345688,
      0.34285715222358704,
      0.24848465621471405,
      0.4969693124294281
    ]
  ],
  "feature_names": [
    "charge",
    "abs_charge",
    "charge_centered",
    "charge_rank_norm",
    "wbo_sum",
    "wbo_max"
  ],
  "status": "ok",
  "error": null
}