{
  "canonical_smiles": "Cc1ccccc1C(OCCN(C)C)c1ccccc1",
  "xtb_valid": true,
  "atom_valid_mask": [
    [
      1.0
    ],
    [
      1.0
    ],
    [
      1.0
    ],
    [
      1.0
    ],
    [
      1.0
    ],
    [
      1.0
    ],
    [
      1.0
    ],
    [
      1.0
    ],
    [
      1.0
    ],
    [
      1.0
    ],
    [
      1.0
    ],
    [
      1.0
    ],
    [
      1.0
    ],
    [
      1.0
    ],
    [
      1.0
    ],
    [
      1.0
    ],
    [
      1.0
    ],
    [
      1.0
    ],
    [
      1.0
    ],
    [
      1.0
    ]
  ],
  "atom_features": [
    [
      -0.11603547632694244,
      0.11603547632694244,
      -0.07091955840587616,
      0.10526315867900848,
      0.2570466697216034,
      0.5140933394432068
    ],
    [
      0.006318380124866962,
      0.006318380124866962,
      0.051434293389320374,
      0.8947368264198303,
      0.9824601411819458,
      0.7066172957420349
    ],
    [
      -0.04574673995375633,
      0.04574673995375633,
      -0.0006308257579803467,
      0.15789473056793213,
      0.7410750389099121,
      0.7207579612731934
    ],
    [
      -0.0396667905151844,
      0.0396667905151844,
      0.005449123680591583,
      0.31578946113586426,
      0.7465835213661194,
      0.7207579612731934
    ],
    [
      -0.04160204902291298,
      0.04160204902291298,
      0.0035138651728630066,
      0.21052631735801697,
      0.746063232421875,
      0.720269501209259
    ],
    [
      -0.03515649959445,
      0.03515649959445,
      0.009959414601325989,
      0.5789473652839661,
      0.7412761449813843,
      0.720269501209259
    ],
    [
      -0.012399190105497837,
      0.012399190105497837,
      0.03271672502160072,
      0.7368420958518982,
      0.9709745645523071,
      0.707507848739624
    ],
    [
      0.10706839710474014,
      0.10706839710474014,
      0.15218430757522583,
      1.0,
      0.7250909805297852,
      0.4896794855594635
    ],
    [
      -0.3554690480232239,
      0.3554690480232239,
      -0.3103531301021576,
      0.0,
      0.482014000415802,
      0.48935970664024353
    ],
    [
      0.07325036823749542,
      0.07325036823749542,
      0.1183662861585617,
      0.9473684430122375,
      0.4925467073917389,
      0.49573367834091187
    ],
    [
      0.005070659797638655,
      0.005070659797638655,
      0.05018657445907593,
      0.8421052694320679,
      0.4980355203151703,
      0.5003373622894287
    ],
    [
      -0.19409513473510742,
      0.19409513473510742,
      -0.14897921681404114,
      0.05263157933950424,
      0.7559059262275696,
      0.5062203407287598
    ],
    [
      -0.03947712853550911,
      0.03947712853550911,
      0.005638785660266876,
      0.42105263471603394,
      0.25262707471847534,
      0.5052541494369507
    ],
    [
      -0.040764790028333664,
      0.040764790028333664,
      0.004351124167442322,
      0.2631579041481018,
      0.2531101703643799,
      0.5062203407287598
    ],
    [
      0.00411973986774683,
      0.00411973986774683,
      0.04923565313220024,
      0.7894737124443054,
      0.9771710634231567,
      0.7070759534835815
    ],
    [
      -0.031461190432310104,
      0.031461190432310104,
      0.013654723763465881,
      0.6842105388641357,
      0.7425115704536438,
      0.7225542068481445
    ],
    [
      -0.0348225012421608,
      0.0348225012421608,
      0.010293412953615189,
      0.6315789222717285,
      0.7483499050140381,
      0.7225542068481445
    ],
    [
      -0.03589941933751106,
      0.03589941933751106,
      0.009216494858264923,
      0.5263158082962036,
      0.7468633055686951,
      0.7198457717895508
    ],
    [
      -0.03603256121277809,
      0.03603256121277809,
      0.009083352982997894,
      0.4736842215061188,
      0.7482982277870178,
      0.7206437587738037
    ],
    [
      -0.03951741009950638,
      0.03951741009950638,
      0.0055985040962696075,
      0.3684210479259491,
      0.7415273189544678,
      0.7206437587738037
    ]
  ],
  "feature_names": [
    "charge",
    "abs_charge",
    "charge_centered",
    "charge_rank_norm",
    "wbo_sum",
    "wbo_max"
  ],
  "status": "ok",
  "error": null
}