{
  "canonical_smiles": "COc1ccccc1OCCNCC(O)COc1cccc2[nH]c3ccccc3c12",
  "xtb_valid": true,
  "atom_valid_mask": [
    [
      1.0
    ],
    [
      1.0
    ],
    [
      1.0
    ],
    [
      1.0
    ],
    [
      1.0
    ],
    [
      1.0
    ],
    [
      1.0
    ],
    [
      1.0
    ],
    [
      1.0
    ],
    [
      1.0
    ],
    [
      1.0
    ],
    [
      1.0
    ],
    [
      1.0
    ],
    [
      1.0
    ],
    [
      1.0
    ],
    [
      1.0
    ],
    [
      1.0
    ],
    [
      1.0
    ],
    [
      1.0
    ],
    [
      1.0
    ],
    [
      1.0
    ],
    [
      1.0
    ],
    [
      1.0
    ],
    [
      1.0
    ],
    [
      1.0
    ],
    [
      1.0
    ],
    [
      1.0
    ],
    [
      1.0
    ],
    [
      1.0
    ],
    [
      1.0
    ]
  ],
  "atom_features": [
    [
      0.022532109171152115,
      0.022532109171152115,
      0.08185423910617828,
      0.7241379022598267,
      0.2429794818162918,
      0.4859589636325836
    ],
    [
      -0.3006395399570465,
      0.3006395399570465,
      -0.24131740629673004,
      0.1034482792019844,
      0.505466103553772,
      0.5249732732772827
    ],
    [
      0.11944431811571121,
      0.11944431811571121,
      0.17876645922660828,
      0.9655172228813171,
      0.9332008957862854,
      0.6963084936141968
    ],
    [
      -0.07348556071519852,
      0.07348556071519852,
      -0.01416342705488205,
      0.2068965584039688,
      0.7034117579460144,
      0.710515022277832
    ],
    [
      -0.049878139048814774,
      0.049878139048814774,
      0.009443994611501694,
      0.4137931168079376,
      0.7174310088157654,
      0.7243470549583435
    ],
    [
      -0.05009004846215248,
      0.05009004846215248,
      0.009232085198163986,
      0.37931033968925476,
      0.7171875834465027,
      0.7243470549583435
    ],
    [
      -0.07256679236888885,
      0.07256679236888885,
      -0.013244658708572388,
      0.24137930572032928,
      0.7041287422180176,
      0.7100281119346619
    ],
    [
      0.11684376001358032,
      0.11684376001358032,
      0.1761658936738968,
      0.931034505367279,
      0.9325675964355469,
      0.6982293725013733
    ],
    [
      -0.3044595718383789,
      0.3044595718383789,
      -0.24513743817806244,
      0.06896551698446274,
      0.5002655982971191,
      0.5217858552932739
    ],
    [
      0.07037512212991714,
      0.07037512212991714,
      0.1296972632408142,
      0.8275862336158752,
      0.4896400570869446,
      0.50053471326828
    ],
    [
      0.004751650150865316,
      0.004751650150865316,
      0.06407378613948822,
      0.6896551847457886,
      0.5021418929100037,
      0.5037490129470825
    ],
    [
      -0.28470379114151,
      0.28470379114151,
      -0.22538165748119354,
      0.13793103396892548,
      0.5038697123527527,
      0.5039904117584229
    ],
    [
      0.0007676099776290357,
      0.0007676099776290357,
      0.06008974462747574,
      0.6551724076271057,
      0.49886441230773926,
      0.5039904117584229
    ],
    [
      0.10414586216211319,
      0.10414586216211319,
      0.16346800327301025,
      0.8965517282485962,
      0.7409539222717285,
      0.49471956491470337
    ],
    [
      -0.510310709476471,
      0.510310709476471,
      -0.4509885907173157,
      0.0,
      0.24672487378120422,
      0.49344974756240845
    ],
    [
      0.08096960932016373,
      0.08096960932016373,
      0.1402917504310608,
      0.8620689511299133,
      0.48462000489234924,
      0.49471956491470337
    ],
    [
      -0.3415542244911194,
      0.3415542244911194,
      -0.2822321057319641,
      0.03448275849223137,
      0.4849280118942261,
      0.4953356087207794
    ],
    [
      0.12570087611675262,
      0.12570087611675262,
      0.1850230097770691,
      1.0,
      0.9581452012062073,
      0.7125198245048523
    ],
    [
      -0.07011187076568604,
      0.07011187076568604,
      -0.010789737105369568,
      0.27586206793785095,
      0.707284152507782,
      0.7125198245048523
    ],
    [
      -0.041678640991449356,
      0.041678640991449356,
      0.01764349266886711,
      0.48275861144065857,
      0.717827320098877,
      0.7336061000823975
    ],
    [
      -0.06803643703460693,
      0.06803643703460693,
      -0.008714303374290466,
      0.3103448152542114,
      0.7282651662826538,
      0.7336061000823975
    ],
    [
      0.05600234866142273,
      0.05600234866142273,
      0.1153244823217392,
      0.7586206793785095,
      0.9448200464248657,
      0.669320821762085
    ],
    [
      -0.1361253261566162,
      0.1361253261566162,
      -0.07680319249629974,
      0.17241379618644714,
      0.5811115503311157,
      0.5834721922874451
    ],
    [
      0.056535229086875916,
      0.056535229086875916,
      0.11585736274719238,
      0.7931034564971924,
      0.9443274140357971,
      0.6711565256118774
    ],
    [
      -0.062387339770793915,
      0.062387339770793915,
      -0.0030652061104774475,
      0.3448275923728943,
      0.731947660446167,
      0.7336534261703491
    ],
    [
      -0.03757578879594803,
      0.03757578879594803,
      0.02174634486436844,
      0.5517241358757019,
      0.7178735136985779,
      0.7336534261703491
    ],
    [
      -0.04699138179421425,
      0.04699138179421425,
      0.012330751866102219,
      0.4482758641242981,
      0.7193120718002319,
      0.7365306615829468
    ],
    [
      -0.03844942897558212,
      0.03844942897558212,
      0.020872704684734344,
      0.517241358757019,
      0.7349249720573425,
      0.7365306615829468
    ],
    [
      -0.012716620229184628,
      0.012716620229184628,
      0.046605512499809265,
      0.6206896305084229,
      0.9449667930603027,
      0.6742339134216309
    ],
    [
      -0.03597119823098183,
      0.03597119823098183,
      0.02335093542933464,
      0.5862069129943848,
      0.9343155026435852,
      0.65483158826828
    ]
  ],
  "feature_names": [
    "charge",
    "abs_charge",
    "charge_centered",
    "charge_rank_norm",
    "wbo_sum",
    "wbo_max"
  ],
  "status": "ok",
  "error": null
}