{
  "canonical_smiles": "CC[C@H](C)n1ncn(-c2ccc(N3CCN(c4ccc(OC[C@@H]5CO[C@@](Cn6cncn6)(c6ccc(Cl)cc6Cl)O5)cc4)CC3)cc2)c1=O",
  "xtb_valid": true,
  "atom_valid_mask": [
    [
      1.0
    ],
    [
      1.0
    ],
    [
      1.0
    ],
    [
      1.0
    ],
    [
      1.0
    ],
    [
      1.0
    ],
    [
      1.0
    ],
    [
      1.0
    ],
    [
      1.0
    ],
    [
      1.0
    ],
    [
      1.0
    ],
    [
      1.0
    ],
    [
      1.0
    ],
    [
      1.0
    ],
    [
      1.0
    ],
    [
      1.0
    ],
    [
      1.0
    ],
    [
      1.0
    ],
    [
      1.0
    ],
    [
      1.0
    ],
    [
      1.0
    ],
    [
      1.0
    ],
    [
      1.0
    ],
    [
      1.0
    ],
    [
      1.0
    ],
    [
      1.0
    ],
    [
      1.0
    ],
    [
      1.0
    ],
    [
      1.0
    ],
    [
      1.0
    ],
    [
      1.0
    ],
    [
      1.0
    ],
    [
      1.0
    ],
    [
      1.0
    ],
    [
      1.0
    ],
    [
      1.0
    ],
    [
      1.0
    ],
    [
      1.0
    ],
    [
      1.0
    ],
    [
      1.0
    ],
    [
      1.0
    ],
    [
      1.0
    ],
    [
      1.0
    ],
    [
      1.0
    ],
    [
      1.0
    ],
    [
      1.0
    ],
    [
      1.0
    ],
    [
      1.0
    ],
    [
      1.0
    ]
  ],
  "atom_features": [
    [
      -0.11421159654855728,
      0.11421159654855728,
      -0.06844408065080643,
      0.25,
      0.2547307312488556,
      0.5094614624977112
    ],
    [
      -0.061283569782972336,
      0.061283569782972336,
      -0.015516053885221481,
      0.3541666567325592,
      0.5010981559753418,
      0.5094614624977112
    ],
    [
      0.040223799645900726,
      0.040223799645900726,
      0.08599131554365158,
      0.6875,
      0.7360107898712158,
      0.4999929964542389
    ],
    [
      -0.11767783015966415,
      0.11767783015966415,
      -0.0719103142619133,
      0.2291666716337204,
      0.24999649822711945,
      0.4999929964542389
    ],
    [
      -0.02635198086500168,
      0.02635198086500168,
      0.019415535032749176,
      0.5416666865348816,
      0.8484476208686829,
      0.580066978931427
    ],
    [
      -0.2257688045501709,
      0.2257688045501709,
      -0.18000128865242004,
      0.125,
      0.6868658065795898,
      0.817552924156189
    ],
    [
      0.08756636828184128,
      0.08756636828184128,
      0.13333389163017273,
      0.8541666865348816,
      0.7054658532142639,
      0.817552924156189
    ],
    [
      -0.06351485103368759,
      0.06351485103368759,
      -0.017747335135936737,
      0.2916666567325592,
      0.8584836721420288,
      0.5933787226676941
    ],
    [
      0.05351629853248596,
      0.05351629853248596,
      0.09928381443023682,
      0.7083333134651184,
      0.94010990858078,
      0.691135048866272
    ],
    [
      -0.04596251994371414,
      0.04596251994371414,
      -0.00019500404596328735,
      0.5,
      0.7337625622749329,
      0.7247017025947571
    ],
    [
      -0.05967140942811966,
      0.05967140942811966,
      -0.013903893530368805,
      0.375,
      0.7264233231544495,
      0.7247017025947571
    ],
    [
      0.06755901128053665,
      0.06755901128053665,
      0.1133265271782875,
      0.7916666865348816,
      0.9560043215751648,
      0.6781209707260132
    ],
    [
      -0.1318223625421524,
      0.1318223625421524,
      -0.08605484664440155,
      0.2083333283662796,
      0.7720979452133179,
      0.5615659356117249
    ],
    [
      -0.00521430978551507,
      0.00521430978551507,
      0.04055320471525192,
      0.6041666865348816,
      0.49425098299980164,
      0.5009937882423401
    ],
    [
      -0.002942980034276843,
      0.002942980034276843,
      0.04282453656196594,
      0.6458333134651184,
      0.49476563930511475,
      0.5009937882423401
    ],
    [
      -0.14599916338920593,
      0.14599916338920593,
      -0.10023164749145508,
      0.1875,
      0.7660138010978699,
      0.5470780730247498
    ],
    [
      0.05589272081851959,
      0.05589272081851959,
      0.10166023671627045,
      0.7291666865348816,
      0.954657256603241,
      0.681866466999054
    ],
    [
      -0.059430789202451706,
      0.059430789202451706,
      -0.013663273304700851,
      0.3958333432674408,
      0.7304924726486206,
      0.7229296565055847
    ],
    [
      -0.07365317642688751,
      0.07365317642688751,
      -0.027885660529136658,
      0.2708333432674408,
      0.729884922504425,
      0.7229296565055847
    ],
    [
      0.13096879422664642,
      0.13096879422664642,
      0.17673631012439728,
      0.9583333134651184,
      0.9421042203903198,
      0.6865426301956177
    ],
    [
      -0.3063151240348816,
      0.3063151240348816,
      -0.26054760813713074,
      0.0625,
      0.5011619329452515,
      0.5171030759811401
    ],
    [
      0.06343735754489899,
      0.06343735754489899,
      0.10920487344264984,
      0.7708333134651184,
      0.48666390776634216,
      0.48810702562332153
    ],
    [
      0.10688351094722748,
      0.10688351094722748,
      0.15265102684497833,
      0.9166666865348816,
      0.7306772470474243,
      0.4956310987472534
    ],
    [
      0.06269477307796478,
      0.06269477307796478,
      0.10846228897571564,
      0.75,
      0.48926445841789246,
      0.4956310987472534
    ],
    [
      -0.3498024344444275,
      0.3498024344444275,
      -0.30403491854667664,
      0.02083333395421505,
      0.4805551767349243,
      0.4828978180885315
    ],
    [
      0.2667062282562256,
      0.2667062282562256,
      0.31247374415397644,
      0.9791666865348816,
      0.9560399651527405,
      0.48217180371284485
    ],
    [
      -0.02216673083603382,
      0.02216673083603382,
      0.023600785061717033,
      0.5625,
      0.4850136339664459,
      0.49464237689971924
    ],
    [
      0.07268720120191574,
      0.07268720120191574,
      0.1184547170996666,
      0.8125,
      0.8696224093437195,
      0.6497064232826233
    ],
    [
      0.08652374893426895,
      0.08652374893426895,
      0.1322912573814392,
      0.8333333134651184,
      0.7344520688056946,
      0.7526261210441589
    ],
    [
      -0.29456907510757446,
      0.29456907510757446,
      -0.2488015592098236,
      0.0833333358168602,
      0.7099633812904358,
      0.7526261210441589
    ],
    [
      0.10653754323720932,
      0.10653754323720932,
      0.15230506658554077,
      0.8958333134651184,
      0.7180063724517822,
      0.768712043762207
    ],
    [
      -0.2529546916484833,
      0.2529546916484833,
      -0.20718717575073242,
      0.1041666641831398,
      0.7150897979736328,
      0.768712043762207
    ],
    [
      -0.01927964948117733,
      0.01927964948117733,
      0.026487866416573524,
      0.5833333134651184,
      0.9357922673225403,
      0.7008563876152039
    ],
    [
      -0.028382090851664543,
      0.028382090851664543,
      0.01738542504608631,
      0.5208333134651184,
      0.7383664846420288,
      0.7222927808761597
    ],
    [
      -0.04621807858347893,
      0.04621807858347893,
      -0.0004505626857280731,
      0.4791666567325592,
      0.7098172903060913,
      0.7222927808761597
    ],
    [
      0.10942800343036652,
      0.10942800343036652,
      0.15519551932811737,
      0.9375,
      0.9455976486206055,
      0.7030310034751892
    ],
    [
      -0.16843374073505402,
      0.16843374073505402,
      -0.12266622483730316,
      0.1458333283662796,
      0.2454112470149994,
      0.4908224940299988
    ],
    [
      -0.05164425075054169,
      0.05164425075054169,
      -0.0058767348527908325,
      0.4375,
      0.7283497452735901,
      0.7030310034751892
    ],
    [
      0.10355685651302338,
      0.10355685651302338,
      0.14932437241077423,
      0.875,
      0.9402967691421509,
      0.7000846266746521
    ],
    [
      -0.16177356243133545,
      0.16177356243133545,
      -0.1160060465335846,
      0.1666666716337204,
