{
  "canonical_smiles": "Cc1ccccc1C(=O)N1CC/C(=N\\OS(=O)(=O)O)c2ccc(Cl)cc21",
  "xtb_valid": true,
  "atom_valid_mask": [
    [
      1.0
    ],
    [
      1.0
    ],
    [
      1.0
    ],
    [
      1.0
    ],
    [
      1.0
    ],
    [
      1.0
    ],
    [
      1.0
    ],
    [
      1.0
    ],
    [
      1.0
    ],
    [
      1.0
    ],
    [
      1.0
    ],
    [
      1.0
    ],
    [
      1.0
    ],
    [
      1.0
    ],
    [
      1.0
    ],
    [
      1.0
    ],
    [
      1.0
    ],
    [
      1.0
    ],
    [
      1.0
    ],
    [
      1.0
    ],
    [
      1.0
    ],
    [
      1.0
    ],
    [
      1.0
    ],
    [
      1.0
    ],
    [
      1.0
    ],
    [
      1.0
    ]
  ],
  "atom_features": [
    [
      -0.11987034231424332,
      0.11987034231424332,
      -0.06440030783414841,
      0.2800000011920929,
      0.2570728659629822,
      0.5141457319259644
    ],
    [
      0.019509149715304375,
      0.019509149715304375,
      0.07497918605804443,
      0.800000011920929,
      0.9787306189537048,
      0.7060673832893372
    ],
    [
      -0.04246845096349716,
      0.04246845096349716,
      0.013001583516597748,
      0.47999998927116394,
      0.7411491870880127,
      0.7211231589317322
    ],
    [
      -0.03470715880393982,
      0.03470715880393982,
      0.02076287567615509,
      0.5600000023841858,
      0.7461128830909729,
      0.7211231589317322
    ],
    [
      -0.03741035982966423,
      0.03741035982966423,
      0.01805967465043068,
      0.5199999809265137,
      0.7457566261291504,
      0.720582902431488
    ],
    [
      -0.03110422007739544,
      0.03110422007739544,
      0.02436581440269947,
      0.6000000238418579,
      0.7375853061676025,
      0.720582902431488
    ],
    [
      -0.02295495942234993,
      0.02295495942234993,
      0.03251507505774498,
      0.6800000071525574,
      0.9640159010887146,
      0.6994798183441162
    ],
    [
      0.27851665019989014,
      0.27851665019989014,
      0.33398669958114624,
      0.9599999785423279,
      0.9561622738838196,
      0.8349496722221375
    ],
    [
      -0.4755517840385437,
      0.4755517840385437,
      -0.4200817346572876,
      0.11999999731779099,
      0.45709916949272156,
      0.8349496722221375
    ],
    [
      -0.07683198899030685,
      0.07683198899030685,
      -0.021361954510211945,
      0.36000001430511475,
      0.8435803651809692,
      0.5862434506416321
    ],
    [
      -0.006172469817101955,
      0.006172469817101955,
      0.04929756373167038,
      0.7200000286102295,
      0.4936549663543701,
      0.50042325258255
    ],
    [
      -0.07960555702447891,
      0.07960555702447891,
      -0.024135522544384003,
      0.3199999928474426,
      0.5030877590179443,
      0.5057522058486938
    ],
    [
      0.1122315526008606,
      0.1122315526008606,
      0.1677015870809555,
      0.9200000166893005,
      0.9504729509353638,
      0.8586630821228027
    ],
    [
      -0.15001682937145233,
      0.15001682937145233,
      -0.09454679489135742,
      0.23999999463558197,
      0.6669224500656128,
      0.8586630821228027
    ],
    [
      -0.4130108952522278,
      0.4130108952522278,
      -0.3575408458709717,
      0.1599999964237213,
      0.4472295343875885,
      0.47518181800842285
    ],
    [
      1.7214313745498657,
      1.7214313745498657,
      1.776901364326477,
      1.0,
      1.1678239107131958,
      0.7208490967750549
    ],
    [
      -0.6816791892051697,
      0.6816791892051697,
      -0.6262091398239136,
      0.03999999910593033,
      0.39450401067733765,
      0.7208490967750549
    ],
    [
      -0.6855514049530029,
      0.6855514049530029,
      -0.6300813555717468,
      0.0,
      0.3898586928844452,
      0.71155846118927
    ],
    [
      -0.6041920781135559,
      0.6041920781135559,
      -0.5487220287322998,
      0.07999999821186066,
      0.24198147654533386,
      0.4839629530906677
    ],
    [
      -0.005973710212856531,
      0.005973710212856531,
      0.04949632287025452,
      0.7599999904632568,
      0.9379792809486389,
      0.6826990842819214
    ],
    [
      -0.028434479609131813,
      0.028434479609131813,
      0.027035554870963097,
      0.6399999856948853,
      0.7322283983230591,
      0.7303309440612793
    ],
    [
      -0.04519746080040932,
      0.04519746080040932,
      0.010272573679685593,
      0.4399999976158142,
      0.7106756567955017,
      0.7303309440612793
    ],
    [
      0.10988979041576385,
      0.10988979041576385,
      0.16535982489585876,
      0.8799999952316284,
      0.9419937133789062,
      0.7028355598449707
    ],
    [
      -0.17518079280853271,
      0.17518079280853271,
      -0.1197107583284378,
      0.20000000298023224,
      0.24506576359272003,
      0.49013152718544006
    ],
    [
      -0.0506141297519207,
      0.0506141297519207,
      0.00485590472817421,
      0.4000000059604645,
      0.7226673364639282,
      0.7028355598449707
    ],
    [
      0.08272898942232132,
      0.08272898942232132,
      0.13819903135299683,
      0.8399999737739563,
      0.9412915110588074,
      0.6910723447799683
    ]
  ],
  "feature_names": [
    "charge",
    "abs_charge",
    "charge_centered",
    "charge_rank_norm",
    "wbo_sum",
    "wbo_max"
  ],
  "status": "ok",
  "error": null
}