{
  "canonical_smiles": "C[C@@H]1C[C@H]2[C@@H]3CCC4=CC(=O)C=C[C@]4(C)C3=CC[C@]2(C)[C@@]1(O)C(=O)CO",
  "xtb_valid": true,
  "atom_valid_mask": [
    [
      1.0
    ],
    [
      1.0
    ],
    [
      1.0
    ],
    [
      1.0
    ],
    [
      1.0
    ],
    [
      1.0
    ],
    [
      1.0
    ],
    [
      1.0
    ],
    [
      1.0
    ],
    [
      1.0
    ],
    [
      1.0
    ],
    [
      1.0
    ],
    [
      1.0
    ],
    [
      1.0
    ],
    [
      1.0
    ],
    [
      1.0
    ],
    [
      1.0
    ],
    [
      1.0
    ],
    [
      1.0
    ],
    [
      1.0
    ],
    [
      1.0
    ],
    [
      1.0
    ],
    [
      1.0
    ],
    [
      1.0
    ],
    [
      1.0
    ],
    [
      1.0
    ]
  ],
  "atom_features": [
    [
      -0.10779442638158798,
      0.10779442638158798,
      -0.027846291661262512,
      0.20000000298023224,
      0.253507524728775,
      0.50701504945755
    ],
    [
      -0.01666576974093914,
      0.01666576974093914,
      0.06328236311674118,
      0.6800000071525574,
      0.737841010093689,
      0.50701504945755
    ],
    [
      -0.07109721750020981,
      0.07109721750020981,
      0.008850917220115662,
      0.3199999928474426,
      0.4957596957683563,
      0.49812930822372437
    ],
    [
      -0.024959780275821686,
      0.024959780275821686,
      0.054988354444503784,
      0.6000000238418579,
      0.7364456057548523,
      0.49812930822372437
    ],
    [
      -0.02597011998295784,
      0.02597011998295784,
      0.05397801473736763,
      0.5600000023841858,
      0.739851713180542,
      0.4953259229660034
    ],
    [
      -0.05751018971204758,
      0.05751018971204758,
      0.022437945008277893,
      0.47999998927116394,
      0.49372413754463196,
      0.49404704570770264
    ],
    [
      -0.06848364323377609,
      0.06848364323377609,
      0.011464491486549377,
      0.4000000059604645,
      0.5029783248901367,
      0.5119096040725708
    ],
    [
      0.03760898858308792,
      0.03760898858308792,
      0.11755712330341339,
      0.8399999737739563,
      0.9450942277908325,
      0.8827711939811707
    ],
    [
      -0.0818059965968132,
      0.0818059965968132,
      -0.001857861876487732,
      0.2800000011920929,
      0.7118281126022339,
      0.8827711939811707
    ],
    [
      0.2302146852016449,
      0.2302146852016449,
      0.31016281247138977,
      1.0,
      0.9558991193771362,
      0.8378052711486816
    ],
    [
      -0.49196240305900574,
      0.49196240305900574,
      -0.41201427578926086,
      0.03999999910593033,
      0.4189026355743408,
      0.8378052711486816
    ],
    [
      -0.06916520744562149,
      0.06916520744562149,
      0.01078292727470398,
      0.36000001430511475,
      0.7253149747848511,
      0.9175220131874084
    ],
    [
      -0.017285050824284554,
      0.017285050824284554,
      0.06266308575868607,
      0.6399999856948853,
      0.7109397053718567,
      0.9175220131874084
    ],
    [
      0.02448236010968685,
      0.02448236010968685,
      0.10443049669265747,
      0.800000011920929,
      0.9710386395454407,
      0.5043573379516602
    ],
    [
      -0.10416129231452942,
      0.10416129231452942,
      -0.02421315759420395,
      0.23999999463558197,
      0.23583324253559113,
      0.47166648507118225
    ],
    [
      -0.0001648900069994852,
      0.0001648900069994852,
      0.07978324592113495,
      0.7200000286102295,
      0.9538917541503906,
      0.9419119954109192
    ],
    [
      -0.05225861072540283,
      0.05225861072540283,
      0.027689523994922638,
      0.5199999809265137,
      0.7251151204109192,
      0.9419119954109192
    ],
    [
      -0.06344346702098846,
      0.06344346702098846,
      0.016504667699337006,
      0.4399999976158142,
      0.5011402368545532,
      0.5083182454109192
    ],
    [
      0.009603990241885185,
      0.009603990241885185,
      0.0895521268248558,
      0.7599999904632568,
      0.966917872428894,
      0.4980258345603943
    ],
    [
      -0.11250156909227371,
      0.11250156909227371,
      -0.03255343437194824,
      0.1599999964237213,
      0.24901291728019714,
      0.4980258345603943
    ],
    [
      0.11557654291391373,
      0.11557654291391373,
      0.1955246776342392,
      0.9200000166893005,
      0.951766848564148,
      0.4927562177181244
    ],
    [
      -0.4795563519001007,
      0.4795563519001007,
      -0.39960822463035583,
      0.07999999821186066,
      0.2463781088590622,
      0.4927562177181244
    ],
    [
      0.20969219505786896,
      0.20969219505786896,
      0.289640337228775,
      0.9599999785423279,
      0.9397695660591125,
      0.9052742719650269
    ],
    [
      -0.41117343306541443,
      0.41117343306541443,
      -0.33122530579566956,
      0.11999999731779099,
      0.4526371359825134,
      0.9052742719650269
    ],
    [
      0.052283890545368195,
      0.052283890545368195,
      0.13223202526569366,
      0.8799999952316284,
      0.49975788593292236,
      0.5026894211769104
    ],
    [
      -0.502154529094696,
      0.502154529094696,
      -0.42220640182495117,
      0.0,
      0.2513447105884552,
      0.5026894211769104
    ]
  ],
  "feature_names": [
    "charge",
    "abs_charge",
    "charge_centered",
    "charge_rank_norm",
    "wbo_sum",
    "wbo_max"
  ],
  "status": "ok",
  "error": null
}