{
  "canonical_smiles": "COc1ccc(-c2cc(=O)c3c(OC)c(OC)c(OC)c(OC)c3o2)cc1",
  "xtb_valid": true,
  "atom_valid_mask": [
    [
      1.0
    ],
    [
      1.0
    ],
    [
      1.0
    ],
    [
      1.0
    ],
    [
      1.0
    ],
    [
      1.0
    ],
    [
      1.0
    ],
    [
      1.0
    ],
    [
      1.0
    ],
    [
      1.0
    ],
    [
      1.0
    ],
    [
      1.0
    ],
    [
      1.0
    ],
    [
      1.0
    ],
    [
      1.0
    ],
    [
      1.0
    ],
    [
      1.0
    ],
    [
      1.0
    ],
    [
      1.0
    ],
    [
      1.0
    ],
    [
      1.0
    ],
    [
      1.0
    ],
    [
      1.0
    ],
    [
      1.0
    ],
    [
      1.0
    ],
    [
      1.0
    ],
    [
      1.0
    ]
  ],
  "atom_features": [
    [
      0.015174309723079205,
      0.015174309723079205,
      0.06371662020683289,
      0.5384615659713745,
      0.24192076921463013,
      0.48384153842926025
    ],
    [
      -0.28778451681137085,
      0.28778451681137085,
      -0.23924219608306885,
      0.1538461595773697,
      0.510479748249054,
      0.5371180176734924
    ],
    [
      0.15289752185344696,
      0.15289752185344696,
      0.20143982768058777,
      0.9230769276618958,
      0.9459604620933533,
      0.6810694336891174
    ],
    [
      -0.06510231643915176,
      0.06510231643915176,
      -0.01656000316143036,
      0.3461538553237915,
      0.7040322422981262,
      0.7269951105117798
    ],
    [
      -0.03431057184934616,
      0.03431057184934616,
      0.014231741428375244,
      0.42307692766189575,
      0.7345576286315918,
      0.7269951105117798
    ],
    [
      -0.005578020121902227,
      0.005578020121902227,
      0.04296429455280304,
      0.5,
      0.9483450651168823,
      0.6894315481185913
    ],
    [
      0.1534673124551773,
      0.1534673124551773,
      0.20200961828231812,
      0.9615384340286255,
      0.9364518523216248,
      0.8193883895874023
    ],
    [
      -0.103159099817276,
      0.103159099817276,
      -0.054616786539554596,
      0.26923078298568726,
      0.6867616772651672,
      0.8193883895874023
    ],
    [
      0.23414376378059387,
      0.23414376378059387,
      0.2826860845088959,
      1.0,
      0.9585451483726501,
      0.8340539336204529
    ],
    [
      -0.47335121035575867,
      0.47335121035575867,
      -0.42480888962745667,
      0.0,
      0.41702696681022644,
      0.8340539336204529
    ],
    [
      -0.06622079014778137,
      0.06622079014778137,
      -0.017678476870059967,
      0.3076923191547394,
      0.9218360185623169,
      0.6574941873550415
    ],
    [
      0.12596841156482697,
      0.12596841156482697,
      0.17451071739196777,
      0.8846153616905212,
      0.9285098314285278,
      0.6830785274505615
    ],
    [
      -0.3051636815071106,
      0.3051636815071106,
      -0.2566213607788086,
      0.07692307978868484,
      0.4934338629245758,
      0.5164468884468079
    ],
    [
      0.03305910900235176,
      0.03305910900235176,
      0.08160142600536346,
      0.692307710647583,
      0.23521041870117188,
      0.47042083740234375
    ],
    [
      0.09061667323112488,
      0.09061667323112488,
      0.13915899395942688,
      0.7307692170143127,
      0.9252646565437317,
      0.6830785274505615
    ],
    [
      -0.30625349283218384,
      0.30625349283218384,
      -0.25771117210388184,
      0.03846153989434242,
      0.49151983857154846,
      0.5106186270713806
    ],
    [
      0.027544159442186356,
      0.027544159442186356,
      0.07608647644519806,
      0.6538461446762085,
      0.23621052503585815,
      0.4724210500717163
    ],
    [
      0.10974109917879105,
      0.10974109917879105,
      0.15828341245651245,
      0.807692289352417,
      0.9308109879493713,
      0.6718561053276062
    ],
    [
      -0.27993956208229065,
      0.27993956208229065,
      -0.23139724135398865,
      0.19230769574642181,
      0.5032559633255005,
      0.5329338312149048
    ],
    [
      0.022513769567012787,
      0.022513769567012787,
      0.07105608284473419,
      0.5769230723381042,
      0.2367890328168869,
      0.4735780656337738
    ],
    [
      0.09724012762308121,
      0.09724012762308121,
      0.1457824409008026,
      0.7692307829856873,
      0.9218850135803223,
      0.6718561053276062
    ],
    [
      -0.3047834634780884,
      0.3047834634780884,
      -0.2562411427497864,
      0.11538461595773697,
      0.4923110902309418,
      0.5126888155937195
    ],
    [
      0.024950409308075905,
      0.024950409308075905,
      0.07349272072315216,
      0.6153846383094788,
      0.23596668243408203,
      0.47193336486816406
    ],
    [
      0.11541706323623657,
      0.11541706323623657,
      0.16395938396453857,
      0.8461538553237915,
      0.9261385202407837,
      0.6592251062393188
    ],
    [
      -0.19669826328754425,
      0.19669826328754425,
      -0.14815595746040344,
      0.23076923191547394,
      0.5328118205070496,
      0.5357754826545715
    ],
    [
      -0.027768250554800034,
      0.027768250554800034,
      0.02077406272292137,
      0.4615384638309479,
      0.7102179527282715,
      0.7368445992469788
    ],
    [
      -0.05726291984319687,
      0.05726291984319687,
      -0.008720606565475464,
      0.38461539149284363,
      0.7316333651542664,
      0.7368445992469788
    ]
  ],
  "feature_names": [
    "charge",
    "abs_charge",
    "charge_centered",
    "charge_rank_norm",
    "wbo_sum",
    "wbo_max"
  ],
  "status": "ok",
  "error": null
}