{
  "canonical_smiles": "CC(=O)Nc1ccc(OC(C)C)cc1",
  "xtb_valid": true,
  "atom_valid_mask": [
    [
      1.0
    ],
    [
      1.0
    ],
    [
      1.0
    ],
    [
      1.0
    ],
    [
      1.0
    ],
    [
      1.0
    ],
    [
      1.0
    ],
    [
      1.0
    ],
    [
      1.0
    ],
    [
      1.0
    ],
    [
      1.0
    ],
    [
      1.0
    ],
    [
      1.0
    ],
    [
      1.0
    ]
  ],
  "atom_features": [
    [
      -0.16386651992797852,
      0.16386651992797852,
      -0.0901353508234024,
      0.23076923191547394,
      0.24873913824558258,
      0.49747827649116516
    ],
    [
      0.28344616293907166,
      0.28344616293907166,
      0.3571773171424866,
      1.0,
      0.9671829342842102,
      0.8257927298545837
    ],
    [
      -0.5046154856681824,
      0.5046154856681824,
      -0.43088430166244507,
      0.0,
      0.45435377955436707,
      0.8257927298545837
    ],
    [
      -0.1738719791173935,
      0.1738719791173935,
      -0.10014081001281738,
      0.1538461595773697,
      0.6139780282974243,
      0.6110948324203491
    ],
    [
      0.06429999321699142,
      0.06429999321699142,
      0.13803115487098694,
      0.7692307829856873,
      0.9522088170051575,
      0.6915513277053833
    ],
    [
      -0.060083769261837006,
      0.060083769261837006,
      0.013647399842739105,
      0.6153846383094788,
      0.732495129108429,
      0.7342408299446106
    ],
    [
      -0.06171382963657379,
      0.06171382963657379,
      0.01201733946800232,
      0.5384615659713745,
      0.731147289276123,
      0.7342408299446106
    ],
    [
      0.1388288140296936,
      0.1388288140296936,
      0.21255998313426971,
      0.9230769276618958,
      0.9458394646644592,
      0.6878200173377991
    ],
    [
      -0.30498048663139343,
      0.30498048663139343,
      -0.23124931752681732,
      0.07692307978868484,
      0.5002846717834473,
      0.5299342274665833
    ],
    [
      0.11857274919748306,
      0.11857274919748306,
      0.19230392575263977,
      0.8461538553237915,
      0.7366218566894531,
      0.5015687346458435
    ],
    [
      -0.12503528594970703,
      0.12503528594970703,
      -0.05130411684513092,
      0.3076923191547394,
      0.25078436732292175,
      0.5015687346458435
    ],
    [
      -0.12249165773391724,
      0.12249165773391724,
      -0.048760488629341125,
      0.38461539149284363,
      0.25051993131637573,
      0.5010398626327515
    ],
    [
      -0.06967929750680923,
      0.06967929750680923,
      0.004051871597766876,
      0.4615384638309479,
      0.7285559773445129,
      0.7174623012542725
    ],
    [
      -0.05104570835828781,
      0.05104570835828781,
      0.0226854607462883,
      0.692307710647583,
      0.7315713167190552,
      0.7174623012542725
    ]
  ],
  "feature_names": [
    "charge",
    "abs_charge",
    "charge_centered",
    "charge_rank_norm",
    "wbo_sum",
    "wbo_max"
  ],
  "status": "ok",
  "error": null
}