{
  "canonical_smiles": "CC(C)(C)c1cc(-c2cc(-c3ccc(C(=O)O)cc3)ccc2OCCO)ccc1N1CCCC1",
  "xtb_valid": true,
  "atom_valid_mask": [
    [
      1.0
    ],
    [
      1.0
    ],
    [
      1.0
    ],
    [
      1.0
    ],
    [
      1.0
    ],
    [
      1.0
    ],
    [
      1.0
    ],
    [
      1.0
    ],
    [
      1.0
    ],
    [
      1.0
    ],
    [
      1.0
    ],
    [
      1.0
    ],
    [
      1.0
    ],
    [
      1.0
    ],
    [
      1.0
    ],
    [
      1.0
    ],
    [
      1.0
    ],
    [
      1.0
    ],
    [
      1.0
    ],
    [
      1.0
    ],
    [
      1.0
    ],
    [
      1.0
    ],
    [
      1.0
    ],
    [
      1.0
    ],
    [
      1.0
    ],
    [
      1.0
    ],
    [
      1.0
    ],
    [
      1.0
    ],
    [
      1.0
    ],
    [
      1.0
    ],
    [
      1.0
    ],
    [
      1.0
    ],
    [
      1.0
    ],
    [
      1.0
    ]
  ],
  "atom_features": [
    [
      -0.11146280169487,
      0.11146280169487,
      -0.051249418407678604,
      0.1515151560306549,
      0.247634619474411,
      0.495269238948822
    ],
    [
      0.030324680730700493,
      0.030324680730700493,
      0.09053806215524673,
      0.8484848737716675,
      0.9882924556732178,
      0.4981359541416168
    ],
    [
      -0.10835400968790054,
      0.10835400968790054,
      -0.04814062640070915,
      0.21212121844291687,
      0.24680963158607483,
      0.49361926317214966
    ],
    [
      -0.10839497298002243,
      0.10839497298002243,
      -0.04818158969283104,
      0.1818181872367859,
      0.2490679770708084,
      0.4981359541416168
    ],
    [
      -0.0051851700991392136,
      0.0051851700991392136,
      0.05502821505069733,
      0.6666666865348816,
      0.9681394100189209,
      0.7095023393630981
    ],
    [
      -0.045301638543605804,
      0.045301638543605804,
      0.014911744743585587,
      0.3636363744735718,
      0.7305625677108765,
      0.7095023393630981
    ],
    [
      0.008571290411055088,
      0.008571290411055088,
      0.0687846764922142,
      0.7272727489471436,
      0.9795668125152588,
      0.6978244185447693
    ],
    [
      -0.009716380387544632,
      0.009716380387544632,
      0.05049700289964676,
      0.6363636255264282,
      0.9654528498649597,
      0.7088224291801453
    ],
    [
      -0.041920799762010574,
      0.041920799762010574,
      0.018292583525180817,
      0.42424243688583374,
      0.7002970576286316,
      0.7088224291801453
    ],
    [
      0.000980469980277121,
      0.000980469980277121,
      0.06119385361671448,
      0.6969696879386902,
      0.953656792640686,
      0.6946161985397339
    ],
    [
      0.027675220742821693,
      0.027675220742821693,
      0.08788860589265823,
      0.8181818127632141,
      0.951158881187439,
      0.6907542943954468
    ],
    [
      -0.034708891063928604,
      0.034708891063928604,
      0.025504492223262787,
      0.5151515007019043,
      0.7366827130317688,
      0.731246292591095
    ],
    [
      -0.02380537986755371,
      0.02380537986755371,
      0.03640800341963768,
      0.5757575631141663,
      0.7345966696739197,
      0.731246292591095
    ],
    [
      -0.023560339584946632,
      0.023560339584946632,
      0.03665304183959961,
      0.6060606241226196,
      0.9436826705932617,
      0.6875693798065186
    ],
    [
      0.35634973645210266,
      0.35634973645210266,
      0.41656312346458435,
      1.0,
      0.9615747332572937,
      0.8371572494506836
    ],
    [
      -0.49523577094078064,
      0.49523577094078064,
      -0.43502238392829895,
      0.03030303120613098,
      0.4596349895000458,
      0.8371572494506836
    ],
    [
      -0.42691683769226074,
      0.42691683769226074,
      -0.36670345067977905,
      0.06060606241226196,
      0.32755792140960693,
      0.5730031132698059
    ],
    [
      -0.024031180888414383,
      0.024031180888414383,
      0.03618220239877701,
      0.5454545617103577,
      0.7350606322288513,
      0.7311869859695435
    ],
    [
      -0.035687558352947235,
      0.035687558352947235,
      0.024525824934244156,
      0.4848484992980957,
      0.7364823818206787,
      0.7311869859695435
    ],
    [
      -0.041294168680906296,
      0.041294168680906296,
      0.018919214606285095,
      0.4545454680919647,
      0.7331597805023193,
      0.7203184366226196
    ],
    [
      -0.06968408077955246,
      0.06968408077955246,
      -0.009470697492361069,
      0.24242424964904785,
      0.7049194574356079,
      0.7203184366226196
    ],
    [
      0.13816918432712555,
      0.13816918432712555,
      0.19838257133960724,
      0.9696969985961914,
      0.9355619549751282,
      0.689520537853241
    ],
    [
      -0.30123841762542725,
      0.30123841762542725,
      -0.24102503061294556,
      0.09090909361839294,
      0.5034570097923279,
      0.5240550637245178
    ],
    [
      0.06856802850961685,
      0.06856802850961685,
      0.12878140807151794,
      0.9090909361839294,
      0.48995792865753174,
      0.49705690145492554
    ],
    [
      0.0775148794054985,
      0.0775148794054985,
      0.1377282589673996,
      0.939393937587738,
      0.4968683421611786,
      0.49705690145492554
    ],
    [
      -0.5261451005935669,
      0.5261451005935669,
      -0.4659317135810852,
      0.0,
      0.24833990633487701,
      0.49667981266975403
    ],
    [
      -0.04488442838191986,
      0.04488442838191986,
      0.01532895490527153,
      0.39393940567970276,
      0.736541211605072,
      0.7239614725112915
    ],
    [
      -0.0540902316570282,
      0.0540902316570282,
      0.006123151630163193,
      0.3333333432674408,
      0.736866295337677,
      0.7239614725112915
    ],
    [
      0.06319183111190796,
      0.06319183111190796,
      0.12340521812438965,
      0.8787878751754761,
      0.9722083210945129,
      0.6959325671195984
    ],
    [
      -0.18901601433753967,
      0.18901601433753967,
      -0.12880262732505798,
      0.12121212482452393,
      0.7443280816078186,
      0.5121893882751465
    ],
    [
      0.011077449657022953,
      0.011077449657022953,
      0.07129083573818207,
      0.7878788113594055,
      0.4955325126647949,
      0.5028504729270935
    ],
    [
      -0.061649139970541,
      0.061649139970541,
      -0.0014357566833496094,
      0.27272728085517883,
      0.5035950541496277,
      0.5043396949768066
    ],
    [
      -0.05837234854698181,
      0.05837234854698181,
      0.0018410347402095795,
      0.3030303120613098,
      0.5029749274253845,
      0.5043396949768066
    ],
    [
      0.01097778044641018,
      0.01097778044641018,
      0.07119116187095642,
      0.7575757503509521,
      0.4949311912059784,
      0.5016101002693176
    ]
  ],
  "feature_names": [
    "charge",
    "abs_charge",
    "charge_centered",
    "charge_rank_norm",
    "wbo_sum",
    "wbo_max"
  ],
  "status": "ok",
  "error": null
}