{
  "canonical_smiles": "OCCN1CCN(CCCN2c3ccccc3C=Cc3ccccc32)CC1",
  "xtb_valid": true,
  "atom_valid_mask": [
    [
      1.0
    ],
    [
      1.0
    ],
    [
      1.0
    ],
    [
      1.0
    ],
    [
      1.0
    ],
    [
      1.0
    ],
    [
      1.0
    ],
    [
      1.0
    ],
    [
      1.0
    ],
    [
      1.0
    ],
    [
      1.0
    ],
    [
      1.0
    ],
    [
      1.0
    ],
    [
      1.0
    ],
    [
      1.0
    ],
    [
      1.0
    ],
    [
      1.0
    ],
    [
      1.0
    ],
    [
      1.0
    ],
    [
      1.0
    ],
    [
      1.0
    ],
    [
      1.0
    ],
    [
      1.0
    ],
    [
      1.0
    ],
    [
      1.0
    ],
    [
      1.0
    ],
    [
      1.0
    ]
  ],
  "atom_features": [
    [
      -0.5219229459762573,
      0.5219229459762573,
      -0.47169819474220276,
      0.0,
      0.24678322672843933,
      0.49356645345687866
    ],
    [
      0.07683047652244568,
      0.07683047652244568,
      0.12705522775650024,
      1.0,
      0.49395808577537537,
      0.49434971809387207
    ],
    [
      -0.007805520202964544,
      0.007805520202964544,
      0.04241923987865448,
      0.5769230723381042,
      0.4995322823524475,
      0.504714846611023
    ],
    [
      -0.1970256268978119,
      0.1970256268978119,
      -0.14680087566375732,
      0.07692307978868484,
      0.7511001229286194,
      0.504714846611023
    ],
    [
      0.006370489951223135,
      0.006370489951223135,
      0.056595247238874435,
      0.7692307829856873,
      0.5004261136054993,
      0.5017650723457336
    ],
    [
      0.008342900313436985,
      0.008342900313436985,
      0.05856765806674957,
      0.807692289352417,
      0.49953609704971313,
      0.5017650723457336
    ],
    [
      -0.20785266160964966,
      0.20785266160964966,
      -0.1576279103755951,
      0.03846153989434242,
      0.7475249767303467,
      0.500150203704834
    ],
    [
      0.009691850282251835,
      0.009691850282251835,
      0.05991660803556442,
      0.8461538553237915,
      0.500485897064209,
      0.5008216500282288
    ],
    [
      -0.06937152147293091,
      0.06937152147293091,
      -0.019146762788295746,
      0.1538461595773697,
      0.5009711384773254,
      0.5011206865310669
    ],
    [
      0.014130130410194397,
      0.014130130410194397,
      0.06435488909482956,
      0.8846153616905212,
      0.4881933331489563,
      0.5011206865310669
    ],
    [
      -0.18017342686653137,
      0.18017342686653137,
      -0.1299486756324768,
      0.11538461595773697,
      0.7433752417564392,
      0.5061789155006409
    ],
    [
      0.06761101633310318,
      0.06761101633310318,
      0.11783577501773834,
      0.9230769276618958,
      0.9634732007980347,
      0.6995358467102051
    ],
    [
      -0.0493168905377388,
      0.0493168905377388,
      0.0009078681468963623,
      0.19230769574642181,
      0.7369765043258667,
      0.7208988070487976
    ],
    [
      -0.037073299288749695,
      0.037073299288749695,
      0.013151459395885468,
      0.5384615659713745,
      0.717421293258667,
      0.7208988070487976
    ],
    [
      -0.04156152904033661,
      0.04156152904033661,
      0.008663229644298553,
      0.3461538553237915,
      0.7451760172843933,
      0.726092517375946
    ],
    [
      -0.04331890866160393,
      0.04331890866160393,
      0.006905850023031235,
      0.26923078298568726,
      0.7330237627029419,
      0.726092517375946
    ],
    [
      -0.003184050088748336,
      0.003184050088748336,
      0.04704070836305618,
      0.6153846383094788,
      0.9510577321052551,
      0.6864365935325623
    ],
    [
      -0.04013136029243469,
      0.04013136029243469,
      0.01009339839220047,
      0.4615384638309479,
      0.7210925817489624,
      0.898295521736145
    ],
    [
      -0.04065011069178581,
      0.04065011069178581,
      0.00957464799284935,
      0.42307692766189575,
      0.7208974957466125,
      0.898295521736145
    ],
    [
      -0.002594559919089079,
      0.002594559919089079,
      0.047630198299884796,
      0.6538461446762085,
      0.9508780241012573,
      0.6857860684394836
    ],
    [
      -0.04315977171063423,
      0.04315977171063423,
      0.007064986974000931,
      0.3076923191547394,
      0.7333370447158813,
      0.7274503707885742
    ],
    [
      -0.0413786917924881,
      0.0413786917924881,
      0.008846066892147064,
      0.38461539149284363,
      0.7453056573867798,
      0.7274503707885742
    ],
    [
      -0.03752762824296951,
      0.03752762824296951,
      0.01269713044166565,
      0.5,
      0.7172561287879944,
      0.7217714786529541
    ],
    [
      -0.04872465878725052,
      0.04872465878725052,
      0.0015000998973846436,
      0.23076923191547394,
      0.7372058629989624,
      0.7217714786529541
    ],
    [
      0.06801646202802658,
      0.06801646202802658,
      0.11824122071266174,
      0.9615384340286255,
      0.9641361832618713,
      0.6992025971412659
    ],
    [
      0.002071330090984702,
      0.002071330090984702,
      0.05229608714580536,
      0.692307710647583,
      0.49676868319511414,
      0.4975926876068115
    ],
    [
      0.0036400901153683662,
      0.0036400901153683662,
      0.053864847868680954,
      0.7307692170143127,
      0.49717143177986145,
      0.49839815497398376
    ]
  ],
  "feature_names": [
    "charge",
    "abs_charge",
    "charge_centered",
    "charge_rank_norm",
    "wbo_sum",
    "wbo_max"
  ],
  "status": "ok",
  "error": null
}