{
  "canonical_smiles": "COc1ccc2c(c1)C1CC3CC1CN(C)C3C2",
  "xtb_valid": true,
  "atom_valid_mask": [
    [
      1.0
    ],
    [
      1.0
    ],
    [
      1.0
    ],
    [
      1.0
    ],
    [
      1.0
    ],
    [
      1.0
    ],
    [
      1.0
    ],
    [
      1.0
    ],
    [
      1.0
    ],
    [
      1.0
    ],
    [
      1.0
    ],
    [
      1.0
    ],
    [
      1.0
    ],
    [
      1.0
    ],
    [
      1.0
    ],
    [
      1.0
    ],
    [
      1.0
    ],
    [
      1.0
    ]
  ],
  "atom_features": [
    [
      0.025067530572414398,
      0.025067530572414398,
      0.0679391473531723,
      0.8823529481887817,
      0.2432602345943451,
      0.4865204691886902
    ],
    [
      -0.3109314441680908,
      0.3109314441680908,
      -0.2680598199367523,
      0.0,
      0.5041670203208923,
      0.5218136310577393
    ],
    [
      0.13382181525230408,
      0.13382181525230408,
      0.17669343948364258,
      1.0,
      0.9458485245704651,
      0.6876356601715088
    ],
    [
      -0.07616247236728668,
      0.07616247236728668,
      -0.03329085558652878,
      0.11764705926179886,
      0.7029518485069275,
      0.718268096446991
    ],
    [
      -0.049408119171857834,
      0.049408119171857834,
      -0.00653650239109993,
      0.4117647111415863,
      0.7407736778259277,
      0.718268096446991
    ],
    [
      0.002579249907284975,
      0.002579249907284975,
      0.04545086622238159,
      0.7058823704719543,
      0.9500308036804199,
      0.7084181308746338
    ],
    [
      0.006639549974352121,
      0.006639549974352121,
      0.04951116815209389,
      0.7647058963775635,
      0.951091468334198,
      0.7120822668075562
    ],
    [
      -0.07281862944364548,
      0.07281862944364548,
      -0.029947012662887573,
      0.1764705926179886,
      0.7245955467224121,
      0.7120822668075562
    ],
    [
      -0.02403244934976101,
      0.02403244934976101,
      0.018839167430996895,
      0.529411792755127,
      0.7375063300132751,
      0.5031459927558899
    ],
    [
      -0.06125698983669281,
      0.06125698983669281,
      -0.018385373055934906,
      0.29411765933036804,
      0.49625930190086365,
      0.4996608793735504
    ],
    [
      -0.0224668700248003,
      0.0224668700248003,
      0.020404746755957603,
      0.5882353186607361,
      0.7396447062492371,
      0.4996608793735504
    ],
    [
      -0.05396809056401253,
      0.05396809056401253,
      -0.011096473783254623,
      0.3529411852359772,
      0.49809080362319946,
      0.49824121594429016
    ],
    [
      -0.020231379196047783,
      0.020231379196047783,
      0.02264023758471012,
      0.6470588445663452,
      0.7366027235984802,
      0.4979403614997864
    ],
    [
      0.007718630135059357,
      0.007718630135059357,
      0.05059024691581726,
      0.8235294222831726,
      0.49763223528862,
      0.4990083575248718
    ],
    [
      -0.18841269612312317,
      0.18841269612312317,
      -0.14554107189178467,
      0.05882352963089943,
      0.7520440816879272,
      0.5083652138710022
    ],
    [
      -0.03397088870406151,
      0.03397088870406151,
      0.008900728076696396,
      0.47058823704719543,
      0.2541826069355011,
      0.5083652138710022
    ],
    [
      0.03740565851330757,
      0.03740565851330757,
      0.08027727901935577,
      0.9411764740943909,
      0.7346558570861816,
      0.4967145621776581
    ],
    [
      -0.07126153260469437,
      0.07126153260469437,
      -0.028389915823936462,
      0.23529411852359772,
      0.49794936180114746,
      0.5046889185905457
    ]
  ],
  "feature_names": [
    "charge",
    "abs_charge",
    "charge_centered",
    "charge_rank_norm",
    "wbo_sum",
    "wbo_max"
  ],
  "status": "ok",
  "error": null
}