{
  "canonical_smiles": "COc1ccc2c3c1OC1C(=O)CCC4(O)C(C2)N(C)CCC314",
  "xtb_valid": true,
  "atom_valid_mask": [
    [
      1.0
    ],
    [
      1.0
    ],
    [
      1.0
    ],
    [
      1.0
    ],
    [
      1.0
    ],
    [
      1.0
    ],
    [
      1.0
    ],
    [
      1.0
    ],
    [
      1.0
    ],
    [
      1.0
    ],
    [
      1.0
    ],
    [
      1.0
    ],
    [
      1.0
    ],
    [
      1.0
    ],
    [
      1.0
    ],
    [
      1.0
    ],
    [
      1.0
    ],
    [
      1.0
    ],
    [
      1.0
    ],
    [
      1.0
    ],
    [
      1.0
    ],
    [
      1.0
    ],
    [
      1.0
    ]
  ],
  "atom_features": [
    [
      0.019840719178318977,
      0.019840719178318977,
      0.08451399207115173,
      0.7272727489471436,
      0.24163123965263367,
      0.48326247930526733
    ],
    [
      -0.2987191081047058,
      0.2987191081047058,
      -0.2340458333492279,
      0.13636364042758942,
      0.5056789517402649,
      0.5280954241752625
    ],
    [
      0.12169322371482849,
      0.12169322371482849,
      0.1863664984703064,
      0.9090909361839294,
      0.9386345744132996,
      0.6747671365737915
    ],
    [
      -0.08036884665489197,
      0.08036884665489197,
      -0.015695571899414062,
      0.3181818127632141,
      0.7229706645011902,
      0.7199468612670898
    ],
    [
      -0.056361641734838486,
      0.056361641734838486,
      0.00831163302063942,
      0.40909090638160706,
      0.7347320914268494,
      0.7199468612670898
    ],
    [
      0.00375349004752934,
      0.00375349004752934,
      0.06842676550149918,
      0.5909090638160706,
      0.9536323547363281,
      0.7031307220458984
    ],
    [
      -0.027811650186777115,
      0.027811650186777115,
      0.03686162456870079,
      0.5454545617103577,
      0.9555422067642212,
      0.7031307220458984
    ],
    [
      0.10314571112394333,
      0.10314571112394333,
      0.16781899333000183,
      0.8636363744735718,
      0.9461062550544739,
      0.6744065284729004
    ],
    [
      -0.31915757060050964,
      0.31915757060050964,
      -0.25448429584503174,
      0.09090909361839294,
      0.4873368740081787,
      0.4955388307571411
    ],
    [
      0.09985076636075974,
      0.09985076636075974,
      0.16452404856681824,
      0.8181818127632141,
      0.713853657245636,
      0.4909024238586426
    ],
    [
      0.22447507083415985,
      0.22447507083415985,
      0.28914833068847656,
      1.0,
      0.9419428110122681,
      0.9009242653846741
    ],
    [
      -0.42567306756973267,
      0.42567306756973267,
      -0.36099979281425476,
      0.04545454680919647,
      0.45046213269233704,
      0.9009242653846741
    ],
    [
      -0.09739048779010773,
      0.09739048779010773,
      -0.03271721303462982,
      0.22727273404598236,
      0.4950147271156311,
      0.49797046184539795
    ],
    [
      -0.07976502925157547,
      0.07976502925157547,
      -0.015091754496097565,
      0.3636363744735718,
      0.4950689971446991,
      0.49797046184539795
    ],
    [
      0.13204112648963928,
      0.13204112648963928,
      0.1967144012451172,
      0.9545454382896423,
      0.9667137265205383,
      0.49216756224632263
    ],
    [
      -0.48940810561180115,
      0.48940810561180115,
      -0.42473483085632324,
      0.0,
      0.24007487297058105,
      0.4801497459411621
    ],
    [
      0.03066078945994377,
      0.03066078945994377,
      0.09533406794071198,
      0.7727272510528564,
      0.7311827540397644,
      0.4926058053970337
    ],
    [
      -0.0836448073387146,
      0.0836448073387146,
      -0.018971532583236694,
      0.27272728085517883,
      0.4993935525417328,
      0.5061812996864319
    ],
    [
      -0.18631920218467712,
      0.18631920218467712,
      -0.12164592742919922,
      0.1818181872367859,
      0.7499159574508667,
      0.5071640610694885
    ],
    [
      -0.04126257821917534,
      0.04126257821917534,
      0.023410696536302567,
      0.5,
      0.25358203053474426,
      0.5071640610694885
    ],
    [
      0.00905597023665905,
      0.00905597023665905,
      0.0737292468547821,
      0.6818181872367859,
      0.4994004964828491,
      0.5017310976982117
    ],
    [
      -0.050070978701114655,
      0.050070978701114655,
      0.01460229605436325,
      0.4545454680919647,
      0.4909808933734894,
      0.49706992506980896
    ],
    [
      0.003950919955968857,
      0.003950919955968857,
      0.06862419843673706,
      0.6363636255264282,
      0.9554364085197449,
      0.4860239326953888
    ]
  ],
  "feature_names": [
    "charge",
    "abs_charge",
    "charge_centered",
    "charge_rank_norm",
    "wbo_sum",
    "wbo_max"
  ],
  "status": "ok",
  "error": null
}