{
  "canonical_smiles": "O=C(O)COC(=O)Cc1ccccc1Nc1c(Cl)cccc1Cl",
  "xtb_valid": true,
  "atom_valid_mask": [
    [
      1.0
    ],
    [
      1.0
    ],
    [
      1.0
    ],
    [
      1.0
    ],
    [
      1.0
    ],
    [
      1.0
    ],
    [
      1.0
    ],
    [
      1.0
    ],
    [
      1.0
    ],
    [
      1.0
    ],
    [
      1.0
    ],
    [
      1.0
    ],
    [
      1.0
    ],
    [
      1.0
    ],
    [
      1.0
    ],
    [
      1.0
    ],
    [
      1.0
    ],
    [
      1.0
    ],
    [
      1.0
    ],
    [
      1.0
    ],
    [
      1.0
    ],
    [
      1.0
    ],
    [
      1.0
    ]
  ],
  "atom_features": [
    [
      -0.44179731607437134,
      0.44179731607437134,
      -0.37754154205322266,
      0.04545454680919647,
      0.4783978760242462,
      0.8672807812690735
    ],
    [
      0.3618415296077728,
      0.3618415296077728,
      0.4260973036289215,
      0.9545454382896423,
      0.9718205332756042,
      0.8672807812690735
    ],
    [
      -0.4154890477657318,
      0.4154890477657318,
      -0.35123327374458313,
      0.09090909361839294,
      0.3377726972103119,
      0.5860304236412048
    ],
    [
      0.04970036819577217,
      0.04970036819577217,
      0.11395615339279175,
      0.7272727489471436,
      0.48400595784187317,
      0.4903298020362854
    ],
    [
      -0.2534536123275757,
      0.2534536123275757,
      -0.189197838306427,
      0.13636364042758942,
      0.5620837807655334,
      0.5631107091903687
    ],
    [
      0.36884739995002747,
      0.36884739995002747,
      0.43310317397117615,
      1.0,
      0.9556317329406738,
      0.8625768423080444
    ],
    [
      -0.4568535089492798,
      0.4568535089492798,
      -0.3925977349281311,
      0.0,
      0.4729757606983185,
      0.8625768423080444
    ],
    [
      -0.09959351271390915,
      0.09959351271390915,
      -0.03533773124217987,
      0.3181818127632141,
      0.4896262288093567,
      0.4936765432357788
    ],
    [
      0.0058770799078047276,
      0.0058770799078047276,
      0.07013285905122757,
      0.6818181872367859,
      0.9672356247901917,
      0.7088063359260559
    ],
    [
      -0.03940977901220322,
      0.03940977901220322,
      0.024846002459526062,
      0.5909090638160706,
      0.7407639026641846,
      0.7189102172851562
    ],
    [
      -0.039819590747356415,
      0.039819590747356415,
      0.024436190724372864,
      0.5454545617103577,
      0.7187212705612183,
      0.7189102172851562
    ],
    [
      -0.03695040941238403,
      0.03695040941238403,
      0.027305372059345245,
      0.6363636255264282,
      0.745780348777771,
      0.71986323595047
    ],
    [
      -0.048844341188669205,
      0.048844341188669205,
      0.015411440283060074,
      0.3636363744735718,
      0.7350189685821533,
      0.71986323595047
    ],
    [
      0.06836856156587601,
      0.06836856156587601,
      0.13262434303760529,
      0.8181818127632141,
      0.9459388256072998,
      0.6963633298873901
    ],
    [
      -0.19468717277050018,
      0.19468717277050018,
      -0.1304313838481903,
      0.22727273404598236,
      0.5370977520942688,
      0.557504415512085
    ],
    [
      0.05938781052827835,
      0.05938781052827835,
      0.12364359200000763,
      0.7727272510528564,
      0.9420574903488159,
      0.6666014194488525
    ],
    [
      0.08208732306957245,
      0.08208732306957245,
      0.14634311199188232,
      0.9090909361839294,
      0.9252721071243286,
      0.7031194567680359
    ],
    [
      -0.19566811621189117,
      0.19566811621189117,
      -0.1314123272895813,
      0.1818181872367859,
      0.24041162431240082,
      0.48082324862480164
    ],
    [
      -0.04851625859737396,
      0.04851625859737396,
      0.015739522874355316,
      0.40909090638160706,
      0.7098771333694458,
      0.7166348099708557
    ],
    [
      -0.04192892834544182,
      0.04192892834544182,
      0.02232685312628746,
      0.5,
      0.7143001556396484,
      0.7166348099708557
    ],
    [
      -0.04657142981886864,
      0.04657142981886864,
      0.01768435165286064,
      0.4545454680919647,
      0.7106996178627014,
      0.7119655609130859
    ],
    [
      0.07357882708311081,
      0.07357882708311081,
      0.1378346085548401,
      0.8636363744735718,
      0.9244769811630249,
      0.7094336152076721
    ],
    [
      -0.18798883259296417,
      0.18798883259296417,
      -0.1237330511212349,
      0.27272728085517883,
      0.2397555410861969,
      0.4795110821723938
    ]
  ],
  "feature_names": [
    "charge",
    "abs_charge",
    "charge_centered",
    "charge_rank_norm",
    "wbo_sum",
    "wbo_max"
  ],
  "status": "ok",
  "error": null
}