{
  "canonical_smiles": "COc1cc([N+](=O)[O-])ccc1N/N=C(\\C(C)=O)C(=O)Nc1ccccc1OC",
  "xtb_valid": true,
  "atom_valid_mask": [
    [
      1.0
    ],
    [
      1.0
    ],
    [
      1.0
    ],
    [
      1.0
    ],
    [
      1.0
    ],
    [
      1.0
    ],
    [
      1.0
    ],
    [
      1.0
    ],
    [
      1.0
    ],
    [
      1.0
    ],
    [
      1.0
    ],
    [
      1.0
    ],
    [
      1.0
    ],
    [
      1.0
    ],
    [
      1.0
    ],
    [
      1.0
    ],
    [
      1.0
    ],
    [
      1.0
    ],
    [
      1.0
    ],
    [
      1.0
    ],
    [
      1.0
    ],
    [
      1.0
    ],
    [
      1.0
    ],
    [
      1.0
    ],
    [
      1.0
    ],
    [
      1.0
    ],
    [
      1.0
    ],
    [
      1.0
    ]
  ],
  "atom_features": [
    [
      0.009865920059382915,
      0.009865920059382915,
      0.07068482786417007,
      0.6666666865348816,
      0.24072197079658508,
      0.48144394159317017
    ],
    [
      -0.2832352817058563,
      0.2832352817058563,
      -0.22241637110710144,
      0.18518517911434174,
      0.5085049867630005,
      0.535565972328186
    ],
    [
      0.1355704963207245,
      0.1355704963207245,
      0.19638940691947937,
      0.8888888955116272,
      0.9369457364082336,
      0.7117936015129089
    ],
    [
      -0.05632892996072769,
      0.05632892996072769,
      0.004489976912736893,
      0.37037035822868347,
      0.6899583339691162,
      0.7117936015129089
    ],
    [
      0.008698510006070137,
      0.008698510006070137,
      0.06951741874217987,
      0.6296296119689941,
      0.9196522831916809,
      0.677159309387207
    ],
    [
      0.535126268863678,
      0.535126268863678,
      0.5959451794624329,
      1.0,
      0.9517714977264404,
      0.7061256766319275
    ],
    [
      -0.455110639333725,
      0.455110639333725,
      -0.3942917287349701,
      0.03703703731298447,
      0.4297483265399933,
      0.7033951878547668
    ],
    [
      -0.44942259788513184,
      0.44942259788513184,
      -0.38860368728637695,
      0.07407407462596893,
      0.4311135709285736,
      0.7061256766319275
    ],
    [
      -0.02867848053574562,
      0.02867848053574562,
      0.032140426337718964,
      0.5925925970077515,
      0.7051527500152588,
      0.7331461906433105
    ],
    [
      -0.04364868998527527,
      0.04364868998527527,
      0.017170216888189316,
      0.5185185074806213,
      0.7058295011520386,
      0.7331461906433105
    ],
    [
      0.06195855140686035,
      0.06195855140686035,
      0.12277746200561523,
      0.8148148059844971,
      0.9360575079917908,
      0.6785128116607666
    ],
    [
      -0.04889776185154915,
      0.04889776185154915,
      0.011921145021915436,
      0.40740740299224854,
      0.569183886051178,
      0.5712973475456238
    ],
    [
      -0.14114895462989807,
      0.14114895462989807,
      -0.08033004403114319,
      0.25925925374031067,
      0.7082428932189941,
      0.8451884984970093
    ],
    [
      0.024786030873656273,
      0.024786030873656273,
      0.08560493588447571,
      0.7407407164573669,
      0.9084194898605347,
      0.8451884984970093
    ],
    [
      0.25560498237609863,
      0.25560498237609863,
      0.3164238929748535,
      0.9259259104728699,
      0.9499349594116211,
      0.9031763076782227
    ],
    [
      -0.15622442960739136,
      0.15622442960739136,
      -0.09540551900863647,
      0.2222222238779068,
      0.2565423548221588,
      0.5130847096443176
    ],
    [
      -0.4191347658634186,
      0.4191347658634186,
      -0.3583158552646637,
      0.1111111119389534,
      0.45158815383911133,
      0.9031763076782227
    ],
    [
      0.2755863070487976,
      0.2755863070487976,
      0.3364052176475525,
      0.9629629850387573,
      0.9588555693626404,
      0.8087710738182068
    ],
    [
      -0.48499104380607605,
      0.48499104380607605,
      -0.42417213320732117,
      0.0,
      0.4495360553264618,
      0.8087710738182068
    ],
    [
      -0.13890789449214935,
      0.13890789449214935,
      -0.07808898389339447,
      0.29629629850387573,
      0.6241013407707214,
      0.6208986639976501
    ],
    [
      0.05491409823298454,
      0.05491409823298454,
      0.11573300510644913,
      0.7777777910232544,
      0.9382497668266296,
      0.6954880952835083
    ],
    [
      -0.048442449420690536,
      0.048442449420690536,
      0.012376457452774048,
      0.4444444477558136,
      0.7053994536399841,
      0.71531081199646
    ],
    [
      -0.046172741800546646,
      0.046172741800546646,
      0.014646165072917938,
      0.48148149251937866,
      0.7177892327308655,
      0.7202677130699158
    ],
    [
      -0.04128672182559967,
      0.04128672182559967,
      0.019532185047864914,
      0.5555555820465088,
      0.7162954807281494,
      0.7202677130699158
    ],
    [
      -0.06830976903438568,
      0.06830976903438568,
      -0.007490862160921097,
      0.3333333432674408,
      0.7043998837471008,
      0.7123232483863831
    ],
    [
      0.12598417699337006,
      0.12598417699337006,
      0.18680308759212494,
      0.8518518805503845,
      0.9337843060493469,
      0.6964765191078186
    ],
    [
      -0.294574499130249,
      0.294574499130249,
      -0.23375558853149414,
      0.14814814925193787,
      0.5050864815711975,
      0.5270836353302002
    ],
    [
      0.013490850105881691,
      0.013490850105881691,
      0.07430975884199142,
      0.7037037014961243,
      0.2415446639060974,
      0.4830893278121948
    ]
  ],
  "feature_names": [
    "charge",
    "abs_charge",
    "charge_centered",
    "charge_rank_norm",
    "wbo_sum",
    "wbo_max"
  ],
  "status": "ok",
  "error": null
}