{
  "canonical_smiles": "COc1ccc2c(c1)C13CCCCC1C(C2)N(C)CC3",
  "xtb_valid": true,
  "atom_valid_mask": [
    [
      1.0
    ],
    [
      1.0
    ],
    [
      1.0
    ],
    [
      1.0
    ],
    [
      1.0
    ],
    [
      1.0
    ],
    [
      1.0
    ],
    [
      1.0
    ],
    [
      1.0
    ],
    [
      1.0
    ],
    [
      1.0
    ],
    [
      1.0
    ],
    [
      1.0
    ],
    [
      1.0
    ],
    [
      1.0
    ],
    [
      1.0
    ],
    [
      1.0
    ],
    [
      1.0
    ],
    [
      1.0
    ],
    [
      1.0
    ]
  ],
  "atom_features": [
    [
      0.025252770632505417,
      0.025252770632505417,
      0.07076872885227203,
      0.8947368264198303,
      0.2432888001203537,
      0.4865776002407074
    ],
    [
      -0.3100118935108185,
      0.3100118935108185,
      -0.26449593901634216,
      0.0,
      0.504280149936676,
      0.5219826698303223
    ],
    [
      0.1332465261220932,
      0.1332465261220932,
      0.1787624955177307,
      1.0,
      0.9455603361129761,
      0.68756103515625
    ],
    [
      -0.07624749094247818,
      0.07624749094247818,
      -0.030731528997421265,
      0.10526315867900848,
      0.7032625675201416,
      0.7189640402793884
    ],
    [
      -0.05168541893362999,
      0.05168541893362999,
      -0.006169456988573074,
      0.5263158082962036,
      0.7406574487686157,
      0.7189640402793884
    ],
    [
      -0.00633300980553031,
      0.00633300980553031,
      0.03918295353651047,
      0.6842105388641357,
      0.9504727125167847,
      0.7070978283882141
    ],
    [
      -0.0016663400456309319,
      0.0016663400456309319,
      0.04384962096810341,
      0.7368420958518982,
      0.9464069604873657,
      0.7141056656837463
    ],
    [
      -0.06988359242677689,
      0.06988359242677689,
      -0.02436763048171997,
      0.15789473056793213,
      0.7254678010940552,
      0.7141056656837463
    ],
    [
      0.015058649703860283,
      0.015058649703860283,
      0.06057461351156235,
      0.7894737124443054,
      0.9760720729827881,
      0.49019303917884827
    ],
    [
      -0.060843970626592636,
      0.060843970626592636,
      -0.01532800868153572,
      0.3684210479259491,
      0.4967994689941406,
      0.5035514831542969
    ],
    [
      -0.05787327140569687,
      0.05787327140569687,
      -0.012357309460639954,
      0.4736842215061188,
      0.5042459964752197,
      0.5049404501914978
    ],
    [
      -0.058569490909576416,
      0.058569490909576416,
      -0.0130535289645195,
      0.42105263471603394,
      0.5046628713607788,
      0.5049404501914978
    ],
    [
      -0.06334707885980606,
      0.06334707885980606,
      -0.017831116914749146,
      0.2631579041481018,
      0.501112163066864,
      0.504385232925415
    ],
    [
      -0.02364693023264408,
      0.02364693023264408,
      0.021869031712412834,
      0.6315789222717285,
      0.7374055981636047,
      0.4978391230106354
    ],
    [
      0.03714676946401596,
      0.03714676946401596,
      0.08266273140907288,
      0.9473684430122375,
      0.7378487586975098,
      0.49542197585105896
    ],
    [
      -0.06900534778833389,
      0.06900534778833389,
      -0.023489385843276978,
      0.21052631735801697,
      0.4973736107349396,
      0.5053324103355408
    ],
    [
      -0.19096757471561432,
      0.19096757471561432,
      -0.1454516053199768,
      0.05263157933950424,
      0.7519166469573975,
      0.5077413320541382
    ],
    [
      -0.03473766893148422,
      0.03473766893148422,
      0.010778293013572693,
      0.5789473652839661,
      0.2538706660270691,
      0.5077413320541382
    ],
    [
      0.01587636023759842,
      0.01587636023759842,
      0.061392322182655334,
      0.8421052694320679,
      0.5014039278030396,
      0.5021378397941589
    ],
    [
      -0.062081269919872284,
      0.062081269919872284,
      -0.01656530797481537,
      0.31578946113586426,
      0.49396514892578125,
      0.5021378397941589
    ]
  ],
  "feature_names": [
    "charge",
    "abs_charge",
    "charge_centered",
    "charge_rank_norm",
    "wbo_sum",
    "wbo_max"
  ],
  "status": "ok",
  "error": null
}