{
  "canonical_smiles": "CC1O[C@@]2(CS1)CN1CCC2CC1",
  "xtb_valid": true,
  "atom_valid_mask": [
    [
      1.0
    ],
    [
      1.0
    ],
    [
      1.0
    ],
    [
      1.0
    ],
    [
      1.0
    ],
    [
      1.0
    ],
    [
      1.0
    ],
    [
      1.0
    ],
    [
      1.0
    ],
    [
      1.0
    ],
    [
      1.0
    ],
    [
      1.0
    ],
    [
      1.0
    ]
  ],
  "atom_features": [
    [
      -0.12044583261013031,
      0.12044583261013031,
      -0.06070825085043907,
      0.25,
      0.25297123193740845,
      0.5059424638748169
    ],
    [
      0.170351043343544,
      0.170351043343544,
      0.23008862137794495,
      1.0,
      0.7347995042800903,
      0.5059424638748169
    ],
    [
      -0.3634967803955078,
      0.3634967803955078,
      -0.3037591874599457,
      0.0,
      0.4805620610713959,
      0.489986777305603
    ],
    [
      0.1398182511329651,
      0.1398182511329651,
      0.19955582916736603,
      0.9166666865348816,
      0.9610008001327515,
      0.4899190664291382
    ],
    [
      -0.010587159544229507,
      0.010587159544229507,
      0.04915042221546173,
      0.5833333134651184,
      0.49394768476486206,
      0.49797630310058594
    ],
    [
      -0.24121640622615814,
      0.24121640622615814,
      -0.1814788281917572,
      0.0833333358168602,
      0.48582300543785095,
      0.49797630310058594
    ],
    [
      -0.0036382200196385384,
      0.0036382200196385384,
      0.056099362671375275,
      0.6666666865348816,
      0.49084341526031494,
      0.5018522143363953
    ],
    [
      -0.19609802961349487,
      0.19609802961349487,
      -0.13636045157909393,
      0.1666666716337204,
      0.7510093450546265,
      0.5018522143363953
    ],
    [
      -0.002884899964556098,
      0.002884899964556098,
      0.056852683424949646,
      0.75,
      0.49805670976638794,
      0.5003690719604492
    ],
    [
      -0.07164768129587173,
      0.07164768129587173,
      -0.011910099536180496,
      0.3333333432674408,
      0.4971141517162323,
      0.49848395586013794
    ],
    [
      -0.013488479889929295,
      0.013488479889929295,
      0.04624910280108452,
      0.5,
      0.7385089993476868,
      0.49848395586013794
    ],
    [
      -0.06459140032529831,
      0.06459140032529831,
      -0.004853818565607071,
      0.4166666567325592,
      0.4969671964645386,
      0.49742361903190613
    ],
    [
      0.0013371000532060862,
      0.0013371000532060862,
      0.06107468158006668,
      0.8333333134651184,
      0.49815407395362854,
      0.49979740381240845
    ]
  ],
  "feature_names": [
    "charge",
    "abs_charge",
    "charge_centered",
    "charge_rank_norm",
    "wbo_sum",
    "wbo_max"
  ],
  "status": "ok",
  "error": null
}