{
  "canonical_smiles": "CCN(CC)CC(=O)Nc1c(C)cccc1C",
  "xtb_valid": true,
  "atom_valid_mask": [
    [
      1.0
    ],
    [
      1.0
    ],
    [
      1.0
    ],
    [
      1.0
    ],
    [
      1.0
    ],
    [
      1.0
    ],
    [
      1.0
    ],
    [
      1.0
    ],
    [
      1.0
    ],
    [
      1.0
    ],
    [
      1.0
    ],
    [
      1.0
    ],
    [
      1.0
    ],
    [
      1.0
    ],
    [
      1.0
    ],
    [
      1.0
    ],
    [
      1.0
    ]
  ],
  "atom_features": [
    [
      -0.11546935886144638,
      0.11546935886144638,
      -0.049771688878536224,
      0.25,
      0.25205719470977783,
      0.5041143894195557
    ],
    [
      0.0018311600433662534,
      0.0018311600433662534,
      0.06752882897853851,
      0.75,
      0.5015238523483276,
      0.5041143894195557
    ],
    [
      -0.1901695728302002,
      0.1901695728302002,
      -0.12447190284729004,
      0.0625,
      0.7490610480308533,
      0.5002111196517944
    ],
    [
      0.01071642991155386,
      0.01071642991155386,
      0.07641410082578659,
      0.875,
      0.5036103129386902,
      0.5082430243492126
    ],
    [
      -0.11095593124628067,
      0.11095593124628067,
      -0.045258261263370514,
      0.3125,
      0.2541215121746063,
      0.5082430243492126
    ],
    [
      -0.020502440631389618,
      0.020502440631389618,
      0.04519522935152054,
      0.625,
      0.4883447587490082,
      0.5002111196517944
    ],
    [
      0.27372920513153076,
      0.27372920513153076,
      0.3394268751144409,
      1.0,
      0.9623733162879944,
      0.8420565724372864
    ],
    [
      -0.4718625545501709,
      0.4718625545501709,
      -0.40616488456726074,
      0.0,
      0.46426108479499817,
      0.8420565724372864
    ],
    [
      -0.17416934669017792,
      0.17416934669017792,
      -0.10847167670726776,
      0.125,
      0.6094862818717957,
      0.6062116622924805
    ],
    [
      0.05384029820561409,
      0.05384029820561409,
      0.11953796446323395,
      0.9375,
      0.9399732351303101,
      0.6829684376716614
    ],
    [
      -0.006480120122432709,
      0.006480120122432709,
      0.05921754986047745,
      0.6875,
      0.9745298624038696,
      0.711988627910614
    ],
    [
      -0.12196379899978638,
      0.12196379899978638,
      -0.05626612901687622,
      0.1875,
      0.2565717101097107,
      0.5131434202194214
    ],
    [
      -0.05092298984527588,
      0.05092298984527588,
      0.014774680137634277,
      0.4375,
      0.7385956645011902,
      0.7146125435829163
    ],
    [
      -0.04537377133965492,
      0.04537377133965492,
      0.020323898643255234,
      0.5625,
      0.7195777297019958,
      0.7245429158210754
    ],
    [
      -0.05038154125213623,
      0.05038154125213623,
      0.015316128730773926,
      0.5,
      0.7389256954193115,
      0.7245429158210754
    ],
    [
      0.007156540174037218,
      0.007156540174037218,
      0.07285421341657639,
      0.8125,
      0.9739466309547424,
      0.7000633478164673
    ],
    [
      -0.1058826893568039,
      0.1058826893568039,
      -0.04018501937389374,
      0.375,
      0.25713562965393066,
      0.5142712593078613
    ]
  ],
  "feature_names": [
    "charge",
    "abs_charge",
    "charge_centered",
    "charge_rank_norm",
    "wbo_sum",
    "wbo_max"
  ],
  "status": "ok",
  "error": null
}