{
  "canonical_smiles": "CC1(C)Cc2c(-c3ccccc3)c(-c3ccc(Cl)cc3)c(CC(=O)O)n2C1",
  "xtb_valid": true,
  "atom_valid_mask": [
    [
      1.0
    ],
    [
      1.0
    ],
    [
      1.0
    ],
    [
      1.0
    ],
    [
      1.0
    ],
    [
      1.0
    ],
    [
      1.0
    ],
    [
      1.0
    ],
    [
      1.0
    ],
    [
      1.0
    ],
    [
      1.0
    ],
    [
      1.0
    ],
    [
      1.0
    ],
    [
      1.0
    ],
    [
      1.0
    ],
    [
      1.0
    ],
    [
      1.0
    ],
    [
      1.0
    ],
    [
      1.0
    ],
    [
      1.0
    ],
    [
      1.0
    ],
    [
      1.0
    ],
    [
      1.0
    ],
    [
      1.0
    ],
    [
      1.0
    ],
    [
      1.0
    ],
    [
      1.0
    ]
  ],
  "atom_features": [
    [
      -0.1186995804309845,
      0.1186995804309845,
      -0.06395388394594193,
      0.11538461595773697,
      0.2511976957321167,
      0.5023953914642334
    ],
    [
      0.0266463290899992,
      0.0266463290899992,
      0.08139202743768692,
      0.9230769276618958,
      0.9888376593589783,
      0.5023953914642334
    ],
    [
      -0.11722555011510849,
      0.11722555011510849,
      -0.06247985363006592,
      0.1538461595773697,
      0.2505034804344177,
      0.5010069608688354
    ],
    [
      -0.07199112325906754,
      0.07199112325906754,
      -0.017245426774024963,
      0.23076923191547394,
      0.4978654086589813,
      0.509880542755127
    ],
    [
      0.01609222963452339,
      0.01609222963452339,
      0.07083792984485626,
      0.807692289352417,
      0.9507355093955994,
      0.7323180437088013
    ],
    [
      -0.0462188795208931,
      0.0462188795208931,
      0.008526816964149475,
      0.3076923191547394,
      0.9386777877807617,
      0.7323180437088013
    ],
    [
      0.016135739162564278,
      0.016135739162564278,
      0.0708814337849617,
      0.8461538553237915,
      0.9833598136901855,
      0.694734513759613
    ],
    [
      -0.042160648852586746,
      0.042160648852586746,
      0.012585047632455826,
      0.42307692766189575,
      0.7364763021469116,
      0.724051833152771
    ],
    [
      -0.03768600896000862,
      0.03768600896000862,
      0.01705968752503395,
      0.5384615659713745,
      0.7481907606124878,
      0.724051833152771
    ],
    [
      -0.04005901888012886,
      0.04005901888012886,
      0.014686677604913712,
      0.5,
      0.7437332272529602,
      0.7181066274642944
    ],
    [
      -0.03718901053071022,
      0.03718901053071022,
      0.01755668595433235,
      0.6153846383094788,
      0.7482271790504456,
      0.7234249711036682
    ],
    [
      -0.04018646106123924,
      0.04018646106123924,
      0.01455923542380333,
      0.4615384638309479,
      0.7365108132362366,
      0.7234249711036682
    ],
    [
      -0.049459539353847504,
      0.049459539353847504,
      0.005286157131195068,
      0.26923078298568726,
      0.9345850944519043,
      0.7276554703712463
    ],
    [
      0.019192229956388474,
      0.019192229956388474,
      0.07393792271614075,
      0.8846153616905212,
      0.9553253650665283,
      0.6945778131484985
    ],
    [
      -0.037200771272182465,
      0.037200771272182465,
      0.017544925212860107,
      0.5769230723381042,
      0.7353671193122864,
      0.7222446203231812
    ],
    [
      -0.04562319070100784,
      0.04562319070100784,
      0.009122505784034729,
      0.38461539149284363,
      0.7386559247970581,
      0.7222446203231812
    ],
    [
      0.09533856064081192,
      0.09533856064081192,
      0.1500842571258545,
      0.9615384340286255,
      0.938066840171814,
      0.7013612389564514
    ],
    [
      -0.22260543704032898,
      0.22260543704032898,
      -0.1678597331047058,
      0.07692307978868484,
      0.23691079020500183,
      0.47382158041000366
    ],
    [
      -0.045938920229673386,
      0.045938920229673386,
      0.008806776255369186,
      0.3461538553237915,
      0.7387080192565918,
      0.7225533723831177
    ],
    [
      -0.03706904873251915,
      0.03706904873251915,
      0.017676647752523422,
      0.6538461446762085,
      0.7348703145980835,
      0.7225533723831177
    ],
    [
      0.010327779687941074,
      0.010327779687941074,
      0.06507347524166107,
      0.7692307829856873,
      0.9482653737068176,
      0.7276554703712463
    ],
    [
      -0.09580062329769135,
      0.09580062329769135,
      -0.04105492681264877,
      0.19230769574642181,
      0.4980483949184418,
      0.5060281157493591
    ],
    [
      0.3652092516422272,
      0.3652092516422272,
      0.41995495557785034,
      1.0,
      0.9630799889564514,
      0.8594925999641418
    ],
    [
      -0.4722413718700409,
      0.4722413718700409,
      -0.4174956679344177,
      0.0,
      0.47215884923934937,
      0.8594925999641418
    ],
    [
      -0.43025997281074524,
      0.43025997281074524,
      -0.37551426887512207,
      0.03846153989434242,
      0.33071184158325195,
      0.576598584651947
    ],
    [
      -0.023677820339798927,
      0.023677820339798927,
      0.031067876145243645,
      0.692307710647583,
      0.85207599401474,
      0.609171986579895
    ],
    [
      -0.01578293927013874,
      0.01578293927013874,
      0.03896275907754898,
      0.7307692170143127,
      0.48890262842178345,
      0.4893825948238373
    ]
  ],
  "feature_names": [
    "charge",
    "abs_charge",
    "charge_centered",
    "charge_rank_norm",
    "wbo_sum",
    "wbo_max"
  ],
  "status": "ok",
  "error": null
}