{
  "canonical_smiles": "CC(=O)N[C@@H](CS/C(F)=C(/OCF)C(F)F)C(=O)O",
  "xtb_valid": true,
  "atom_valid_mask": [
    [
      1.0
    ],
    [
      1.0
    ],
    [
      1.0
    ],
    [
      1.0
    ],
    [
      1.0
    ],
    [
      1.0
    ],
    [
      1.0
    ],
    [
      1.0
    ],
    [
      1.0
    ],
    [
      1.0
    ],
    [
      1.0
    ],
    [
      1.0
    ],
    [
      1.0
    ],
    [
      1.0
    ],
    [
      1.0
    ],
    [
      1.0
    ],
    [
      1.0
    ],
    [
      1.0
    ],
    [
      1.0
    ]
  ],
  "atom_features": [
    [
      -0.16648004949092865,
      0.16648004949092865,
      -0.08424854278564453,
      0.5,
      0.2500530183315277,
      0.5001060366630554
    ],
    [
      0.28725963830947876,
      0.28725963830947876,
      0.3694911599159241,
      0.8888888955116272,
      0.9723005294799805,
      0.8304010629653931
    ],
    [
      -0.507373571395874,
      0.507373571395874,
      -0.4251420497894287,
      0.0,
      0.45922285318374634,
      0.8304010629653931
    ],
    [
      -0.1958765983581543,
      0.1958765983581543,
      -0.11364509165287018,
      0.4444444477558136,
      0.5991127490997314,
      0.6140939593315125
    ],
    [
      0.028375480324029922,
      0.028375480324029922,
      0.11060698330402374,
      0.6666666865348816,
      0.7290672063827515,
      0.4960869550704956
    ],
    [
      -0.020744280889630318,
      0.020744280889630318,
      0.06148722767829895,
      0.6111111044883728,
      0.48840343952178955,
      0.49018701910972595
    ],
    [
      -0.03928137943148613,
      0.03928137943148613,
      0.04295012727379799,
      0.5555555820465088,
      0.5532431602478027,
      0.5522262454032898
    ],
    [
      0.17351722717285156,
      0.17351722717285156,
      0.2557487487792969,
      0.7777777910232544,
      0.9327752590179443,
      0.8273903727531433
    ],
    [
      -0.20838727056980133,
      0.20838727056980133,
      -0.1261557638645172,
      0.3888888955116272,
      0.24296699464321136,
      0.48593398928642273
    ],
    [
      0.07500682026147842,
      0.07500682026147842,
      0.15723833441734314,
      0.7222222089767456,
      0.9442601203918457,
      0.8273903727531433
    ],
    [
      -0.28997746109962463,
      0.28997746109962463,
      -0.20774595439434052,
      0.1666666716337204,
      0.4922862648963928,
      0.5039937496185303
    ],
    [
      0.24009433388710022,
      0.24009433388710022,
      0.32232582569122314,
      0.8333333134651184,
      0.4756583273410797,
      0.48057878017425537
    ],
    [
      -0.2539469003677368,
      0.2539469003677368,
      -0.1717153936624527,
      0.2222222238779068,
      0.23536892235279083,
      0.47073784470558167
    ],
    [
      0.29354602098464966,
      0.29354602098464966,
      0.37577754259109497,
      0.9444444179534912,
      0.7117956876754761,
      0.4894959032535553
    ],
    [
      -0.2352384775876999,
      0.2352384775876999,
      -0.15300697088241577,
      0.3333333432674408,
      0.23442108929157257,
      0.46884217858314514
    ],
    [
      -0.2394871562719345,
      0.2394871562719345,
      -0.1572556495666504,
      0.2777777910232544,
      0.23262664675712585,
      0.4652532935142517
    ],
    [
      0.3566652834415436,
      0.3566652834415436,
      0.4388967752456665,
      1.0,
      0.963947594165802,
      0.8647421002388
    ],
    [
      -0.45044445991516113,
      0.45044445991516113,
      -0.3682129383087158,
      0.0555555559694767,
      0.47764647006988525,
      0.8647421002388
    ],
    [
      -0.4096257984638214,
      0.4096257984638214,
      -0.3273943066596985,
      0.1111111119389534,
      0.34092170000076294,
      0.5912925601005554
    ]
  ],
  "feature_names": [
    "charge",
    "abs_charge",
    "charge_centered",
    "charge_rank_norm",
    "wbo_sum",
    "wbo_max"
  ],
  "status": "ok",
  "error": null
}