{
  "canonical_smiles": "CN1C[C@@H]2Cc3ccc(O)c4c3[C@]3(C1)[C@@H]2C=C[C@@H](O)[C@@H]3O4",
  "xtb_valid": true,
  "atom_valid_mask": [
    [
      1.0
    ],
    [
      0.0
    ],
    [
      1.0
    ],
    [
      1.0
    ],
    [
      1.0
    ],
    [
      0.0
    ],
    [
      1.0
    ],
    [
      1.0
    ],
    [
      0.0
    ],
    [
      0.0
    ],
    [
      0.0
    ],
    [
      0.0
    ],
    [
      0.0
    ],
    [
      1.0
    ],
    [
      1.0
    ],
    [
      1.0
    ],
    [
      1.0
    ],
    [
      1.0
    ],
    [
      0.0
    ],
    [
      1.0
    ],
    [
      0.0
    ]
  ],
  "atom_features": [
    [
      0.5400000214576721,
      0.0025906735099852085,
      0.5400000214576721,
      0.5400000214576721,
      0.0,
      0.44999998807907104,
      0.5,
      0.7429999709129333
    ],
    [
      0.0,
      0.0,
      0.0,
      0.0,
      0.0,
      0.0,
      0.0,
      0.0
    ],
    [
      0.5400000214576721,
      0.0025906735099852085,
      0.5400000214576721,
      0.5400000214576721,
      0.0,
      0.44999998807907104,
      0.5,
      0.7429999709129333
    ],
    [
      0.6151999831199646,
      0.002470355713739991,
      0.6151999831199646,
      0.6151999831199646,
      0.0,
      1.0,
      0.5,
      0.7429999709129333
    ],
    [
      0.5019999742507935,
      0.0026560425758361816,
      0.5019999742507935,
      0.5019999742507935,
      0.0,
      0.13333334028720856,
      0.5,
      0.7429999709129333
    ],
    [
      0.0,
      0.0,
      0.0,
      0.0,
      0.0,
      0.0,
      0.0,
      0.0
    ],
    [
      0.8888000249862671,
      0.0021132712718099356,
      0.8888000249862671,
      0.8888000249862671,
      0.0,
      1.0,
      0.5,
      0.7429999709129333
    ],
    [
      0.8888000249862671,
      0.0021132712718099356,
      0.8888000249862671,
      0.8888000249862671,
      0.0,
      1.0,
      0.5,
      0.7429999709129333
    ],
    [
      0.0,
      0.0,
      0.0,
      0.0,
      0.0,
      0.0,
      0.0,
      0.0
    ],
    [
      0.0,
      0.0,
      0.0,
      0.0,
      0.0,
      0.0,
      0.0,
      0.0
    ],
    [
      0.0,
      0.0,
      0.0,
      0.0,
      0.0,
      0.0,
      0.0,
      0.0
    ],
    [
      0.0,
      0.0,
      0.0,
      0.0,
      0.0,
      0.0,
      0.0,
      0.0
    ],
    [
      0.0,
      0.0,
      0.0,
      0.0,
      0.0,
      0.0,
      0.0,
      0.0
    ],
    [
      0.5400000214576721,
      0.0025906735099852085,
      0.5400000214576721,
      0.5400000214576721,
      0.0,
      0.44999998807907104,
      0.5,
      0.7429999709129333
    ],
    [
      0.4860000014305115,
      0.0026845638640224934,
      0.4860000014305115,
      0.4860000014305115,
      0.0,
      0.0,
      0.5,
      0.7429999709129333
    ],
    [
      0.6499999761581421,
      0.0024183797650039196,
      0.6499999761581421,
      0.6499999761581421,
      0.0,
      1.0,
      0.5,
      0.7429999709129333
    ],
    [
      0.6499999761581421,
      0.0024183797650039196,
      0.6499999761581421,
      0.6499999761581421,
      0.0,
      1.0,
      0.5,
      0.7429999709129333
    ],
    [
      0.4860000014305115,
      0.0026845638640224934,
      0.4860000014305115,
      0.4860000014305115,
      0.0,
      0.0,
      0.5,
      0.7429999709129333
    ],
    [
      0.0,
      0.0,
      0.0,
      0.0,
      0.0,
      0.0,
      0.0,
      0.0
    ],
    [
      0.5400000214576721,
      0.0025906735099852085,
      0.5400000214576721,
      0.5400000214576721,
      0.0,
      0.44999998807907104,
      0.5,
      0.7429999709129333
    ],
    [
      0.0,
      0.0,
      0.0,
      0.0,
      0.0,
      0.0,
      0.0,
      0.0
    ]
  ],
  "feature_names": [
    "bde_corrected_norm",
    "bde_inverse",
    "bde_vertical_norm",
    "bde_adiabatic_norm",
    "relaxation_energy_norm",
    "bde_deviation_norm",
    "xtb_confidence",
    "lookup_bde_norm"
  ],
  "status": "ok",
  "error": null
}