{
  "canonical_smiles": "C[C@H](CN(C)C)CN1c2ccccc2CCc2ccccc21",
  "xtb_valid": true,
  "atom_valid_mask": [
    [
      1.0
    ],
    [
      1.0
    ],
    [
      1.0
    ],
    [
      0.0
    ],
    [
      1.0
    ],
    [
      1.0
    ],
    [
      1.0
    ],
    [
      0.0
    ],
    [
      0.0
    ],
    [
      1.0
    ],
    [
      1.0
    ],
    [
      1.0
    ],
    [
      1.0
    ],
    [
      0.0
    ],
    [
      1.0
    ],
    [
      1.0
    ],
    [
      0.0
    ],
    [
      1.0
    ],
    [
      1.0
    ],
    [
      1.0
    ],
    [
      1.0
    ],
    [
      0.0
    ]
  ],
  "atom_features": [
    [
      0.6919999718666077,
      0.002358490601181984,
      0.6919999718666077,
      0.6919999718666077,
      0.0,
      1.0,
      0.5,
      0.7509999871253967
    ],
    [
      0.6151999831199646,
      0.002470355713739991,
      0.6151999831199646,
      0.6151999831199646,
      0.0,
      0.9433333277702332,
      0.5,
      0.7509999871253967
    ],
    [
      0.5400000214576721,
      0.0025906735099852085,
      0.5400000214576721,
      0.5400000214576721,
      0.0,
      0.3166666626930237,
      0.5,
      0.7509999871253967
    ],
    [
      0.0,
      0.0,
      0.0,
      0.0,
      0.0,
      0.0,
      0.0,
      0.0
    ],
    [
      0.5400000214576721,
      0.0025906735099852085,
      0.5400000214576721,
      0.5400000214576721,
      0.0,
      0.3166666626930237,
      0.5,
      0.7509999871253967
    ],
    [
      0.5400000214576721,
      0.0025906735099852085,
      0.5400000214576721,
      0.5400000214576721,
      0.0,
      0.3166666626930237,
      0.5,
      0.7509999871253967
    ],
    [
      0.5400000214576721,
      0.0025906735099852085,
      0.5400000214576721,
      0.5400000214576721,
      0.0,
      0.3166666626930237,
      0.5,
      0.7509999871253967
    ],
    [
      0.0,
      0.0,
      0.0,
      0.0,
      0.0,
      0.0,
      0.0,
      0.0
    ],
    [
      0.0,
      0.0,
      0.0,
      0.0,
      0.0,
      0.0,
      0.0,
      0.0
    ],
    [
      0.8888000249862671,
      0.0021132712718099356,
      0.8888000249862671,
      0.8888000249862671,
      0.0,
      1.0,
      0.5,
      0.7509999871253967
    ],
    [
      0.8888000249862671,
      0.0021132712718099356,
      0.8888000249862671,
      0.8888000249862671,
      0.0,
      1.0,
      0.5,
      0.7509999871253967
    ],
    [
      0.8888000249862671,
      0.0021132712718099356,
      0.8888000249862671,
      0.8888000249862671,
      0.0,
      1.0,
      0.5,
      0.7509999871253967
    ],
    [
      0.8888000249862671,
      0.0021132712718099356,
      0.8888000249862671,
      0.8888000249862671,
      0.0,
      1.0,
      0.5,
      0.7509999871253967
    ],
    [
      0.0,
      0.0,
      0.0,
      0.0,
      0.0,
      0.0,
      0.0,
      0.0
    ],
    [
      0.5019999742507935,
      0.0026560425758361816,
      0.5019999742507935,
      0.5019999742507935,
      0.0,
      0.0,
      0.5,
      0.7509999871253967
    ],
    [
      0.5019999742507935,
      0.0026560425758361816,
      0.5019999742507935,
      0.5019999742507935,
      0.0,
      0.0,
      0.5,
      0.7509999871253967
    ],
    [
      0.0,
      0.0,
      0.0,
      0.0,
      0.0,
      0.0,
      0.0,
      0.0
    ],
    [
      0.8888000249862671,
      0.0021132712718099356,
      0.8888000249862671,
      0.8888000249862671,
      0.0,
      1.0,
      0.5,
      0.7509999871253967
    ],
    [
      0.8888000249862671,
      0.0021132712718099356,
      0.8888000249862671,
      0.8888000249862671,
      0.0,
      1.0,
      0.5,
      0.7509999871253967
    ],
    [
      0.8888000249862671,
      0.0021132712718099356,
      0.8888000249862671,
      0.8888000249862671,
      0.0,
      1.0,
      0.5,
      0.7509999871253967
    ],
    [
      0.8888000249862671,
      0.0021132712718099356,
      0.8888000249862671,
      0.8888000249862671,
      0.0,
      1.0,
      0.5,
      0.7509999871253967
    ],
    [
      0.0,
      0.0,
      0.0,
      0.0,
      0.0,
      0.0,
      0.0,
      0.0
    ]
  ],
  "feature_names": [
    "bde_corrected_norm",
    "bde_inverse",
    "bde_vertical_norm",
    "bde_adiabatic_norm",
    "relaxation_energy_norm",
    "bde_deviation_norm",
    "xtb_confidence",
    "lookup_bde_norm"
  ],
  "status": "ok",
  "error": null
}