{
  "canonical_smiles": "CCC(=O)N(c1ccccc1)C1CCN(CCc2ccccc2)CC1",
  "xtb_valid": true,
  "atom_valid_mask": [
    [
      1.0
    ],
    [
      1.0
    ],
    [
      1.0
    ],
    [
      1.0
    ],
    [
      1.0
    ],
    [
      1.0
    ],
    [
      1.0
    ],
    [
      1.0
    ],
    [
      1.0
    ],
    [
      1.0
    ],
    [
      1.0
    ],
    [
      1.0
    ],
    [
      1.0
    ],
    [
      1.0
    ],
    [
      1.0
    ],
    [
      1.0
    ],
    [
      1.0
    ],
    [
      1.0
    ],
    [
      1.0
    ],
    [
      1.0
    ],
    [
      1.0
    ],
    [
      1.0
    ],
    [
      1.0
    ],
    [
      1.0
    ],
    [
      1.0
    ]
  ],
  "atom_features": [
    [
      -0.10343331098556519,
      0.10343331098556519,
      -0.05568816512823105,
      0.125,
      0.25494110584259033,
      0.5098822116851807
    ],
    [
      -0.08578301966190338,
      0.08578301966190338,
      -0.038037873804569244,
      0.1666666716337204,
      0.4997549057006836,
      0.5098822116851807
    ],
    [
      0.26762154698371887,
      0.26762154698371887,
      0.3153666853904724,
      1.0,
      0.9611239433288574,
      0.8286088705062866
    ],
    [
      -0.5040515661239624,
      0.5040515661239624,
      -0.45630642771720886,
      0.0,
      0.4599730670452118,
      0.8286088705062866
    ],
    [
      -0.13170401751995087,
      0.13170401751995087,
      -0.08395887166261673,
      0.0833333358168602,
      0.8340767621994019,
      0.6040114760398865
    ],
    [
      0.07824396342039108,
      0.07824396342039108,
      0.12598910927772522,
      0.9583333134651184,
      0.9762452244758606,
      0.7002983093261719
    ],
    [
      -0.04249611124396324,
      0.04249611124396324,
      0.005249034613370895,
      0.4166666567325592,
      0.7379527688026428,
      0.7201244831085205
    ],
    [
      -0.0353657491505146,
      0.0353657491505146,
      0.012379396706819534,
      0.625,
      0.7477222084999084,
      0.7201244831085205
    ],
    [
      -0.03617259860038757,
      0.03617259860038757,
      0.011572547256946564,
      0.5833333134651184,
      0.7459518313407898,
      0.7194753885269165
    ],
    [
      -0.034198738634586334,
      0.034198738634586334,
      0.013546407222747803,
      0.6666666865348816,
      0.747809112071991,
      0.7208485007286072
    ],
    [
      -0.03417941927909851,
      0.03417941927909851,
      0.013565726578235626,
      0.7083333134651184,
      0.7379524111747742,
      0.7208485007286072
    ],
    [
      0.03840228170156479,
      0.03840228170156479,
      0.08614742755889893,
      0.9166666865348816,
      0.7304800748825073,
      0.49635910987854004
    ],
    [
      -0.06923414021730423,
      0.06923414021730423,
      -0.021488994359970093,
      0.25,
      0.4976908564567566,
      0.49902260303497314
    ],
    [
      0.000645600026473403,
      0.000645600026473403,
      0.048390746116638184,
      0.75,
      0.499931663274765,
      0.5008407235145569
    ],
    [
      -0.19322529435157776,
      0.19322529435157776,
      -0.14548015594482422,
      0.0416666679084301,
      0.7506812810897827,
      0.5023698806762695
    ],
    [
      0.010916179977357388,
      0.010916179977357388,
      0.0586613267660141,
      0.875,
      0.49580034613609314,
      0.498151957988739
    ],
    [
      -0.07064799964427948,
      0.07064799964427948,
      -0.022902853786945343,
      0.2083333283662796,
      0.49906614422798157,
      0.5046835541725159
    ],
    [
      0.010431209579110146,
      0.010431209579110146,
      0.05817635357379913,
      0.8333333134651184,
      0.985718309879303,
      0.7063289284706116
    ],
    [
      -0.042562760412693024,
      0.042562760412693024,
      0.005182385444641113,
      0.375,
      0.7418017387390137,
      0.7217589616775513
    ],
    [
      -0.03715376928448677,
      0.03715376928448677,
      0.010591376572847366,
      0.5,
      0.7483931183815002,
      0.7217589616775513
    ],
    [
      -0.03913586959242821,
      0.03913586959242821,
      0.00860927626490593,
      0.4583333432674408,
      0.7464202642440796,
      0.7192882299423218
    ],
    [
      -0.03657921031117439,
      0.03657921031117439,
      0.011165935546159744,
      0.5416666865348816,
      0.7483904361724854,
      0.7223443984985352
    ],
    [
      -0.04275529086589813,
      0.04275529086589813,
      0.004989854991436005,
      0.3333333432674408,
      0.7419381141662598,
      0.7223443984985352
    ],
    [
      0.004557129926979542,
      0.004557129926979542,
      0.052302274852991104,
      0.7916666865348816,
      0.5004294514656067,
      0.5023698806762695
    ],
    [
      -0.06576769798994064,
      0.06576769798994064,
      -0.018022552132606506,
      0.2916666567325592,
      0.4950622022151947,
      0.49848902225494385
    ]
  ],
  "feature_names": [
    "charge",
    "abs_charge",
    "charge_centered",
    "charge_rank_norm",
    "wbo_sum",
    "wbo_max"
  ],
  "status": "ok",
  "error": null
}