{
  "canonical_smiles": "CN(C)CCCCCN1c2ccccc2Sc2ccc(C(F)(F)F)cc21",
  "xtb_valid": true,
  "atom_valid_mask": [
    [
      1.0
    ],
    [
      1.0
    ],
    [
      1.0
    ],
    [
      1.0
    ],
    [
      1.0
    ],
    [
      1.0
    ],
    [
      1.0
    ],
    [
      1.0
    ],
    [
      1.0
    ],
    [
      1.0
    ],
    [
      1.0
    ],
    [
      1.0
    ],
    [
      1.0
    ],
    [
      1.0
    ],
    [
      1.0
    ],
    [
      1.0
    ],
    [
      1.0
    ],
    [
      1.0
    ],
    [
      1.0
    ],
    [
      1.0
    ],
    [
      1.0
    ],
    [
      1.0
    ],
    [
      1.0
    ],
    [
      1.0
    ],
    [
      1.0
    ],
    [
      1.0
    ]
  ],
  "atom_features": [
    [
      -0.03588065877556801,
      0.03588065877556801,
      0.0034849904477596283,
      0.6800000071525574,
      0.25358930230140686,
      0.5071786046028137
    ],
    [
      -0.1954386830329895,
      0.1954386830329895,
      -0.15607303380966187,
      0.11999999731779099,
      0.755986750125885,
      0.5071786046028137
    ],
    [
      -0.037454359233379364,
      0.037454359233379364,
      0.0019112899899482727,
      0.6000000238418579,
      0.25310367345809937,
      0.5062073469161987
    ],
    [
      0.006465919781476259,
      0.006465919781476259,
      0.04583156853914261,
      0.800000011920929,
      0.5003740787506104,
      0.5021607279777527
    ],
    [
      -0.06733377277851105,
      0.06733377277851105,
      -0.02796812355518341,
      0.23999999463558197,
      0.5024474859237671,
      0.5027341842651367
    ],
    [
      -0.06327664852142334,
      0.06327664852142334,
      -0.023910999298095703,
      0.3199999928474426,
      0.503029465675354,
      0.5033248066902161
    ],
    [
      -0.06655751913785934,
      0.06655751913785934,
      -0.027191869914531708,
      0.2800000011920929,
      0.5010272860527039,
      0.5033248066902161
    ],
    [
      -0.013759899884462357,
      0.013759899884462357,
      0.02560574933886528,
      0.7599999904632568,
      0.4943292438983917,
      0.49872976541519165
    ],
    [
      -0.07408954203128815,
      0.07408954203128815,
      -0.03472389280796051,
      0.20000000298023224,
      0.7945918440818787,
      0.5584966540336609
    ],
    [
      0.06052333861589432,
      0.06052333861589432,
      0.09988898783922195,
      0.9200000166893005,
      0.9448649287223816,
      0.6816537976264954
    ],
    [
      -0.0568624809384346,
      0.0568624809384346,
      -0.017496831715106964,
      0.36000001430511475,
      0.6993357539176941,
      0.7170177102088928
    ],
    [
      -0.03910528123378754,
      0.03910528123378754,
      0.0002603679895401001,
      0.5600000023841858,
      0.7175094485282898,
      0.7180011868476868
    ],
    [
      -0.04171964153647423,
      0.04171964153647423,
      -0.002353992313146591,
      0.5199999809265137,
      0.7165815830230713,
      0.7180011868476868
    ],
    [
      -0.043762870132923126,
      0.043762870132923126,
      -0.0043972209095954895,
      0.4399999976158142,
      0.7082479596138,
      0.7151620388031006
    ],
    [
      0.03091724030673504,
      0.03091724030673504,
      0.07028289139270782,
      0.8399999737739563,
      0.9380420446395874,
      0.7013338804244995
    ],
    [
      -0.13548703491687775,
      0.13548703491687775,
      -0.09612138569355011,
      0.1599999964237213,
      0.5153570771217346,
      0.523281455039978
    ],
    [
      0.04089748114347458,
      0.04089748114347458,
      0.08026313036680222,
      0.8799999952316284,
      0.9403676986694336,
      0.7003090977668762
    ],
    [
      -0.04302256181836128,
      0.04302256181836128,
      -0.0036569125950336456,
      0.47999998927116394,
      0.7073180079460144,
      0.7143269181251526
    ],
    [
      -0.03716195002198219,
      0.03716195002198219,
      0.0022036992013454437,
      0.6399999856948853,
      0.7079267501831055,
      0.7143269181251526
    ],
    [
      -0.034236710518598557,
      0.034236710518598557,
      0.00512893870472908,
      0.7200000286102295,
      0.9355732798576355,
      0.7015265822410583
    ],
    [
      0.491763174533844,
      0.491763174533844,
      0.5311288237571716,
      1.0,
      0.9371798634529114,
      0.47547826170921326
    ],
    [
      -0.2300443947315216,
      0.2300443947315216,
      -0.19067874550819397,
      0.0,
      0.23213529586791992,
      0.46427059173583984
    ],
    [
      -0.2271372228860855,
      0.2271372228860855,
      -0.18777157366275787,
      0.07999999821186066,
      0.23347581923007965,
      0.4669516384601593
    ],
    [
      -0.22793534398078918,
      0.22793534398078918,
      -0.18856969475746155,
      0.03999999910593033,
      0.23382960259914398,
      0.46765920519828796
    ],
    [
      -0.05356526002287865,
      0.05356526002287865,
      -0.01419961079955101,
      0.4000000059604645,
      0.6868175268173218,
      0.694141685962677
    ],
    [
      0.06975787878036499,
      0.06975787878036499,
      0.10912352800369263,
      0.9599999785423279,
      0.9475674033164978,
      0.6794933676719666
    ]
  ],
  "feature_names": [
    "charge",
    "abs_charge",
    "charge_centered",
    "charge_rank_norm",
    "wbo_sum",
    "wbo_max"
  ],
  "status": "ok",
  "error": null
}