{
  "canonical_smiles": "COc1ccc2c(c1)CC[C@@H]1[C@@H]2CC[C@@]2(C)[C@H](O)CC[C@@H]12",
  "xtb_valid": true,
  "atom_valid_mask": [
    [
      1.0
    ],
    [
      1.0
    ],
    [
      1.0
    ],
    [
      1.0
    ],
    [
      1.0
    ],
    [
      1.0
    ],
    [
      1.0
    ],
    [
      1.0
    ],
    [
      1.0
    ],
    [
      1.0
    ],
    [
      1.0
    ],
    [
      1.0
    ],
    [
      1.0
    ],
    [
      1.0
    ],
    [
      1.0
    ],
    [
      1.0
    ],
    [
      1.0
    ],
    [
      1.0
    ],
    [
      1.0
    ],
    [
      1.0
    ],
    [
      1.0
    ]
  ],
  "atom_features": [
    [
      0.025213029235601425,
      0.025213029235601425,
      0.08777488768100739,
      0.8999999761581421,
      0.2433265894651413,
      0.4866531789302826
    ],
    [
      -0.31077343225479126,
      0.31077343225479126,
      -0.2482115775346756,
      0.05000000074505806,
      0.50428706407547,
      0.521920919418335
    ],
    [
      0.13360555469989777,
      0.13360555469989777,
      0.19616740942001343,
      1.0,
      0.945772111415863,
      0.6896308064460754
    ],
    [
      -0.07859756797552109,
      0.07859756797552109,
      -0.016035713255405426,
      0.15000000596046448,
      0.7270004749298096,
      0.7137694954872131
    ],
    [
      -0.04952327907085419,
      0.04952327907085419,
      0.013038575649261475,
      0.550000011920929,
      0.7399778366088867,
      0.7137694954872131
    ],
    [
      -0.009200610220432281,
      0.009200610220432281,
      0.05336124449968338,
      0.75,
      0.9470894932746887,
      0.7121070027351379
    ],
    [
      0.003679289948195219,
      0.003679289948195219,
      0.06624114513397217,
      0.800000011920929,
      0.9787024855613708,
      0.7165840864181519
    ],
    [
      -0.0735447034239769,
      0.0735447034239769,
      -0.010982848703861237,
      0.25,
      0.7253278493881226,
      0.7165840864181519
    ],
    [
      -0.06373917311429977,
      0.06373917311429977,
      -0.0011773183941841125,
      0.3499999940395355,
      0.5041725635528564,
      0.5086206793785095
    ],
    [
      -0.060648489743471146,
      0.060648489743471146,
      0.001913364976644516,
      0.44999998807907104,
      0.49732720851898193,
      0.499724417924881
    ],
    [
      -0.02193322964012623,
      0.02193322964012623,
      0.04062862694263458,
      0.699999988079071,
      0.7382333874702454,
      0.4949299693107605
    ],
    [
      -0.022310899570584297,
      0.022310899570584297,
      0.040250957012176514,
      0.6499999761581421,
      0.742067277431488,
      0.5004723072052002
    ],
    [
      -0.05966414883732796,
      0.05966414883732796,
      0.0028977058827877045,
      0.5,
      0.49886080622673035,
      0.5013043880462646
    ],
    [
      -0.061166368424892426,
      0.061166368424892426,
      0.001395486295223236,
      0.4000000059604645,
      0.4983922243118286,
      0.5013043880462646
    ],
    [
      0.008991289883852005,
      0.008991289883852005,
      0.07155314087867737,
      0.8500000238418579,
      0.980130672454834,
      0.5006475448608398
    ],
    [
      -0.10120005905628204,
      0.10120005905628204,
      -0.03863820433616638,
      0.10000000149011612,
      0.2503237724304199,
      0.5006475448608398
    ],
    [
      0.11348851025104523,
      0.11348851025104523,
      0.1760503649711609,
      0.949999988079071,
      0.7343217730522156,
      0.4946594834327698
    ],
    [
      -0.5138503909111023,
      0.5138503909111023,
      -0.45128852128982544,
      0.0,
      0.2462611347436905,
      0.492522269487381
    ],
    [
      -0.07357142120599747,
      0.07357142120599747,
      -0.011009566485881805,
      0.20000000298023224,
      0.499253511428833,
      0.5038475394248962
    ],
    [
      -0.06450452655553818,
      0.06450452655553818,
      -0.0019426718354225159,
      0.30000001192092896,
      0.5002987384796143,
      0.5038475394248962
    ],
    [
      -0.034548431634902954,
      0.034548431634902954,
      0.028013423085212708,
      0.6000000238418579,
      0.7368568181991577,
      0.4967499375343323
    ]
  ],
  "feature_names": [
    "charge",
    "abs_charge",
    "charge_centered",
    "charge_rank_norm",
    "wbo_sum",
    "wbo_max"
  ],
  "status": "ok",
  "error": null
}