{
  "canonical_smiles": "CCC(C)(C)C(=O)O[C@H]1C[C@@H](C)C=C2C=C[C@H](C)[C@H](CC[C@H](O)C[C@@H](O)CC(=O)O)[C@H]21",
  "xtb_valid": true,
  "atom_valid_mask": [
    [
      1.0
    ],
    [
      1.0
    ],
    [
      1.0
    ],
    [
      1.0
    ],
    [
      1.0
    ],
    [
      1.0
    ],
    [
      1.0
    ],
    [
      1.0
    ],
    [
      1.0
    ],
    [
      1.0
    ],
    [
      1.0
    ],
    [
      1.0
    ],
    [
      1.0
    ],
    [
      1.0
    ],
    [
      1.0
    ],
    [
      1.0
    ],
    [
      1.0
    ],
    [
      1.0
    ],
    [
      1.0
    ],
    [
      1.0
    ],
    [
      1.0
    ],
    [
      1.0
    ],
    [
      1.0
    ],
    [
      1.0
    ],
    [
      1.0
    ],
    [
      1.0
    ],
    [
      1.0
    ],
    [
      1.0
    ],
    [
      1.0
    ],
    [
      1.0
    ],
    [
      1.0
    ]
  ],
  "atom_features": [
    [
      -0.10600212216377258,
      0.10600212216377258,
      -0.01562172919511795,
      0.30000001192092896,
      0.2552357017993927,
      0.5104714035987854
    ],
    [
      -0.06141166016459465,
      0.06141166016459465,
      0.028968732804059982,
      0.5333333611488342,
      0.49729615449905396,
      0.5104714035987854
    ],
    [
      0.005549449939280748,
      0.005549449939280748,
      0.09592984616756439,
      0.8333333134651184,
      0.9721839427947998,
      0.49960386753082275
    ],
    [
      -0.11152023822069168,
      0.11152023822069168,
      -0.02113984525203705,
      0.23333333432674408,
      0.24980193376541138,
      0.49960386753082275
    ],
    [
      -0.10230478644371033,
      0.10230478644371033,
      -0.011924393475055695,
      0.3333333432674408,
      0.24345602095127106,
      0.4869120419025421
    ],
    [
      0.35685235261917114,
      0.35685235261917114,
      0.44723275303840637,
      0.9666666388511658,
      0.9507165551185608,
      0.8551774621009827
    ],
    [
      -0.47451120615005493,
      0.47451120615005493,
      -0.3841308057308197,
      0.06666667014360428,
      0.4692794382572174,
      0.8551774621009827
    ],
    [
      -0.2705437242984772,
      0.2705437242984772,
      -0.18016332387924194,
      0.1666666716337204,
      0.5577757954597473,
      0.5725247263908386
    ],
    [
      0.1171613335609436,
      0.1171613335609436,
      0.20754173398017883,
      0.9333333373069763,
      0.7208476662635803,
      0.4961346983909607
    ],
    [
      -0.0702766627073288,
      0.0702766627073288,
      0.020103730261325836,
      0.46666666865348816,
      0.4956885576248169,
      0.4961346983909607
    ],
    [
      -0.013858940452337265,
      0.013858940452337265,
      0.07652145624160767,
      0.7666666507720947,
      0.7509326934814453,
      0.5072928071022034
    ],
    [
      -0.11282505840063095,
      0.11282505840063095,
      -0.02244466543197632,
      0.20000000298023224,
      0.24966508150100708,
      0.49933016300201416
    ],
    [
      -0.061876919120550156,
      0.061876919120550156,
      0.028503473848104477,
      0.5,
      0.7331645488739014,
      0.9012802243232727
    ],
    [
      -0.0013422700576484203,
      0.0013422700576484203,
      0.08903812617063522,
      0.800000011920929,
      0.9715724587440491,
      0.9012802243232727
    ],
    [
      -0.05092114955186844,
      0.05092114955186844,
      0.039459243416786194,
      0.6000000238418579,
      0.7357668280601501,
      0.9214041829109192
    ],
    [
      -0.045216601341962814,
      0.045216601341962814,
      0.04516379162669182,
      0.6333333253860474,
      0.742927610874176,
      0.9214041829109192
    ],
    [
      -0.018621420487761497,
      0.018621420487761497,
      0.07175897061824799,
      0.7333333492279053,
      0.7454939484596252,
      0.506695032119751
    ],
    [
      -0.10109104216098785,
      0.10109104216098785,
      -0.010710649192333221,
      0.36666667461395264,
      0.24861904978752136,
      0.4972380995750427
    ],
    [
      -0.019061200320720673,
      0.019061200320720673,
      0.07131919264793396,
      0.699999988079071,
      0.7348624467849731,
      0.49763327836990356
    ],
    [
      -0.05535046011209488,
      0.05535046011209488,
      0.03502993285655975,
      0.5666666626930237,
      0.4999319314956665,
      0.5022305846214294
    ],
    [
      -0.07811795920133591,
      0.07811795920133591,
      0.012262433767318726,
      0.4333333373069763,
      0.4978192150592804,
      0.5022305846214294
    ],
    [
      0.10783842951059341,
      0.10783842951059341,
      0.19821882247924805,
      0.8666666746139526,
      0.7388023734092712,
      0.49507370591163635
    ],
    [
      -0.49239689111709595,
      0.49239689111709595,
      -0.4020164906978607,
      0.03333333507180214,
      0.24456164240837097,
      0.48912328481674194
    ],
    [
      -0.08521845936775208,
      0.08521845936775208,
      0.005161933600902557,
      0.4000000059604645,
      0.4944879412651062,
      0.49507370591163635
    ],
    [
      0.11245451122522354,
      0.11245451122522354,
      0.20283490419387817,
      0.8999999761581421,
      0.7399583458900452,
      0.49472576379776
    ],
    [
      -0.5055077075958252,
      0.5055077075958252,
      -0.41512730717658997,
      0.0,
      0.24564440548419952,
      0.49128881096839905
    ],
    [
      -0.1104372888803482,
      0.1104372888803482,
      -0.020056895911693573,
      0.2666666805744171,
      0.4975571930408478,
      0.5003886222839355
    ],
    [
      0.368847131729126,
      0.368847131729126,
      0.4592275321483612,
      1.0,
      0.9661809206008911,
      0.85151207447052
    ],
    [
      -0.47072577476501465,
      0.47072577476501465,
      -0.3803453743457794,
      0.10000000149011612,
      0.4677090048789978,
      0.85151207447052
    ],
    [
      -0.42269647121429443,
      0.42269647121429443,
      -0.3323160707950592,
      0.13333334028720856,
      0.3321835398674011,
      0.5804611444473267
    ],
    [
      -0.028659429401159286,
      0.028659429401159286,
      0.061720963567495346,
      0.6666666865348816,
      0.731343686580658,
      0.49173519015312195
    ]
  ],
  "feature_names": [
    "charge",
    "abs_charge",
    "charge_centered",
    "charge_rank_norm",
    "wbo_sum",
    "wbo_max"
  ],
  "status": "ok",
  "error": null
}