{
  "canonical_smiles": "CC(C)CCCC(C)C1CCC2C3C(O)CC4CC(O)CCC4(C)C3CC(O)C12C",
  "xtb_valid": true,
  "atom_valid_mask": [
    [
      1.0
    ],
    [
      1.0
    ],
    [
      1.0
    ],
    [
      1.0
    ],
    [
      1.0
    ],
    [
      1.0
    ],
    [
      1.0
    ],
    [
      1.0
    ],
    [
      1.0
    ],
    [
      1.0
    ],
    [
      1.0
    ],
    [
      1.0
    ],
    [
      1.0
    ],
    [
      1.0
    ],
    [
      1.0
    ],
    [
      1.0
    ],
    [
      1.0
    ],
    [
      1.0
    ],
    [
      1.0
    ],
    [
      1.0
    ],
    [
      1.0
    ],
    [
      1.0
    ],
    [
      1.0
    ],
    [
      1.0
    ],
    [
      1.0
    ],
    [
      1.0
    ],
    [
      1.0
    ],
    [
      1.0
    ],
    [
      1.0
    ],
    [
      1.0
    ]
  ],
  "atom_features": [
    [
      -0.109944649040699,
      0.109944649040699,
      -0.026335619390010834,
      0.17241379618644714,
      0.25199583172798157,
      0.5039916634559631
    ],
    [
      -0.011509180068969727,
      0.011509180068969727,
      0.07209984958171844,
      0.8275862336158752,
      0.7534061074256897,
      0.5048326849937439
    ],
    [
      -0.10751225799322128,
      0.10751225799322128,
      -0.02390322834253311,
      0.2068965584039688,
      0.25241634249687195,
      0.5048326849937439
    ],
    [
      -0.06538134068250656,
      0.06538134068250656,
      0.01822768896818161,
      0.4482758641242981,
      0.5000616312026978,
      0.5021353363990784
    ],
    [
      -0.062273770570755005,
      0.062273770570755005,
      0.021335259079933167,
      0.48275861144065857,
      0.5027885437011719,
      0.5034417510032654
    ],
    [
      -0.06600362807512283,
      0.06600362807512283,
      0.017605401575565338,
      0.37931033968925476,
      0.5005791187286377,
      0.5034417510032654
    ],
    [
      -0.020011520013213158,
      0.020011520013213158,
      0.06359750777482986,
      0.7931034564971924,
      0.7458674311637878,
      0.5034682154655457
    ],
    [
      -0.10525935888290405,
      0.10525935888290405,
      -0.02165032923221588,
      0.24137930572032928,
      0.2517341077327728,
      0.5034682154655457
    ],
    [
      -0.02612731046974659,
      0.02612731046974659,
      0.05748172104358673,
      0.6551724076271057,
      0.7362439036369324,
      0.49914443492889404
    ],
    [
      -0.05608275905251503,
      0.05608275905251503,
      0.02752627059817314,
      0.5862069129943848,
      0.5011166334152222,
      0.5030888319015503
    ],
    [
      -0.05964142829179764,
      0.05964142829179764,
      0.023967601358890533,
      0.5517241358757019,
      0.4992196261882782,
      0.5030888319015503
    ],
    [
      -0.026192180812358856,
      0.026192180812358856,
      0.057416848838329315,
      0.6206896305084229,
      0.7351914048194885,
      0.4953504204750061
    ],
    [
      -0.025129390880465508,
      0.025129390880465508,
      0.058479636907577515,
      0.6896551847457886,
      0.7379252910614014,
      0.49428677558898926
    ],
    [
      0.11430636793375015,
      0.11430636793375015,
      0.19791540503501892,
      0.931034505367279,
      0.7371858954429626,
      0.4964126646518707
    ],
    [
      -0.5145266652107239,
      0.5145266652107239,
      -0.4309176206588745,
      0.03448275849223137,
      0.24401436746120453,
      0.48802873492240906
    ],
    [
      -0.07276394218206406,
      0.07276394218206406,
      0.010845087468624115,
      0.3103448152542114,
      0.4966280162334442,
      0.4968433380126953
    ],
    [
      -0.021920470520853996,
      0.021920470520853996,
      0.061688557267189026,
      0.7586206793785095,
      0.7385634779930115,
      0.4968433380126953
    ],
    [
      -0.07615096122026443,
      0.07615096122026443,
      0.007458068430423737,
      0.27586206793785095,
      0.4949621260166168,
      0.49675264954566956
    ],
    [
      0.1209728792309761,
      0.1209728792309761,
      0.20458191633224487,
      1.0,
      0.7390739321708679,
      0.49675264954566956
    ],
    [
      -0.5219435691833496,
      0.5219435691833496,
      -0.43833452463150024,
      0.0,
      0.24267977476119995,
      0.4853595495223999
    ],
    [
      -0.06551407277584076,
      0.06551407277584076,
      0.018094956874847412,
      0.4137931168079376,
      0.49905315041542053,
      0.5020707249641418
    ],
    [
      -0.06022803112864494,
      0.06022803112864494,
      0.023380998522043228,
      0.517241358757019,
      0.4986344575881958,
      0.5020707249641418
    ],
    [
      0.015162739902734756,
      0.015162739902734756,
      0.09877176582813263,
      0.8965517282485962,
      0.9810112714767456,
      0.49843642115592957
    ],
    [
      -0.11172548681497574,
      0.11172548681497574,
      -0.028116457164287567,
      0.13793103396892548,
      0.24921821057796478,
      0.49843642115592957
    ],
    [
      -0.024388890713453293,
      0.024388890713453293,
      0.05922013893723488,
      0.7241379022598267,
      0.7350658774375916,
      0.4945691227912903
    ],
    [
      -0.07235313951969147,
      0.07235313951969147,
      0.011255890130996704,
      0.3448275923728943,
      0.4947568476200104,
      0.49494457244873047
    ],
    [
      0.12007700651884079,
      0.12007700651884079,
      0.20368602871894836,
      0.9655172228813171,
      0.7352971434593201,
      0.49494457244873047
    ],
    [
      -0.4927823543548584,
      0.4927823543548584,
      -0.40917330980300903,
      0.06896551698446274,
      0.24389304220676422,
      0.48778608441352844
    ],
    [
      0.00917521957308054,
      0.00917521957308054,
      0.09278424829244614,
      0.8620689511299133,
      0.9764699339866638,
      0.498883992433548
    ],
    [
      -0.11259868741035461,
      0.11259868741035461,
      -0.028989657759666443,
      0.1034482792019844,
      0.249441996216774,
      0.498883992433548
    ]
  ],
  "feature_names": [
    "charge",
    "abs_charge",
    "charge_centered",
    "charge_rank_norm",
    "wbo_sum",
    "wbo_max"
  ],
  "status": "ok",
  "error": null
}