{
  "canonical_smiles": "Cc1ccc(C(=O)C(C)CN2CCCCC2)cc1",
  "xtb_valid": true,
  "atom_valid_mask": [
    [
      1.0
    ],
    [
      1.0
    ],
    [
      1.0
    ],
    [
      1.0
    ],
    [
      1.0
    ],
    [
      1.0
    ],
    [
      1.0
    ],
    [
      1.0
    ],
    [
      1.0
    ],
    [
      1.0
    ],
    [
      1.0
    ],
    [
      1.0
    ],
    [
      1.0
    ],
    [
      1.0
    ],
    [
      1.0
    ],
    [
      1.0
    ],
    [
      1.0
    ],
    [
      1.0
    ]
  ],
  "atom_features": [
    [
      -0.12776322662830353,
      0.12776322662830353,
      -0.07459753006696701,
      0.11764705926179886,
      0.25813907384872437,
      0.5162781476974487
    ],
    [
      0.03213866055011749,
      0.03213866055011749,
      0.08530435711145401,
      0.9411764740943909,
      0.956243097782135,
      0.6984298229217529
    ],
    [
      -0.04357196018099785,
      0.04357196018099785,
      0.009593736380338669,
      0.4117647111415863,
      0.7398260235786438,
      0.7307623624801636
    ],
    [
      -0.03240476921200752,
      0.03240476921200752,
      0.020760927349328995,
      0.5882353186607361,
      0.7343286275863647,
      0.7307623624801636
    ],
    [
      -0.02005678042769432,
      0.02005678042769432,
      0.0331089161336422,
      0.7058823704719543,
      0.9460219144821167,
      0.6870086193084717
    ],
    [
      0.22603988647460938,
      0.22603988647460938,
      0.2792055904865265,
      1.0,
      0.9450039267539978,
      0.881297767162323
    ],
    [
      -0.4501873254776001,
      0.4501873254776001,
      -0.397021621465683,
      0.0,
      0.4406488835811615,
      0.881297767162323
    ],
    [
      -0.035912610590457916,
      0.035912610590457916,
      0.0172530859708786,
      0.529411792755127,
      0.7360038161277771,
      0.4926293194293976
    ],
    [
      -0.10748668015003204,
      0.10748668015003204,
      -0.054320983588695526,
      0.1764705926179886,
      0.24557214975357056,
      0.4911442995071411
    ],
    [
      0.017025649547576904,
      0.017025649547576904,
      0.07019134610891342,
      0.8823529481887817,
      0.49636659026145935,
      0.5001038312911987
    ],
    [
      -0.19316799938678741,
      0.19316799938678741,
      -0.1400023102760315,
      0.05882352963089943,
      0.7493541240692139,
      0.5013397932052612
    ],
    [
      0.015100340358912945,
      0.015100340358912945,
      0.06826603412628174,
      0.8235294222831726,
      0.5009371638298035,
      0.5013397932052612
    ],
    [
      -0.06430760771036148,
      0.06430760771036148,
      -0.011141911149024963,
      0.23529411852359772,
      0.5013169050216675,
      0.5020992755889893
    ],
    [
      -0.05972941964864731,
      0.05972941964864731,
      -0.006563723087310791,
      0.29411765933036804,
      0.5039830207824707,
      0.5058667063713074
    ],
    [
      -0.059264250099658966,
      0.059264250099658966,
      -0.006098553538322449,
      0.3529411852359772,
      0.5033060312271118,
      0.5058667063713074
    ],
    [
      0.010396749712526798,
      0.010396749712526798,
      0.06356244534254074,
      0.7647058963775635,
      0.4990050196647644,
      0.500745415687561
    ],
    [
      -0.021320290863513947,
      0.021320290863513947,
      0.03184540569782257,
      0.6470588445663452,
      0.7335992455482483,
      0.7315276861190796
    ],
    [
      -0.04251093044877052,
      0.04251093044877052,
      0.010654766112565994,
      0.47058823704719543,
      0.7404218912124634,
      0.7315276861190796
    ]
  ],
  "feature_names": [
    "charge",
    "abs_charge",
    "charge_centered",
    "charge_rank_norm",
    "wbo_sum",
    "wbo_max"
  ],
  "status": "ok",
  "error": null
}