{
  "canonical_smiles": "COCCc1ccc(OC[C@H](O)CNC(C)C)cc1",
  "xtb_valid": true,
  "atom_valid_mask": [
    [
      1.0
    ],
    [
      1.0
    ],
    [
      1.0
    ],
    [
      1.0
    ],
    [
      1.0
    ],
    [
      1.0
    ],
    [
      1.0
    ],
    [
      1.0
    ],
    [
      1.0
    ],
    [
      1.0
    ],
    [
      1.0
    ],
    [
      1.0
    ],
    [
      1.0
    ],
    [
      1.0
    ],
    [
      1.0
    ],
    [
      1.0
    ],
    [
      1.0
    ],
    [
      1.0
    ],
    [
      1.0
    ]
  ],
  "atom_features": [
    [
      0.028604179620742798,
      0.028604179620742798,
      0.11027862131595612,
      0.7222222089767456,
      0.2464633285999298,
      0.4929266571998596
    ],
    [
      -0.3581579327583313,
      0.3581579327583313,
      -0.2764834761619568,
      0.0555555559694767,
      0.4898362457752228,
      0.4929266571998596
    ],
    [
      0.07876584678888321,
      0.07876584678888321,
      0.16044029593467712,
      0.8888888955116272,
      0.4893744885921478,
      0.4920031726360321
    ],
    [
      -0.07348261028528214,
      0.07348261028528214,
      0.008191831409931183,
      0.3333333432674408,
      0.49842944741249084,
      0.504855751991272
    ],
    [
      0.0010455100564286113,
      0.0010455100564286113,
      0.08271995186805725,
      0.6666666865348816,
      0.9568880200386047,
      0.704531192779541
    ],
    [
      -0.04521257057785988,
      0.04521257057785988,
      0.03646187111735344,
      0.5555555820465088,
      0.7413843870162964,
      0.7236840724945068
    ],
    [
      -0.06056636944413185,
      0.06056636944413185,
      0.021108072251081467,
      0.4444444477558136,
      0.7341917753219604,
      0.7236840724945068
    ],
    [
      0.13858400285243988,
      0.13858400285243988,
      0.2202584445476532,
      1.0,
      0.9460694193840027,
      0.6908283233642578
    ],
    [
      -0.32817542552948,
      0.32817542552948,
      -0.24650098383426666,
      0.1111111119389534,
      0.49231916666030884,
      0.510622501373291
    ],
    [
      0.06756973266601562,
      0.06756973266601562,
      0.14924417436122894,
      0.8333333134651184,
      0.48482581973075867,
      0.4956357777118683
    ],
    [
      0.10348142683506012,
      0.10348142683506012,
      0.18515586853027344,
      0.9444444179534912,
      0.7372026443481445,
      0.4956357777118683
    ],
    [
      -0.515579879283905,
      0.515579879283905,
      -0.4339054226875305,
      0.0,
      0.2445918619632721,
      0.4891837239265442
    ],
    [
      -0.0008658699807710946,
      0.0008658699807710946,
      0.08080857247114182,
      0.6111111044883728,
      0.49841997027397156,
      0.5072541236877441
    ],
    [
      -0.29078999161720276,
      0.29078999161720276,
      -0.20911554992198944,
      0.1666666716337204,
      0.5027313828468323,
      0.5072541236877441
    ],
    [
      0.05101040005683899,
      0.05101040005683899,
      0.1326848417520523,
      0.7777777910232544,
      0.7499566078186035,
      0.5020267963409424
    ],
    [
      -0.1229962632060051,
      0.1229962632060051,
      -0.04132182151079178,
      0.2222222238779068,
      0.2510133981704712,
      0.5020267963409424
    ],
    [
      -0.11747416108846664,
      0.11747416108846664,
      -0.035799719393253326,
      0.2777777910232544,
      0.24983885884284973,
      0.49967771768569946
    ],
    [
      -0.061908259987831116,
      0.061908259987831116,
      0.019766181707382202,
      0.3888888955116272,
      0.7346213459968567,
      0.7238608598709106
    ],
    [
      -0.04566625878214836,
      0.04566625878214836,
      0.03600818291306496,
      0.5,
      0.7411306500434875,
      0.7238608598709106
    ]
  ],
  "feature_names": [
    "charge",
    "abs_charge",
    "charge_centered",
    "charge_rank_norm",
    "wbo_sum",
    "wbo_max"
  ],
  "status": "ok",
  "error": null
}