{
  "canonical_smiles": "CCOC(=O)C1=C(C)NC(C)=C(C(=O)OC)[C@H]1c1cccc([N+](=O)[O-])c1",
  "xtb_valid": true,
  "atom_valid_mask": [
    [
      1.0
    ],
    [
      1.0
    ],
    [
      1.0
    ],
    [
      1.0
    ],
    [
      1.0
    ],
    [
      1.0
    ],
    [
      1.0
    ],
    [
      1.0
    ],
    [
      1.0
    ],
    [
      1.0
    ],
    [
      1.0
    ],
    [
      1.0
    ],
    [
      1.0
    ],
    [
      1.0
    ],
    [
      1.0
    ],
    [
      1.0
    ],
    [
      1.0
    ],
    [
      1.0
    ],
    [
      1.0
    ],
    [
      1.0
    ],
    [
      1.0
    ],
    [
      1.0
    ],
    [
      1.0
    ],
    [
      1.0
    ],
    [
      1.0
    ],
    [
      1.0
    ]
  ],
  "atom_features": [
    [
      -0.12171387672424316,
      0.12171387672424316,
      -0.05891389399766922,
      0.36000001430511475,
      0.2535540461540222,
      0.5071080923080444
    ],
    [
      0.07216369360685349,
      0.07216369360685349,
      0.13496367633342743,
      0.800000011920929,
      0.48685169219970703,
      0.5071080923080444
    ],
    [
      -0.2747487425804138,
      0.2747487425804138,
      -0.21194875240325928,
      0.1599999964237213,
      0.5544549822807312,
      0.5614569187164307
    ],
    [
      0.3553633689880371,
      0.3553633689880371,
      0.41816335916519165,
      0.9599999785423279,
      0.9541652202606201,
      0.8362435102462769
    ],
    [
      -0.4945107698440552,
      0.4945107698440552,
      -0.43171077966690063,
      0.0,
      0.4585506319999695,
      0.8362435102462769
    ],
    [
      -0.07137121260166168,
      0.07137121260166168,
      -0.008571229875087738,
      0.4399999976158142,
      0.9117710590362549,
      0.8301934003829956
    ],
    [
      0.08309707045555115,
      0.08309707045555115,
      0.1458970606327057,
      0.8399999737739563,
      0.9587152004241943,
      0.8301934003829956
    ],
    [
      -0.13970233500003815,
      0.13970233500003815,
      -0.0769023522734642,
      0.2800000011920929,
      0.2558898329734802,
      0.5117796659469604
    ],
    [
      -0.1229446679353714,
      0.1229446679353714,
      -0.060144685208797455,
      0.3199999928474426,
      0.5758827924728394,
      0.5763082504272461
    ],
    [
      0.08331228792667389,
      0.08331228792667389,
      0.14611226320266724,
      0.8799999952316284,
      0.9585900902748108,
      0.828948974609375
    ],
    [
      -0.14107833802700043,
      0.14107833802700043,
      -0.07827835530042648,
      0.23999999463558197,
      0.25596150755882263,
      0.5119230151176453
    ],
    [
      -0.07179699093103409,
      0.07179699093103409,
      -0.008997008204460144,
      0.4000000059604645,
      0.9117346405982971,
      0.828948974609375
    ],
    [
      0.3529989719390869,
      0.3529989719390869,
      0.41579896211624146,
      0.9200000166893005,
      0.9542205333709717,
      0.8370810747146606
    ],
    [
      -0.49292755126953125,
      0.49292755126953125,
      -0.4301275610923767,
      0.03999999910593033,
      0.45867666602134705,
      0.8370810747146606
    ],
    [
      -0.26993289589881897,
      0.26993289589881897,
      -0.20713290572166443,
      0.20000000298023224,
      0.5575056076049805,
      0.559502363204956
    ],
    [
      0.015972549095749855,
      0.015972549095749855,
      0.07877252995967865,
      0.7200000286102295,
      0.23761829733848572,
      0.47523659467697144
    ],
    [
      -0.0068672699853777885,
      0.0068672699853777885,
      0.05593271180987358,
      0.6399999856948853,
      0.7268171310424805,
      0.48825281858444214
    ],
    [
      0.01837041974067688,
      0.01837041974067688,
      0.08117040246725082,
      0.7599999904632568,
      0.9741359353065491,
      0.7127437591552734
    ],
    [
      -0.01997900940477848,
      0.01997900940477848,
      0.04282097518444061,
      0.6000000238418579,
      0.7063755393028259,
      0.7156273722648621
    ],
    [
      -0.027806300669908524,
      0.027806300669908524,
      0.03499368205666542,
      0.47999998927116394,
      0.7208379507064819,
      0.7260485291481018
    ],
    [
      -0.02191632054746151,
      0.02191632054746151,
      0.040883660316467285,
      0.5199999809265137,
      0.7287136316299438,
      0.7260485291481018
    ],
    [
      0.01442233007401228,
      0.01442233007401228,
      0.0772223100066185,
      0.6800000071525574,
      0.9249352216720581,
      0.6840552091598511
    ],
    [
      0.5433433055877686,
      0.5433433055877686,
      0.6061432957649231,
      1.0,
      0.9576696753501892,
      0.7162793278694153
    ],
    [
      -0.4401242136955261,
      0.4401242136955261,
      -0.3773242235183716,
      0.07999999821186066,
      0.4407075345516205,
      0.7162793278694153
    ],
    [
      -0.4339527189731598,
      0.4339527189731598,
      -0.37115272879600525,
      0.11999999731779099,
      0.4398038685321808,
      0.7144719958305359
    ],
    [
      -0.02047049067914486,
      0.02047049067914486,
      0.042329490184783936,
      0.5600000023841858,
      0.6983994841575623,
      0.7127437591552734
    ]
  ],
  "feature_names": [
    "charge",
    "abs_charge",
    "charge_centered",
    "charge_rank_norm",
    "wbo_sum",
    "wbo_max"
  ],
  "status": "ok",
  "error": null
}