{
  "canonical_smiles": "CCOc1ccc2c(C(F)(F)F)cc(=O)oc2c1",
  "xtb_valid": true,
  "atom_valid_mask": [
    [
      1.0
    ],
    [
      1.0
    ],
    [
      1.0
    ],
    [
      1.0
    ],
    [
      1.0
    ],
    [
      1.0
    ],
    [
      1.0
    ],
    [
      1.0
    ],
    [
      1.0
    ],
    [
      1.0
    ],
    [
      1.0
    ],
    [
      1.0
    ],
    [
      1.0
    ],
    [
      1.0
    ],
    [
      1.0
    ],
    [
      1.0
    ],
    [
      1.0
    ],
    [
      1.0
    ]
  ],
  "atom_features": [
    [
      -0.12904076278209686,
      0.12904076278209686,
      -0.09021112322807312,
      0.3529411852359772,
      0.25311771035194397,
      0.5062354207038879
    ],
    [
      0.06308899074792862,
      0.06308899074792862,
      0.10191863030195236,
      0.7647058963775635,
      0.48940572142601013,
      0.5062354207038879
    ],
    [
      -0.25861266255378723,
      0.25861266255378723,
      -0.2197830229997635,
      0.05882352963089943,
      0.5145109295845032,
      0.5564458966255188
    ],
    [
      0.16999900341033936,
      0.16999900341033936,
      0.2088286429643631,
      0.8823529481887817,
      0.9472271203994751,
      0.6841734051704407
    ],
    [
      -0.05524111166596413,
      0.05524111166596413,
      -0.016411472111940384,
      0.529411792755127,
      0.7041950821876526,
      0.7545552849769592
    ],
    [
      -0.030253740027546883,
      0.030253740027546883,
      0.00857589952647686,
      0.5882353186607361,
      0.7088172435760498,
      0.7545552849769592
    ],
    [
      -0.004804329946637154,
      0.004804329946637154,
      0.03402531147003174,
      0.6470588445663452,
      0.9396142363548279,
      0.6630791425704956
    ],
    [
      0.005803369916975498,
      0.005803369916975498,
      0.044633008539676666,
      0.7058823704719543,
      0.9453700184822083,
      0.8473718166351318
    ],
    [
      0.49818772077560425,
      0.49818772077560425,
      0.5370173454284668,
      1.0,
      0.9446597695350647,
      0.4762660264968872
    ],
    [
      -0.21615028381347656,
      0.21615028381347656,
      -0.17732064425945282,
      0.1764705926179886,
      0.23555073142051697,
      0.47110146284103394
    ],
    [
      -0.20985457301139832,
      0.20985457301139832,
      -0.17102493345737457,
      0.29411765933036804,
      0.23549343645572662,
      0.47098687291145325
    ],
    [
      -0.2099466621875763,
      0.2099466621875763,
      -0.17111702263355255,
      0.23529411852359772,
      0.2354825735092163,
      0.4709651470184326
    ],
    [
      -0.06410185247659683,
      0.06410185247659683,
      -0.02527221292257309,
      0.47058823704719543,
      0.6934641599655151,
      0.8473718166351318
    ],
    [
      0.3579524755477905,
      0.3579524755477905,
      0.3967821002006531,
      0.9411764740943909,
      0.9581547975540161,
      0.838314414024353
    ],
    [
      -0.4489779770374298,
      0.4489779770374298,
      -0.4101483225822449,
      0.0,
      0.45665794610977173,
      0.838314414024353
    ],
    [
      -0.24118085205554962,
      0.24118085205554962,
      -0.20235121250152588,
      0.11764705926179886,
      0.5596644282341003,
      0.5384386777877808
    ],
    [
      0.14883765578269958,
      0.14883765578269958,
      0.18766729533672333,
      0.8235294222831726,
      0.9246171116828918,
      0.6942983865737915
    ],
    [
      -0.07463788241147995,
      0.07463788241147995,
      -0.03580824285745621,
      0.4117647111415863,
      0.6892358660697937,
      0.6942983865737915
    ]
  ],
  "feature_names": [
    "charge",
    "abs_charge",
    "charge_centered",
    "charge_rank_norm",
    "wbo_sum",
    "wbo_max"
  ],
  "status": "ok",
  "error": null
}