{
  "canonical_smiles": "CCCNC[C@H](O)COc1ccccc1C(=O)CCc1ccccc1",
  "xtb_valid": true,
  "atom_valid_mask": [
    [
      1.0
    ],
    [
      1.0
    ],
    [
      1.0
    ],
    [
      1.0
    ],
    [
      1.0
    ],
    [
      1.0
    ],
    [
      1.0
    ],
    [
      1.0
    ],
    [
      1.0
    ],
    [
      1.0
    ],
    [
      1.0
    ],
    [
      1.0
    ],
    [
      1.0
    ],
    [
      1.0
    ],
    [
      1.0
    ],
    [
      1.0
    ],
    [
      1.0
    ],
    [
      1.0
    ],
    [
      1.0
    ],
    [
      1.0
    ],
    [
      1.0
    ],
    [
      1.0
    ],
    [
      1.0
    ],
    [
      1.0
    ],
    [
      1.0
    ]
  ],
  "atom_features": [
    [
      -0.10630928725004196,
      0.10630928725004196,
      -0.04067739099264145,
      0.1666666716337204,
      0.25471749901771545,
      0.5094349980354309
    ],
    [
      -0.06102871149778366,
      0.06102871149778366,
      0.004603184759616852,
      0.2916666567325592,
      0.5040969252586365,
      0.5094349980354309
    ],
    [
      0.007042829878628254,
      0.007042829878628254,
      0.07267472892999649,
      0.7916666865348816,
      0.5020946264266968,
      0.505430281162262
    ],
    [
      -0.29482942819595337,
      0.29482942819595337,
      -0.22919753193855286,
      0.125,
      0.5058560967445374,
      0.5062819123268127
    ],
    [
      0.001353370025753975,
      0.001353370025753975,
      0.06698526442050934,
      0.75,
      0.49975723028182983,
      0.5062819123268127
    ],
    [
      0.10683663934469223,
      0.10683663934469223,
      0.17246854305267334,
      0.9166666865348816,
      0.7386419773101807,
      0.49377676844596863
    ],
    [
      -0.48170116543769836,
      0.48170116543769836,
      -0.41606926918029785,
      0.0,
      0.24513734877109528,
      0.49027469754219055
    ],
    [
      0.07433956116437912,
      0.07433956116437912,
      0.13997146487236023,
      0.875,
      0.48020514845848083,
      0.49377676844596863
    ],
    [
      -0.34877312183380127,
      0.34877312183380127,
      -0.28314122557640076,
      0.0833333358168602,
      0.4836321175098419,
      0.5006307363510132
    ],
    [
      0.14409668743610382,
      0.14409668743610382,
      0.20972858369350433,
      0.9583333134651184,
      0.9635055065155029,
      0.6950328350067139
    ],
    [
      -0.054361891001462936,
      0.054361891001462936,
      0.011270005255937576,
      0.3333333432674408,
      0.736656129360199,
      0.7222000956535339
    ],
    [
      -0.0354735404253006,
      0.0354735404253006,
      0.030158355832099915,
      0.5833333134651184,
      0.7465276122093201,
      0.7222000956535339
    ],
    [
      -0.03734869137406349,
      0.03734869137406349,
      0.02828320488333702,
      0.5416666865348816,
      0.7448993921279907,
      0.7209482789039612
    ],
    [
      -0.03206590935587883,
      0.03206590935587883,
      0.03356598690152168,
      0.625,
      0.736581563949585,
      0.7209482789039612
    ],
    [
      -0.030229730531573296,
      0.030229730531573296,
      0.03540216386318207,
      0.7083333134651184,
      0.9631498456001282,
      0.6961354613304138
    ],
    [
      0.2535110414028168,
      0.2535110414028168,
      0.3191429376602173,
      1.0,
      0.9503185153007507,
      0.906388521194458
    ],
    [
      -0.4215541183948517,
      0.4215541183948517,
      -0.35592222213745117,
      0.0416666679084301,
      0.453194260597229,
      0.906388521194458
    ],
    [
      -0.08345182240009308,
      0.08345182240009308,
      -0.017819926142692566,
      0.2083333283662796,
      0.4958411455154419,
      0.4974365532398224
    ],
    [
      -0.061620548367500305,
      0.061620548367500305,
      0.0040113478899002075,
      0.25,
      0.4996531307697296,
      0.5050604939460754
    ],
    [
      0.010192579589784145,
      0.010192579589784145,
      0.07582447677850723,
      0.8333333134651184,
      0.9863545894622803,
      0.7073280215263367
    ],
    [
      -0.038865260779857635,
      0.038865260779857635,
      0.026766635477542877,
      0.4166666567325592,
      0.7418452501296997,
      0.7210260033607483
    ],
    [
      -0.03189847990870476,
      0.03189847990870476,
      0.033733416348695755,
      0.6666666865348816,
      0.7478278875350952,
      0.7210260033607483
    ],
    [
      -0.03766119107604027,
      0.03766119107604027,
      0.027970705181360245,
      0.4583333432674408,
      0.7460288405418396,
      0.7186424732208252
    ],
    [
      -0.037596020847558975,
      0.037596020847558975,
      0.028035875409841537,
      0.5,
      0.7483274936676025,
      0.7226760983467102
    ],
    [
      -0.04340121150016785,
      0.04340121150016785,
      0.022230684757232666,
      0.375,
      0.7421056032180786,
      0.7226760983467102
    ]
  ],
  "feature_names": [
    "charge",
    "abs_charge",
    "charge_centered",
    "charge_rank_norm",
    "wbo_sum",
    "wbo_max"
  ],
  "status": "ok",
  "error": null
}