{
  "canonical_smiles": "CCOc1ccccc1O[C@@H](c1ccccc1)[C@@H]1CNCCO1",
  "xtb_valid": true,
  "atom_valid_mask": [
    [
      1.0
    ],
    [
      1.0
    ],
    [
      1.0
    ],
    [
      1.0
    ],
    [
      1.0
    ],
    [
      1.0
    ],
    [
      1.0
    ],
    [
      1.0
    ],
    [
      1.0
    ],
    [
      1.0
    ],
    [
      1.0
    ],
    [
      1.0
    ],
    [
      1.0
    ],
    [
      1.0
    ],
    [
      1.0
    ],
    [
      1.0
    ],
    [
      1.0
    ],
    [
      1.0
    ],
    [
      1.0
    ],
    [
      1.0
    ],
    [
      1.0
    ],
    [
      1.0
    ],
    [
      1.0
    ]
  ],
  "atom_features": [
    [
      -0.11507157981395721,
      0.11507157981395721,
      -0.06393998861312866,
      0.1818181872367859,
      0.2542126476764679,
      0.5084252953529358
    ],
    [
      0.09155739098787308,
      0.09155739098787308,
      0.14268898963928223,
      0.8181818127632141,
      0.4891274869441986,
      0.5084252953529358
    ],
    [
      -0.3351607024669647,
      0.3351607024669647,
      -0.28402912616729736,
      0.04545454680919647,
      0.4868065416812897,
      0.5037834048271179
    ],
    [
      0.11719874292612076,
      0.11719874292612076,
      0.1683303415775299,
      0.9545454382896423,
      0.9604160785675049,
      0.7004745006561279
    ],
    [
      -0.058536309748888016,
      0.058536309748888016,
      -0.0074047185480594635,
      0.27272728085517883,
      0.7357301712036133,
      0.7177571654319763
    ],
    [
      -0.0452691987156868,
      0.0452691987156868,
      0.005862392485141754,
      0.3181818127632141,
      0.7182717323303223,
      0.718786358833313
    ],
    [
      -0.042869869619607925,
      0.042869869619607925,
      0.008261721581220627,
      0.3636363744735718,
      0.744527280330658,
      0.7194889783859253
    ],
    [
      -0.06265389919281006,
      0.06265389919281006,
      -0.011522307991981506,
      0.22727273404598236,
      0.7325602173805237,
      0.7194889783859253
    ],
    [
      0.11921463161706924,
      0.11921463161706924,
      0.1703462302684784,
      1.0,
      0.9363120198249817,
      0.6924029588699341
    ],
    [
      -0.31179818511009216,
      0.31179818511009216,
      -0.2606666088104248,
      0.09090909361839294,
      0.4929674565792084,
      0.5144262313842773
    ],
    [
      0.10848452150821686,
      0.10848452150821686,
      0.1596161127090454,
      0.8636363744735718,
      0.7205768823623657,
      0.4920941889286041
    ],
    [
      -0.001981779932975769,
      0.001981779932975769,
      0.04914981126785278,
      0.6818181872367859,
      0.9798154234886169,
      0.7075260877609253
    ],
    [
      -0.042584870010614395,
      0.042584870010614395,
      0.008546721190214157,
      0.40909090638160706,
      0.7417620420455933,
      0.7224271893501282
    ],
    [
      -0.034059539437294006,
      0.034059539437294006,
      0.017072051763534546,
      0.5454545617103577,
      0.748405396938324,
      0.7224271893501282
    ],
    [
      -0.03611025959253311,
      0.03611025959253311,
      0.01502133160829544,
      0.4545454680919647,
      0.7464988231658936,
      0.7196420431137085
    ],
    [
      -0.03486068174242973,
      0.03486068174242973,
      0.01627090945839882,
      0.5,
      0.7481916546821594,
      0.721941351890564
    ],
    [
      -0.026664679870009422,
      0.026664679870009422,
      0.02446691133081913,
      0.5909090638160706,
      0.7421044707298279,
      0.721941351890564
    ],
    [
      0.11107576638460159,
      0.11107576638460159,
      0.16220736503601074,
      0.9090909361839294,
      0.7269473075866699,
      0.49492719769477844
    ],
    [
      0.011817100457847118,
      0.011817100457847118,
      0.06294868886470795,
      0.7272727489471436,
      0.4981093108654022,
      0.5012914538383484
    ],
    [
      -0.2981134057044983,
      0.2981134057044983,
      -0.24698181450366974,
      0.13636364042758942,
      0.5030205249786377,
      0.504749596118927
    ],
    [
      -0.0026936898939311504,
      0.0026936898939311504,
      0.048437900841236115,
      0.6363636255264282,
      0.5010098814964294,
      0.504749596118927
    ],
    [
      0.07571952044963837,
      0.07571952044963837,
      0.12685111165046692,
      0.7727272510528564,
      0.4905645549297333,
      0.4972701668739319
    ],
    [
      -0.3626655340194702,
      0.3626655340194702,
      -0.31153392791748047,
      0.0,
      0.4826377034187317,
      0.48385897278785706
    ]
  ],
  "feature_names": [
    "charge",
    "abs_charge",
    "charge_centered",
    "charge_rank_norm",
    "wbo_sum",
    "wbo_max"
  ],
  "status": "ok",
  "error": null
}