{
  "canonical_smiles": "c1ccc2c(c1)Sc1ccccc1N2CC12CCN(CC1)CC2",
  "xtb_valid": true,
  "atom_valid_mask": [
    [
      1.0
    ],
    [
      1.0
    ],
    [
      1.0
    ],
    [
      1.0
    ],
    [
      1.0
    ],
    [
      1.0
    ],
    [
      1.0
    ],
    [
      1.0
    ],
    [
      1.0
    ],
    [
      1.0
    ],
    [
      1.0
    ],
    [
      1.0
    ],
    [
      1.0
    ],
    [
      1.0
    ],
    [
      1.0
    ],
    [
      1.0
    ],
    [
      1.0
    ],
    [
      1.0
    ],
    [
      1.0
    ],
    [
      1.0
    ],
    [
      1.0
    ],
    [
      1.0
    ],
    [
      1.0
    ]
  ],
  "atom_features": [
    [
      -0.043815210461616516,
      0.043815210461616516,
      -0.00744246318936348,
      0.5,
      0.7156639099121094,
      0.7159392833709717
    ],
    [
      -0.04009488970041275,
      0.04009488970041275,
      -0.0037221424281597137,
      0.5909090638160706,
      0.7177650928497314,
      0.719590961933136
    ],
    [
      -0.05549183115363121,
      0.05549183115363121,
      -0.019119083881378174,
      0.3181818127632141,
      0.7010922431945801,
      0.719590961933136
    ],
    [
      0.06200633943080902,
      0.06200633943080902,
      0.09837909042835236,
      1.0,
      0.9445018172264099,
      0.682593584060669
    ],
    [
      0.0298985093832016,
      0.0298985093832016,
      0.06627126038074493,
      0.8636363744735718,
      0.938123345375061,
      0.702168345451355
    ],
    [
      -0.04488765075802803,
      0.04488765075802803,
      -0.008514903485774994,
      0.3636363744735718,
      0.708778440952301,
      0.7153885364532471
    ],
    [
      -0.1891942173242569,
      0.1891942173242569,
      -0.15282146632671356,
      0.04545454680919647,
      0.5079917311668396,
      0.5079920291900635
    ],
    [
      0.029898589476943016,
      0.029898589476943016,
      0.0662713348865509,
      0.9090909361839294,
      0.9381232857704163,
      0.7021679878234863
    ],
    [
      -0.04487983137369156,
      0.04487983137369156,
      -0.008507084101438522,
      0.40909090638160706,
      0.7087782621383667,
      0.7153885364532471
    ],
    [
      -0.043828900903463364,
      0.043828900903463364,
      -0.007456153631210327,
      0.4545454680919647,
      0.7156640887260437,
      0.7159396409988403
    ],
    [
      -0.0401083305478096,
      0.0401083305478096,
      -0.0037355832755565643,
      0.5454545617103577,
      0.717765212059021,
      0.7195907235145569
    ],
    [
      -0.05549487844109535,
      0.05549487844109535,
      -0.019122131168842316,
      0.27272728085517883,
      0.7010924816131592,
      0.7195907235145569
    ],
    [
      0.06200607120990753,
      0.06200607120990753,
      0.09837882220745087,
      0.9545454382896423,
      0.9445017576217651,
      0.6825942397117615
    ],
    [
      -0.09987418353557587,
      0.09987418353557587,
      -0.06350143253803253,
      0.09090909361839294,
      0.7846717834472656,
      0.5403238534927368
    ],
    [
      -0.012415080331265926,
      0.012415080331265926,
      0.023957666009664536,
      0.6363636255264282,
      0.4872291386127472,
      0.48869770765304565
    ],
    [
      0.019229700788855553,
      0.019229700788855553,
      0.05560244619846344,
      0.8181818127632141,
      0.9818536043167114,
      0.49406224489212036
    ],
    [
      -0.05834963917732239,
      0.05834963917732239,
      -0.02197689190506935,
      0.22727273404598236,
      0.4940953254699707,
      0.49412840604782104
    ],
    [
      0.004168219864368439,
      0.004168219864368439,
      0.040540967136621475,
      0.7727272510528564,
      0.4975404143333435,
      0.500952422618866
    ],
    [
      -0.19557712972164154,
      0.19557712972164154,
      -0.1592043787240982,
      0.0,
      0.7514917850494385,
      0.5010790824890137
    ],
    [
      0.0029672400560230017,
      0.0029672400560230017,
      0.03933998569846153,
      0.6818181872367859,
      0.49817314743995667,
      0.5010790824890137
    ],
    [
      -0.06854560226202011,
      0.06854560226202011,
      -0.032172854989767075,
      0.13636364042758942,
      0.49254468083381653,
      0.49526721239089966
    ],
    [
      0.004167580045759678,
      0.004167580045759678,
      0.04054032638669014,
      0.7272727489471436,
      0.49754035472869873,
      0.5009519457817078
    ],
    [
      -0.058358050882816315,
      0.058358050882816315,
      -0.021985303610563278,
      0.1818181872367859,
      0.49409547448158264,
      0.4941287338733673
    ]
  ],
  "feature_names": [
    "charge",
    "abs_charge",
    "charge_centered",
    "charge_rank_norm",
    "wbo_sum",
    "wbo_max"
  ],
  "status": "ok",
  "error": null
}