{
  "canonical_smiles": "CC(C)(C)NCC(O)COc1nsnc1N1CCOCC1",
  "xtb_valid": true,
  "atom_valid_mask": [
    [
      1.0
    ],
    [
      1.0
    ],
    [
      1.0
    ],
    [
      1.0
    ],
    [
      1.0
    ],
    [
      1.0
    ],
    [
      1.0
    ],
    [
      1.0
    ],
    [
      1.0
    ],
    [
      1.0
    ],
    [
      1.0
    ],
    [
      1.0
    ],
    [
      1.0
    ],
    [
      1.0
    ],
    [
      1.0
    ],
    [
      1.0
    ],
    [
      1.0
    ],
    [
      1.0
    ],
    [
      1.0
    ],
    [
      1.0
    ],
    [
      1.0
    ]
  ],
  "atom_features": [
    [
      -0.12410099804401398,
      0.12410099804401398,
      -0.04402266442775726,
      0.30000001192092896,
      0.24784989655017853,
      0.49569979310035706
    ],
    [
      0.08754339814186096,
      0.08754339814186096,
      0.16762173175811768,
      0.800000011920929,
      0.9897836446762085,
      0.4995051920413971
    ],
    [
      -0.11885297298431396,
      0.11885297298431396,
      -0.03877463936805725,
      0.3499999940395355,
      0.24975259602069855,
      0.4995051920413971
    ],
    [
      -0.11693471670150757,
      0.11693471670150757,
      -0.036856383085250854,
      0.4000000059604645,
      0.24717548489570618,
      0.49435096979141235
    ],
    [
      -0.2845713794231415,
      0.2845713794231415,
      -0.20449304580688477,
      0.25,
      0.49757272005081177,
      0.505134105682373
    ],
    [
      -0.005512610077857971,
      0.005512610077857971,
      0.07456572353839874,
      0.6000000238418579,
      0.49875715374946594,
      0.505134105682373
    ],
    [
      0.10043427348136902,
      0.10043427348136902,
      0.18051260709762573,
      0.8500000238418579,
      0.7391238808631897,
      0.4937969446182251
    ],
    [
      -0.5177624225616455,
      0.5177624225616455,
      -0.4376840889453888,
      0.0,
      0.24603526294231415,
      0.4920705258846283
    ],
    [
      0.07106678187847137,
      0.07106678187847137,
      0.1511451154947281,
      0.75,
      0.4805466830730438,
      0.4937969446182251
    ],
    [
      -0.29208460450172424,
      0.29208460450172424,
      -0.21200627088546753,
      0.20000000298023224,
      0.5023984909057617,
      0.5375005602836609
    ],
    [
      0.19858330488204956,
      0.19858330488204956,
      0.2786616384983063,
      1.0,
      0.9625992774963379,
      0.7504154443740845
    ],
    [
      -0.32757726311683655,
      0.32757726311683655,
      -0.24749892950057983,
      0.10000000149011612,
      0.7232510447502136,
      0.7504154443740845
    ],
    [
      0.1859990656375885,
      0.1859990656375885,
      0.2660773992538452,
      0.949999988079071,
      0.6729153394699097,
      0.638217031955719
    ],
    [
      -0.32474446296691895,
      0.32474446296691895,
      -0.24466612935066223,
      0.15000000596046448,
      0.7376543879508972,
      0.7101904153823853
    ],
    [
      0.11292432993650436,
      0.11292432993650436,
      0.19300267100334167,
      0.8999999761581421,
      0.9432222843170166,
      0.7101904153823853
    ],
    [
      -0.09125886857509613,
      0.09125886857509613,
      -0.011180534958839417,
      0.44999998807907104,
      0.8280618190765381,
      0.6100620031356812
    ],
    [
      -0.006850909907370806,
      0.006850909907370806,
      0.0732274204492569,
      0.550000011920929,
      0.49462375044822693,
      0.5000291466712952
    ],
    [
      0.0673007220029831,
      0.0673007220029831,
      0.1473790556192398,
      0.699999988079071,
      0.4933307468891144,
      0.5000291466712952
    ],
    [
      -0.3521258533000946,
      0.3521258533000946,
      -0.2720475196838379,
      0.05000000074505806,
      0.48669323325157166,
      0.48675405979156494
    ],
    [
      0.06716208904981613,
      0.06716208904981613,
      0.14724043011665344,
      0.6499999761581421,
      0.4937433898448944,
      0.5007327198982239
    ],
    [
      -0.010281750001013279,
      0.010281750001013279,
      0.06979658454656601,
      0.5,
      0.4951189160346985,
      0.5007327198982239
    ]
  ],
  "feature_names": [
    "charge",
    "abs_charge",
    "charge_centered",
    "charge_rank_norm",
    "wbo_sum",
    "wbo_max"
  ],
  "status": "ok",
  "error": null
}