{
  "canonical_smiles": "O=C(O[C@@H]1C[C@@H]2C[C@@H]3C[C@H](C1)N2C[C@H]3O)c1c[nH]c2ccccc12",
  "xtb_valid": true,
  "atom_valid_mask": [
    [
      1.0
    ],
    [
      1.0
    ],
    [
      1.0
    ],
    [
      1.0
    ],
    [
      1.0
    ],
    [
      1.0
    ],
    [
      1.0
    ],
    [
      1.0
    ],
    [
      1.0
    ],
    [
      1.0
    ],
    [
      1.0
    ],
    [
      1.0
    ],
    [
      1.0
    ],
    [
      1.0
    ],
    [
      1.0
    ],
    [
      1.0
    ],
    [
      1.0
    ],
    [
      1.0
    ],
    [
      1.0
    ],
    [
      1.0
    ],
    [
      1.0
    ],
    [
      1.0
    ],
    [
      1.0
    ],
    [
      1.0
    ]
  ],
  "atom_features": [
    [
      -0.5088989734649658,
      0.5088989734649658,
      -0.44902461767196655,
      0.043478261679410934,
      0.4481250047683716,
      0.8208310604095459
    ],
    [
      0.34709370136260986,
      0.34709370136260986,
      0.40696805715560913,
      1.0,
      0.9542198777198792,
      0.8208310604095459
    ],
    [
      -0.2966587245464325,
      0.2966587245464325,
      -0.23678435385227203,
      0.08695652335882187,
      0.5428966283798218,
      0.5489352345466614
    ],
    [
      0.12180954962968826,
      0.12180954962968826,
      0.18168391287326813,
      0.95652174949646,
      0.7261989712715149,
      0.4961884319782257
    ],
    [
      -0.0679006576538086,
      0.0679006576538086,
      -0.00802629068493843,
      0.260869562625885,
      0.4962467849254608,
      0.4977230727672577
    ],
    [
      0.041008830070495605,
      0.041008830070495605,
      0.10088320076465607,
      0.8260869383811951,
      0.7412028908729553,
      0.4977230727672577
    ],
    [
      -0.06782662123441696,
      0.06782662123441696,
      -0.007952254265546799,
      0.30434781312942505,
      0.4942549467086792,
      0.49836862087249756
    ],
    [
      -0.01204633992165327,
      0.01204633992165327,
      0.04782802611589432,
      0.6521739363670349,
      0.7443490624427795,
      0.4986352026462555
    ],
    [
      -0.06670764833688736,
      0.06670764833688736,
      -0.006833281368017197,
      0.3478260934352875,
      0.49479779601097107,
      0.4986352026462555
    ],
    [
      0.04081761837005615,
      0.04081761837005615,
      0.10069198906421661,
      0.782608687877655,
      0.7410615086555481,
      0.497970312833786
    ],
    [
      -0.07637479156255722,
      0.07637479156255722,
      -0.016500424593687057,
      0.21739129722118378,
      0.49707937240600586,
      0.497970312833786
    ],
    [
      -0.1994454562664032,
      0.1994454562664032,
      -0.13957108557224274,
      0.1304347813129425,
      0.7441432476043701,
      0.5005528926849365
    ],
    [
      -0.01471662987023592,
      0.01471662987023592,
      0.04515773802995682,
      0.6086956262588501,
      0.4933266043663025,
      0.5005528926849365
    ],
    [
      0.11004117876291275,
      0.11004117876291275,
      0.16991554200649261,
      0.9130434989929199,
      0.7339783906936646,
      0.49169424176216125
    ],
    [
      -0.5193471312522888,
      0.5193471312522888,
      -0.45947277545928955,
      0.0,
      0.2450811117887497,
      0.4901622235774994
    ],
    [
      -0.062516950070858,
      0.062516950070858,
      -0.0026425831019878387,
      0.3913043439388275,
      0.9322823286056519,
      0.7383188605308533
    ],
    [
      0.01770723983645439,
      0.01770723983645439,
      0.07758160680532455,
      0.739130437374115,
      0.6901118159294128,
      0.7383188605308533
    ],
    [
      -0.09515812993049622,
      0.09515812993049622,
      -0.03528376296162605,
      0.17391304671764374,
      0.6106513738632202,
      0.6419047117233276
    ],
    [
      0.0507328100502491,
      0.0507328100502491,
      0.11060717701911926,
      0.8695651888847351,
      0.9432894587516785,
      0.668134331703186
    ],
    [
      -0.05646242946386337,
      0.05646242946386337,
      0.00341193750500679,
      0.43478259444236755,
      0.7354207038879395,
      0.7398844361305237
    ],
    [
      -0.03795019909739494,
      0.03795019909739494,
      0.02192416787147522,
      0.5652173757553101,
      0.7185976505279541,
      0.7398844361305237
    ],
    [
      -0.041624460369348526,
      0.041624460369348526,
      0.018249906599521637,
      0.47826087474823,
      0.7205427289009094,
      0.7437745928764343
    ],
    [
      -0.038279831409454346,
      0.038279831409454346,
      0.021594535559415817,
      0.52173912525177,
      0.7367721796035767,
      0.7437745928764343
    ],
    [
      -0.004280690103769302,
      0.004280690103769302,
      0.05559367686510086,
      0.695652186870575,
      0.9467829465866089,
      0.6669470071792603
    ]
  ],
  "feature_names": [
    "charge",
    "abs_charge",
    "charge_centered",
    "charge_rank_norm",
    "wbo_sum",
    "wbo_max"
  ],
  "status": "ok",
  "error": null
}