{
  "canonical_smiles": "COCCc1ccc(OCC(O)CNC(C)C)cc1",
  "xtb_valid": true,
  "atom_valid_mask": [
    [
      1.0
    ],
    [
      1.0
    ],
    [
      1.0
    ],
    [
      1.0
    ],
    [
      1.0
    ],
    [
      1.0
    ],
    [
      1.0
    ],
    [
      1.0
    ],
    [
      1.0
    ],
    [
      1.0
    ],
    [
      1.0
    ],
    [
      1.0
    ],
    [
      1.0
    ],
    [
      1.0
    ],
    [
      1.0
    ],
    [
      1.0
    ],
    [
      1.0
    ],
    [
      1.0
    ],
    [
      1.0
    ]
  ],
  "atom_features": [
    [
      0.028881670907139778,
      0.028881670907139778,
      0.10916338115930557,
      0.7222222089767456,
      0.2466772198677063,
      0.4933544397354126
    ],
    [
      -0.3573684096336365,
      0.3573684096336365,
      -0.27708670496940613,
      0.0555555559694767,
      0.49004870653152466,
      0.4933544397354126
    ],
    [
      0.07827433943748474,
      0.07827433943748474,
      0.1585560441017151,
      0.8888888955116272,
      0.48931819200515747,
      0.4918934106826782
    ],
    [
      -0.07405166327953339,
      0.07405166327953339,
      0.006230048835277557,
      0.3333333432674408,
      0.49859559535980225,
      0.5052977800369263
    ],
    [
      0.005148279946297407,
      0.005148279946297407,
      0.08542998880147934,
      0.6666666865348816,
      0.9825189709663391,
      0.7051688432693481
    ],
    [
      -0.04460341855883598,
      0.04460341855883598,
      0.03567829355597496,
      0.5555555820465088,
      0.7414373755455017,
      0.7226670384407043
    ],
    [
      -0.058947838842868805,
      0.058947838842868805,
      0.02133387327194214,
      0.3888888955116272,
      0.7370070815086365,
      0.7226670384407043
    ],
    [
      0.13690359890460968,
      0.13690359890460968,
      0.21718531847000122,
      1.0,
      0.9702795147895813,
      0.696933925151825
    ],
    [
      -0.3429301977157593,
      0.3429301977157593,
      -0.26264849305152893,
      0.1111111119389534,
      0.4852368235588074,
      0.4979972243309021
    ],
    [
      0.07109679281711578,
      0.07109679281711578,
      0.15137851238250732,
      0.8333333134651184,
      0.4815673530101776,
      0.49065834283828735
    ],
    [
      0.09936345368623734,
      0.09936345368623734,
      0.17964516580104828,
      0.9444444179534912,
      0.7371699213981628,
      0.4927945137023926
    ],
    [
      -0.4900943338871002,
      0.4900943338871002,
      -0.4098126292228699,
      0.0,
      0.2463972568511963,
      0.4927945137023926
    ],
    [
      -0.002277629915624857,
      0.002277629915624857,
      0.07800408452749252,
      0.6111111044883728,
      0.4991683065891266,
      0.5074496269226074
    ],
    [
      -0.29295414686203003,
      0.29295414686203003,
      -0.21267244219779968,
      0.1666666716337204,
      0.5023956298828125,
      0.5074496269226074
    ],
    [
      0.055840350687503815,
      0.055840350687503815,
      0.13612206280231476,
      0.7777777910232544,
      0.7514885067939758,
      0.5032830238342285
    ],
    [
      -0.11689849197864532,
      0.11689849197864532,
      -0.03661677986383438,
      0.2777777910232544,
      0.2511761784553528,
      0.5023523569107056
    ],
    [
      -0.11876367032527924,
      0.11876367032527924,
      -0.03848195821046829,
      0.2222222238779068,
      0.25164151191711426,
      0.5032830238342285
    ],
    [
      -0.05720778927206993,
      0.05720778927206993,
      0.023073922842741013,
      0.4444444477558136,
      0.7371585369110107,
      0.7237582802772522
    ],
    [
      -0.044763289391994476,
      0.044763289391994476,
      0.03551842272281647,
      0.5,
      0.7413173317909241,
      0.7237582802772522
    ]
  ],
  "feature_names": [
    "charge",
    "abs_charge",
    "charge_centered",
    "charge_rank_norm",
    "wbo_sum",
    "wbo_max"
  ],
  "status": "ok",
  "error": null
}