{
  "canonical_smiles": "Cc1ncc2n1-c1ccc(Cl)cc1C(c1ccccc1F)=NC2",
  "xtb_valid": true,
  "atom_valid_mask": [
    [
      1.0
    ],
    [
      1.0
    ],
    [
      1.0
    ],
    [
      1.0
    ],
    [
      1.0
    ],
    [
      1.0
    ],
    [
      1.0
    ],
    [
      1.0
    ],
    [
      1.0
    ],
    [
      1.0
    ],
    [
      1.0
    ],
    [
      1.0
    ],
    [
      1.0
    ],
    [
      1.0
    ],
    [
      1.0
    ],
    [
      1.0
    ],
    [
      1.0
    ],
    [
      1.0
    ],
    [
      1.0
    ],
    [
      1.0
    ],
    [
      1.0
    ],
    [
      1.0
    ],
    [
      1.0
    ]
  ],
  "atom_features": [
    [
      -0.1320570409297943,
      0.1320570409297943,
      -0.09461885690689087,
      0.1818181872367859,
      0.2584526836872101,
      0.5169053673744202
    ],
    [
      0.1223471611738205,
      0.1223471611738205,
      0.15978534519672394,
      0.9545454382896423,
      0.9592694640159607,
      0.765541136264801
    ],
    [
      -0.3134101331233978,
      0.3134101331233978,
      -0.2759719491004944,
      0.0,
      0.7019139528274536,
      0.765541136264801
    ],
    [
      0.00034517000312916934,
      0.00034517000312916934,
      0.03778335079550743,
      0.6818181872367859,
      0.7090327143669128,
      0.7797786593437195
    ],
    [
      0.015466829761862755,
      0.015466829761862755,
      0.05290500819683075,
      0.7272727489471436,
      0.9541776776313782,
      0.7797786593437195
    ],
    [
      -0.03667807951569557,
      0.03667807951569557,
      0.000760100781917572,
      0.40909090638160706,
      0.842021644115448,
      0.5848485231399536
    ],
    [
      0.06791441142559052,
      0.06791441142559052,
      0.10535259544849396,
      0.8181818127632141,
      0.9397091269493103,
      0.6878068447113037
    ],
    [
      -0.04251912981271744,
      0.04251912981271744,
      -0.005080949515104294,
      0.27272728085517883,
      0.7327197194099426,
      0.724486231803894
    ],
    [
      -0.04032833129167557,
      0.04032833129167557,
      -0.0028901509940624237,
      0.3181818127632141,
      0.7096399664878845,
      0.724486231803894
    ],
    [
      0.10237155109643936,
      0.10237155109643936,
      0.1398097276687622,
      0.8636363744735718,
      0.942504346370697,
      0.7062836289405823
    ],
    [
      -0.19261954724788666,
      0.19261954724788666,
      -0.15518136322498322,
      0.13636364042758942,
      0.2419656664133072,
      0.4839313328266144
    ],
    [
      -0.03996261954307556,
      0.03996261954307556,
      -0.0025244392454624176,
      0.3636363744735718,
      0.7265529632568359,
      0.7062836289405823
    ],
    [
      -0.006429450120776892,
      0.006429450120776892,
      0.031008729711174965,
      0.6363636255264282,
      0.9345064759254456,
      0.6936759352684021
    ],
    [
      0.11471947282552719,
      0.11471947282552719,
      0.15215764939785004,
      0.9090909361839294,
      0.9591839909553528,
      0.9070732593536377
    ],
    [
      -0.007143860217183828,
      0.007143860217183828,
      0.030294319614768028,
      0.5909090638160706,
      0.9666208624839783,
      0.6968076825141907
    ],
    [
      -0.030945230275392532,
      0.030945230275392532,
      0.006492950022220612,
      0.5454545617103577,
      0.7374733686447144,
      0.7227323651313782
    ],
    [
      -0.03610995039343834,
      0.03610995039343834,
      0.0013282299041748047,
      0.4545454680919647,
      0.7200458645820618,
      0.7227323651313782
    ],
    [
      -0.031080059707164764,
      0.031080059707164764,
      0.0063581205904483795,
      0.5,
      0.7447587251663208,
      0.719293475151062
    ],
    [
      -0.052855100482702255,
      0.052855100482702255,
      -0.015416920185089111,
      0.22727273404598236,
      0.7371434569358826,
      0.719293475151062
    ],
    [
      0.17427392303943634,
      0.17427392303943634,
      0.21171210706233978,
      1.0,
      0.9250966906547546,
      0.699586808681488
    ],
    [
      -0.25118499994277954,
      0.25118499994277954,
      -0.2137468159198761,
      0.09090909361839294,
      0.2356184422969818,
      0.4712368845939636
    ],
    [
      -0.26459529995918274,
      0.26459529995918274,
      -0.2271571159362793,
      0.04545454680919647,
      0.703963577747345,
      0.9070732593536377
    ],
    [
      0.019402140751481056,
      0.019402140751481056,
      0.05684032291173935,
      0.7727272510528564,
      0.5011805891990662,
      0.5015072822570801
    ]
  ],
  "feature_names": [
    "charge",
    "abs_charge",
    "charge_centered",
    "charge_rank_norm",
    "wbo_sum",
    "wbo_max"
  ],
  "status": "ok",
  "error": null
}