{
  "canonical_smiles": "CCC[C@@H]1C[C@@H](C(=O)N[C@@H]([C@H]2O[C@H](SC)[C@H](O)[C@@H](O)[C@H]2O)[C@H](C)Cl)N(C)C1",
  "xtb_valid": true,
  "atom_valid_mask": [
    [
      1.0
    ],
    [
      1.0
    ],
    [
      1.0
    ],
    [
      1.0
    ],
    [
      1.0
    ],
    [
      1.0
    ],
    [
      1.0
    ],
    [
      1.0
    ],
    [
      1.0
    ],
    [
      1.0
    ],
    [
      1.0
    ],
    [
      1.0
    ],
    [
      1.0
    ],
    [
      1.0
    ],
    [
      1.0
    ],
    [
      1.0
    ],
    [
      1.0
    ],
    [
      1.0
    ],
    [
      1.0
    ],
    [
      1.0
    ],
    [
      1.0
    ],
    [
      1.0
    ],
    [
      1.0
    ],
    [
      1.0
    ],
    [
      1.0
    ],
    [
      1.0
    ],
    [
      1.0
    ]
  ],
  "atom_features": [
    [
      -0.10856007039546967,
      0.10856007039546967,
      -0.004662066698074341,
      0.38461539149284363,
      0.25545182824134827,
      0.5109036564826965
    ],
    [
      -0.05694634094834328,
      0.05694634094834328,
      0.04695166274905205,
      0.5384615659713745,
      0.5070146322250366,
      0.5109036564826965
    ],
    [
      -0.0674164667725563,
      0.0674164667725563,
      0.03648153692483902,
      0.5,
      0.5004504919052124,
      0.5031256675720215
    ],
    [
      -0.018262699246406555,
      0.018262699246406555,
      0.08563530445098877,
      0.6153846383094788,
      0.7456397414207458,
      0.49787071347236633
    ],
    [
      -0.07266276329755783,
      0.07266276329755783,
      0.031235240399837494,
      0.42307692766189575,
      0.495737224817276,
      0.49787071347236633
    ],
    [
      0.011764969676733017,
      0.011764969676733017,
      0.11566297709941864,
      0.692307710647583,
      0.7257815599441528,
      0.4936037063598633
    ],
    [
      0.27686721086502075,
      0.27686721086502075,
      0.3807651996612549,
      1.0,
      0.9635282754898071,
      0.8366920351982117
    ],
    [
      -0.48982417583465576,
      0.48982417583465576,
      -0.38592618703842163,
      0.11538461595773697,
      0.46351075172424316,
      0.8366920351982117
    ],
    [
      -0.18613885343074799,
      0.18613885343074799,
      -0.08224084973335266,
      0.3076923191547394,
      0.6035394668579102,
      0.6216959953308105
    ],
    [
      0.040752410888671875,
      0.040752410888671875,
      0.1446504145860672,
      0.7307692170143127,
      0.7337246537208557,
      0.4950534403324127
    ],
    [
      0.10849957913160324,
      0.10849957913160324,
      0.21239757537841797,
      0.9230769276618958,
      0.7253934144973755,
      0.48492228984832764
    ],
    [
      -0.34299036860466003,
      0.34299036860466003,
      -0.2390923649072647,
      0.1538461595773697,
      0.48684415221214294,
      0.4921956956386566
    ],
    [
      0.14608575403690338,
      0.14608575403690338,
      0.2499837577342987,
      0.9615384340286255,
      0.7255460619926453,
      0.4921956956386566
    ],
    [
      -0.23031248152256012,
      0.23031248152256012,
      -0.1264144778251648,
      0.23076923191547394,
      0.4895133972167969,
      0.5046504735946655
    ],
    [
      -0.07040651142597198,
      0.07040651142597198,
      0.03349149227142334,
      0.4615384638309479,
      0.25232523679733276,
      0.5046504735946655
    ],
    [
      0.09920136630535126,
      0.09920136630535126,
      0.20309937000274658,
      0.8846153616905212,
      0.7309587597846985,
      0.49357402324676514
    ],
    [
      -0.5101010203361511,
      0.5101010203361511,
      -0.406203031539917,
      0.03846153989434242,
      0.24678701162338257,
      0.49357402324676514
    ],
    [
      0.09788942337036133,
      0.09788942337036133,
      0.20178742706775665,
      0.8461538553237915,
      0.7317397594451904,
      0.49628007411956787
    ],
    [
      -0.5129218697547913,
      0.5129218697547913,
      -0.40902388095855713,
      0.0,
      0.24814003705978394,
      0.49628007411956787
    ],
    [
      0.09648703038692474,
      0.09648703038692474,
      0.20038503408432007,
      0.807692289352417,
      0.7305800318717957,
      0.4934120774269104
    ],
    [
      -0.5042256712913513,
      0.5042256712913513,
      -0.4003276824951172,
      0.07692307978868484,
      0.2467060387134552,
      0.4934120774269104
    ],
    [
      0.06803210079669952,
      0.06803210079669952,
      0.17193010449409485,
      0.7692307829856873,
      0.7269100546836853,
      0.510036051273346
    ],
    [
      -0.11625201255083084,
      0.11625201255083084,
      -0.012354008853435516,
      0.3461538553237915,
      0.255018025636673,
      0.510036051273346
    ],
    [
      -0.23651927709579468,
      0.23651927709579468,
      -0.13262127339839935,
      0.19230769574642181,
      0.2281552255153656,
      0.4563104510307312
    ],
    [
      -0.19004003703594208,
      0.19004003703594208,
      -0.08614203333854675,
      0.26923078298568726,
      0.7463378310203552,
      0.507645845413208
    ],
    [
      -0.032672349363565445,
      0.032672349363565445,
      0.07122565805912018,
      0.5769230723381042,
      0.253822922706604,
      0.507645845413208
    ],
    [
      -0.00457300990819931,
      0.00457300990819931,
      0.09932499378919601,
      0.6538461446762085,
      0.49568620324134827,
      0.4957389533519745
    ]
  ],
  "feature_names": [
    "charge",
    "abs_charge",
    "charge_centered",
    "charge_rank_norm",
    "wbo_sum",
    "wbo_max"
  ],
  "status": "ok",
  "error": null
}