{
  "canonical_smiles": "Cc1noc(NS(=O)(=O)c2ccc(N)cc2)c1C",
  "xtb_valid": true,
  "atom_valid_mask": [
    [
      1.0
    ],
    [
      1.0
    ],
    [
      1.0
    ],
    [
      1.0
    ],
    [
      1.0
    ],
    [
      1.0
    ],
    [
      1.0
    ],
    [
      1.0
    ],
    [
      1.0
    ],
    [
      1.0
    ],
    [
      1.0
    ],
    [
      1.0
    ],
    [
      1.0
    ],
    [
      1.0
    ],
    [
      1.0
    ],
    [
      1.0
    ],
    [
      1.0
    ],
    [
      1.0
    ]
  ],
  "atom_features": [
    [
      -0.13594968616962433,
      0.13594968616962433,
      -0.057044751942157745,
      0.3529411852359772,
      0.2600218951702118,
      0.5200437903404236
    ],
    [
      0.08448351919651031,
      0.08448351919651031,
      0.1633884608745575,
      0.8235294222831726,
      0.9582682251930237,
      0.7713426351547241
    ],
    [
      -0.18786297738552094,
      0.18786297738552094,
      -0.10895804315805435,
      0.29411765933036804,
      0.6885402202606201,
      0.7713426351547241
    ],
    [
      -0.1916336566209793,
      0.1916336566209793,
      -0.11272872239351273,
      0.23529411852359772,
      0.5419965982437134,
      0.5593865513801575
    ],
    [
      0.17161989212036133,
      0.17161989212036133,
      0.2505248188972473,
      0.9411764740943909,
      0.9529897570610046,
      0.7535560131072998
    ],
    [
      -0.39539769291877747,
      0.39539769291877747,
      -0.3164927661418915,
      0.11764705926179886,
      0.4717942476272583,
      0.51190584897995
    ],
    [
      1.1821587085723877,
      1.1821587085723877,
      1.2610636949539185,
      1.0,
      1.1859861612319946,
      0.7909169793128967
    ],
    [
      -0.6616488695144653,
      0.6616488695144653,
      -0.5827439427375793,
      0.0,
      0.4133346676826477,
      0.7757524251937866
    ],
    [
      -0.6322351098060608,
      0.6322351098060608,
      -0.5533301830291748,
      0.05882352963089943,
      0.42091694474220276,
      0.7909169793128967
    ],
    [
      -0.10771369189023972,
      0.10771369189023972,
      -0.028808757662773132,
      0.47058823704719543,
      0.8807145357131958,
      0.6951820850372314
    ],
    [
      -0.03336583822965622,
      0.03336583822965622,
      0.045539095997810364,
      0.7058823704719543,
      0.7149530649185181,
      0.7347240447998047
    ],
    [
      -0.05861252173781395,
      0.05861252173781395,
      0.020292412489652634,
      0.529411792755127,
      0.7007541060447693,
      0.7347240447998047
    ],
    [
      0.09434951096773148,
      0.09434951096773148,
      0.17325444519519806,
      0.8823529481887817,
      0.96527498960495,
      0.6667841672897339
    ],
    [
      -0.3033340275287628,
      0.3033340275287628,
      -0.22442910075187683,
      0.1764705926179886,
      0.2991611361503601,
      0.5983222723007202
    ],
    [
      -0.05762401968240738,
      0.05762401968240738,
      0.021280914545059204,
      0.5882353186607361,
      0.7014049887657166,
      0.7373663783073425
    ],
    [
      -0.03080745041370392,
      0.03080745041370392,
      0.048097483813762665,
      0.7647058963775635,
      0.7149966359138489,
      0.7373663783073425
    ],
    [
      -0.035351239144802094,
      0.035351239144802094,
      0.04355369508266449,
      0.6470588445663452,
      0.9485434889793396,
      0.7535560131072998
    ],
    [
      -0.12136363983154297,
      0.12136363983154297,
      -0.042458705604076385,
      0.4117647111415863,
      0.2591904103755951,
      0.5183808207511902
    ]
  ],
  "feature_names": [
    "charge",
    "abs_charge",
    "charge_centered",
    "charge_rank_norm",
    "wbo_sum",
    "wbo_max"
  ],
  "status": "ok",
  "error": null
}