{
  "canonical_smiles": "C[C@@H]1O[C@@]2(CS1)CN1CCC2CC1",
  "xtb_valid": true,
  "atom_valid_mask": [
    [
      1.0
    ],
    [
      1.0
    ],
    [
      1.0
    ],
    [
      1.0
    ],
    [
      1.0
    ],
    [
      1.0
    ],
    [
      1.0
    ],
    [
      1.0
    ],
    [
      1.0
    ],
    [
      1.0
    ],
    [
      1.0
    ],
    [
      1.0
    ],
    [
      1.0
    ]
  ],
  "atom_features": [
    [
      -0.12051878124475479,
      0.12051878124475479,
      -0.06065578758716583,
      0.25,
      0.2530316114425659,
      0.5060632228851318
    ],
    [
      0.17143310606479645,
      0.17143310606479645,
      0.2312960922718048,
      1.0,
      0.7348250150680542,
      0.5060632228851318
    ],
    [
      -0.3636891543865204,
      0.3636891543865204,
      -0.30382615327835083,
      0.0,
      0.48027387261390686,
      0.49041861295700073
    ],
    [
      0.13948722183704376,
      0.13948722183704376,
      0.19935020804405212,
      0.9166666865348816,
      0.9609241485595703,
      0.49060747027397156
    ],
    [
      -0.010869380086660385,
      0.010869380086660385,
      0.048993613570928574,
      0.5833333134651184,
      0.49396517872810364,
      0.4973228871822357
    ],
    [
      -0.24640849232673645,
      0.24640849232673645,
      -0.1865454912185669,
      0.0833333358168602,
      0.48524555563926697,
      0.4973228871822357
    ],
    [
      -0.007839580066502094,
      0.007839580066502094,
      0.05202341452240944,
      0.6666666865348816,
      0.49076053500175476,
      0.5026224255561829
    ],
    [
      -0.19199268519878387,
      0.19199268519878387,
      -0.1321296989917755,
      0.1666666716337204,
      0.7511308789253235,
      0.5026224255561829
    ],
    [
      -0.004226149991154671,
      0.004226149991154671,
      0.05563684552907944,
      0.75,
      0.4979981482028961,
      0.4999747574329376
    ],
    [
      -0.06895148009061813,
      0.06895148009061813,
      -0.009088486433029175,
      0.3333333432674408,
      0.4973088502883911,
      0.4985961318016052
    ],
    [
      -0.014690379612147808,
      0.014690379612147808,
      0.045172613114118576,
      0.5,
      0.7391820549964905,
      0.4985961318016052
    ],
    [
      -0.05992665886878967,
      0.05992665886878967,
      -6.366521120071411e-05,
      0.4166666567325592,
      0.49709269404411316,
      0.49755483865737915
    ],
    [
      -2.6510000679991208e-05,
      2.6510000679991208e-05,
      0.059836484491825104,
      0.8333333134651184,
      0.498147577047348,
      0.4996646046638489
    ]
  ],
  "feature_names": [
    "charge",
    "abs_charge",
    "charge_centered",
    "charge_rank_norm",
    "wbo_sum",
    "wbo_max"
  ],
  "status": "ok",
  "error": null
}