{
  "canonical_smiles": "CN(CCCC(=O)c1cccnc1)N=O",
  "xtb_valid": true,
  "atom_valid_mask": [
    [
      1.0
    ],
    [
      1.0
    ],
    [
      1.0
    ],
    [
      1.0
    ],
    [
      1.0
    ],
    [
      1.0
    ],
    [
      1.0
    ],
    [
      1.0
    ],
    [
      1.0
    ],
    [
      1.0
    ],
    [
      1.0
    ],
    [
      1.0
    ],
    [
      1.0
    ],
    [
      1.0
    ],
    [
      1.0
    ]
  ],
  "atom_features": [
    [
      -0.0892631933093071,
      0.0892631933093071,
      -0.02649202197790146,
      0.2142857164144516,
      0.24745208024978638,
      0.49490416049957275
    ],
    [
      0.010965099558234215,
      0.010965099558234215,
      0.073736272752285,
      0.7142857313156128,
      0.8716002702713013,
      0.6572562456130981
    ],
    [
      -0.001033599954098463,
      0.001033599954098463,
      0.06173757091164589,
      0.6428571343421936,
      0.4858134090900421,
      0.5017072558403015
    ],
    [
      -0.057953838258981705,
      0.057953838258981705,
      0.004817333072423935,
      0.3571428656578064,
      0.4960373640060425,
      0.5017072558403015
    ],
    [
      -0.08648622035980225,
      0.08648622035980225,
      -0.023715049028396606,
      0.2857142984867096,
      0.4933709502220154,
      0.4963744878768921
    ],
    [
      0.23581773042678833,
      0.23581773042678833,
      0.29858890175819397,
      1.0,
      0.9512352347373962,
      0.8903155326843262
    ],
    [
      -0.4301682412624359,
      0.4301682412624359,
      -0.3673970699310303,
      0.0,
      0.4451577663421631,
      0.8903155326843262
    ],
    [
      -0.015759069472551346,
      0.015759069472551346,
      0.047012101858854294,
      0.5,
      0.9475341439247131,
      0.690493106842041
    ],
    [
      -0.01000532042235136,
      0.01000532042235136,
      0.052765849977731705,
      0.5714285969734192,
      0.7334743142127991,
      0.7253990173339844
    ],
    [
      -0.03900254890322685,
      0.03900254890322685,
      0.023768622428178787,
      0.4285714328289032,
      0.7464557886123657,
      0.7253990173339844
    ],
    [
      0.06091596186161041,
      0.06091596186161041,
      0.12368713319301605,
      0.7857142686843872,
      0.7129397988319397,
      0.7133601903915405
    ],
    [
      -0.2420739382505417,
      0.2420739382505417,
      -0.17930276691913605,
      0.1428571492433548,
      0.7421804666519165,
      0.7190868258476257
    ],
    [
      0.06625542044639587,
      0.06625542044639587,
      0.1290265917778015,
      0.8571428656578064,
      0.7318661212921143,
      0.7190868258476257
    ],
    [
      0.07045750319957733,
      0.07045750319957733,
      0.13322867453098297,
      0.9285714030265808,
      0.7325708270072937,
      0.807885468006134
    ],
    [
      -0.4142332375049591,
      0.4142332375049591,
      -0.35146206617355347,
      0.0714285746216774,
      0.4645030200481415,
      0.807885468006134
    ]
  ],
  "feature_names": [
    "charge",
    "abs_charge",
    "charge_centered",
    "charge_rank_norm",
    "wbo_sum",
    "wbo_max"
  ],
  "status": "ok",
  "error": null
}