{
  "canonical_smiles": "CN1CCC(COc2cnc(-c3cccc(Cn4nc(-c5cccc(C#N)c5)ccc4=O)c3)nc2)CC1",
  "xtb_valid": true,
  "atom_valid_mask": [
    [
      1.0
    ],
    [
      1.0
    ],
    [
      1.0
    ],
    [
      1.0
    ],
    [
      1.0
    ],
    [
      1.0
    ],
    [
      1.0
    ],
    [
      1.0
    ],
    [
      1.0
    ],
    [
      1.0
    ],
    [
      1.0
    ],
    [
      1.0
    ],
    [
      1.0
    ],
    [
      1.0
    ],
    [
      1.0
    ],
    [
      1.0
    ],
    [
      1.0
    ],
    [
      1.0
    ],
    [
      1.0
    ],
    [
      1.0
    ],
    [
      1.0
    ],
    [
      1.0
    ],
    [
      1.0
    ],
    [
      1.0
    ],
    [
      1.0
    ],
    [
      1.0
    ],
    [
      1.0
    ],
    [
      1.0
    ],
    [
      1.0
    ],
    [
      1.0
    ],
    [
      1.0
    ],
    [
      1.0
    ],
    [
      1.0
    ],
    [
      1.0
    ],
    [
      1.0
    ],
    [
      1.0
    ],
    [
      1.0
    ]
  ],
  "atom_features": [
    [
      -0.03861454874277115,
      0.03861454874277115,
      0.001845095306634903,
      0.2777777910232544,
      0.25356385111808777,
      0.5071277022361755
    ],
    [
      -0.19484831392765045,
      0.19484831392765045,
      -0.1543886661529541,
      0.1388888955116272,
      0.7524245977401733,
      0.5071277022361755
    ],
    [
      0.0014794899616390467,
      0.0014794899616390467,
      0.041939135640859604,
      0.6388888955116272,
      0.5001234412193298,
      0.5011247396469116
    ],
    [
      -0.0639616921544075,
      0.0639616921544075,
      -0.02350204810500145,
      0.2222222238779068,
      0.4988958239555359,
      0.5011247396469116
    ],
    [
      -0.021182039752602577,
      0.021182039752602577,
      0.019277604296803474,
      0.5,
      0.7442029118537903,
      0.49666690826416016
    ],
    [
      0.07397733628749847,
      0.07397733628749847,
      0.11443698406219482,
      0.8611111044883728,
      0.48425692319869995,
      0.49549031257629395
    ],
    [
      -0.2896852493286133,
      0.2896852493286133,
      -0.24922560155391693,
      0.02777777798473835,
      0.505607008934021,
      0.5381904244422913
    ],
    [
      0.13181182742118835,
      0.13181182742118835,
      0.1722714751958847,
      0.9444444179534912,
      0.9434813261032104,
      0.6780423521995544
    ],
    [
      0.03882959112524986,
      0.03882959112524986,
      0.07928923517465591,
      0.8055555820465088,
      0.6965615153312683,
      0.7150806784629822
    ],
    [
      -0.2742583155632019,
      0.2742583155632019,
      -0.23379866778850555,
      0.0833333358168602,
      0.7264081835746765,
      0.7150806784629822
    ],
    [
      0.1665726602077484,
      0.1665726602077484,
      0.20703230798244476,
      0.9722222089767456,
      0.946758508682251,
      0.6853573322296143
    ],
    [
      0.00055547000374645,
      0.00055547000374645,
      0.04101511463522911,
      0.6111111044883728,
      0.9538841247558594,
      0.690281093120575
    ],
    [
      -0.03100533038377762,
      0.03100533038377762,
      0.009454313665628433,
      0.4166666567325592,
      0.732784628868103,
      0.7251926064491272
    ],
    [
      -0.03423827141523361,
      0.03423827141523361,
      0.00622137263417244,
      0.3333333432674408,
      0.7480301260948181,
      0.7251926064491272
    ],
    [
      -0.03354831039905548,
      0.03354831039905548,
      0.006911333650350571,
      0.3611111044883728,
      0.7105355262756348,
      0.7179164290428162
    ],
    [
      0.012104930356144905,
      0.012104930356144905,
      0.052564576268196106,
      0.6944444179534912,
      0.9815477132797241,
      0.7130892276763916
    ],
    [
      -0.018517080694437027,
      0.018517080694437027,
      0.021942563354969025,
      0.5833333134651184,
      0.4885944426059723,
      0.4949285686016083
    ],
    [
      0.02733824960887432,
      0.02733824960887432,
      0.06779789179563522,
      0.7777777910232544,
      0.8604340553283691,
      0.5834975242614746
    ],
    [
      -0.16399544477462769,
      0.16399544477462769,
      -0.12353579699993134,
      0.1666666716337204,
      0.6909478306770325,
      0.8097741603851318
    ],
    [
      0.08609528094530106,
      0.08609528094530106,
      0.1265549212694168,
      0.8888888955116272,
      0.9466912150382996,
      0.8097741603851318
    ],
    [
      0.016618650406599045,
      0.016618650406599045,
      0.057078294456005096,
      0.7222222089767456,
      0.9542285203933716,
      0.7015523910522461
    ],
    [
      -0.0206495001912117,
      0.0206495001912117,
      0.01981014385819435,
      0.5277777910232544,
      0.7053115367889404,
      0.7208147048950195
    ],
    [
      -0.02648760937154293,
      0.02648760937154293,
      0.013972034677863121,
      0.4444444477558136,
      0.7476323843002319,
      0.7225703597068787
    ],
    [
      -0.018602939322590828,
      0.018602939322590828,
      0.021856704726815224,
      0.5555555820465088,
      0.7009064555168152,
      0.7225703597068787
    ],
    [
      0.02457180991768837,
      0.02457180991768837,
      0.06503145396709442,
      0.75,
      0.9537180662155151,
      0.684078574180603
    ],
    [
      0.12140873074531555,
      0.12140873074531555,
      0.1618683785200119,
      0.9166666865348816,
      0.9705049991607666,
      1.3968950510025024
    ],
    [
      -0.28084683418273926,
      0.28084683418273926,
      -0.2403871864080429,
      0.0555555559694767,
      0.6984475255012512,
      1.3968950510025024
    ],
    [
      -0.021785510703921318,
      0.021785510703921318,
      0.018674133345484734,
      0.4722222089767456,
      0.718755304813385,
      0.7015523910522461
    ],
    [
      -0.036389611661434174,
      0.036389611661434174,
      0.004070032387971878,
      0.3055555522441864,
      0.7175210118293762,
      0.8685299158096313
    ],
    [
      -0.05348847061395645,
      0.05348847061395645,
      -0.0130288265645504,
      0.25,
      0.7046446800231934,
      0.8685299158096313
    ],
    [
      0.2581317126750946,
      0.2581317126750946,
      0.29859134554862976,
      1.0,
      0.9607941508293152,
      0.7973313927650452
    ],
    [
      -0.5207217931747437,
      0.5207217931747437,
      -0.4802621603012085,
      0.0,
      0.4401600956916809,
      0.7973313927650452
    ],
    [
      -0.032838091254234314,
      0.032838091254234314,
      0.007621552795171738,
      0.3888888955116272,
      0.7281607389450073,
      0.7130892276763916
    ],
    [
      -0.26681023836135864,
      0.26681023836135864,
      -0.2263505905866623,
      0.1111111119389534,
      0.702336311340332,
      0.7255465388298035
    ],
    [
      0.0469498410820961,
      0.0469498410820961,
      0.08740948140621185,
      0.8333333134651184,
      0.7243273258209229,
      0.7255465388298035
    ],
    [
      -0.06904946267604828,
      0.06904946267604828,
      -0.028589818626642227,
      0.1944444477558136,
      0.5002807974815369,
      0.5043128728866577
    ],
    [
      0.008072109892964363,
      0.008072109892964363,
      0.048531755805015564,
      0.6666666865348816,
      0.5014562010765076,
      0.5043128728866577
    ]
  ],
  "feature_names": [
    "charge",
    "abs_charge",
    "charge_centered",
    "charge_rank_norm",
    "wbo_sum",
    "wbo_max"
  ],
  "status": "ok",
  "error": null
}