{
  "canonical_smiles": "CN(C)c1cn(C)n(-c2ccccc2)c1=O",
  "xtb_valid": true,
  "atom_valid_mask": [
    [
      1.0
    ],
    [
      1.0
    ],
    [
      1.0
    ],
    [
      1.0
    ],
    [
      1.0
    ],
    [
      1.0
    ],
    [
      1.0
    ],
    [
      1.0
    ],
    [
      1.0
    ],
    [
      1.0
    ],
    [
      1.0
    ],
    [
      1.0
    ],
    [
      1.0
    ],
    [
      1.0
    ],
    [
      1.0
    ],
    [
      1.0
    ]
  ],
  "atom_features": [
    [
      -0.0582759790122509,
      0.0582759790122509,
      -0.0065637193620204926,
      0.20000000298023224,
      0.25011691451072693,
      0.5002338290214539
    ],
    [
      -0.10396703332662582,
      0.10396703332662582,
      -0.052254773676395416,
      0.06666667014360428,
      0.8221887350082397,
      0.5739126205444336
    ],
    [
      -0.0459212101995945,
      0.0459212101995945,
      0.00579104945063591,
      0.46666666865348816,
      0.25054511427879333,
      0.5010902285575867
    ],
    [
      -0.0007029600092209876,
      0.0007029600092209876,
      0.05100930109620094,
      0.8666666746139526,
      0.9387291669845581,
      0.7882173657417297
    ],
    [
      -0.03814122825860977,
      0.03814122825860977,
      0.013571031391620636,
      0.6666666865348816,
      0.7057417035102844,
      0.7882173657417297
    ],
    [
      -0.04944375902414322,
      0.04944375902414322,
      0.0022685006260871887,
      0.3333333432674408,
      0.7681116461753845,
      0.5541252493858337
    ],
    [
      -0.06254588812589645,
      0.06254588812589645,
      -0.010833628475666046,
      0.13333334028720856,
      0.24234050512313843,
      0.48468101024627686
    ],
    [
      -0.047577839344739914,
      0.047577839344739914,
      0.004134420305490494,
      0.4000000059604645,
      0.8333139419555664,
      0.5723731517791748
    ],
    [
      0.06672690808773041,
      0.06672690808773041,
      0.11843916773796082,
      0.9333333373069763,
      0.947634756565094,
      0.6881316900253296
    ],
    [
      -0.04541349038481712,
      0.04541349038481712,
      0.006298769265413284,
      0.5333333611488342,
      0.7326720952987671,
      0.7224255204200745
    ],
    [
      -0.03404153883457184,
      0.03404153883457184,
      0.01767072081565857,
      0.800000011920929,
      0.7475345134735107,
      0.7224255204200745
    ],
    [
      -0.03986547142267227,
      0.03986547142267227,
      0.011846788227558136,
      0.6000000238418579,
      0.7178231477737427,
      0.718085527420044
    ],
    [
      -0.03556856885552406,
      0.03556856885552406,
      0.016143690794706345,
      0.7333333492279053,
      0.7477492094039917,
      0.7231507301330566
    ],
    [
      -0.05148603022098541,
      0.05148603022098541,
      0.00022622942924499512,
      0.2666666805744171,
      0.7318847179412842,
      0.7231507301330566
    ],
    [
      0.2433103621006012,
      0.2433103621006012,
      0.2950226068496704,
      1.0,
      0.941401481628418,
      0.795101523399353
    ],
    [
      -0.5244824290275574,
      0.5244824290275574,
      -0.47277015447616577,
      0.0,
      0.4354311227798462,
      0.795101523399353
    ]
  ],
  "feature_names": [
    "charge",
    "abs_charge",
    "charge_centered",
    "charge_rank_norm",
    "wbo_sum",
    "wbo_max"
  ],
  "status": "ok",
  "error": null
}