{
  "canonical_smiles": "NC1=NCC2c3ccccc3Cc3ccccc3N12",
  "xtb_valid": true,
  "atom_valid_mask": [
    [
      1.0
    ],
    [
      1.0
    ],
    [
      1.0
    ],
    [
      1.0
    ],
    [
      1.0
    ],
    [
      1.0
    ],
    [
      1.0
    ],
    [
      1.0
    ],
    [
      1.0
    ],
    [
      1.0
    ],
    [
      1.0
    ],
    [
      1.0
    ],
    [
      1.0
    ],
    [
      1.0
    ],
    [
      1.0
    ],
    [
      1.0
    ],
    [
      1.0
    ],
    [
      1.0
    ],
    [
      1.0
    ]
  ],
  "atom_features": [
    [
      -0.33262312412261963,
      0.33262312412261963,
      -0.2830253541469574,
      0.0555555559694767,
      0.32404953241348267,
      0.5936761498451233
    ],
    [
      0.23007526993751526,
      0.23007526993751526,
      0.2796730399131775,
      1.0,
      0.9729682207107544,
      0.7900568842887878
    ],
    [
      -0.4269849359989166,
      0.4269849359989166,
      -0.3773871660232544,
      0.0,
      0.7035667896270752,
      0.7900568842887878
    ],
    [
      0.025457870215177536,
      0.025457870215177536,
      0.07505564391613007,
      0.8333333134651184,
      0.49389511346817017,
      0.5034996867179871
    ],
    [
      0.04797853156924248,
      0.04797853156924248,
      0.09757630527019501,
      0.8888888955116272,
      0.7293763160705566,
      0.4965207576751709
    ],
    [
      -0.009045640006661415,
      0.009045640006661415,
      0.04055213928222656,
      0.6666666865348816,
      0.9741763472557068,
      0.7010320425033569
    ],
    [
      -0.043236348778009415,
      0.043236348778009415,
      0.006361428648233414,
      0.3888888955116272,
      0.7411382794380188,
      0.7250087857246399
    ],
    [
      -0.03877139091491699,
      0.03877139091491699,
      0.010826386511325836,
      0.5555555820465088,
      0.7464016079902649,
      0.7250087857246399
    ],
    [
      -0.03843780979514122,
      0.03843780979514122,
      0.011159967631101608,
      0.6111111044883728,
      0.7466269731521606,
      0.7244018316268921
    ],
    [
      -0.04493606835603714,
      0.04493606835603714,
      0.0046617090702056885,
      0.2777777910232544,
      0.7408586144447327,
      0.7244018316268921
    ],
    [
      0.012223989702761173,
      0.012223989702761173,
      0.06182176619768143,
      0.7777777910232544,
      0.9752600193023682,
      0.701079785823822
    ],
    [
      -0.06949695944786072,
      0.06949695944786072,
      -0.01989918202161789,
      0.1666666716337204,
      0.5012370944023132,
      0.5027760863304138
    ],
    [
      0.0011314499424770474,
      0.0011314499424770474,
      0.05072922632098198,
      0.7222222089767456,
      0.972576916217804,
      0.7097704410552979
    ],
    [
      -0.043874118477106094,
      0.043874118477106094,
      0.005723658949136734,
      0.3333333432674408,
      0.7408417463302612,
      0.7183838486671448
    ],
    [
      -0.040485791862010956,
      0.040485791862010956,
      0.009111985564231873,
      0.4444444477558136,
      0.7437498569488525,
      0.7188685536384583
    ],
    [
      -0.039352260529994965,
      0.039352260529994965,
      0.010245516896247864,
      0.5,
      0.7457268834114075,
      0.7193560600280762
    ],
    [
      -0.05124590918421745,
      0.05124590918421745,
      -0.0016481317579746246,
      0.2222222238779068,
      0.7353554964065552,
      0.7193560600280762
    ],
    [
      0.05826703831553459,
      0.05826703831553459,
      0.10786481201648712,
      0.9444444179534912,
      0.9689397811889648,
      0.6978258490562439
    ],
    [
      -0.1390015333890915,
      0.1390015333890915,
      -0.08940375596284866,
      0.1111111119389534,
      0.8048635125160217,
      0.5622034072875977
    ]
  ],
  "feature_names": [
    "charge",
    "abs_charge",
    "charge_centered",
    "charge_rank_norm",
    "wbo_sum",
    "wbo_max"
  ],
  "status": "ok",
  "error": null
}