{
  "canonical_smiles": "CCCCc1nc(Cl)c(CO)n1Cc1ccc(-c2ccccc2-c2nnn[nH]2)cc1",
  "xtb_valid": true,
  "atom_valid_mask": [
    [
      1.0
    ],
    [
      1.0
    ],
    [
      1.0
    ],
    [
      1.0
    ],
    [
      1.0
    ],
    [
      1.0
    ],
    [
      1.0
    ],
    [
      1.0
    ],
    [
      1.0
    ],
    [
      1.0
    ],
    [
      1.0
    ],
    [
      1.0
    ],
    [
      1.0
    ],
    [
      1.0
    ],
    [
      1.0
    ],
    [
      1.0
    ],
    [
      1.0
    ],
    [
      1.0
    ],
    [
      1.0
    ],
    [
      1.0
    ],
    [
      1.0
    ],
    [
      1.0
    ],
    [
      1.0
    ],
    [
      1.0
    ],
    [
      1.0
    ],
    [
      1.0
    ],
    [
      1.0
    ],
    [
      1.0
    ],
    [
      1.0
    ],
    [
      1.0
    ]
  ],
  "atom_features": [
    [
      -0.10919386148452759,
      0.10919386148452759,
      -0.053478214889764786,
      0.2068965584039688,
      0.2551070749759674,
      0.5102141499519348
    ],
    [
      -0.056865520775318146,
      0.056865520775318146,
      -0.0011498741805553436,
      0.3103448152542114,
      0.5072668194770813,
      0.5102141499519348
    ],
    [
      -0.06301551312208176,
      0.06301551312208176,
      -0.0072998665273189545,
      0.27586206793785095,
      0.5031166672706604,
      0.5043194890022278
    ],
    [
      -0.06891682744026184,
      0.06891682744026184,
      -0.013201180845499039,
      0.24137930572032928,
      0.5054195523262024,
      0.5089253783226013
    ],
    [
      0.12247791886329651,
      0.12247791886329651,
      0.1781935691833496,
      0.931034505367279,
      0.9350008368492126,
      0.7461269497871399
    ],
    [
      -0.32284462451934814,
      0.32284462451934814,
      -0.26712897419929504,
      0.03448275849223137,
      0.6900115013122559,
      0.7461269497871399
    ],
    [
      0.12511542439460754,
      0.12511542439460754,
      0.18083107471466064,
      0.9655172228813171,
      0.9301830530166626,
      0.7494524717330933
    ],
    [
      -0.21093307435512543,
      0.21093307435512543,
      -0.15521742403507233,
      0.1034482792019844,
      0.23850879073143005,
      0.4770175814628601
    ],
    [
      -0.006319600157439709,
      0.006319600157439709,
      0.04939604550600052,
      0.7586206793785095,
      0.9233716726303101,
      0.7494524717330933
    ],
    [
      0.07865895330905914,
      0.07865895330905914,
      0.13437460362911224,
      0.8965517282485962,
      0.4983982443809509,
      0.506274402141571
    ],
    [
      -0.5047886371612549,
      0.5047886371612549,
      -0.4490729868412018,
      0.0,
      0.2452610284090042,
      0.4905220568180084
    ],
    [
      -0.03535892069339752,
      0.03535892069339752,
      0.02035672590136528,
      0.48275861144065857,
      0.8461613655090332,
      0.6149493455886841
    ],
    [
      -0.01688075065612793,
      0.01688075065612793,
      0.03883489593863487,
      0.6896551847457886,
      0.4925232231616974,
      0.49868953227996826
    ],
    [
      0.0106283500790596,
      0.0106283500790596,
      0.0663439929485321,
      0.8275862336158752,
      0.9799030423164368,
      0.7053830027580261
    ],
    [
      -0.041199978440999985,
      0.041199978440999985,
      0.014515668153762817,
      0.3448275923728943,
      0.7412318587303162,
      0.7240177392959595
    ],
    [
      -0.03710382059216499,
      0.03710382059216499,
      0.01861182600259781,
      0.4137931168079376,
      0.7377941012382507,
      0.7240177392959595
    ],
    [
      0.006244270130991936,
      0.006244270130991936,
      0.06195991486310959,
      0.7931034564971924,
      0.9790384769439697,
      0.6968709230422974
    ],
    [
      0.01320562046021223,
      0.01320562046021223,
      0.06892126798629761,
      0.8620689511299133,
      0.968504011631012,
      0.7014893293380737
    ],
    [
      -0.03422117978334427,
      0.03422117978334427,
      0.021494466811418533,
      0.517241358757019,
      0.7376666069030762,
      0.7198696732521057
    ],
    [
      -0.026975290849804878,
      0.026975290849804878,
      0.028740355744957924,
      0.5862069129943848,
      0.7177122235298157,
      0.7198696732521057
    ],
    [
      -0.03118319995701313,
      0.03118319995701313,
      0.024532446637749672,
      0.5517241358757019,
      0.745992124080658,
      0.725106954574585
    ],
    [
      -0.02696874924004078,
      0.02696874924004078,
      0.028746897354722023,
      0.6206896305084229,
      0.7337660789489746,
      0.725106954574585
    ],
    [
      -0.008508170023560524,
      0.008508170023560524,
      0.04720747470855713,
      0.7241379022598267,
      0.9443648457527161,
      0.6884510517120361
    ],
    [
      0.14829039573669434,
      0.14829039573669434,
      0.20400604605674744,
      1.0,
      0.9708933234214783,
      0.7423751354217529
    ],
    [
      -0.23039855062961578,
      0.23039855062961578,
      -0.17468290030956268,
      0.06896551698446274,
      0.6977429986000061,
      0.7423751354217529
    ],
    [
      -0.12579959630966187,
      0.12579959630966187,
      -0.07008394598960876,
      0.13793103396892548,
      0.7399492263793945,
      0.7661519050598145
    ],
    [
      -0.1228489801287651,
      0.1228489801287651,
      -0.0671333372592926,
      0.17241379618644714,
      0.7216334939002991,
      0.7661519050598145
    ],
    [
      -0.018342729657888412,
      0.018342729657888412,
      0.03737291693687439,
      0.6551724076271057,
      0.6535746455192566,
      0.6264737248420715
    ],
    [
      -0.04066735878586769,
      0.04066735878586769,
      0.015048287808895111,
      0.37931033968925476,
      0.7372483611106873,
      0.7230660915374756
    ],
    [
      -0.03675546124577522,
      0.03675546124577522,
      0.01896018534898758,
      0.4482758641242981,
      0.7416545152664185,
      0.7230660915374756
    ]
  ],
  "feature_names": [
    "charge",
    "abs_charge",
    "charge_centered",
    "charge_rank_norm",
    "wbo_sum",
    "wbo_max"
  ],
  "status": "ok",
  "error": null
}