{
  "canonical_smiles": "Cc1c(OCC(F)(F)F)ccnc1C[S@@](=O)c1nc2ccccc2[nH]1",
  "xtb_valid": true,
  "atom_valid_mask": [
    [
      1.0
    ],
    [
      1.0
    ],
    [
      1.0
    ],
    [
      1.0
    ],
    [
      1.0
    ],
    [
      1.0
    ],
    [
      1.0
    ],
    [
      1.0
    ],
    [
      1.0
    ],
    [
      1.0
    ],
    [
      1.0
    ],
    [
      1.0
    ],
    [
      1.0
    ],
    [
      1.0
    ],
    [
      1.0
    ],
    [
      1.0
    ],
    [
      1.0
    ],
    [
      1.0
    ],
    [
      1.0
    ],
    [
      1.0
    ],
    [
      1.0
    ],
    [
      1.0
    ],
    [
      1.0
    ],
    [
      1.0
    ],
    [
      1.0
    ]
  ],
  "atom_features": [
    [
      -0.12924744188785553,
      0.12924744188785553,
      -0.0799914225935936,
      0.2916666567325592,
      0.2578304409980774,
      0.5156608819961548
    ],
    [
      -0.010094519704580307,
      0.010094519704580307,
      0.039161499589681625,
      0.625,
      0.9665074944496155,
      0.6836639046669006
    ],
    [
      0.14357322454452515,
      0.14357322454452515,
      0.19282925128936768,
      0.9166666865348816,
      0.938447117805481,
      0.6938995122909546
    ],
    [
      -0.29792648553848267,
      0.29792648553848267,
      -0.24867045879364014,
      0.0833333358168602,
      0.49330130219459534,
      0.49998003244400024
    ],
    [
      0.04450153931975365,
      0.04450153931975365,
      0.09375755488872528,
      0.6666666865348816,
      0.48026376962661743,
      0.48662257194519043
    ],
    [
      0.49148932099342346,
      0.49148932099342346,
      0.5407453179359436,
      1.0,
      0.9462754130363464,
      0.47569459676742554
    ],
    [
      -0.2040819227695465,
      0.2040819227695465,
      -0.15482589602470398,
      0.25,
      0.23784729838371277,
      0.47569459676742554
    ],
    [
      -0.21177825331687927,
      0.21177825331687927,
      -0.16252222657203674,
      0.2083333283662796,
      0.23655374348163605,
      0.4731074869632721
    ],
    [
      -0.21804533898830414,
      0.21804533898830414,
      -0.1687893271446228,
      0.1666666716337204,
      0.2349218875169754,
      0.4698437750339508
    ],
    [
      -0.07141806930303574,
      0.07141806930303574,
      -0.022162050008773804,
      0.4166666567325592,
      0.7074766755104065,
      0.7210538983345032
    ],
    [
      0.0454169400036335,
      0.0454169400036335,
      0.09467296302318573,
      0.7083333134651184,
      0.7416861653327942,
      0.7210538983345032
    ],
    [
      -0.2652331292629242,
      0.2652331292629242,
      -0.21597710251808167,
      0.125,
      0.7049539089202881,
      0.7116429805755615
    ],
    [
      0.08149957656860352,
      0.08149957656860352,
      0.13075560331344604,
      0.8333333134651184,
      0.9456745982170105,
      0.6982648372650146
    ],
    [
      -0.09302470833063126,
      0.09302470833063126,
      -0.043768689036369324,
      0.375,
      0.48204177618026733,
      0.5094205737113953
    ],
    [
      0.4674306809902191,
      0.4674306809902191,
      0.5166866779327393,
      0.9583333134651184,
      0.8873733282089233,
      0.8514004945755005
    ],
    [
      -0.6114450097084045,
      0.6114450097084045,
      -0.562188982963562,
      0.0,
      0.42570024728775024,
      0.8514004945755005
    ],
    [
      0.10611706972122192,
      0.10611706972122192,
      0.15537309646606445,
      0.875,
      0.9272167682647705,
      0.7683404684066772
    ],
    [
      -0.30625399947166443,
      0.30625399947166443,
      -0.2569979727268219,
      0.0416666679084301,
      0.7168200016021729,
      0.7683404684066772
    ],
    [
      0.06563962250947952,
      0.06563962250947952,
      0.11489564180374146,
      0.7916666865348816,
      0.9473318457603455,
      0.6611736416816711
    ],
    [
      -0.04940946027636528,
      0.04940946027636528,
      -0.00015344098210334778,
      0.5,
      0.7352702021598816,
      0.7455880641937256
    ],
    [
      -0.042105648666620255,
      0.042105648666620255,
      0.007150370627641678,
      0.5416666865348816,
      0.72087562084198,
      0.7455880641937256
    ],
    [
      -0.03702469915151596,
      0.03702469915151596,
      0.012231320142745972,
      0.5833333134651184,
      0.7180765271186829,
      0.7399898767471313
    ],
    [
      -0.057089269161224365,
      0.057089269161224365,
      -0.007833249866962433,
      0.4583333432674408,
      0.7356529235839844,
      0.7399898767471313
    ],
    [
      0.04811229184269905,
      0.04811229184269905,
      0.09736831486225128,
      0.75,
      0.9386239647865295,
      0.6675371527671814
    ],
    [
      -0.12100294232368469,
      0.12100294232368469,
      -0.07174692302942276,
      0.3333333432674408,
      0.6294651031494141,
      0.6174099445343018
    ]
  ],
  "feature_names": [
    "charge",
    "abs_charge",
    "charge_centered",
    "charge_rank_norm",
    "wbo_sum",
    "wbo_max"
  ],
  "status": "ok",
  "error": null
}