{
  "canonical_smiles": "CCOC(=O)C1(c2ccccc2)CCN(C)CC1",
  "xtb_valid": true,
  "atom_valid_mask": [
    [
      1.0
    ],
    [
      1.0
    ],
    [
      1.0
    ],
    [
      1.0
    ],
    [
      1.0
    ],
    [
      1.0
    ],
    [
      1.0
    ],
    [
      1.0
    ],
    [
      1.0
    ],
    [
      1.0
    ],
    [
      1.0
    ],
    [
      1.0
    ],
    [
      1.0
    ],
    [
      1.0
    ],
    [
      1.0
    ],
    [
      1.0
    ],
    [
      1.0
    ],
    [
      1.0
    ]
  ],
  "atom_features": [
    [
      -0.12828108668327332,
      0.12828108668327332,
      -0.07611499726772308,
      0.1764705926179886,
      0.2545868456363678,
      0.5091736912727356
    ],
    [
      0.08062419295310974,
      0.08062419295310974,
      0.13279028236865997,
      0.9411764740943909,
      0.48699527978897095,
      0.5091736912727356
    ],
    [
      -0.26393887400627136,
      0.26393887400627136,
      -0.21177278459072113,
      0.05882352963089943,
      0.5614754557609558,
      0.5745493173599243
    ],
    [
      0.3581033945083618,
      0.3581033945083618,
      0.41026949882507324,
      1.0,
      0.949072003364563,
      0.8564264178276062
    ],
    [
      -0.47085392475128174,
      0.47085392475128174,
      -0.4186878204345703,
      0.0,
      0.470005601644516,
      0.8564264178276062
    ],
    [
      -0.002196339890360832,
      0.002196339890360832,
      0.04996974766254425,
      0.7058823704719543,
      0.9604870080947876,
      0.49024200439453125
    ],
    [
      0.008082319982349873,
      0.008082319982349873,
      0.06024840846657753,
      0.7647058963775635,
      0.9717680811882019,
      0.7091540694236755
    ],
    [
      -0.03957587853074074,
      0.03957587853074074,
      0.012590210884809494,
      0.3529411852359772,
      0.7414711713790894,
      0.7241626381874084
    ],
    [
      -0.03501366823911667,
      0.03501366823911667,
      0.017152421176433563,
      0.6470588445663452,
      0.7482150197029114,
      0.7241626381874084
    ],
    [
      -0.03618811070919037,
      0.03618811070919037,
      0.015977978706359863,
      0.529411792755127,
      0.7466305494308472,
      0.721280574798584
    ],
    [
      -0.03543252870440483,
      0.03543252870440483,
      0.0167335607111454,
      0.5882353186607361,
      0.7478980422019958,
      0.721280574798584
    ],
    [
      -0.038426849991083145,
      0.038426849991083145,
      0.013739239424467087,
      0.4117647111415863,
      0.7409527897834778,
      0.7180008888244629
    ],
    [
      -0.0596112497150898,
      0.0596112497150898,
      -0.007445160299539566,
      0.29411765933036804,
      0.49531710147857666,
      0.5003921985626221
    ],
    [
      0.01284828968346119,
      0.01284828968346119,
      0.06501437723636627,
      0.8823529481887817,
      0.5000874996185303,
      0.5003921985626221
    ],
    [
      -0.1966230869293213,
      0.1966230869293213,
      -0.14445699751377106,
      0.11764705926179886,
      0.7537050843238831,
      0.506173312664032
    ],
    [
      -0.03700277954339981,
      0.03700277954339981,
      0.015163309872150421,
      0.47058823704719543,
      0.253086656332016,
      0.506173312664032
    ],
    [
      0.011691669933497906,
      0.011691669933497906,
      0.06385775655508041,
      0.8235294222831726,
      0.5003859996795654,
      0.5014539957046509
    ],
    [
      -0.0671951174736023,
      0.0671951174736023,
      -0.015029028058052063,
      0.23529411852359772,
      0.4926142394542694,
      0.4993179738521576
    ]
  ],
  "feature_names": [
    "charge",
    "abs_charge",
    "charge_centered",
    "charge_rank_norm",
    "wbo_sum",
    "wbo_max"
  ],
  "status": "ok",
  "error": null
}