{
  "canonical_smiles": "COc1cc2c(c(OC)c1OC)-c1ccc(OC)c(=O)cc1[C@H](NC(C)=O)CC2",
  "xtb_valid": true,
  "atom_valid_mask": [
    [
      1.0
    ],
    [
      1.0
    ],
    [
      1.0
    ],
    [
      1.0
    ],
    [
      1.0
    ],
    [
      1.0
    ],
    [
      1.0
    ],
    [
      1.0
    ],
    [
      1.0
    ],
    [
      1.0
    ],
    [
      1.0
    ],
    [
      1.0
    ],
    [
      1.0
    ],
    [
      1.0
    ],
    [
      1.0
    ],
    [
      1.0
    ],
    [
      1.0
    ],
    [
      1.0
    ],
    [
      1.0
    ],
    [
      1.0
    ],
    [
      1.0
    ],
    [
      1.0
    ],
    [
      1.0
    ],
    [
      1.0
    ],
    [
      1.0
    ],
    [
      1.0
    ],
    [
      1.0
    ],
    [
      1.0
    ],
    [
      1.0
    ]
  ],
  "atom_features": [
    [
      0.01730605959892273,
      0.01730605959892273,
      0.07852230966091156,
      0.6071428656578064,
      0.24195578694343567,
      0.48391157388687134
    ],
    [
      -0.2868262529373169,
      0.2868262529373169,
      -0.22561000287532806,
      0.1428571492433548,
      0.5086982250213623,
      0.5334848165512085
    ],
    [
      0.12038000673055649,
      0.12038000673055649,
      0.18159624934196472,
      0.8928571343421936,
      0.9383336901664734,
      0.6868502497673035
    ],
    [
      -0.08877117186784744,
      0.08877117186784744,
      -0.027554921805858612,
      0.2857142984867096,
      0.6952071189880371,
      0.703563928604126
    ],
    [
      0.008807829581201077,
      0.008807829581201077,
      0.07002408057451248,
      0.5357142686843872,
      0.949691653251648,
      0.703563928604126
    ],
    [
      -0.035675980150699615,
      0.035675980150699615,
      0.025540269911289215,
      0.4642857015132904,
      0.9285721182823181,
      0.6876335740089417
    ],
    [
      0.10920143872499466,
      0.10920143872499466,
      0.1704176962375641,
      0.8571428656578064,
      0.9307879209518433,
      0.6796904802322388
    ],
    [
      -0.316042423248291,
      0.316042423248291,
      -0.2548261880874634,
      0.1071428582072258,
      0.4958699345588684,
      0.5128740072250366
    ],
    [
      0.033122848719358444,
      0.033122848719358444,
      0.09433910250663757,
      0.7142857313156128,
      0.2394329160451889,
      0.4788658320903778
    ],
    [
      0.08649452775716782,
      0.08649452775716782,
      0.14771077036857605,
      0.8214285969734192,
      0.9188522100448608,
      0.6796904802322388
    ],
    [
      -0.3276408612728119,
      0.3276408612728119,
      -0.26642459630966187,
      0.0714285746216774,
      0.4896978735923767,
      0.5016815066337585
    ],
    [
      0.03474409878253937,
      0.03474409878253937,
      0.0959603488445282,
      0.75,
      0.23885712027549744,
      0.4777142405509949
    ],
    [
      0.023109380155801773,
      0.023109380155801773,
      0.0843256264925003,
      0.6428571343421936,
      0.9357478022575378,
      0.7488945126533508
    ],
    [
      -0.020460350438952446,
      0.020460350438952446,
      0.040755897760391235,
      0.5,
      0.7033155560493469,
      0.7488945126533508
    ],
    [
      -0.05638071894645691,
      0.05638071894645691,
      0.004835531115531921,
      0.4285714328289032,
      0.7089490294456482,
      0.7601614594459534
    ],
    [
      0.1266251802444458,
      0.1266251802444458,
      0.18784143030643463,
      0.9285714030265808,
      0.9079351425170898,
      0.7601614594459534
    ],
    [
      -0.26990967988967896,
      0.26990967988967896,
      -0.20869342982769012,
      0.1785714328289032,
      0.5153615474700928,
      0.550136387348175
    ],
    [
      0.011744050309062004,
      0.011744050309062004,
      0.07296030223369598,
      0.5714285969734192,
      0.24029333889484406,
      0.4805866777896881
    ],
    [
      0.2182367742061615,
      0.2182367742061615,
      0.2794530391693115,
      0.9642857313156128,
      0.9473555684089661,
      0.8529781103134155
    ],
    [
      -0.459014356136322,
      0.459014356136322,
      -0.3977981209754944,
      0.0357142873108387,
      0.42648905515670776,
      0.8529781103134155
    ],
    [
      -0.0663481280207634,
      0.0663481280207634,
      -0.005131877958774567,
      0.3571428656578064,
      0.6725183129310608,
      0.808876097202301
    ],
    [
      0.028509320691227913,
      0.028509320691227913,
      0.0897255688905716,
      0.6785714030265808,
      0.9578964114189148,
      0.808876097202301
    ],
    [
      0.0420052707195282,
      0.0420052707195282,
      0.10322152078151703,
      0.7857142686843872,
      0.7295873165130615,
      0.4880504906177521
    ],
    [
      -0.18702100217342377,
      0.18702100217342377,
      -0.12580475211143494,
      0.2142857164144516,
      0.6068055629730225,
      0.6300806999206543
    ],
    [
      0.2812114655971527,
      0.2812114655971527,
      0.34242773056030273,
      1.0,
      0.9737337231636047,
      0.8204283714294434
    ],
    [
      -0.15700514614582062,
      0.15700514614582062,
      -0.09578889608383179,
      0.25,
      0.2484791874885559,
      0.4969583749771118
    ],
    [
      -0.5118472576141357,
      0.5118472576141357,
      -0.4506310224533081,
      0.0,
      0.45795419812202454,
      0.8204283714294434
    ],
    [
      -0.06481888890266418,
      0.06481888890266418,
      -0.003602638840675354,
      0.3928571343421936,
      0.4907565414905548,
      0.49520379304885864
    ],
    [
      -0.0690072625875473,
      0.0690072625875473,
      -0.007791012525558472,
      0.3214285671710968,
      0.5016947388648987,
      0.5081857442855835
    ]
  ],
  "feature_names": [
    "charge",
    "abs_charge",
    "charge_centered",
    "charge_rank_norm",
    "wbo_sum",
    "wbo_max"
  ],
  "status": "ok",
  "error": null
}