{
  "canonical_smiles": "COc1cc(-c2cc3c(c(=O)o2)C[C@]2(O)[C@@]4(C)C(=O)C=CC(C)(C)[C@]4(O)CC[C@@]2(C)O3)cc2c1OCO2",
  "xtb_valid": true,
  "atom_valid_mask": [
    [
      1.0
    ],
    [
      1.0
    ],
    [
      1.0
    ],
    [
      1.0
    ],
    [
      1.0
    ],
    [
      1.0
    ],
    [
      1.0
    ],
    [
      1.0
    ],
    [
      1.0
    ],
    [
      1.0
    ],
    [
      1.0
    ],
    [
      1.0
    ],
    [
      1.0
    ],
    [
      1.0
    ],
    [
      1.0
    ],
    [
      1.0
    ],
    [
      1.0
    ],
    [
      1.0
    ],
    [
      1.0
    ],
    [
      1.0
    ],
    [
      1.0
    ],
    [
      1.0
    ],
    [
      1.0
    ],
    [
      1.0
    ],
    [
      1.0
    ],
    [
      1.0
    ],
    [
      1.0
    ],
    [
      1.0
    ],
    [
      1.0
    ],
    [
      1.0
    ],
    [
      1.0
    ],
    [
      1.0
    ],
    [
      1.0
    ],
    [
      1.0
    ],
    [
      1.0
    ],
    [
      1.0
    ],
    [
      1.0
    ]
  ],
  "atom_features": [
    [
      0.009303160011768341,
      0.009303160011768341,
      0.07813329249620438,
      0.6666666865348816,
      0.24050870537757874,
      0.48101741075515747
    ],
    [
      -0.27760767936706543,
      0.27760767936706543,
      -0.2087775468826294,
      0.1666666716337204,
      0.5093542337417603,
      0.5376911163330078
    ],
    [
      0.12870417535305023,
      0.12870417535305023,
      0.19753430783748627,
      0.7777777910232544,
      0.9392887949943542,
      0.6857264637947083
    ],
    [
      -0.08289031684398651,
      0.08289031684398651,
      -0.014060184359550476,
      0.3611111044883728,
      0.6850941181182861,
      0.6857264637947083
    ],
    [
      0.0009330600150860846,
      0.0009330600150860846,
      0.0697631910443306,
      0.6388888955116272,
      0.9501600861549377,
      0.6864135265350342
    ],
    [
      0.14705799520015717,
      0.14705799520015717,
      0.2158881276845932,
      0.8888888955116272,
      0.9289369583129883,
      0.820752739906311
    ],
    [
      -0.07848559319972992,
      0.07848559319972992,
      -0.009655460715293884,
      0.4166666567325592,
      0.7001994848251343,
      0.820752739906311
    ],
    [
      0.163718581199646,
      0.163718581199646,
      0.23254871368408203,
      0.9166666865348816,
      0.945681095123291,
      0.7648813724517822
    ],
    [
      -0.0657334104180336,
      0.0657334104180336,
      0.0030967220664024353,
      0.5277777910232544,
      0.9118188619613647,
      0.7648813724517822
    ],
    [
      0.3370540738105774,
      0.3370540738105774,
      0.4058842062950134,
      1.0,
      0.9487267732620239,
      0.8097955584526062
    ],
    [
      -0.5057907104492188,
      0.5057907104492188,
      -0.4369605779647827,
      0.0,
      0.4383850395679474,
      0.8097955584526062
    ],
    [
      -0.2555851340293884,
      0.2555851340293884,
      -0.1867550015449524,
      0.2222222238779068,
      0.5547121167182922,
      0.5347734689712524
    ],
    [
      -0.055738989263772964,
      0.055738989263772964,
      0.01309114322066307,
      0.5555555820465088,
      0.4979483485221863,
      0.5058719515800476
    ],
    [
      0.136721670627594,
      0.136721670627594,
      0.20555180311203003,
      0.8611111044883728,
      0.9613986611366272,
      0.49002471566200256
    ],
    [
      -0.4886620044708252,
      0.4886620044708252,
      -0.41983187198638916,
      0.0555555559694767,
      0.24380308389663696,
      0.4876061677932739
    ],
    [
      -0.013060590252280235,
      0.013060590252280235,
      0.05576954036951065,
      0.5833333134651184,
      0.9548496603965759,
      0.4870319664478302
    ],
    [
      -0.11934150755405426,
      0.11934150755405426,
      -0.050511375069618225,
      0.3055555522441864,
      0.2435159832239151,
      0.4870319664478302
    ],
    [
      0.2447638064622879,
      0.2447638064622879,
      0.31359392404556274,
      0.9722222089767456,
      0.9434806108474731,
      0.8725383877754211
    ],
    [
      -0.45832523703575134,
      0.45832523703575134,
      -0.3894951045513153,
      0.0833333358168602,
      0.43626919388771057,
      0.8725383877754211
    ],
    [
      -0.06929606944322586,
      0.06929606944322586,
      -0.00046593695878982544,
      0.4722222089767456,
      0.7239941954612732,
      0.915295422077179
    ],
    [
      -0.010543310083448887,
      0.010543310083448887,
      0.05828682333230972,
      0.6111111044883728,
      0.7099228501319885,
      0.915295422077179
    ],
    [
      0.018061650916934013,
      0.018061650916934013,
      0.0868917852640152,
      0.6944444179534912,
      0.9758192300796509,
      0.5045502781867981
    ],
    [
      -0.11587273329496384,
      0.11587273329496384,
      -0.0470426008105278,
      0.3333333432674408,
      0.24443306028842926,
      0.4888661205768585
    ],
    [
      -0.12797768414020538,
      0.12797768414020538,
      -0.05914755165576935,
      0.2777777910232544,
      0.24454732239246368,
      0.48909464478492737
    ],
    [
      0.13469968736171722,
      0.13469968736171722,
      0.20352981984615326,
      0.8333333134651184,
      0.959517240524292,
      0.4934163987636566
    ],
    [
      -0.504119873046875,
      0.504119873046875,
      -0.43528974056243896,
      0.02777777798473835,
      0.24350899457931519,
      0.48701798915863037
    ],
    [
      -0.07966747134923935,
      0.07966747134923935,
      -0.010837338864803314,
      0.3888888955116272,
      0.49816790223121643,
      0.5029193758964539
    ],
    [
      -0.07048680633306503,
      0.07048680633306503,
      -0.0016566738486289978,
      0.4444444477558136,
      0.49691063165664673,
      0.5029193758964539
    ],
    [
      0.13354453444480896,
      0.13354453444480896,
      0.202374666929245,
      0.8055555820465088,
      0.9604564309120178,
      0.495252400636673
    ],
    [
      -0.1304013729095459,
      0.1304013729095459,
      -0.06157124042510986,
      0.25,
      0.2476262003183365,
      0.495252400636673
    ],
    [
      -0.27234452962875366,
      0.27234452962875366,
      -0.20351439714431763,
      0.1944444477558136,
      0.5039457678794861,
      0.5468345284461975
    ],
    [
      -0.06855136156082153,
      0.06855136156082153,
      0.00027877092361450195,
      0.5,
      0.690552294254303,
      0.694691002368927
    ],
    [
      0.12671886384487152,
      0.12671886384487152,
      0.19554899632930756,
      0.75,
      0.9384220838546753,
      0.694691002368927
    ],
    [
      0.1065252423286438,
      0.1065252423286438,
      0.17535537481307983,
      0.7222222089767456,
      0.9181156158447266,
      0.6646624803543091
    ],
    [
      -0.2872992157936096,
      0.2872992157936096,
      -0.21846908330917358,
      0.1388888955116272,
      0.4994841516017914,
      0.5164086818695068
    ],
    [
      0.19802935421466827,
      0.19802935421466827,
      0.2668594717979431,
      0.9444444179534912,
      0.4817695617675781,
      0.48255959153175354
    ],
    [
      -0.29476889967918396,
      0.29476889967918396,
      -0.22593876719474792,
      0.1111111119389534,
      0.4992350935935974,
      0.5174906849861145
    ]
  ],
  "feature_names": [
    "charge",
    "abs_charge",
    "charge_centered",
    "charge_rank_norm",
    "wbo_sum",
    "wbo_max"
  ],
  "status": "ok",
  "error": null
}