{
  "canonical_smiles": "CCNc1nc(Cl)nc(NC(C)C)n1",
  "xtb_valid": true,
  "atom_valid_mask": [
    [
      1.0
    ],
    [
      1.0
    ],
    [
      1.0
    ],
    [
      1.0
    ],
    [
      1.0
    ],
    [
      1.0
    ],
    [
      1.0
    ],
    [
      1.0
    ],
    [
      1.0
    ],
    [
      1.0
    ],
    [
      1.0
    ],
    [
      1.0
    ],
    [
      1.0
    ],
    [
      1.0
    ]
  ],
  "atom_features": [
    [
      -0.12325134128332138,
      0.12325134128332138,
      -0.04431767761707306,
      0.6153846383094788,
      0.2538902759552002,
      0.5077805519104004
    ],
    [
      0.010072249919176102,
      0.010072249919176102,
      0.08900591731071472,
      0.692307710647583,
      0.49855875968933105,
      0.5077805519104004
    ],
    [
      -0.20446081459522247,
      0.20446081459522247,
      -0.12552714347839355,
      0.3076923191547394,
      0.5497632026672363,
      0.6101894378662109
    ],
    [
      0.25997474789619446,
      0.25997474789619446,
      0.3389084041118622,
      0.9230769276618958,
      0.9585535526275635,
      0.66554194688797
    ],
    [
      -0.3328973650932312,
      0.3328973650932312,
      -0.2539637088775635,
      0.1538461595773697,
      0.67204350233078,
      0.7027111649513245
    ],
    [
      0.27893778681755066,
      0.27893778681755066,
      0.3578714430332184,
      1.0,
      0.9505022764205933,
      0.7032875418663025
    ],
    [
      -0.14136412739753723,
      0.14136412739753723,
      -0.06243046373128891,
      0.38461539149284363,
      0.2475028932094574,
      0.4950057864189148
    ],
    [
      -0.3363124132156372,
      0.3363124132156372,
      -0.2573787569999695,
      0.07692307978868484,
      0.6717865467071533,
      0.7032875418663025
    ],
    [
      0.2595877945423126,
      0.2595877945423126,
      0.33852145075798035,
      0.8461538553237915,
      0.9586074352264404,
      0.6637371182441711
    ],
    [
      -0.20464643836021423,
      0.20464643836021423,
      -0.1257127821445465,
      0.23076923191547394,
      0.5474775433540344,
      0.6131923198699951
    ],
    [
      0.05984584987163544,
      0.05984584987163544,
      0.13877952098846436,
      0.7692307829856873,
      0.7433686256408691,
      0.503145158290863
    ],
    [
      -0.12414360046386719,
      0.12414360046386719,
      -0.045209936797618866,
      0.5384615659713745,
      0.25091463327407837,
      0.5018292665481567
    ],
    [
      -0.13008630275726318,
      0.13008630275726318,
      -0.05115263909101486,
      0.4615384638309479,
      0.2515725791454315,
      0.503145158290863
    ],
    [
      -0.3763272762298584,
      0.3763272762298584,
      -0.2973936200141907,
      0.0,
      0.6646395325660706,
      0.66554194688797
    ]
  ],
  "feature_names": [
    "charge",
    "abs_charge",
    "charge_centered",
    "charge_rank_norm",
    "wbo_sum",
    "wbo_max"
  ],
  "status": "ok",
  "error": null
}