{
  "canonical_smiles": "CCc1nn(CCCN2CCN(c3cccc(Cl)c3)CC2)c(=O)n1CC",
  "xtb_valid": true,
  "atom_valid_mask": [
    [
      1.0
    ],
    [
      1.0
    ],
    [
      1.0
    ],
    [
      1.0
    ],
    [
      1.0
    ],
    [
      1.0
    ],
    [
      1.0
    ],
    [
      1.0
    ],
    [
      1.0
    ],
    [
      1.0
    ],
    [
      1.0
    ],
    [
      1.0
    ],
    [
      1.0
    ],
    [
      1.0
    ],
    [
      1.0
    ],
    [
      1.0
    ],
    [
      1.0
    ],
    [
      1.0
    ],
    [
      1.0
    ],
    [
      1.0
    ],
    [
      1.0
    ],
    [
      1.0
    ],
    [
      1.0
    ],
    [
      1.0
    ],
    [
      1.0
    ],
    [
      1.0
    ]
  ],
  "atom_features": [
    [
      -0.1124190017580986,
      0.1124190017580986,
      -0.05522233992815018,
      0.20000000298023224,
      0.2500653862953186,
      0.5001307725906372
    ],
    [
      -0.07336337864398956,
      0.07336337864398956,
      -0.016166716814041138,
      0.36000001430511475,
      0.5017223954200745,
      0.5033140778541565
    ],
    [
      0.1354631632566452,
      0.1354631632566452,
      0.19265982508659363,
      0.9599999785423279,
      0.9472737312316895,
      0.7973875403404236
    ],
    [
      -0.25464680790901184,
      0.25464680790901184,
      -0.19745014607906342,
      0.03999999910593033,
      0.6725085377693176,
      0.7973875403404236
    ],
    [
      -0.030749639496207237,
      0.030749639496207237,
      0.026447022333741188,
      0.5600000023841858,
      0.8515463471412659,
      0.5832759141921997
    ],
    [
      -0.0028520100750029087,
      0.0028520100750029087,
      0.054344650357961655,
      0.7200000286102295,
      0.4939764440059662,
      0.4965497851371765
    ],
    [
      -0.06822322309017181,
      0.06822322309017181,
      -0.011026561260223389,
      0.4399999976158142,
      0.49874258041381836,
      0.5009353756904602
    ],
    [
      0.0042127398774027824,
      0.0042127398774027824,
      0.06140940263867378,
      0.800000011920929,
      0.5007145404815674,
      0.5009353756904602
    ],
    [
      -0.19422878324985504,
      0.19422878324985504,
      -0.13703212141990662,
      0.11999999731779099,
      0.7486879825592041,
      0.5004937648773193
    ],
    [
      -0.008207649923861027,
      0.008207649923861027,
      0.04898901283740997,
      0.6000000238418579,
      0.49792611598968506,
      0.49924975633621216
    ],
    [
      -0.006225740071386099,
      0.006225740071386099,
      0.05097092315554619,
      0.6399999856948853,
      0.49452894926071167,
      0.49660247564315796
    ],
    [
      -0.10551168024539948,
      0.10551168024539948,
      -0.04831501841545105,
      0.23999999463558197,
      0.7883583903312683,
      0.5901602506637573
    ],
    [
      0.06786058098077774,
      0.06786058098077774,
      0.12505725026130676,
      0.8799999952316284,
      0.9572432637214661,
      0.6629668474197388
    ],
    [
      -0.06832513213157654,
      0.06832513213157654,
      -0.011128470301628113,
      0.4000000059604645,
      0.6964192390441895,
      0.7314790487289429
    ],
    [
      -0.03773234039545059,
      0.03773234039545059,
      0.019464321434497833,
      0.5199999809265137,
      0.7205286622047424,
      0.7314790487289429
    ],
    [
      -0.062445491552352905,
      0.062445491552352905,
      -0.00524882972240448,
      0.47999998927116394,
      0.7039384245872498,
      0.7095783352851868
    ],
    [
      0.09460271894931793,
      0.09460271894931793,
      0.15179938077926636,
      0.9200000166893005,
      0.9404138922691345,
      0.7108470797538757
    ],
    [
      -0.22903506457805634,
      0.22903506457805634,
      -0.1718384027481079,
      0.07999999821186066,
      0.23584112524986267,
      0.47168225049972534
    ],
    [
      -0.07588686048984528,
      0.07588686048984528,
      -0.01869019865989685,
      0.3199999928474426,
      0.6869069337844849,
      0.7108470797538757
    ],
    [
      -0.0052958601154387,
      0.0052958601154387,
      0.051900800317525864,
      0.6800000071525574,
      0.4974808692932129,
      0.5008606314659119
    ],
    [
      0.0031258000526577234,
      0.0031258000526577234,
      0.060322463512420654,
      0.7599999904632568,
      0.4992465674877167,
      0.5008606314659119
    ],
    [
      0.29887300729751587,
      0.29887300729751587,
      0.3560696840286255,
      1.0,
      0.9577885270118713,
      0.7663228511810303
    ],
    [
      -0.5609356164932251,
      0.5609356164932251,
      -0.5037389397621155,
      0.0,
      0.45630356669425964,
      0.7663228511810303
    ],
    [
      -0.08236508816480637,
      0.08236508816480637,
      -0.02516842633485794,
      0.2800000011920929,
      0.8544411063194275,
      0.5938458442687988
    ],
    [
      0.005673539824783802,
      0.005673539824783802,
      0.06287020444869995,
      0.8399999737739563,
      0.49421027302742004,
      0.5048626065254211
    ],
    [
      -0.11847548931837082,
      0.11847548931837082,
      -0.061278827488422394,
      0.1599999964237213,
      0.25243130326271057,
      0.5048626065254211
    ]
  ],
  "feature_names": [
    "charge",
    "abs_charge",
    "charge_centered",
    "charge_rank_norm",
    "wbo_sum",
    "wbo_max"
  ],
  "status": "ok",
  "error": null
}