{
  "canonical_smiles": "COc1ccc2nc(Cc3ncc(C)c(OC)c3C)[nH]c2c1S(C)=O",
  "xtb_valid": true,
  "atom_valid_mask": [
    [
      1.0
    ],
    [
      1.0
    ],
    [
      1.0
    ],
    [
      1.0
    ],
    [
      1.0
    ],
    [
      1.0
    ],
    [
      1.0
    ],
    [
      1.0
    ],
    [
      1.0
    ],
    [
      1.0
    ],
    [
      1.0
    ],
    [
      1.0
    ],
    [
      1.0
    ],
    [
      1.0
    ],
    [
      1.0
    ],
    [
      1.0
    ],
    [
      1.0
    ],
    [
      1.0
    ],
    [
      1.0
    ],
    [
      1.0
    ],
    [
      1.0
    ],
    [
      1.0
    ],
    [
      1.0
    ],
    [
      1.0
    ],
    [
      1.0
    ]
  ],
  "atom_features": [
    [
      0.01232478953897953,
      0.01232478953897953,
      0.07424311339855194,
      0.625,
      0.24132783710956573,
      0.48265567421913147
    ],
    [
      -0.29239383339881897,
      0.29239383339881897,
      -0.230475515127182,
      0.125,
      0.5069347620010376,
      0.5312138795852661
    ],
    [
      0.13131359219551086,
      0.13131359219551086,
      0.19323191046714783,
      0.875,
      0.939866304397583,
      0.6775673031806946
    ],
    [
      -0.07817059755325317,
      0.07817059755325317,
      -0.016252271831035614,
      0.4583333432674408,
      0.7041608095169067,
      0.7373701333999634
    ],
    [
      -0.05376030132174492,
      0.05376030132174492,
      0.008158024400472641,
      0.5,
      0.7290249466896057,
      0.7373701333999634
    ],
    [
      0.056065600365400314,
      0.056065600365400314,
      0.11798392236232758,
      0.7916666865348816,
      0.9481330513954163,
      0.6652135848999023
    ],
    [
      -0.3219270408153534,
      0.3219270408153534,
      -0.26000872254371643,
      0.0833333358168602,
      0.7134292721748352,
      0.7706376910209656
    ],
    [
      0.15213210880756378,
      0.15213210880756378,
      0.21405044198036194,
      0.9583333134651184,
      0.9410362243652344,
      0.7706376910209656
    ],
    [
      -0.0824393630027771,
      0.0824393630027771,
      -0.02052103728055954,
      0.375,
      0.5004367232322693,
      0.5046892762184143
    ],
    [
      0.08343919366598129,
      0.08343919366598129,
      0.14535751938819885,
      0.8333333134651184,
      0.9428468346595764,
      0.6990607976913452
    ],
    [
      -0.27094417810440063,
      0.27094417810440063,
      -0.20902585983276367,
      0.1666666716337204,
      0.7062931060791016,
      0.7135254144668579
    ],
    [
      0.03315727040171623,
      0.03315727040171623,
      0.0950755923986435,
      0.7083333134651184,
      0.7341248989105225,
      0.7135254144668579
    ],
    [
      -0.01387867983430624,
      0.01387867983430624,
      0.048039644956588745,
      0.5833333134651184,
      0.9498313069343567,
      0.704314649105072
    ],
    [
      -0.11375953257083893,
      0.11375953257083893,
      -0.05184120684862137,
      0.2916666567325592,
      0.25688499212265015,
      0.5137699842453003
    ],
    [
      0.13557490706443787,
      0.13557490706443787,
      0.19749322533607483,
      0.9166666865348816,
      0.9335781931877136,
      0.6830018162727356
    ],
    [
      -0.3340613842010498,
      0.3340613842010498,
      -0.27214306592941284,
      0.0416666679084301,
      0.4891858398914337,
      0.5025765895843506
    ],
    [
      0.03158339112997055,
      0.03158339112997055,
      0.09350171685218811,
      0.6666666865348816,
      0.23789756000041962,
      0.47579512000083923
    ],
    [
      -0.02076053060591221,
      0.02076053060591221,
      0.0411577969789505,
      0.5416666865348816,
      0.96892249584198,
      0.6904487013816833
    ],
    [
      -0.10462512820959091,
      0.10462512820959091,
      -0.04270680248737335,
      0.3333333432674408,
      0.2569923400878906,
      0.5139846801757812
    ],
    [
      -0.12975260615348816,
      0.12975260615348816,
      -0.0678342804312706,
      0.25,
      0.6228403449058533,
      0.6067455410957336
    ],
    [
      0.046312589198350906,
      0.046312589198350906,
      0.10823091864585876,
      0.75,
      0.9369179606437683,
      0.6600689888000488
    ],
    [
      -0.07943718880414963,
      0.07943718880414963,
      -0.017518863081932068,
      0.4166666567325592,
      0.9325441718101501,
      0.6775673031806946
    ],
    [
      0.4432055354118347,
      0.4432055354118347,
      0.5051238536834717,
      1.0,
      0.8919953107833862,
      0.8335667848587036
    ],
    [
      -0.14478105306625366,
      0.14478105306625366,
      -0.0828627273440361,
      0.2083333283662796,
      0.23921889066696167,
      0.47843778133392334
    ],
    [
      -0.6323757171630859,
      0.6323757171630859,
      -0.570457398891449,
      0.0,
      0.4167833924293518,
      0.8335667848587036
    ]
  ],
  "feature_names": [
    "charge",
    "abs_charge",
    "charge_centered",
    "charge_rank_norm",
    "wbo_sum",
    "wbo_max"
  ],
  "status": "ok",
  "error": null
}