{
  "canonical_smiles": "CCC(C)(C)C(=O)O[C@H]1C[C@@H](C)C=C2C=C[C@H](C)[C@H](CC[C@@H]3C[C@@H](O)CC(=O)O3)[C@H]21",
  "xtb_valid": true,
  "atom_valid_mask": [
    [
      1.0
    ],
    [
      1.0
    ],
    [
      1.0
    ],
    [
      1.0
    ],
    [
      1.0
    ],
    [
      1.0
    ],
    [
      1.0
    ],
    [
      1.0
    ],
    [
      1.0
    ],
    [
      1.0
    ],
    [
      1.0
    ],
    [
      1.0
    ],
    [
      1.0
    ],
    [
      1.0
    ],
    [
      1.0
    ],
    [
      1.0
    ],
    [
      1.0
    ],
    [
      1.0
    ],
    [
      1.0
    ],
    [
      1.0
    ],
    [
      1.0
    ],
    [
      1.0
    ],
    [
      1.0
    ],
    [
      1.0
    ],
    [
      1.0
    ],
    [
      1.0
    ],
    [
      1.0
    ],
    [
      1.0
    ],
    [
      1.0
    ],
    [
      1.0
    ]
  ],
  "atom_features": [
    [
      -0.1078726127743721,
      0.1078726127743721,
      -0.034465283155441284,
      0.27586206793785095,
      0.2551175653934479,
      0.5102351307868958
    ],
    [
      -0.05965537950396538,
      0.05965537950396538,
      0.013751950114965439,
      0.517241358757019,
      0.4949413537979126,
      0.5102351307868958
    ],
    [
      0.0063893599435687065,
      0.0063893599435687065,
      0.0797966867685318,
      0.8275862336158752,
      0.97203528881073,
      0.5000801682472229
    ],
    [
      -0.11327057331800461,
      0.11327057331800461,
      -0.03986324369907379,
      0.2068965584039688,
      0.24538536369800568,
      0.49077072739601135
    ],
    [
      -0.11687006801366806,
      0.11687006801366806,
      -0.043462738394737244,
      0.17241379618644714,
      0.25004008412361145,
      0.5000801682472229
    ],
    [
      0.35579419136047363,
      0.35579419136047363,
      0.42920151352882385,
      0.9655172228813171,
      0.9507291913032532,
      0.8551390767097473
    ],
    [
      -0.4770052433013916,
      0.4770052433013916,
      -0.4035979211330414,
      0.06896551698446274,
      0.4697543978691101,
      0.8551390767097473
    ],
    [
      -0.26600977778434753,
      0.26600977778434753,
      -0.19260245561599731,
      0.13793103396892548,
      0.5592594146728516,
      0.5727472305297852
    ],
    [
      0.11274325847625732,
      0.11274325847625732,
      0.18615058064460754,
      0.8620689511299133,
      0.7211199998855591,
      0.494170218706131
    ],
    [
      -0.06023034080862999,
      0.06023034080862999,
      0.013176988810300827,
      0.48275861144065857,
      0.4947662353515625,
      0.495362251996994
    ],
    [
      -0.013981569558382034,
      0.013981569558382034,
      0.05942576006054878,
      0.7586206793785095,
      0.7509611248970032,
      0.5065890550613403
    ],
    [
      -0.11108039319515228,
      0.11108039319515228,
      -0.037673063576221466,
      0.24137930572032928,
      0.2499854564666748,
      0.4999709129333496
    ],
    [
      -0.06404522061347961,
      0.06404522061347961,
      0.009362109005451202,
      0.4482758641242981,
      0.7088634371757507,
      0.9111378192901611
    ],
    [
      0.001719260006211698,
      0.001719260006211698,
      0.07512658834457397,
      0.7931034564971924,
      0.9717918634414673,
      0.9111378192901611
    ],
    [
      -0.05315366014838219,
      0.05315366014838219,
      0.02025366947054863,
      0.5862069129943848,
      0.735288679599762,
      0.9314205646514893
    ],
    [
      -0.04406553879380226,
      0.04406553879380226,
      0.029341790825128555,
      0.6206896305084229,
      0.7195788025856018,
      0.9314205646514893
    ],
    [
      -0.016983870416879654,
      0.016983870416879654,
      0.05642345920205116,
      0.7241379022598267,
      0.7481385469436646,
      0.5077370405197144
    ],
    [
      -0.10754194855690002,
      0.10754194855690002,
      -0.03413461893796921,
      0.3103448152542114,
      0.2526629865169525,
      0.505325973033905
    ],
    [
      -0.019698139280080795,
      0.019698139280080795,
      0.05370919033885002,
      0.6896551847457886,
      0.7319908738136292,
      0.4972880482673645
    ],
    [
      -0.05961472913622856,
      0.05961472913622856,
      0.013792600482702255,
      0.5517241358757019,
      0.5002874135971069,
      0.5032867193222046
    ],
    [
      -0.07813853025436401,
      0.07813853025436401,
      -0.004731200635433197,
      0.4137931168079376,
      0.4987849295139313,
      0.5032867193222046
    ],
    [
      0.11466825008392334,
      0.11466825008392334,
      0.18807557225227356,
      0.8965517282485962,
      0.7223644852638245,
      0.49796751141548157
    ],
    [
      -0.09228011965751648,
      0.09228011965751648,
      -0.018872790038585663,
      0.37931033968925476,
      0.4965395927429199,
      0.49796751141548157
    ],
    [
      0.11936675012111664,
      0.11936675012111664,
      0.19277408719062805,
      0.931034505367279,
      0.7414893507957458,
      0.49817773699760437
    ],
    [
      -0.5226263999938965,
      0.5226263999938965,
      -0.44921907782554626,
      0.0,
      0.24484467506408691,
      0.48968935012817383
    ],
    [
      -0.1063799113035202,
      0.1063799113035202,
      -0.032972581684589386,
      0.3448275923728943,
      0.4972347915172577,
      0.49817773699760437
    ],
    [
      0.3655347526073456,
      0.3655347526073456,
      0.4389420747756958,
      1.0,
      0.9595329761505127,
      0.8465000987052917
    ],
    [
      -0.481835275888443,
      0.481835275888443,
      -0.4084279537200928,
      0.03448275849223137,
      0.46194615960121155,
      0.8465000987052917
    ],
    [
      -0.2751648426055908,
      0.2751648426055908,
      -0.2017575204372406,
      0.1034482792019844,
      0.5530722737312317,
      0.576274037361145
    ],
    [
      -0.030931750312447548,
      0.030931750312447548,
      0.04247558116912842,
      0.6551724076271057,
      0.7317183017730713,
      0.49328911304473877
    ]
  ],
  "feature_names": [
    "charge",
    "abs_charge",
    "charge_centered",
    "charge_rank_norm",
    "wbo_sum",
    "wbo_max"
  ],
  "status": "ok",
  "error": null
}