{
  "canonical_smiles": "O=c1cc(C(F)(F)F)c2ccc(OCc3cc(C(F)(F)F)ccc3C(F)(F)F)cc2o1",
  "xtb_valid": true,
  "atom_valid_mask": [
    [
      1.0
    ],
    [
      1.0
    ],
    [
      1.0
    ],
    [
      1.0
    ],
    [
      1.0
    ],
    [
      1.0
    ],
    [
      1.0
    ],
    [
      1.0
    ],
    [
      1.0
    ],
    [
      1.0
    ],
    [
      1.0
    ],
    [
      1.0
    ],
    [
      1.0
    ],
    [
      1.0
    ],
    [
      1.0
    ],
    [
      1.0
    ],
    [
      1.0
    ],
    [
      1.0
    ],
    [
      1.0
    ],
    [
      1.0
    ],
    [
      1.0
    ],
    [
      1.0
    ],
    [
      1.0
    ],
    [
      1.0
    ],
    [
      1.0
    ],
    [
      1.0
    ],
    [
      1.0
    ],
    [
      1.0
    ],
    [
      1.0
    ],
    [
      1.0
    ],
    [
      1.0
    ]
  ],
  "atom_features": [
    [
      -0.4446847140789032,
      0.4446847140789032,
      -0.41608095169067383,
      0.0,
      0.4578648805618286,
      0.840484082698822
    ],
    [
      0.35849785804748535,
      0.35849785804748535,
      0.3871016204357147,
      0.8999999761581421,
      0.9584984183311462,
      0.840484082698822
    ],
    [
      -0.06224748119711876,
      0.06224748119711876,
      -0.03364372253417969,
      0.4333333373069763,
      0.694419801235199,
      0.8500210642814636
    ],
    [
      0.007342100143432617,
      0.007342100143432617,
      0.03594585508108139,
      0.7333333492279053,
      0.9458876252174377,
      0.8500210642814636
    ],
    [
      0.49816086888313293,
      0.49816086888313293,
      0.5267646312713623,
      1.0,
      0.9450104832649231,
      0.47619298100471497
    ],
    [
      -0.208809494972229,
      0.208809494972229,
      -0.18020573258399963,
      0.36666667461395264,
      0.23565196990966797,
      0.47130393981933594
    ],
    [
      -0.20934471487998962,
      0.20934471487998962,
      -0.18074095249176025,
      0.3333333432674408,
      0.2355743795633316,
      0.4711487591266632
    ],
    [
      -0.2152632176876068,
      0.2152632176876068,
      -0.18665945529937744,
      0.2666666805744171,
      0.23568762838840485,
      0.4713752567768097
    ],
    [
      -0.002706390107050538,
      0.002706390107050538,
      0.025897366926074028,
      0.6666666865348816,
      0.9404040575027466,
      0.6643045544624329
    ],
    [
      -0.02886505052447319,
      0.02886505052447319,
      -0.0002612937241792679,
      0.5,
      0.7084422707557678,
      0.7525800466537476
    ],
    [
      -0.0532226487994194,
      0.0532226487994194,
      -0.02461889199912548,
      0.46666666865348816,
      0.7045607566833496,
      0.7525800466537476
    ],
    [
      0.16713684797286987,
      0.16713684797286987,
      0.19574061036109924,
      0.8666666746139526,
      0.9457157850265503,
      0.6878514289855957
    ],
    [
      -0.24800081551074982,
      0.24800081551074982,
      -0.21939705312252045,
      0.03333333507180214,
      0.5117599964141846,
      0.547038733959198
    ],
    [
      0.05924170836806297,
      0.05924170836806297,
      0.08784546703100204,
      0.800000011920929,
      0.4882177710533142,
      0.49995431303977966
    ],
    [
      0.03664030879735947,
      0.03664030879735947,
      0.06524406373500824,
      0.7666666507720947,
      0.9784899950027466,
      0.7073155045509338
    ],
    [
      -0.021808959543704987,
      0.021808959543704987,
      0.006794797256588936,
      0.5333333611488342,
      0.7357827425003052,
      0.7083964943885803
    ],
    [
      -0.001550129964016378,
      0.001550129964016378,
      0.027053626254200935,
      0.699999988079071,
      0.96982342004776,
      0.7083964943885803
    ],
    [
      0.49384957551956177,
      0.49384957551956177,
      0.5224533081054688,
      0.9666666388511658,
      0.9426218271255493,
      0.47577375173568726
    ],
    [
      -0.21753934025764465,
      0.21753934025764465,
      -0.18893557786941528,
      0.1666666716337204,
      0.23484599590301514,
      0.4696919918060303
    ],
    [
      -0.21584580838680267,
      0.21584580838680267,
      -0.1872420459985733,
      0.23333333432674408,
      0.23563580214977264,
      0.4712716042995453
    ],
    [
      -0.21788516640663147,
      0.21788516640663147,
      -0.1892814040184021,
      0.13333334028720856,
      0.2342531532049179,
      0.4685063064098358
    ],
    [
      -0.015951499342918396,
      0.015951499342918396,
      0.012652257457375526,
      0.6000000238418579,
      0.7400792837142944,
      0.7194175124168396
    ],
    [
      -0.017285650596022606,
      0.017285650596022606,
      0.011318106204271317,
      0.5666666626930237,
      0.7411267757415771,
      0.7194175124168396
    ],
    [
      -0.007802499923855066,
      0.007802499923855066,
      0.020801257342100143,
      0.6333333253860474,
      0.9633463025093079,
      0.7069825530052185
    ],
    [
      0.49375462532043457,
      0.49375462532043457,
      0.5223583579063416,
      0.9333333373069763,
      0.9426429271697998,
      0.4752642512321472
    ],
    [
      -0.220289945602417,
      0.220289945602417,
      -0.19168618321418762,
      0.10000000149011612,
      0.23341955244541168,
      0.46683910489082336
    ],
    [
      -0.2159886658191681,
      0.2159886658191681,
      -0.18738490343093872,
      0.20000000298023224,
      0.23577624559402466,
      0.4715524911880493
    ],
    [
      -0.21251127123832703,
      0.21251127123832703,
      -0.18390750885009766,
      0.30000001192092896,
      0.23581506311893463,
      0.47163012623786926
    ],
    [
      -0.07660560309886932,
      0.07660560309886932,
      -0.04800184816122055,
      0.4000000059604645,
      0.6897653937339783,
      0.6916792988777161
    ],
    [
      0.15111379325389862,
      0.15111379325389862,
      0.179717555642128,
      0.8333333134651184,
      0.9250863790512085,
      0.6916792988777161
    ],
    [
      -0.23824511468410492,
      0.23824511468410492,
      -0.20964135229587555,
      0.06666667014360428,
      0.5602454543113708,
      0.5376940369606018
    ]
  ],
  "feature_names": [
    "charge",
    "abs_charge",
    "charge_centered",
    "charge_rank_norm",
    "wbo_sum",
    "wbo_max"
  ],
  "status": "ok",
  "error": null
}