{
  "canonical_smiles": "CCCCCN(CCCCC)N=O",
  "xtb_valid": true,
  "atom_valid_mask": [
    [
      1.0
    ],
    [
      1.0
    ],
    [
      1.0
    ],
    [
      1.0
    ],
    [
      1.0
    ],
    [
      1.0
    ],
    [
      1.0
    ],
    [
      1.0
    ],
    [
      1.0
    ],
    [
      1.0
    ],
    [
      1.0
    ],
    [
      1.0
    ],
    [
      1.0
    ]
  ],
  "atom_features": [
    [
      -0.11059810221195221,
      0.11059810221195221,
      -0.03645730018615723,
      0.0833333358168602,
      0.2552819848060608,
      0.5105639696121216
    ],
    [
      -0.05666771158576012,
      0.05666771158576012,
      0.017473090440034866,
      0.6666666865348816,
      0.5069714188575745,
      0.5105639696121216
    ],
    [
      -0.06145931035280228,
      0.06145931035280228,
      0.012681491672992706,
      0.5,
      0.503913402557373,
      0.5044479370117188
    ],
    [
      -0.06763657182455063,
      0.06763657182455063,
      0.006504230201244354,
      0.3333333432674408,
      0.5026232600212097,
      0.5044479370117188
    ],
    [
      -0.026160739362239838,
      0.026160739362239838,
      0.047980062663555145,
      0.75,
      0.49343961477279663,
      0.5007985830307007
    ],
    [
      -0.01028222031891346,
      0.01028222031891346,
      0.06385858356952667,
      0.8333333134651184,
      0.8613859415054321,
      0.6524161696434021
    ],
    [
      0.003870920045301318,
      0.003870920045301318,
      0.07801172137260437,
      0.9166666865348816,
      0.48427751660346985,
      0.5018326640129089
    ],
    [
      -0.06892543286085129,
      0.06892543286085129,
      0.005215369164943695,
      0.25,
      0.50197833776474,
      0.5021239519119263
    ],
    [
      -0.0624837800860405,
      0.0624837800860405,
      0.011657021939754486,
      0.4166666567325592,
      0.5027250647544861,
      0.5033262372016907
    ],
    [
      -0.05846786871552467,
      0.05846786871552467,
      0.01567293331027031,
      0.5833333134651184,
      0.5069924592971802,
      0.5106586813926697
    ],
    [
      -0.11021792888641357,
      0.11021792888641357,
      -0.03607712686061859,
      0.1666666716337204,
      0.25532934069633484,
      0.5106586813926697
    ],
    [
      0.07429584115743637,
      0.07429584115743637,
      0.14843663573265076,
      1.0,
      0.7323662042617798,
      0.8123162388801575
    ],
    [
      -0.40909749269485474,
      0.40909749269485474,
      -0.33495670557022095,
      0.0,
      0.46493443846702576,
      0.8123162388801575
    ]
  ],
  "feature_names": [
    "charge",
    "abs_charge",
    "charge_centered",
    "charge_rank_norm",
    "wbo_sum",
    "wbo_max"
  ],
  "status": "ok",
  "error": null
}