{
  "canonical_smiles": "CN1CCN(CCCN2c3ccccc3Sc3ccccc32)CC1",
  "xtb_valid": true,
  "atom_valid_mask": [
    [
      1.0
    ],
    [
      1.0
    ],
    [
      1.0
    ],
    [
      1.0
    ],
    [
      1.0
    ],
    [
      1.0
    ],
    [
      1.0
    ],
    [
      1.0
    ],
    [
      1.0
    ],
    [
      1.0
    ],
    [
      1.0
    ],
    [
      1.0
    ],
    [
      1.0
    ],
    [
      1.0
    ],
    [
      1.0
    ],
    [
      1.0
    ],
    [
      1.0
    ],
    [
      1.0
    ],
    [
      1.0
    ],
    [
      1.0
    ],
    [
      1.0
    ],
    [
      1.0
    ],
    [
      1.0
    ],
    [
      1.0
    ]
  ],
  "atom_features": [
    [
      -0.03346928954124451,
      0.03346928954124451,
      0.006873082369565964,
      0.5652173757553101,
      0.25392040610313416,
      0.5078408122062683
    ],
    [
      -0.20061282813549042,
      0.20061282813549042,
      -0.16027045249938965,
      0.043478261679410934,
      0.7523149251937866,
      0.5078408122062683
    ],
    [
      -0.0024994700215756893,
      0.0024994700215756893,
      0.03784290328621864,
      0.695652186870575,
      0.4987003803253174,
      0.4989544153213501
    ],
    [
      0.011310419999063015,
      0.011310419999063015,
      0.05165279284119606,
      0.782608687877655,
      0.497979074716568,
      0.4984463155269623
    ],
    [
      -0.2041265368461609,
      0.2041265368461609,
      -0.16378416121006012,
      0.0,
      0.7482026815414429,
      0.500928521156311
    ],
    [
      0.011923840269446373,
      0.011923840269446373,
      0.052266210317611694,
      0.8260869383811951,
      0.5009337067604065,
      0.5009388327598572
    ],
    [
      -0.0666285902261734,
      0.0666285902261734,
      -0.02628621831536293,
      0.17391304671764374,
      0.500241219997406,
      0.5009388327598572
    ],
    [
      -0.010955399833619595,
      0.010955399833619595,
      0.0293869711458683,
      0.6086956262588501,
      0.4951632618904114,
      0.4995436370372772
    ],
    [
      -0.0871858075261116,
      0.0871858075261116,
      -0.04684343561530113,
      0.1304347813129425,
      0.792399525642395,
      0.5474252104759216
    ],
    [
      0.059576988220214844,
      0.059576988220214844,
      0.09991936385631561,
      1.0,
      0.9455553293228149,
      0.6793380975723267
    ],
    [
      -0.05874402076005936,
      0.05874402076005936,
      -0.018401648849248886,
      0.260869562625885,
      0.6980816125869751,
      0.7168251872062683
    ],
    [
      -0.04157086834311485,
      0.04157086834311485,
      -0.0012284964323043823,
      0.52173912525177,
      0.7172719836235046,
      0.717718780040741
    ],
    [
      -0.044858649373054504,
      0.044858649373054504,
      -0.004516277462244034,
      0.3913043439388275,
      0.7159676551818848,
      0.717718780040741
    ],
    [
      -0.04618455097079277,
      0.04618455097079277,
      -0.0058421790599823,
      0.3478260934352875,
      0.7078617215156555,
      0.7142165303230286
    ],
    [
      0.03059549070894718,
      0.03059549070894718,
      0.0709378644824028,
      0.8695651888847351,
      0.9378635883331299,
      0.7015068531036377
    ],
    [
      -0.185421884059906,
      0.185421884059906,
      -0.14507950842380524,
      0.08695652335882187,
      0.5099124312400818,
      0.5099520087242126
    ],
    [
      0.030834069475531578,
      0.030834069475531578,
      0.0711764395236969,
      0.9130434989929199,
      0.9380449056625366,
      0.7012947797775269
    ],
    [
      -0.04620131850242615,
      0.04620131850242615,
      -0.005858946591615677,
      0.30434781312942505,
      0.7078037858009338,
      0.7143128514289856
    ],
    [
      -0.044815078377723694,
      0.044815078377723694,
      -0.004472706466913223,
      0.43478259444236755,
      0.7159914970397949,
      0.717670202255249
    ],
    [
      -0.04169965907931328,
      0.04169965907931328,
      -0.0013572871685028076,
      0.47826087474823,
      0.7173160910606384,
      0.717670202255249
    ],
    [
      -0.060571230947971344,
      0.060571230947971344,
      -0.020228859037160873,
      0.21739129722118378,
      0.6980680227279663,
      0.7169619798660278
    ],
    [
      0.0592186413705349,
      0.0592186413705349,
      0.09956101328134537,
      0.95652174949646,
      0.9453040361404419,
      0.6791740655899048
    ],
    [
      -0.0034913800191134214,
      0.0034913800191134214,
      0.03685099259018898,
      0.6521739363670349,
      0.49846509099006653,
      0.49896523356437683
    ],
    [
      0.007360159885138273,
      0.007360159885138273,
      0.04770253226161003,
      0.739130437374115,
      0.498399943113327,
      0.49896523356437683
    ]
  ],
  "feature_names": [
    "charge",
    "abs_charge",
    "charge_centered",
    "charge_rank_norm",
    "wbo_sum",
    "wbo_max"
  ],
  "status": "ok",
  "error": null
}