{
  "canonical_smiles": "C/C=C/C[C@@H](C)[C@@H](O)[C@@H]1C(=O)N[C@H](CC)C(=O)N(C)CC(=O)N(C)[C@H](CC(C)C)C(=O)N[C@@H](C(C)C)C(=O)N(C)[C@H](CC(C)C)C(=O)N[C@H](C)C(=O)N[C@@H](C)C(=O)N(C)[C@@H](CC(C)C)C(=O)N(C)[C@@H](CC(C)C)C(=O)N(C)[C@@H](C(C)C)C(=O)N1C",
  "xtb_valid": true,
  "atom_valid_mask": [
    [
      1.0
    ],
    [
      1.0
    ],
    [
      1.0
    ],
    [
      1.0
    ],
    [
      1.0
    ],
    [
      1.0
    ],
    [
      1.0
    ],
    [
      1.0
    ],
    [
      1.0
    ],
    [
      1.0
    ],
    [
      1.0
    ],
    [
      1.0
    ],
    [
      1.0
    ],
    [
      1.0
    ],
    [
      1.0
    ],
    [
      1.0
    ],
    [
      1.0
    ],
    [
      1.0
    ],
    [
      1.0
    ],
    [
      1.0
    ],
    [
      1.0
    ],
    [
      1.0
    ],
    [
      1.0
    ],
    [
      1.0
    ],
    [
      1.0
    ],
    [
      1.0
    ],
    [
      1.0
    ],
    [
      1.0
    ],
    [
      1.0
    ],
    [
      1.0
    ],
    [
      1.0
    ],
    [
      1.0
    ],
    [
      1.0
    ],
    [
      1.0
    ],
    [
      1.0
    ],
    [
      1.0
    ],
    [
      1.0
    ],
    [
      1.0
    ],
    [
      1.0
    ],
    [
      1.0
    ],
    [
      1.0
    ],
    [
      1.0
    ],
    [
      1.0
    ],
    [
      1.0
    ],
    [
      1.0
    ],
    [
      1.0
    ],
    [
      1.0
    ],
    [
      1.0
    ],
    [
      1.0
    ],
    [
      1.0
    ],
    [
      1.0
    ],
    [
      1.0
    ],
    [
      1.0
    ],
    [
      1.0
    ],
    [
      1.0
    ],
    [
      1.0
    ],
    [
      1.0
    ],
    [
      1.0
    ],
    [
      1.0
    ],
    [
      1.0
    ],
    [
      1.0
    ],
    [
      1.0
    ],
    [
      1.0
    ],
    [
      1.0
    ],
    [
      1.0
    ],
    [
      1.0
    ],
    [
      1.0
    ],
    [
      1.0
    ],
    [
      1.0
    ],
    [
      1.0
    ],
    [
      1.0
    ],
    [
      1.0
    ],
    [
      1.0
    ],
    [
      1.0
    ],
    [
      1.0
    ],
    [
      1.0
    ],
    [
      1.0
    ],
    [
      1.0
    ],
    [
      1.0
    ],
    [
      1.0
    ],
    [
      1.0
    ],
    [
      1.0
    ],
    [
      1.0
    ],
    [
      1.0
    ],
    [
      1.0
    ]
  ],
  "atom_features": [
    [
      -0.11405319720506668,
      0.11405319720506668,
      -0.031817615032196045,
      0.3928571343421936,
      0.26016008853912354,
      0.5203201770782471
    ],
    [
      -0.04627465829253197,
      0.04627465829253197,
      0.03596092388033867,
      0.5952380895614624,
      0.739526629447937,
      0.958733081817627
    ],
    [
      -0.05342153087258339,
      0.05342153087258339,
      0.028814051300287247,
      0.5714285969734192,
      0.7355729937553406,
      0.958733081817627
    ],
    [
      -0.05733424052596092,
      0.05733424052596092,
      0.024901341646909714,
      0.5595238208770752,
      0.5007603168487549,
      0.512412965297699
    ],
    [
      -0.02864103950560093,
      0.02864103950560093,
      0.053594544529914856,
      0.6428571343421936,
      0.7398458123207092,
      0.5032964944839478
    ],
    [
      -0.1170606017112732,
      0.1170606017112732,
      -0.03482501953840256,
      0.3095238208770752,
      0.2516482472419739,
      0.5032964944839478
    ],
    [
      0.11035025119781494,
      0.11035025119781494,
      0.19258582592010498,
      0.8690476417541504,
      0.7316741347312927,
      0.4958781898021698
    ],
    [
      -0.4867209494113922,
      0.4867209494113922,
      -0.4044853746891022,
      0.0595238097012043,
      0.2479390949010849,
      0.4958781898021698
    ],
    [
      0.010521960444748402,
      0.010521960444748402,
      0.09275754541158676,
      0.7857142686843872,
      0.7143005728721619,
      0.4801826775074005
    ],
    [
      0.27084726095199585,
      0.27084726095199585,
      0.3530828356742859,
      0.9523809552192688,
      0.9641345739364624,
      0.8156993985176086
    ],
    [
      -0.5052431225776672,
      0.5052431225776672,
      -0.4230075478553772,
      0.02380952425301075,
      0.45848774909973145,
      0.8156993985176086
    ],
    [
      -0.20189450681209564,
      0.20189450681209564,
      -0.119658924639225,
      0.1547619104385376,
      0.6153113842010498,
      0.6419288516044617
    ],
    [
      0.025140430778265,
      0.025140430778265,
      0.10737600922584534,
      0.8214285969734192,
      0.721958339214325,
      0.48741787672042847
    ],
    [
      -0.0573706217110157,
      0.0573706217110157,
      0.024864960461854935,
      0.5476190447807312,
      0.49632441997528076,
      0.5087640285491943
    ],
    [
      -0.1164509728550911,
      0.1164509728550911,
      -0.03421539068222046,
      0.3214285671710968,
      0.25438201427459717,
      0.5087640285491943
    ],
    [
      0.2571268379688263,
      0.2571268379688263,
      0.33936241269111633,
      0.8928571343421936,
      0.9620953798294067,
      0.810533344745636
    ],
    [
      -0.4997711479663849,
      0.4997711479663849,
      -0.41753557324409485,
      0.0476190485060215,
      0.45380374789237976,
      0.810533344745636
    ],
    [
      -0.08206939697265625,
      0.08206939697265625,
      0.00016618520021438599,
      0.4642857015132904,
      0.860673725605011,
      0.6410433650016785
    ],
    [
      -0.04986371099948883,
      0.04986371099948883,
      0.032371871173381805,
      0.5833333134651184,
      0.24750417470932007,
      0.49500834941864014
    ],
    [
      -0.021882379427552223,
      0.021882379427552223,
      0.06035320460796356,
      0.6666666865348816,
      0.485873281955719,
      0.4882216155529022
    ],
    [
      0.2684738039970398,
      0.2684738039970398,
      0.35070937871932983,
      0.9404761791229248,
      0.9647649526596069,
      0.8108901977539062
    ],
    [
      -0.5033929944038391,
      0.5033929944038391,
      -0.4211574196815491,
      0.0357142873108387,
      0.4545951783657074,
      0.8108901977539062
    ],
    [
      -0.08809599280357361,
      0.08809599280357361,
      -0.005860410630702972,
      0.4523809552192688,
      0.8557267189025879,
      0.6351146697998047
    ],
    [
      -0.06044137105345726,
      0.06044137105345726,
      0.021794211119413376,
      0.523809552192688,
      0.2471843659877777,
      0.4943687319755554
    ],
    [
      0.008184390142560005,
      0.008184390142560005,
      0.09041997045278549,
      0.75,
      0.7220093011856079,
      0.4870270788669586
    ],
    [
      -0.060510020703077316,
      0.060510020703077316,
      0.02172556146979332,
      0.511904776096344,
      0.49093565344810486,
      0.4948442280292511
    ],
    [
      -0.009247349575161934,
      0.009247349575161934,
      0.07298823446035385,
      0.7023809552192688,
      0.7518153786659241,
      0.5051319003105164
    ],
    [
      -0.11859449744224548,
      0.11859449744224548,
      -0.03635891526937485,
      0.25,
      0.2525659501552582,
      0.5051319003105164
    ],
    [
      -0.11352486163377762,
      0.11352486163377762,
      -0.03128927946090698,
      0.4047619104385376,
      0.25182726979255676,
      0.5036545395851135
    ],
    [
      0.2668205201625824,
      0.2668205201625824,
      0.34905609488487244,
      0.9285714030265808,
      0.9656655192375183,
      0.8108608722686768
    ],
    [
      -0.5127397775650024,
      0.5127397775650024,
      -0.4305042028427124,
      0.011904762126505375,
      0.4549795985221863,
      0.8108608722686768
    ],
    [
      -0.1904280036687851,
      0.1904280036687851,
      -0.10819242149591446,
      0.1785714328289032,
      0.6153197288513184,
      0.6471484899520874
    ],
    [
      0.022943180054426193,
      0.022943180054426193,
      0.10517875850200653,
      0.8095238208770752,
      0.7199550271034241,
      0.48439261317253113
    ],
    [
      -0.01084388978779316,
      0.01084388978779316,
