{
  "canonical_smiles": "O=c1c(O)c(-c2ccccc2)oc2cc(O)cc(O)c12",
  "xtb_valid": true,
  "atom_valid_mask": [
    [
      1.0
    ],
    [
      1.0
    ],
    [
      1.0
    ],
    [
      1.0
    ],
    [
      1.0
    ],
    [
      1.0
    ],
    [
      1.0
    ],
    [
      1.0
    ],
    [
      1.0
    ],
    [
      1.0
    ],
    [
      1.0
    ],
    [
      1.0
    ],
    [
      1.0
    ],
    [
      1.0
    ],
    [
      1.0
    ],
    [
      1.0
    ],
    [
      1.0
    ],
    [
      1.0
    ],
    [
      1.0
    ],
    [
      1.0
    ]
  ],
  "atom_features": [
    [
      -0.5034419894218445,
      0.5034419894218445,
      -0.4245615601539612,
      0.0,
      0.3961029052734375,
      0.792205810546875
    ],
    [
      0.2030642032623291,
      0.2030642032623291,
      0.2819446325302124,
      1.0,
      0.946044385433197,
      0.792205810546875
    ],
    [
      0.08235373347997665,
      0.08235373347997665,
      0.16123417019844055,
      0.7368420958518982,
      0.9276591539382935,
      0.7787025570869446
    ],
    [
      -0.43922773003578186,
      0.43922773003578186,
      -0.36034730076789856,
      0.05263157933950424,
      0.268833726644516,
      0.537667453289032
    ],
    [
      0.11748229712247849,
      0.11748229712247849,
      0.19636273384094238,
      0.7894737124443054,
      0.911845862865448,
      0.7787025570869446
    ],
    [
      0.010757150128483772,
      0.010757150128483772,
      0.08963758498430252,
      0.6842105388641357,
      0.9775702357292175,
      0.6934313774108887
    ],
    [
      -0.027720879763364792,
      0.027720879763364792,
      0.051159556955099106,
      0.6315789222717285,
      0.7358684539794922,
      0.7234324812889099
    ],
    [
      -0.03161158040165901,
      0.03161158040165901,
      0.047268856316804886,
      0.4736842215061188,
      0.7481266856193542,
      0.7234324812889099
    ],
    [
      -0.029651790857315063,
      0.029651790857315063,
      0.049228645861148834,
      0.5263158082962036,
      0.7433242797851562,
      0.7178859710693359
    ],
    [
      -0.03241942077875137,
      0.03241942077875137,
      0.046461015939712524,
      0.42105263471603394,
      0.7482479810714722,
      0.7238974571228027
    ],
    [
      -0.029356779530644417,
      0.029356779530644417,
      0.04952365905046463,
      0.5789473652839661,
      0.7358015179634094,
      0.7238974571228027
    ],
    [
      -0.2159462720155716,
      0.2159462720155716,
      -0.1370658278465271,
      0.21052631735801697,
      0.5302032828330994,
      0.5333185195922852
    ],
    [
      0.13769711554050446,
      0.13769711554050446,
      0.21657755970954895,
      0.8421052694320679,
      0.9332628846168518,
      0.6887428760528564
    ],
    [
      -0.09494367986917496,
      0.09494367986917496,
      -0.01606324315071106,
      0.31578946113586426,
      0.6856550574302673,
      0.6887428760528564
    ],
    [
      0.15974941849708557,
      0.15974941849708557,
      0.23862984776496887,
      0.8947368264198303,
      0.9555686712265015,
      0.6825671792030334
    ],
    [
      -0.42792409658432007,
      0.42792409658432007,
      -0.34904366731643677,
      0.15789473056793213,
      0.27732881903648376,
      0.5546576380729675
    ],
    [
      -0.10647601634263992,
      0.10647601634263992,
      -0.027595579624176025,
      0.2631579041481018,
      0.6876530647277832,
      0.701393723487854
    ],
    [
      0.16102971136569977,
      0.16102971136569977,
      0.23991015553474426,
      0.9473684430122375,
      0.9472845792770386,
      0.701393723487854
    ],
    [
      -0.4288155138492584,
      0.4288155138492584,
      -0.3499350845813751,
      0.10526315867900848,
      0.2799251079559326,
      0.5598502159118652
    ],
    [
      -0.08220645785331726,
      0.08220645785331726,
      -0.003326021134853363,
      0.3684210479259491,
      0.9193621277809143,
      0.644464373588562
    ]
  ],
  "feature_names": [
    "charge",
    "abs_charge",
    "charge_centered",
    "charge_rank_norm",
    "wbo_sum",
    "wbo_max"
  ],
  "status": "ok",
  "error": null
}