{
  "canonical_smiles": "CC(C)(C(=O)O)c1ccc(C(O)CCCN2CCC(C(O)(c3ccccc3)c3ccccc3)CC2)cc1",
  "xtb_valid": true,
  "atom_valid_mask": [
    [
      1.0
    ],
    [
      1.0
    ],
    [
      1.0
    ],
    [
      1.0
    ],
    [
      1.0
    ],
    [
      1.0
    ],
    [
      1.0
    ],
    [
      1.0
    ],
    [
      1.0
    ],
    [
      1.0
    ],
    [
      1.0
    ],
    [
      1.0
    ],
    [
      1.0
    ],
    [
      1.0
    ],
    [
      1.0
    ],
    [
      1.0
    ],
    [
      1.0
    ],
    [
      1.0
    ],
    [
      1.0
    ],
    [
      1.0
    ],
    [
      1.0
    ],
    [
      1.0
    ],
    [
      1.0
    ],
    [
      1.0
    ],
    [
      1.0
    ],
    [
      1.0
    ],
    [
      1.0
    ],
    [
      1.0
    ],
    [
      1.0
    ],
    [
      1.0
    ],
    [
      1.0
    ],
    [
      1.0
    ],
    [
      1.0
    ],
    [
      1.0
    ],
    [
      1.0
    ],
    [
      1.0
    ],
    [
      1.0
    ]
  ],
  "atom_features": [
    [
      -0.11037986725568771,
      0.11037986725568771,
      -0.043197691440582275,
      0.1666666716337204,
      0.24594242870807648,
      0.49188485741615295
    ],
    [
      0.005636900197714567,
      0.005636900197714567,
      0.07281907647848129,
      0.8333333134651184,
      0.9686452150344849,
      0.4919540286064148
    ],
    [
      -0.1136113777756691,
      0.1136113777756691,
      -0.04642920196056366,
      0.1388888955116272,
      0.2459770143032074,
      0.4919540286064148
    ],
    [
      0.36049243807792664,
      0.36049243807792664,
      0.42767462134361267,
      1.0,
      0.9573039412498474,
      0.8594797849655151
    ],
    [
      -0.47589629888534546,
      0.47589629888534546,
      -0.4087141156196594,
      0.0555555559694767,
      0.47242483496665955,
      0.8594797849655151
    ],
    [
      -0.4202539920806885,
      0.4202539920806885,
      -0.35307180881500244,
      0.0833333358168602,
      0.33392560482025146,
      0.582481324672699
    ],
    [
      0.012950330041348934,
      0.012950330041348934,
      0.08013250678777695,
      0.8888888955116272,
      0.9718172550201416,
      0.7074980139732361
    ],
    [
      -0.03833562880754471,
      0.03833562880754471,
      0.02884654700756073,
      0.4166666567325592,
      0.7414335012435913,
      0.724454939365387
    ],
    [
      -0.04026675969362259,
      0.04026675969362259,
      0.02691541612148285,
      0.3333333432674408,
      0.7414854168891907,
      0.724454939365387
    ],
    [
      -0.008091529831290245,
      0.008091529831290245,
      0.059090644121170044,
      0.75,
      0.9795154929161072,
      0.7061335444450378
    ],
    [
      0.11428478360176086,
      0.11428478360176086,
      0.1814669668674469,
      0.9444444179534912,
      0.7351435422897339,
      0.4954777657985687
    ],
    [
      -0.5195584297180176,
      0.5195584297180176,
      -0.45237624645233154,
      0.0,
      0.2414160966873169,
      0.4828321933746338
    ],
    [
      -0.06215227022767067,
      0.06215227022767067,
      0.005029905587434769,
      0.2222222238779068,
      0.49769318103790283,
      0.503409206867218
    ],
    [
      -0.06762141734361649,
      0.06762141734361649,
      -0.00043924152851104736,
      0.1944444477558136,
      0.4993301033973694,
      0.503409206867218
    ],
    [
      -0.0024689501151442528,
      0.0024689501151442528,
      0.06471322476863861,
      0.7777777910232544,
      0.49947473406791687,
      0.503698468208313
    ],
    [
      -0.18975943326950073,
      0.18975943326950073,
      -0.1225772574543953,
      0.1111111119389534,
      0.7530023455619812,
      0.503698468208313
    ],
    [
      0.017010459676384926,
      0.017010459676384926,
      0.08419263362884521,
      0.9166666865348816,
      0.5004974007606506,
      0.5024993419647217
    ],
    [
      -0.060783080756664276,
      0.060783080756664276,
      0.006399095058441162,
      0.25,
      0.49704915285110474,
      0.498495489358902
    ],
    [
      -0.024011990055441856,
      0.024011990055441856,
      0.04317018389701843,
      0.6944444179534912,
      0.7348949313163757,
      0.49891868233680725
    ],
    [
      0.12854334712028503,
      0.12854334712028503,
      0.19572553038597107,
      0.9722222089767456,
      0.9618892073631287,
      0.4833824336528778
    ],
    [
      -0.49539899826049805,
      0.49539899826049805,
      -0.428216814994812,
      0.02777777798473835,
      0.2416912168264389,
      0.4833824336528778
    ],
    [
      0.0035878499038517475,
      0.0035878499038517475,
      0.0707700252532959,
      0.8055555820465088,
      0.9745111465454102,
      0.7078751921653748
    ],
    [
      -0.03224511072039604,
      0.03224511072039604,
      0.034937065094709396,
      0.6666666865348816,
      0.7410195469856262,
      0.7192107439041138
    ],
    [
      -0.03682972118258476,
      0.03682972118258476,
      0.030352454632520676,
      0.4722222089767456,
      0.7481048107147217,
      0.7208666801452637
    ],
    [
      -0.037209201604127884,
      0.037209201604127884,
      0.029972974210977554,
      0.4444444477558136,
      0.7465424537658691,
      0.7208666801452637
    ],
    [
      -0.03626308962702751,
      0.03626308962702751,
      0.030919086188077927,
      0.5277777910232544,
      0.7482262253761292,
      0.7241091132164001
    ],
    [
      -0.04075876995921135,
      0.04075876995921135,
      0.02642340585589409,
      0.3055555522441864,
      0.7418371438980103,
      0.7241091132164001
    ],
    [
      -0.008236439898610115,
      0.008236439898610115,
      0.05894573777914047,
      0.7222222089767456,
      0.9741452932357788,
      0.7074532508850098
    ],
    [
      -0.03660095855593681,
      0.03660095855593681,
      0.030581217259168625,
      0.5,
      0.7413362860679626,
      0.7228633761405945
    ],
    [
      -0.03561173006892204,
      0.03561173006892204,
      0.031570445746183395,
      0.6388888955116272,
      0.7480795383453369,
      0.7228633761405945
    ],
    [
      -0.035735391080379486,
      0.035735391080379486,
      0.03144678473472595,
      0.6111111044883728,
      0.7467550039291382,
      0.7202649712562561
    ],
    [
      -0.03608563914895058,
      0.03608563914895058,
      0.03109653666615486,
      0.5555555820465088,
      0.7479348182678223,
      0.7202649712562561
    ],
    [
      -0.039739351719617844,
      0.039739351719617844,
      0.027442824095487595,
      0.3611111044883728,
      0.740947425365448,
      0.7195079326629639
    ],
    [
      -0.05883365124464035,
      0.05883365124464035,
      0.008348524570465088,
      0.2777777910232544,
      0.49967581033706665,
      0.5004329085350037
    ],
    [
      0.009463310241699219,
      0.009463310241699219,
      0.07664548605680466,
      0.8611111044883728,
      0.5001199245452881,
      0.5004329085350037
    ],
    [
      -0.03585954010486603,
      0.03585954010486603,
      0.03132263571023941,
      0.5833333134651184,
      0.7412756085395813,
      0.7207458019256592
    ],
    [
      -0.03911134973168373,
      0.03911134973168373,
      0.028070826083421707,
      0.3888888955116272,
      0.7409658432006836,
      0.7207458019256592
    ]
  ],
  "feature_names": [
    "charge",
    "abs_charge",
    "charge_centered",
    "charge_rank_norm",
    "wbo_sum",
    "wbo_max"
  ],
  "status": "ok",
  "error": null
}