{
  "canonical_smiles": "O=C(c1ccccc1)c1ccc2n1CCC2C(=O)O",
  "xtb_valid": true,
  "atom_valid_mask": [
    [
      1.0
    ],
    [
      1.0
    ],
    [
      1.0
    ],
    [
      1.0
    ],
    [
      1.0
    ],
    [
      1.0
    ],
    [
      1.0
    ],
    [
      1.0
    ],
    [
      1.0
    ],
    [
      1.0
    ],
    [
      1.0
    ],
    [
      1.0
    ],
    [
      1.0
    ],
    [
      1.0
    ],
    [
      1.0
    ],
    [
      1.0
    ],
    [
      1.0
    ],
    [
      1.0
    ],
    [
      1.0
    ]
  ],
  "atom_features": [
    [
      -0.4743901193141937,
      0.4743901193141937,
      -0.4135223627090454,
      0.0,
      0.4197063446044922,
      0.8394126892089844
    ],
    [
      0.22156976163387299,
      0.22156976163387299,
      0.2824375033378601,
      0.9444444179534912,
      0.9493274688720703,
      0.8394126892089844
    ],
    [
      -0.011222880333662033,
      0.011222880333662033,
      0.04964487627148628,
      0.6666666865348816,
      0.9728944897651672,
      0.6944542527198792
    ],
    [
      -0.03152205049991608,
      0.03152205049991608,
      0.02934570610523224,
      0.5,
      0.7361360788345337,
      0.7237902283668518
    ],
    [
      -0.032760828733444214,
      0.032760828733444214,
      0.0281069278717041,
      0.3888888955116272,
      0.7480918169021606,
      0.7237902283668518
    ],
    [
      -0.029382549226284027,
      0.029382549226284027,
      0.03148520737886429,
      0.5555555820465088,
      0.7432154417037964,
      0.7175503969192505
    ],
    [
      -0.032671019434928894,
      0.032671019434928894,
      0.02819673717021942,
      0.4444444477558136,
      0.7480593323707581,
      0.7240073680877686
    ],
    [
      -0.02178467996418476,
      0.02178467996418476,
      0.039083078503608704,
      0.6111111044883728,
      0.7367019653320312,
      0.7240073680877686
    ],
    [
      -0.0022738398984074593,
      0.0022738398984074593,
      0.05859391763806343,
      0.7777777910232544,
      0.9244940280914307,
      0.7011445164680481
    ],
    [
      -0.06376179307699203,
      0.06376179307699203,
      -0.0028940364718437195,
      0.2777777910232544,
      0.6966613531112671,
      0.7011445164680481
    ],
    [
      -0.07412631809711456,
      0.07412631809711456,
      -0.013258561491966248,
      0.1666666716337204,
      0.7120310068130493,
      0.7318837642669678
    ],
    [
      0.04135764017701149,
      0.04135764017701149,
      0.1022253930568695,
      0.8888888955116272,
      0.9247353076934814,
      0.7318837642669678
    ],
    [
      -0.0009656500187702477,
      0.0009656500187702477,
      0.05990210548043251,
      0.8333333134651184,
      0.8538206815719604,
      0.6232097744941711
    ],
    [
      -0.010496020317077637,
      0.010496020317077637,
      0.05037173628807068,
      0.7222222089767456,
      0.49573662877082825,
      0.5016272664070129
    ],
    [
      -0.07289020717144012,
      0.07289020717144012,
      -0.012022450566291809,
      0.2222222238779068,
      0.49695470929145813,
      0.5016272664070129
    ],
    [
      -0.04357203096151352,
      0.04357203096151352,
      0.017295725643634796,
      0.3333333432674408,
      0.7356723546981812,
      0.4943769872188568
    ],
    [
      0.3652627170085907,
      0.3652627170085907,
      0.426130473613739,
      1.0,
      0.9645264148712158,
      0.8600924015045166
    ],
    [
      -0.46655571460723877,
      0.46655571460723877,
      -0.40568795800209045,
      0.0555555559694767,
      0.47353577613830566,
      0.8600924015045166
    ],
    [
      -0.4163016974925995,
      0.4163016974925995,
      -0.35543394088745117,
      0.1111111119389534,
      0.3356270492076874,
      0.58427494764328
    ]
  ],
  "feature_names": [
    "charge",
    "abs_charge",
    "charge_centered",
    "charge_rank_norm",
    "wbo_sum",
    "wbo_max"
  ],
  "status": "ok",
  "error": null
}