{
  "canonical_smiles": "COC(=O)O[C@@]12CO[C@@H]1C[C@H](O)[C@@]1(C)C(=O)[C@H](OC(C)=O)C3=C(C)[C@@H](OC(=O)C(O)[C@@H](NC(=O)OC(C)(C)C)C(C)(C)C)C[C@@](O)([C@@H](OC(=O)c4ccccc4)[C@H]21)C3(C)C",
  "xtb_valid": true,
  "atom_valid_mask": [
    [
      1.0
    ],
    [
      1.0
    ],
    [
      1.0
    ],
    [
      1.0
    ],
    [
      1.0
    ],
    [
      1.0
    ],
    [
      1.0
    ],
    [
      1.0
    ],
    [
      1.0
    ],
    [
      1.0
    ],
    [
      1.0
    ],
    [
      1.0
    ],
    [
      1.0
    ],
    [
      1.0
    ],
    [
      1.0
    ],
    [
      1.0
    ],
    [
      1.0
    ],
    [
      1.0
    ],
    [
      1.0
    ],
    [
      1.0
    ],
    [
      1.0
    ],
    [
      1.0
    ],
    [
      1.0
    ],
    [
      1.0
    ],
    [
      1.0
    ],
    [
      1.0
    ],
    [
      1.0
    ],
    [
      1.0
    ],
    [
      1.0
    ],
    [
      1.0
    ],
    [
      1.0
    ],
    [
      1.0
    ],
    [
      1.0
    ],
    [
      1.0
    ],
    [
      1.0
    ],
    [
      1.0
    ],
    [
      1.0
    ],
    [
      1.0
    ],
    [
      1.0
    ],
    [
      1.0
    ],
    [
      1.0
    ],
    [
      1.0
    ],
    [
      1.0
    ],
    [
      1.0
    ],
    [
      1.0
    ],
    [
      1.0
    ],
    [
      1.0
    ],
    [
      1.0
    ],
    [
      1.0
    ],
    [
      1.0
    ],
    [
      1.0
    ],
    [
      1.0
    ],
    [
      1.0
    ],
    [
      1.0
    ],
    [
      1.0
    ],
    [
      1.0
    ],
    [
      1.0
    ],
    [
      1.0
    ],
    [
      1.0
    ],
    [
      1.0
    ]
  ],
  "atom_features": [
    [
      0.0030787698924541473,
      0.0030787698924541473,
      0.08251465857028961,
      0.6779661178588867,
      0.2315930724143982,
      0.4631861448287964
    ],
    [
      -0.2642556428909302,
      0.2642556428909302,
      -0.184819757938385,
      0.23728813230991364,
      0.5492903590202332,
      0.5578309297561646
    ],
    [
      0.48118188977241516,
      0.48118188977241516,
      0.5606178045272827,
      1.0,
      0.9678844213485718,
      0.835911214351654
    ],
    [
      -0.46652206778526306,
      0.46652206778526306,
      -0.3870861828327179,
      0.08474576473236084,
      0.4911716878414154,
      0.835911214351654
    ],
    [
      -0.2915370762348175,
      0.2915370762348175,
      -0.21210119128227234,
      0.18644067645072937,
      0.5329596400260925,
      0.542026698589325
    ],
    [
      0.1390099972486496,
      0.1390099972486496,
      0.21844589710235596,
      0.8813559412956238,
      0.9526261687278748,
      0.48808717727661133
    ],
    [
      0.07817944884300232,
      0.07817944884300232,
      0.15761533379554749,
      0.7457627058029175,
      0.4867578446865082,
      0.48808717727661133
    ],
    [
      -0.35376477241516113,
      0.35376477241516113,
      -0.27432888746261597,
      0.1525423675775528,
      0.48166775703430176,
      0.48542851209640503
    ],
    [
      0.1072675809264183,
      0.1072675809264183,
      0.18670347332954407,
      0.8135592937469482,
      0.7265343070030212,
      0.4982042610645294
    ],
    [
      -0.08537515997886658,
      0.08537515997886658,
      -0.005939267575740814,
      0.47457626461982727,
      0.4968469440937042,
      0.4982042610645294
    ],
    [
      0.1214899867773056,
      0.1214899867773056,
      0.20092588663101196,
      0.8474576473236084,
      0.728557288646698,
      0.49700790643692017
    ],
    [
      -0.4687262773513794,
      0.4687262773513794,
      -0.38929039239883423,
      0.06779661029577255,
      0.24850395321846008,
      0.49700790643692017
    ],
    [
      -0.009318149648606777,
      0.009318149648606777,
      0.07011774182319641,
      0.6440678238868713,
      0.9598348736763,
      0.4976973533630371
    ],
    [
      -0.11214146763086319,
      0.11214146763086319,
      -0.03270557522773743,
      0.4237288236618042,
      0.24884867668151855,
      0.4976973533630371
    ],
    [
      0.2241380214691162,
      0.2241380214691162,
      0.3035739064216614,
      0.9152542352676392,
      0.9365832805633545,
      0.9212929606437683
    ],
    [
      -0.3750491440296173,
      0.3750491440296173,
      -0.29561325907707214,
      0.1355932205915451,
      0.46064648032188416,
      0.9212929606437683
    ],
    [
      0.09961490333080292,
      0.09961490333080292,
      0.17905080318450928,
      0.7966101765632629,
      0.7156751751899719,
      0.48632222414016724
    ],
    [
      -0.2519723176956177,
      0.2519723176956177,
      -0.1725364327430725,
      0.2542372941970825,
      0.5551834106445312,
      0.5601212382316589
    ],
    [
      0.3674614131450653,
      0.3674614131450653,
      0.4468972980976105,
      0.9661017060279846,
      0.9583434462547302,
      0.8507019281387329
    ],
    [
      -0.17049917578697205,
      0.17049917578697205,
      -0.09106328338384628,
      0.2881355881690979,
      0.2529318630695343,
      0.5058637261390686
    ],
    [
      -0.4809935986995697,
      0.4809935986995697,
      -0.40155771374702454,
      0.033898305147886276,
      0.4648434817790985,
      0.8507019281387329
    ],
    [
      -0.02913261018693447,
      0.02913261018693447,
      0.05030328035354614,
      0.5254237055778503,
      0.9411722421646118,
      0.905848503112793
    ],
    [
      -0.0009974800050258636,
      0.0009974800050258636,
      0.0784384161233902,
      0.6610169410705566,
      0.9578672051429749,
      0.905848503112793
    ],
    [
      -0.1214565634727478,
      0.1214565634727478,
      -0.04202067106962204,
      0.33898305892944336,
      0.2576240301132202,
      0.5152480602264404
    ],
    [
      0.11226780712604523,
      0.11226780712604523,
      0.1917037069797516,
      0.8305084705352783,
      0.722099244594574,
      0.4946378767490387
    ],
    [
      -0.26791518926620483,
      0.26791518926620483,
      -0.18847930431365967,
      0.22033898532390594,
      0.5558640360832214,
      0.5646761655807495
    ],
    [
      0.3467985689640045,
      0.3467985689640045,
      0.4262344539165497,
      0.9322034120559692,
      0.9558000564575195,
      0.8783195614814758
    ],
    [
      -0.4286139905452728,
      0.4286139905452728,
      -0.34917810559272766,
      0.11864406615495682,
      0.4823869466781616,
      0.8783195614814758
    ],
    [
      0.0885196328163147,
      0.0885196328163147,
      0.16795551776885986,
      0.7627118825912476,
      0.7243139147758484,
      0.4932180941104889
    ],
    [
      -0.45453813672065735,
      0.45453813672065735,
      -0.3751022517681122,
      0.10169491171836853,
      0.24660904705524445,
      0.4932180941104889
    ],
    [
      0.03850710019469261,
      0.03850710019469261,
      0.11794298887252808,
      0.7288135886192322,
      0.7250901460647583,
      0.49038106203079224
    ],
    [
      -0.2125634253025055,
      0.2125634253025055,
      -0.13312754034996033,
      0.2711864411830902,
      0.5952874422073364,
      0.6184707880020142
    ],
    [
      0.4047306776046753,
      0.4047306776046753,
      0.48416656255722046,
      0.9830508232116699,
      0.9728112816810608,
      0.7872944474220276
    ],
    [
      -0.5379697680473328,
      0.5379697680473328,
      -0.4585338830947876,
      0.0,
      0.46647539734840393,
      0.7872944474220276
    ],
    [
      -0.32157644629478455,
      0.32157644629478455,
      -0.24214056134223938,
      0.16949152946472168,
      0.5253900289535522,
      0.5398573875427246
    ],
    [
      0.1581096649169922,
      0.1581096649169922,
      0.23754554986953735,
      0.8983050584793091,
      0.9693129658699036,
      0.4975951611995697
    ],
    [
      -0.12977230548858643,
      0.12977230548858643,
      -0.05033641308546066,
      0.3050847351551056,
      0.24826760590076447,
      0.49653521180152893
    ],
    [
      -0.12066604197025299,
