{
  "canonical_smiles": "CC(C)(C)[C@H]1CC[C@H](C2=C(O)C(=O)c3ccccc3C2=O)CC1",
  "xtb_valid": true,
  "atom_valid_mask": [
    [
      1.0
    ],
    [
      1.0
    ],
    [
      1.0
    ],
    [
      1.0
    ],
    [
      1.0
    ],
    [
      1.0
    ],
    [
      1.0
    ],
    [
      1.0
    ],
    [
      1.0
    ],
    [
      1.0
    ],
    [
      1.0
    ],
    [
      1.0
    ],
    [
      1.0
    ],
    [
      1.0
    ],
    [
      1.0
    ],
    [
      1.0
    ],
    [
      1.0
    ],
    [
      1.0
    ],
    [
      1.0
    ],
    [
      1.0
    ],
    [
      1.0
    ],
    [
      1.0
    ],
    [
      1.0
    ]
  ],
  "atom_features": [
    [
      -0.11186643689870834,
      0.11186643689870834,
      -0.05184845253825188,
      0.1818181872367859,
      0.24941307306289673,
      0.49882614612579346
    ],
    [
      0.022853640839457512,
      0.022853640839457512,
      0.08287162333726883,
      0.8636363744735718,
      0.9909473061561584,
      0.5003585815429688
    ],
    [
      -0.10757841914892197,
      0.10757841914892197,
      -0.0475604347884655,
      0.22727273404598236,
      0.2501792907714844,
      0.5003585815429688
    ],
    [
      -0.11260733753442764,
      0.11260733753442764,
      -0.052589353173971176,
      0.13636364042758942,
      0.24934004247188568,
      0.49868008494377136
    ],
    [
      -0.028065640479326248,
      0.028065640479326248,
      0.03195234388113022,
      0.5,
      0.7388150095939636,
      0.4974658191204071
    ],
    [
      -0.05725871026515961,
      0.05725871026515961,
      0.0027592740952968597,
      0.3181818127632141,
      0.5001146793365479,
      0.502763569355011
    ],
    [
      -0.04850891977548599,
      0.04850891977548599,
      0.011509064584970474,
      0.40909090638160706,
      0.4939221441745758,
      0.502763569355011
    ],
    [
      -0.011820260435342789,
      0.011820260435342789,
      0.04819772392511368,
      0.7272727489471436,
      0.73810875415802,
      0.5006465911865234
    ],
    [
      -0.03303125128149986,
      0.03303125128149986,
      0.026986733078956604,
      0.4545454680919647,
      0.9154777526855469,
      0.8091924786567688
    ],
    [
      0.1182079091668129,
      0.1182079091668129,
      0.17822588980197906,
      0.9090909361839294,
      0.9372465014457703,
      0.8091924786567688
    ],
    [
      -0.40855672955513,
      0.40855672955513,
      -0.34853875637054443,
      0.09090909361839294,
      0.2773946523666382,
      0.5547893047332764
    ],
    [
      0.21527400612831116,
      0.21527400612831116,
      0.27529197931289673,
      0.9545454382896423,
      0.9479502439498901,
      0.8583472371101379
    ],
    [
      -0.4182610511779785,
      0.4182610511779785,
      -0.35824307799339294,
      0.0,
      0.42917361855506897,
      0.8583472371101379
    ],
    [
      -0.01149620022624731,
      0.01149620022624731,
      0.04852178320288658,
      0.7727272510528564,
      0.9418998956680298,
      0.6909652948379517
    ],
    [
      -0.013290289789438248,
      0.013290289789438248,
      0.04672769457101822,
      0.6818181872367859,
      0.7039494514465332,
      0.7169336080551147
    ],
    [
      -0.022076299414038658,
      0.022076299414038658,
      0.03794168680906296,
      0.5454545617103577,
      0.7169835567474365,
      0.7170334458351135
    ],
    [
      -0.019731320440769196,
      0.019731320440769196,
      0.04028666391968727,
      0.5909090638160706,
      0.7153008580207825,
      0.7170334458351135
    ],
    [
      -0.013338410295546055,
      0.013338410295546055,
      0.046679574996232986,
      0.6363636255264282,
      0.7060669660568237,
      0.7135682106018066
    ],
    [
      -0.009608919732272625,
      0.009608919732272625,
      0.05040906369686127,
      0.8181818127632141,
      0.9398600459098816,
      0.6985657215118408
    ],
    [
      0.2224660962820053,
      0.2224660962820053,
      0.2824840843677521,
      1.0,
      0.9507467150688171,
      0.8650150299072266
    ],
    [
      -0.4161980152130127,
      0.4161980152130127,
      -0.3561800420284271,
      0.04545454680919647,
      0.4325075149536133,
      0.8650150299072266
    ],
    [
      -0.055073969066143036,
      0.055073969066143036,
      0.004944015294313431,
      0.3636363744735718,
      0.497919499874115,
      0.5053487420082092
    ],
    [
      -0.06084711104631424,
      0.06084711104631424,
      -0.0008291266858577728,
      0.27272728085517883,
      0.5007416009902954,
      0.5053487420082092
    ]
  ],
  "feature_names": [
    "charge",
    "abs_charge",
    "charge_centered",
    "charge_rank_norm",
    "wbo_sum",
    "wbo_max"
  ],
  "status": "ok",
  "error": null
}