{
  "canonical_smiles": "O=C1C(CCSc2ccccc2)C(=O)N(c2ccccc2)N1c1ccccc1",
  "xtb_valid": true,
  "atom_valid_mask": [
    [
      1.0
    ],
    [
      1.0
    ],
    [
      1.0
    ],
    [
      1.0
    ],
    [
      1.0
    ],
    [
      1.0
    ],
    [
      1.0
    ],
    [
      1.0
    ],
    [
      1.0
    ],
    [
      1.0
    ],
    [
      1.0
    ],
    [
      1.0
    ],
    [
      1.0
    ],
    [
      1.0
    ],
    [
      1.0
    ],
    [
      1.0
    ],
    [
      1.0
    ],
    [
      1.0
    ],
    [
      1.0
    ],
    [
      1.0
    ],
    [
      1.0
    ],
    [
      1.0
    ],
    [
      1.0
    ],
    [
      1.0
    ],
    [
      1.0
    ],
    [
      1.0
    ],
    [
      1.0
    ],
    [
      1.0
    ]
  ],
  "atom_features": [
    [
      -0.4449031352996826,
      0.4449031352996826,
      -0.4044152498245239,
      0.03703703731298447,
      0.4647742807865143,
      0.8465307950973511
    ],
    [
      0.26864850521087646,
      0.26864850521087646,
      0.30913639068603516,
      1.0,
      0.9562680721282959,
      0.8465307950973511
    ],
    [
      -0.06600909680128098,
      0.06600909680128098,
      -0.025521211326122284,
      0.1111111119389534,
      0.7234963178634644,
      0.4856695830821991
    ],
    [
      -0.04049566015601158,
      0.04049566015601158,
      -7.774680852890015e-06,
      0.29629629850387573,
      0.4909372627735138,
      0.5052868723869324
    ],
    [
      -0.006267370190471411,
      0.006267370190471411,
      0.03422051668167114,
      0.8148148059844971,
      0.49672746658325195,
      0.5052868723869324
    ],
    [
      -0.23011286556720734,
      0.23011286556720734,
      -0.18962498009204865,
      0.07407407462596893,
      0.494223415851593,
      0.5002787709236145
    ],
    [
      0.050258569419384,
      0.050258569419384,
      0.0907464548945427,
      0.8518518805503845,
      0.9795135855674744,
      0.7037256360054016
    ],
    [
      -0.03647109121084213,
      0.03647109121084213,
      0.004016794264316559,
      0.37037035822868347,
      0.7398875951766968,
      0.7211295962333679
    ],
    [
      -0.03397861868143082,
      0.03397861868143082,
      0.006509266793727875,
      0.5555555820465088,
      0.7467725276947021,
      0.7211295962333679
    ],
    [
      -0.034125279635190964,
      0.034125279635190964,
      0.006362605839967728,
      0.5185185074806213,
      0.7442895174026489,
      0.7191914916038513
    ],
    [
      -0.03346993029117584,
      0.03346993029117584,
      0.007017955183982849,
      0.6296296119689941,
      0.7472366690635681,
      0.7198445200920105
    ],
    [
      -0.03794493153691292,
      0.03794493153691292,
      0.0025429539382457733,
      0.3333333432674408,
      0.7392062544822693,
      0.7198445200920105
    ],
    [
      0.26811474561691284,
      0.26811474561691284,
      0.30860263109207153,
      0.9629629850387573,
      0.9559363722801208,
      0.8452700972557068
    ],
    [
      -0.44778862595558167,
      0.44778862595558167,
      -0.407300740480423,
      0.0,
      0.46454232931137085,
      0.8452700972557068
    ],
    [
      -0.0339648500084877,
      0.0339648500084877,
      0.00652303546667099,
      0.5925925970077515,
      0.8312081098556519,
      0.5818671584129333
    ],
    [
      0.06489484757184982,
      0.06489484757184982,
      0.10538273304700851,
      0.8888888955116272,
      0.9416787624359131,
      0.6911318302154541
    ],
    [
      -0.0440567210316658,
      0.0440567210316658,
      -0.0035688355565071106,
      0.14814814925193787,
      0.7337236404418945,
      0.7213821411132812
    ],
    [
      -0.03210927173495293,
      0.03210927173495293,
      0.008378613740205765,
      0.6666666865348816,
      0.7475957870483398,
      0.7213821411132812
    ],
    [
      -0.03534374013543129,
      0.03534374013543129,
      0.005144145339727402,
      0.40740740299224854,
      0.7186643481254578,
      0.7186676859855652
    ],
    [
      -0.030932080000638962,
      0.030932080000638962,
      0.00955580547451973,
      0.7407407164573669,
      0.7474241256713867,
      0.7210447192192078
    ],
    [
      -0.04299242049455643,
      0.04299242049455643,
      -0.0025045350193977356,
      0.25925925374031067,
      0.7336625456809998,
      0.7210447192192078
    ],
    [
      -0.034662120044231415,
      0.034662120044231415,
      0.005825765430927277,
      0.48148149251937866,
      0.829858660697937,
      0.5803357362747192
    ],
    [
      0.06548693776130676,
      0.06548693776130676,
      0.10597482323646545,
      0.9259259104728699,
      0.9416405558586121,
      0.6913697123527527
    ],
    [
      -0.04330801963806152,
      0.04330801963806152,
      -0.002820134162902832,
      0.2222222238779068,
      0.7337051630020142,
      0.720795750617981
    ],
    [
      -0.03079088032245636,
      0.03079088032245636,
      0.009697005152702332,
      0.7777777910232544,
      0.7474074363708496,
      0.720795750617981
    ],
    [
      -0.03527073934674263,
      0.03527073934674263,
      0.005217146128416061,
      0.4444444477558136,
      0.7187788486480713,
      0.7188297510147095
    ],
    [
      -0.03205465152859688,
      0.03205465152859688,
      0.008433233946561813,
      0.7037037014961243,
      0.7475757598876953,
      0.7211787700653076
    ],
    [
      -0.044012270867824554,
      0.044012270867824554,
      -0.003524385392665863,
      0.18518517911434174,
      0.7336769104003906,
      0.7211787700653076
    ]
  ],
  "feature_names": [
    "charge",
    "abs_charge",
    "charge_centered",
    "charge_rank_norm",
    "wbo_sum",
    "wbo_max"
  ],
  "status": "ok",
  "error": null
}