{
  "canonical_smiles": "CCC[C@@H]1O[C@@H]2C[C@H]3[C@@H]4C[C@H](F)C5=CC(=O)CC[C@]5(C)[C@@]4(F)[C@@H](O)C[C@]3(C)[C@]2(SC)O1",
  "xtb_valid": true,
  "atom_valid_mask": [
    [
      1.0
    ],
    [
      1.0
    ],
    [
      1.0
    ],
    [
      1.0
    ],
    [
      1.0
    ],
    [
      1.0
    ],
    [
      1.0
    ],
    [
      1.0
    ],
    [
      1.0
    ],
    [
      1.0
    ],
    [
      1.0
    ],
    [
      1.0
    ],
    [
      1.0
    ],
    [
      1.0
    ],
    [
      1.0
    ],
    [
      1.0
    ],
    [
      1.0
    ],
    [
      1.0
    ],
    [
      1.0
    ],
    [
      1.0
    ],
    [
      1.0
    ],
    [
      1.0
    ],
    [
      1.0
    ],
    [
      1.0
    ],
    [
      1.0
    ],
    [
      1.0
    ],
    [
      1.0
    ],
    [
      1.0
    ],
    [
      1.0
    ],
    [
      1.0
    ],
    [
      1.0
    ]
  ],
  "atom_features": [
    [
      -0.11255209147930145,
      0.11255209147930145,
      -0.039891570806503296,
      0.30000001192092896,
      0.25542402267456055,
      0.5108480453491211
    ],
    [
      -0.05911783128976822,
      0.05911783128976822,
      0.013542689383029938,
      0.5666666626930237,
      0.506496012210846,
      0.5108480453491211
    ],
    [
      -0.07068212330341339,
      0.07068212330341339,
      0.0019783973693847656,
      0.4333333373069763,
      0.4971567690372467,
      0.5021439790725708
    ],
    [
      0.25819894671440125,
      0.25819894671440125,
      0.3308594822883606,
      1.0,
      0.7251272797584534,
      0.492169588804245
    ],
    [
      -0.359578400850296,
      0.359578400850296,
      -0.28691786527633667,
      0.10000000149011612,
      0.48075106739997864,
      0.4808370769023895
    ],
    [
      0.11364387720823288,
      0.11364387720823288,
      0.18630439043045044,
      0.8333333134651184,
      0.7251147627830505,
      0.4885324537754059
    ],
    [
      -0.07789261639118195,
      0.07789261639118195,
      -0.005232095718383789,
      0.36666667461395264,
      0.49319279193878174,
      0.4978531301021576
    ],
    [
      -0.020870130509138107,
      0.020870130509138107,
      0.05179039016366005,
      0.6666666865348816,
      0.7362460494041443,
      0.4978531301021576
    ],
    [
      -0.02974040061235428,
      0.02974040061235428,
      0.04292012006044388,
      0.6333333253860474,
      0.7353293895721436,
      0.4940178692340851
    ],
    [
      -0.07636643201112747,
      0.07636643201112747,
      -0.003705911338329315,
      0.4000000059604645,
      0.4954596757888794,
      0.4969014525413513
    ],
    [
      0.1482498049736023,
      0.1482498049736023,
      0.22091032564640045,
      0.8666666746139526,
      0.7208309769630432,
      0.4969014525413513
    ],
    [
      -0.27701982855796814,
      0.27701982855796814,
      -0.20435930788516998,
      0.1666666716337204,
      0.22626186907291412,
      0.45252373814582825
    ],
    [
      0.024314269423484802,
      0.024314269423484802,
      0.09697479009628296,
      0.7666666507720947,
      0.9445953369140625,
      0.9038791656494141
    ],
    [
      -0.06477119773626328,
      0.06477119773626328,
      0.007889322936534882,
      0.5333333611488342,
      0.7178953289985657,
      0.9038791656494141
    ],
    [
      0.24313761293888092,
      0.24313761293888092,
      0.3157981336116791,
      0.9666666388511658,
      0.9553826451301575,
      0.8769586086273193
    ],
    [
      -0.44865119457244873,
      0.44865119457244873,
      -0.37599068880081177,
      0.03333333507180214,
      0.43847930431365967,
      0.8769586086273193
    ],
    [
      -0.09447350353002548,
      0.09447350353002548,
      -0.021812982857227325,
      0.3333333432674408,
      0.5026854276657104,
      0.5034756660461426
    ],
    [
      -0.06572064757347107,
      0.06572064757347107,
      0.006939873099327087,
      0.5,
      0.49593624472618103,
      0.5034756660461426
    ],
    [
      0.017841210588812828,
      0.017841210588812828,
      0.09050173312425613,
      0.7333333492279053,
      0.9714949727058411,
      0.49307477474212646
    ],
    [
      -0.12463802099227905,
      0.12463802099227905,
      -0.051977500319480896,
      0.2666666805744171,
      0.2439238429069519,
      0.4878476858139038
    ],
    [
      0.16564254462718964,
      0.16564254462718964,
      0.2383030652999878,
      0.8999999761581421,
      0.9440765976905823,
      0.48299428820610046
    ],
    [
      -0.2857801020145416,
      0.2857801020145416,
      -0.21311958134174347,
      0.13333334028720856,
      0.2252996414899826,
      0.4505992829799652
    ],
    [
      0.1074916198849678,
      0.1074916198849678,
      0.18015214800834656,
      0.800000011920929,
      0.7348468899726868,
      0.49829235672950745
    ],
    [
      -0.49133580923080444,
      0.49133580923080444,
      -0.4186753034591675,
      0.0,
      0.24914617836475372,
      0.49829235672950745
    ],
    [
      -0.06774947792291641,
      0.06774947792291641,
      0.004911042749881744,
      0.46666666865348816,
      0.49297380447387695,
      0.4954351782798767
    ],
    [
      0.008210750296711922,
      0.008210750296711922,
      0.08087126910686493,
      0.699999988079071,
      0.9731776118278503,
      0.49824297428131104
    ],
    [
      -0.12644608318805695,
      0.12644608318805695,
      -0.05378556251525879,
      0.23333333432674408,
      0.24912148714065552,
      0.49824297428131104
    ],
    [
      0.17209072411060333,
      0.17209072411060333,
      0.2447512447834015,
      0.9333333373069763,
      0.9524819254875183,
      0.48586568236351013
    ],
    [
      -0.24512879550457,
      0.24512879550457,
      -0.17246827483177185,
      0.20000000298023224,
      0.4862574338912964,
      0.5059614777565002
    ],
    [
      -0.05104120820760727,
      0.05104120820760727,
      0.021619312465190887,
      0.6000000238418579,
      0.2529807388782501,
      0.5059614777565002
    ],
    [
      -0.3617416322231293,
      0.3617416322231293,
      -0.2890810966491699,
      0.06666667014360428,
      0.48164284229278564,
      0.48586568236351013
    ]
  ],
  "feature_names": [
    "charge",
    "abs_charge",
    "charge_centered",
    "charge_rank_norm",
    "wbo_sum",
    "wbo_max"
  ],
  "status": "ok",
  "error": null
}