{
  "canonical_smiles": "COc1cc(Br)c2oc(C3CCNCC3)cc2c1",
  "xtb_valid": true,
  "atom_valid_mask": [
    [
      1.0
    ],
    [
      1.0
    ],
    [
      1.0
    ],
    [
      1.0
    ],
    [
      1.0
    ],
    [
      1.0
    ],
    [
      1.0
    ],
    [
      1.0
    ],
    [
      1.0
    ],
    [
      1.0
    ],
    [
      1.0
    ],
    [
      1.0
    ],
    [
      1.0
    ],
    [
      1.0
    ],
    [
      1.0
    ],
    [
      1.0
    ],
    [
      1.0
    ],
    [
      1.0
    ]
  ],
  "atom_features": [
    [
      0.016320599243044853,
      0.016320599243044853,
      0.06598985195159912,
      0.7647058963775635,
      0.2417944073677063,
      0.4835888147354126
    ],
    [
      -0.2928749918937683,
      0.2928749918937683,
      -0.2432057410478592,
      0.0,
      0.507745623588562,
      0.5319023728370667
    ],
    [
      0.13708390295505524,
      0.13708390295505524,
      0.18675315380096436,
      1.0,
      0.9492272734642029,
      0.7064483165740967
    ],
    [
      -0.07428020983934402,
      0.07428020983934402,
      -0.024610958993434906,
      0.3529411852359772,
      0.6906786561012268,
      0.7212535738945007
    ],
    [
      0.06154591962695122,
      0.06154591962695122,
      0.11121517419815063,
      0.8235294222831726,
      0.9636226296424866,
      0.7212535738945007
    ],
    [
      -0.17350812256336212,
      0.17350812256336212,
      -0.123838871717453,
      0.1764705926179886,
      0.24564595520496368,
      0.49129191040992737
    ],
    [
      0.10612668097019196,
      0.10612668097019196,
      0.15579593181610107,
      0.8823529481887817,
      0.920524537563324,
      0.6628804206848145
    ],
    [
      -0.209888756275177,
      0.209888756275177,
      -0.16021950542926788,
      0.11764705926179886,
      0.5422113537788391,
      0.5452315211296082
    ],
    [
      0.12017855048179626,
      0.12017855048179626,
      0.16984780132770538,
      0.9411764740943909,
      0.9255558252334595,
      0.8015751242637634
    ],
    [
      -0.01855825074017048,
      0.01855825074017048,
      0.03111100010573864,
      0.529411792755127,
      0.7405030727386475,
      0.5043050646781921
    ],
    [
      -0.0590575709939003,
      0.0590575709939003,
      -0.00938832014799118,
      0.47058823704719543,
      0.4949234127998352,
      0.5002533197402954
    ],
    [
      0.0123872896656394,
      0.0123872896656394,
      0.062056541442871094,
      0.6470588445663452,
      0.5028342604637146,
      0.5054152011871338
    ],
    [
      -0.2903420627117157,
      0.2903420627117157,
      -0.24067281186580658,
      0.05882352963089943,
      0.5043569803237915,
      0.5054152011871338
    ],
    [
      0.016300149261951447,
      0.016300149261951447,
      0.06596940010786057,
      0.7058823704719543,
      0.503603994846344,
      0.5039091110229492
    ],
    [
      -0.059245120733976364,
      0.059245120733976364,
      -0.009575869888067245,
      0.4117647111415863,
      0.4955083429813385,
      0.5039091110229492
    ],
    [
      -0.08845140039920807,
      0.08845140039920807,
      -0.03878214955329895,
      0.23529411852359772,
      0.7047479748725891,
      0.8015751242637634
    ],
    [
      -0.011990539729595184,
      0.011990539729595184,
      0.037678711116313934,
      0.5882353186607361,
      0.9517205357551575,
      0.6565428972244263
    ],
    [
      -0.08579260855913162,
      0.08579260855913162,
      -0.036123357713222504,
      0.29411765933036804,
      0.7074052691459656,
      0.7064483165740967
    ]
  ],
  "feature_names": [
    "charge",
    "abs_charge",
    "charge_centered",
    "charge_rank_norm",
    "wbo_sum",
    "wbo_max"
  ],
  "status": "ok",
  "error": null
}