{
  "canonical_smiles": "C[C@H](C(=O)O)c1cccc(C(=O)c2ccccc2)c1",
  "xtb_valid": true,
  "atom_valid_mask": [
    [
      1.0
    ],
    [
      1.0
    ],
    [
      1.0
    ],
    [
      1.0
    ],
    [
      1.0
    ],
    [
      1.0
    ],
    [
      1.0
    ],
    [
      1.0
    ],
    [
      1.0
    ],
    [
      1.0
    ],
    [
      1.0
    ],
    [
      1.0
    ],
    [
      1.0
    ],
    [
      1.0
    ],
    [
      1.0
    ],
    [
      1.0
    ],
    [
      1.0
    ],
    [
      1.0
    ],
    [
      1.0
    ]
  ],
  "atom_features": [
    [
      -0.1114678680896759,
      0.1114678680896759,
      -0.050945211201906204,
      0.1666666716337204,
      0.24680191278457642,
      0.49360382556915283
    ],
    [
      -0.040531858801841736,
      0.040531858801841736,
      0.019990798085927963,
      0.2222222238779068,
      0.7302454113960266,
      0.49360382556915283
    ],
    [
      0.3641585409641266,
      0.3641585409641266,
      0.4246811866760254,
      1.0,
      0.9612119793891907,
      0.8602373003959656
    ],
    [
      -0.46847620606422424,
      0.46847620606422424,
      -0.40795356035232544,
      0.0,
      0.47323447465896606,
      0.8602373003959656
    ],
    [
      -0.4259277880191803,
      0.4259277880191803,
      -0.3654051423072815,
      0.1111111119389534,
      0.33381351828575134,
      0.5813953876495361
    ],
    [
      0.02087686024606228,
      0.02087686024606228,
      0.08139951527118683,
      0.8888888955116272,
      0.9750795364379883,
      0.7106409668922424
    ],
    [
      -0.02928652986884117,
      0.02928652986884117,
      0.031236127018928528,
      0.5,
      0.7103577256202698,
      0.7189817428588867
    ],
    [
      -0.03197779133915901,
      0.03197779133915901,
      0.028544865548610687,
      0.2777777910232544,
      0.7476345300674438,
      0.723142147064209
    ],
    [
      -0.029790569096803665,
      0.029790569096803665,
      0.030732087790966034,
      0.4444444477558136,
      0.7328988313674927,
      0.723142147064209
    ],
    [
      -0.008207200095057487,
      0.008207200095057487,
      0.05231545865535736,
      0.8333333134651184,
      0.9472094178199768,
      0.6914447546005249
    ],
    [
      0.23035156726837158,
      0.23035156726837158,
      0.2908742129802704,
      0.9444444179534912,
      0.9479907751083374,
      0.870753824710846
    ],
    [
      -0.44740211963653564,
      0.44740211963653564,
      -0.38687947392463684,
      0.0555555559694767,
      0.435376912355423,
      0.870753824710846
    ],
    [
      -0.009347169660031796,
      0.009347169660031796,
      0.05117548629641533,
      0.7777777910232544,
      0.9471643567085266,
      0.6906511783599854
    ],
    [
      -0.019561149179935455,
      0.019561149179935455,
      0.040961507707834244,
      0.7222222089767456,
      0.7349546551704407,
      0.7249079942703247
    ],
    [
      -0.031310711055994034,
      0.031310711055994034,
      0.029211945831775665,
      0.3888888955116272,
      0.7479515075683594,
      0.7249079942703247
    ],
    [
      -0.02625730074942112,
      0.02625730074942112,
      0.03426535427570343,
      0.6111111044883728,
      0.7167012691497803,
      0.7168803215026855
    ],
    [
      -0.03155963867902756,
      0.03155963867902756,
      0.02896301820874214,
      0.3333333432674408,
      0.7479661107063293,
      0.7250597476959229
    ],
    [
      -0.028211470693349838,
      0.028211470693349838,
      0.03231118619441986,
      0.5555555820465088,
      0.7348158359527588,
      0.7250597476959229
    ],
    [
      -0.026002120226621628,
      0.026002120226621628,
      0.03452053666114807,
      0.6666666865348816,
      0.7276154160499573,
      0.7106409668922424
    ]
  ],
  "feature_names": [
    "charge",
    "abs_charge",
    "charge_centered",
    "charge_rank_norm",
    "wbo_sum",
    "wbo_max"
  ],
  "status": "ok",
  "error": null
}