{
  "canonical_smiles": "Cc1cc(Nc2ncnc3ccc(NC4=NC(C)(C)CO4)cc23)ccc1Oc1ccn2ncnc2c1",
  "xtb_valid": true,
  "atom_valid_mask": [
    [
      1.0
    ],
    [
      1.0
    ],
    [
      1.0
    ],
    [
      1.0
    ],
    [
      1.0
    ],
    [
      1.0
    ],
    [
      1.0
    ],
    [
      1.0
    ],
    [
      1.0
    ],
    [
      1.0
    ],
    [
      1.0
    ],
    [
      1.0
    ],
    [
      1.0
    ],
    [
      1.0
    ],
    [
      1.0
    ],
    [
      1.0
    ],
    [
      1.0
    ],
    [
      1.0
    ],
    [
      1.0
    ],
    [
      1.0
    ],
    [
      1.0
    ],
    [
      1.0
    ],
    [
      1.0
    ],
    [
      1.0
    ],
    [
      1.0
    ],
    [
      1.0
    ],
    [
      1.0
    ],
    [
      1.0
    ],
    [
      1.0
    ],
    [
      1.0
    ],
    [
      1.0
    ],
    [
      1.0
    ],
    [
      1.0
    ],
    [
      1.0
    ],
    [
      1.0
    ],
    [
      1.0
    ]
  ],
  "atom_features": [
    [
      -0.11408376693725586,
      0.11408376693725586,
      -0.06538386642932892,
      0.3142857253551483,
      0.25730249285697937,
      0.5146049857139587
    ],
    [
      0.002851820085197687,
      0.002851820085197687,
      0.05155172199010849,
      0.6000000238418579,
      0.9772341251373291,
      0.709682822227478
    ],
    [
      -0.05678495019674301,
      0.05678495019674301,
      -0.00808504968881607,
      0.4571428596973419,
      0.7235797643661499,
      0.709682822227478
    ],
    [
      0.07331808656454086,
      0.07331808656454086,
      0.1220179870724678,
      0.6857143044471741,
      0.9560356736183167,
      0.685399055480957
    ],
    [
      -0.18422232568264008,
      0.18422232568264008,
      -0.13552242517471313,
      0.20000000298023224,
      0.5512183904647827,
      0.5555853247642517
    ],
    [
      0.16340051591396332,
      0.16340051591396332,
      0.21210041642189026,
      0.9714285731315613,
      0.9365349411964417,
      0.7016746997833252
    ],
    [
      -0.2990967035293579,
      0.2990967035293579,
      -0.2503967881202698,
      0.08571428805589676,
      0.6920492053031921,
      0.7016746997833252
    ],
    [
      0.13792885839939117,
      0.13792885839939117,
      0.18662875890731812,
      0.9142857193946838,
      0.7129809856414795,
      0.7435382604598999
    ],
    [
      -0.29880958795547485,
      0.29880958795547485,
      -0.2501096725463867,
      0.11428571492433548,
      0.6927632689476013,
      0.7435382604598999
    ],
    [
      0.10412673652172089,
      0.10412673652172089,
      0.15282663702964783,
      0.800000011920929,
      0.9496791362762451,
      0.6434979438781738
    ],
    [
      -0.04684918001294136,
      0.04684918001294136,
      0.0018507204949855804,
      0.5142857432365417,
      0.7329564690589905,
      0.7618115544319153
    ],
    [
      -0.04147600010037422,
      0.04147600010037422,
      0.007223900407552719,
      0.5428571701049805,
      0.7062049508094788,
      0.7618115544319153
    ],
    [
      0.08339670300483704,
      0.08339670300483704,
      0.13209660351276398,
      0.7428571581840515,
      0.9551828503608704,
      0.7115795016288757
    ],
    [
      -0.16248318552970886,
      0.16248318552970886,
      -0.11378328502178192,
      0.22857142984867096,
      0.5940210819244385,
      0.589074432849884
    ],
    [
      0.2935923933982849,
      0.2935923933982849,
      0.34229230880737305,
      1.0,
      0.9609524607658386,
      0.8171952366828918
    ],
    [
      -0.3825933039188385,
      0.3825933039188385,
      -0.33389341831207275,
      0.0,
      0.7087204456329346,
      0.8171952366828918
    ],
    [
      0.09200867265462875,
      0.09200867265462875,
      0.1407085657119751,
      0.7714285850524902,
      0.9833524227142334,
      0.49802812933921814
    ],
    [
      -0.12234771251678467,
      0.12234771251678467,
      -0.07364781200885773,
      0.2571428716182709,
      0.24901406466960907,
      0.49802812933921814
    ],
    [
      -0.11662478744983673,
      0.11662478744983673,
      -0.06792488694190979,
      0.2857142984867096,
      0.2468254566192627,
      0.4936509132385254
    ],
    [
      0.07030397653579712,
      0.07030397653579712,
      0.11900387704372406,
      0.6571428775787354,
      0.48044800758361816,
      0.48632287979125977
    ],
    [
      -0.3287948966026306,
      0.3287948966026306,
      -0.2800949811935425,
      0.05714285746216774,
      0.5254856944084167,
      0.5156353116035461
    ],
    [
      -0.06835974752902985,
      0.06835974752902985,
      -0.019659847021102905,
      0.37142857909202576,
      0.711936354637146,
      0.7115795016288757
    ],
    [
      -0.022544460371136665,
      0.022544460371136665,
      0.026155440136790276,
      0.5714285969734192,
      0.9406859278678894,
      0.6516897082328796
    ],
    [
      -0.06389091908931732,
      0.06389091908931732,
      -0.01519101858139038,
      0.4000000059604645,
      0.7279120087623596,
      0.7257508039474487
    ],
    [
      -0.056468699127435684,
      0.056468699127435684,
      -0.007768798619508743,
      0.48571428656578064,
      0.7365875840187073,
      0.7257508039474487
    ],
    [
      0.11582812666893005,
      0.11582812666893005,
      0.164528027176857,
      0.8285714387893677,
      0.931854784488678,
      0.6953465938568115
    ],
    [
      -0.2684989273548126,
      0.2684989273548126,
      -0.21979902684688568,
      0.17142857611179352,
      0.5072190165519714,
      0.5260031819343567
    ],
    [
      0.15542590618133545,
      0.15542590618133545,
      0.2041258066892624,
      0.9428571462631226,
      0.9413585662841797,
      0.7677176594734192
    ],
    [
      -0.06027233973145485,
      0.06027233973145485,
      -0.011572439223527908,
      0.4285714328289032,
      0.7104200124740601,
      0.8318436145782471
    ],
    [
      0.004404949955642223,
      0.004404949955642223,
      0.05310485139489174,
      0.6285714507102966,
      0.7062507271766663,
      0.8318436145782471
    ],
    [
      0.08113464713096619,
      0.08113464713096619,
      0.12983454763889313,
      0.7142857313156128,
      0.8660337924957275,
      0.5819686651229858
    ],
    [
      -0.2725980579853058,
      0.2725980579853058,
      -0.22389815747737885,
      0.1428571492433548,
      0.6697717308998108,
      0.7575748562812805
    ],
    [
      0.11931201070547104,
      0.11931201070547104,
      0.16801190376281738,
      0.8571428656578064,
      0.7156407237052917,
      0.7575748562812805
    ],
    [
      -0.33109575510025024,
      0.33109575510025024,
      -0.2823958396911621,
      0.02857142873108387,
      0.6882384419441223,
      0.7027703523635864
    ],
    [
      0.1351006031036377,
      0.1351006031036377,
      0.18380050361156464,
      0.8857142925262451,
      0.9418980479240417,
      0.7027703523635864
    ],
    [
      -0.0874352678656578,
      0.0874352678656578,
      -0.038735367357730865,
      0.34285715222358704,
      0.6896511316299438,
      0.7677176594734192
    ]
  ],
  "feature_names": [
    "charge",
    "abs_charge",
    "charge_centered",
    "charge_rank_norm",
    "wbo_sum",
    "wbo_max"
  ],
  "status": "ok",
  "error": null
}