{
  "canonical_smiles": "c1ccc(C2(c3ccccc3)C[C@@H]2C2=NCCN2)cc1",
  "xtb_valid": true,
  "atom_valid_mask": [
    [
      1.0
    ],
    [
      1.0
    ],
    [
      1.0
    ],
    [
      1.0
    ],
    [
      1.0
    ],
    [
      1.0
    ],
    [
      1.0
    ],
    [
      1.0
    ],
    [
      1.0
    ],
    [
      1.0
    ],
    [
      1.0
    ],
    [
      1.0
    ],
    [
      1.0
    ],
    [
      1.0
    ],
    [
      1.0
    ],
    [
      1.0
    ],
    [
      1.0
    ],
    [
      1.0
    ],
    [
      1.0
    ],
    [
      1.0
    ]
  ],
  "atom_features": [
    [
      -0.035737570375204086,
      0.035737570375204086,
      0.0062493011355400085,
      0.5789473652839661,
      0.7469335794448853,
      0.7199185490608215
    ],
    [
      -0.03490665182471275,
      0.03490665182471275,
      0.0070802196860313416,
      0.6315789222717285,
      0.7482315301895142,
      0.7222189903259277
    ],
    [
      -0.03723926097154617,
      0.03723926097154617,
      0.004747610539197922,
      0.31578946113586426,
      0.7415820360183716,
      0.7222189903259277
    ],
    [
      0.007366950158029795,
      0.007366950158029795,
      0.04935382306575775,
      0.7368420958518982,
      0.9779914617538452,
      0.706556499004364
    ],
    [
      0.007533700205385685,
      0.007533700205385685,
      0.049520570784807205,
      0.7894737124443054,
      0.9571834802627563,
      0.4917832314968109
    ],
    [
      0.00767834996804595,
      0.00767834996804595,
      0.04966522008180618,
      0.8421052694320679,
      0.9770885705947876,
      0.70576012134552
    ],
    [
      -0.03630620986223221,
      0.03630620986223221,
      0.005680661648511887,
      0.42105263471603394,
      0.7406558990478516,
      0.7202847003936768
    ],
    [
      -0.03476849943399429,
      0.03476849943399429,
      0.007218372076749802,
      0.6842105388641357,
      0.7480162978172302,
      0.7202847003936768
    ],
    [
      -0.0360577292740345,
      0.0360577292740345,
      0.005929142236709595,
      0.4736842215061188,
      0.7464984655380249,
      0.7200830578804016
    ],
    [
      -0.036724939942359924,
      0.036724939942359924,
      0.0052619315683841705,
      0.3684210479259491,
      0.7479668259620667,
      0.7221491932868958
    ],
    [
      -0.04094314947724342,
      0.04094314947724342,
      0.0010437220335006714,
      0.15789473056793213,
      0.7400256991386414,
      0.7221491932868958
    ],
    [
      -0.0679001435637474,
      0.0679001435637474,
      -0.02591327205300331,
      0.10526315867900848,
      0.48159417510032654,
      0.48668116331100464
    ],
    [
      -0.037949200719594955,
      0.037949200719594955,
      0.004037670791149139,
      0.2631579041481018,
      0.7247974276542664,
      0.5062424540519714
    ],
    [
      0.1692807972431183,
      0.1692807972431183,
      0.21126766502857208,
      1.0,
      0.9701650142669678,
      0.8445296883583069
    ],
    [
      -0.3619215190410614,
      0.3619215190410614,
      -0.3199346363544464,
      0.0,
      0.7146798968315125,
      0.8445296883583069
    ],
    [
      0.012971480377018452,
      0.012971480377018452,
      0.05495835095643997,
      0.9473684430122375,
      0.499746173620224,
      0.5029733180999756
    ],
    [
      0.007816010154783726,
      0.007816010154783726,
      0.049802880734205246,
      0.8947368264198303,
      0.4970928728580475,
      0.49766668677330017
    ],
    [
      -0.21728141605854034,
      0.21728141605854034,
      -0.17529454827308655,
      0.05263157933950424,
      0.584540605545044,
      0.5895578265190125
    ],
    [
      -0.03874069079756737,
      0.03874069079756737,
      0.0032461807131767273,
      0.21052631735801697,
      0.7412100434303284,
      0.720487117767334
    ],
    [
      -0.03590771183371544,
      0.03590771183371544,
      0.006079159677028656,
      0.5263158082962036,
      0.748205304145813,
      0.720487117767334
    ]
  ],
  "feature_names": [
    "charge",
    "abs_charge",
    "charge_centered",
    "charge_rank_norm",
    "wbo_sum",
    "wbo_max"
  ],
  "status": "ok",
  "error": null
}