{
  "canonical_smiles": "CCCc1ccc2ccccc2n1",
  "xtb_valid": true,
  "atom_valid_mask": [
    [
      1.0
    ],
    [
      1.0
    ],
    [
      1.0
    ],
    [
      1.0
    ],
    [
      1.0
    ],
    [
      1.0
    ],
    [
      1.0
    ],
    [
      1.0
    ],
    [
      1.0
    ],
    [
      1.0
    ],
    [
      1.0
    ],
    [
      1.0
    ],
    [
      1.0
    ]
  ],
  "atom_features": [
    [
      -0.1057850793004036,
      0.1057850793004036,
      -0.06294070184230804,
      0.0833333358168602,
      0.2552899420261383,
      0.5105798840522766
    ],
    [
      -0.052614741027355194,
      0.052614741027355194,
      -0.009770363569259644,
      0.25,
      0.5023651123046875,
      0.5105798840522766
    ],
    [
      -0.07211065292358398,
      0.07211065292358398,
      -0.029266275465488434,
      0.1666666716337204,
      0.500118613243103,
      0.5060868859291077
    ],
    [
      0.09967003017663956,
      0.09967003017663956,
      0.1425144076347351,
      1.0,
      0.9503629803657532,
      0.7284325957298279
    ],
    [
      -0.052092939615249634,
      0.052092939615249634,
      -0.009248562157154083,
      0.3333333432674408,
      0.7123461961746216,
      0.7584860324859619
    ],
    [
      -0.02523598074913025,
      0.02523598074913025,
      0.0176083967089653,
      0.75,
      0.7343863248825073,
      0.7584860324859619
    ],
    [
      -0.0007217900129035115,
      0.0007217900129035115,
      0.04212258756160736,
      0.8333333134651184,
      0.9518270492553711,
      0.65147465467453
    ],
    [
      -0.04210776090621948,
      0.04210776090621948,
      0.0007366165518760681,
      0.5,
      0.7358473539352417,
      0.7599092125892639
    ],
    [
      -0.03576026111841202,
      0.03576026111841202,
      0.007084116339683533,
      0.5833333134651184,
      0.7204054594039917,
      0.7599092125892639
    ],
    [
      -0.032954491674900055,
      0.032954491674900055,
      0.009889885783195496,
      0.6666666865348816,
      0.7188170552253723,
      0.7567323446273804
    ],
    [
      -0.04772249981760979,
      0.04772249981760979,
      -0.0048781223595142365,
      0.4166666567325592,
      0.7349198460578918,
      0.7567323446273804
    ],
    [
      0.09366662055253983,
      0.09366662055253983,
      0.13651099801063538,
      0.9166666865348816,
      0.9529542922973633,
      0.652407169342041
    ],
    [
      -0.28320738673210144,
      0.28320738673210144,
      -0.2403630018234253,
      0.0,
      0.7198258638381958,
      0.7284325957298279
    ]
  ],
  "feature_names": [
    "charge",
    "abs_charge",
    "charge_centered",
    "charge_rank_norm",
    "wbo_sum",
    "wbo_max"
  ],
  "status": "ok",
  "error": null
}