{
  "canonical_smiles": "C[C@H](CCC(=O)O)[C@H]1CC[C@H]2[C@@H]3CC[C@H]4C[C@H](O)CC[C@]4(C)[C@H]3C[C@@H](O)[C@]12C",
  "xtb_valid": true,
  "atom_valid_mask": [
    [
      1.0
    ],
    [
      1.0
    ],
    [
      1.0
    ],
    [
      1.0
    ],
    [
      1.0
    ],
    [
      1.0
    ],
    [
      1.0
    ],
    [
      1.0
    ],
    [
      1.0
    ],
    [
      1.0
    ],
    [
      1.0
    ],
    [
      1.0
    ],
    [
      1.0
    ],
    [
      1.0
    ],
    [
      1.0
    ],
    [
      1.0
    ],
    [
      1.0
    ],
    [
      1.0
    ],
    [
      1.0
    ],
    [
      1.0
    ],
    [
      1.0
    ],
    [
      1.0
    ],
    [
      1.0
    ],
    [
      1.0
    ],
    [
      1.0
    ],
    [
      1.0
    ],
    [
      1.0
    ],
    [
      1.0
    ]
  ],
  "atom_features": [
    [
      -0.10366305708885193,
      0.10366305708885193,
      -0.0156354159116745,
      0.2222222238779068,
      0.2513209581375122,
      0.5026419162750244
    ],
    [
      -0.017478089779615402,
      0.017478089779615402,
      0.07054954767227173,
      0.8148148059844971,
      0.745877206325531,
      0.5026419162750244
    ],
    [
      -0.060768239200115204,
      0.060768239200115204,
      0.027259401977062225,
      0.5555555820465088,
      0.4977509081363678,
      0.49798110127449036
    ],
    [
      -0.09288305044174194,
      0.09288305044174194,
      -0.004855409264564514,
      0.25925925374031067,
      0.49798890948295593,
      0.4979967474937439
    ],
    [
      0.36563506722450256,
      0.36563506722450256,
      0.4536626935005188,
      1.0,
      0.9636045098304749,
      0.8533822298049927
    ],
    [
      -0.4857213795185089,
      0.4857213795185089,
      -0.3976937532424927,
      0.07407407462596893,
      0.4683935046195984,
      0.8533822298049927
    ],
    [
      -0.42928653955459595,
      0.42928653955459595,
      -0.3412588834762573,
      0.1111111119389534,
      0.3296174705028534,
      0.5758301615715027
    ],
    [
      -0.02790999971330166,
      0.02790999971330166,
      0.06011763960123062,
      0.6666666865348816,
      0.7353333830833435,
      0.4949098825454712
    ],
    [
      -0.062041111290454865,
      0.062041111290454865,
      0.025986529886722565,
      0.4444444477558136,
      0.49713870882987976,
      0.49936753511428833
    ],
    [
      -0.06141902878880501,
      0.06141902878880501,
      0.02660861238837242,
      0.48148149251937866,
      0.4986365735530853,
      0.49936753511428833
    ],
    [
      -0.02765827067196369,
      0.02765827067196369,
      0.06036937236785889,
      0.7037037014961243,
      0.7368841767311096,
      0.49790558218955994
    ],
    [
      -0.026659760624170303,
      0.026659760624170303,
      0.061367880553007126,
      0.7407407164573669,
      0.7409257888793945,
      0.4977567493915558
    ],
    [
      -0.05996403098106384,
      0.05996403098106384,
      0.028063610196113586,
      0.5925925970077515,
      0.5006271600723267,
      0.5034976005554199
    ],
    [
      -0.06210381165146828,
      0.06210381165146828,
      0.025923829525709152,
      0.40740740299224854,
      0.501171886920929,
      0.5034976005554199
    ],
    [
      -0.023082150146365166,
      0.023082150146365166,
      0.06494548916816711,
      0.7777777910232544,
      0.741241455078125,
      0.498846173286438
    ],
    [
      -0.0650988295674324,
      0.0650988295674324,
      0.022928811609745026,
      0.37037035822868347,
      0.4977293610572815,
      0.49797627329826355
    ],
    [
      0.11821252107620239,
      0.11821252107620239,
      0.20624016225337982,
      0.9629629850387573,
      0.7402748465538025,
      0.49748241901397705
    ],
    [
      -0.518606424331665,
      0.518606424331665,
      -0.4305787682533264,
      0.0,
      0.24356338381767273,
      0.48712676763534546
    ],
    [
      -0.07111082971096039,
      0.07111082971096039,
      0.01691681146621704,
      0.3333333432674408,
      0.49961450695991516,
      0.5032885670661926
    ],
    [
      -0.06098227947950363,
      0.06098227947950363,
      0.027045361697673798,
      0.5185185074806213,
      0.4977714717388153,
      0.5032885670661926
    ],
    [
      0.013101089745759964,
      0.013101089745759964,
      0.1011287271976471,
      0.8888888955116272,
      0.980869472026825,
      0.5001096129417419
    ],
    [
      -0.10825508087873459,
      0.10825508087873459,
      -0.02022743970155716,
      0.14814814925193787,
      0.25005480647087097,
      0.5001096129417419
    ],
    [
      -0.028978589922189713,
      0.028978589922189713,
      0.05904905125498772,
      0.6296296119689941,
      0.7355992197990417,
      0.4975433051586151
    ],
    [
      -0.07445450872182846,
      0.07445450872182846,
      0.013573132455348969,
      0.29629629850387573,
      0.49466660618782043,
      0.4975433051586151
    ],
    [
      0.1153731569647789,
      0.1153731569647789,
      0.20340079069137573,
      0.9259259104728699,
      0.7342244982719421,
      0.49178987741470337
    ],
    [
      -0.5121341347694397,
      0.5121341347694397,
      -0.4241064786911011,
      0.03703703731298447,
      0.24456241726875305,
      0.4891248345375061
    ],
    [
      0.010447110049426556,
      0.010447110049426556,
      0.09847474843263626,
      0.8518518805503845,
      0.976412832736969,
      0.499417781829834
    ],
    [
      -0.10728362202644348,
      0.10728362202644348,
      -0.019255980849266052,
      0.18518517911434174,
      0.249708890914917,
      0.499417781829834
    ]
  ],
  "feature_names": [
    "charge",
    "abs_charge",
    "charge_centered",
    "charge_rank_norm",
    "wbo_sum",
    "wbo_max"
  ],
  "status": "ok",
  "error": null
}