{
  "canonical_smiles": "CNC(C)C(O)c1ccccc1",
  "xtb_valid": true,
  "atom_valid_mask": [
    [
      1.0
    ],
    [
      1.0
    ],
    [
      1.0
    ],
    [
      1.0
    ],
    [
      1.0
    ],
    [
      1.0
    ],
    [
      1.0
    ],
    [
      1.0
    ],
    [
      1.0
    ],
    [
      1.0
    ],
    [
      1.0
    ],
    [
      1.0
    ]
  ],
  "atom_features": [
    [
      -0.029963549226522446,
      0.029963549226522446,
      0.052288200706243515,
      0.7272727489471436,
      0.2563183009624481,
      0.5126366019248962
    ],
    [
      -0.2946215569972992,
      0.2946215569972992,
      -0.21236979961395264,
      0.09090909361839294,
      0.5062512755393982,
      0.5126366019248962
    ],
    [
      0.04927309975028038,
      0.04927309975028038,
      0.13152484595775604,
      0.9090909361839294,
      0.7419112324714661,
      0.5031594038009644
    ],
    [
      -0.11358451098203659,
      0.11358451098203659,
      -0.03133276104927063,
      0.1818181872367859,
      0.2515797019004822,
      0.5031594038009644
    ],
    [
      0.10376934707164764,
      0.10376934707164764,
      0.186021089553833,
      1.0,
      0.7305095791816711,
      0.4963413178920746
    ],
    [
      -0.512671172618866,
      0.512671172618866,
      -0.4304194152355194,
      0.0,
      0.24194033443927765,
      0.4838806688785553
    ],
    [
      -0.005903940182179213,
      0.005903940182179213,
      0.07634781301021576,
      0.8181818127632141,
      0.9807434678077698,
      0.7054312825202942
    ],
    [
      -0.04165872931480408,
      0.04165872931480408,
      0.040593020617961884,
      0.27272728085517883,
      0.7411907315254211,
      0.7215306162834167
    ],
    [
      -0.03541988879442215,
      0.03541988879442215,
      0.04683186113834381,
      0.5454545617103577,
      0.7483165264129639,
      0.7215306162834167
    ],
    [
      -0.03614524006843567,
      0.03614524006843567,
      0.04610650986433029,
      0.3636363744735718,
      0.7465025186538696,
      0.7193428874015808
    ],
    [
      -0.035641640424728394,
      0.035641640424728394,
      0.04661010950803757,
      0.4545454680919647,
      0.7483501434326172,
      0.7223892211914062
    ],
    [
      -0.03445323184132576,
      0.03445323184132576,
      0.0477985180914402,
      0.6363636255264282,
      0.7415461540222168,
      0.7223892211914062
    ]
  ],
  "feature_names": [
    "charge",
    "abs_charge",
    "charge_centered",
    "charge_rank_norm",
    "wbo_sum",
    "wbo_max"
  ],
  "status": "ok",
  "error": null
}