{
  "canonical_smiles": "CO[C@]12CC[C@@]3(C[C@@H]1[C@@](C)(O)C(C)(C)C)[C@H]1Cc4ccc(O)c5c4[C@@]3(CCN1CC1CC1)[C@H]2O5",
  "xtb_valid": true,
  "atom_valid_mask": [
    [
      1.0
    ],
    [
      1.0
    ],
    [
      1.0
    ],
    [
      1.0
    ],
    [
      1.0
    ],
    [
      1.0
    ],
    [
      1.0
    ],
    [
      1.0
    ],
    [
      1.0
    ],
    [
      1.0
    ],
    [
      1.0
    ],
    [
      1.0
    ],
    [
      1.0
    ],
    [
      1.0
    ],
    [
      1.0
    ],
    [
      1.0
    ],
    [
      1.0
    ],
    [
      1.0
    ],
    [
      1.0
    ],
    [
      1.0
    ],
    [
      1.0
    ],
    [
      1.0
    ],
    [
      1.0
    ],
    [
      1.0
    ],
    [
      1.0
    ],
    [
      1.0
    ],
    [
      1.0
    ],
    [
      1.0
    ],
    [
      1.0
    ],
    [
      1.0
    ],
    [
      1.0
    ],
    [
      1.0
    ],
    [
      1.0
    ],
    [
      1.0
    ]
  ],
  "atom_features": [
    [
      0.03808804973959923,
      0.03808804973959923,
      0.10557106137275696,
      0.8484848737716675,
      0.24509352445602417,
      0.49018704891204834
    ],
    [
      -0.3459915518760681,
      0.3459915518760681,
      -0.2785085439682007,
      0.06060606241226196,
      0.4867789149284363,
      0.49018704891204834
    ],
    [
      0.13176864385604858,
      0.13176864385604858,
      0.19925165176391602,
      0.9696969985961914,
      0.9625239372253418,
      0.4902811348438263
    ],
    [
      -0.06363174319267273,
      0.06363174319267273,
      0.003851272165775299,
      0.42424243688583374,
      0.4953466057777405,
      0.500412106513977
    ],
    [
      -0.06706079095602036,
      0.06706079095602036,
      0.00042222440242767334,
      0.39393940567970276,
      0.49520739912986755,
      0.500412106513977
    ],
    [
      0.0018667200347408652,
      0.0018667200347408652,
      0.0693497359752655,
      0.6666666865348816,
      0.9694636464118958,
      0.4933794438838959
    ],
    [
      -0.06133810058236122,
      0.06133810058236122,
      0.006144914776086807,
      0.4848484992980957,
      0.4922035038471222,
      0.4933794438838959
    ],
    [
      -0.03353086858987808,
      0.03353086858987808,
      0.033952146768569946,
      0.5454545617103577,
      0.7251589298248291,
      0.4910275340080261
    ],
    [
      0.13391433656215668,
      0.13391433656215668,
      0.2013973593711853,
      1.0,
      0.9674900770187378,
      0.502052366733551
    ],
    [
      -0.11722250282764435,
      0.11722250282764435,
      -0.04973948746919632,
      0.1515151560306549,
      0.2510261833667755,
      0.502052366733551
    ],
    [
      -0.5088959336280823,
      0.5088959336280823,
      -0.44141292572021484,
      0.0,
      0.2411990463733673,
      0.4823980927467346
    ],
    [
      0.016832899302244186,
      0.016832899302244186,
      0.08431591093540192,
      0.7878788113594055,
      0.983985960483551,
      0.5009761452674866
    ],
    [
      -0.10643325001001358,
      0.10643325001001358,
      -0.03895023465156555,
      0.24242424964904785,
      0.2504880726337433,
      0.5009761452674866
    ],
    [
      -0.10933277755975723,
      0.10933277755975723,
      -0.041849762201309204,
      0.21212121844291687,
      0.24869395792484283,
      0.49738791584968567
    ],
    [
      -0.11703813821077347,
      0.11703813821077347,
      -0.04955512285232544,
      0.1818181872367859,
      0.2500806152820587,
      0.5001612305641174
    ],
    [
      0.031920090317726135,
      0.031920090317726135,
      0.09940310567617416,
      0.8181818127632141,
      0.733215868473053,
      0.4998551309108734
    ],
    [
      -0.07811962813138962,
      0.07811962813138962,
      -0.01063661277294159,
      0.27272728085517883,
      0.4976666271686554,
      0.5062065720558167
    ],
    [
      -0.003594019915908575,
      0.003594019915908575,
      0.06388899683952332,
      0.6363636255264282,
      0.9506241679191589,
      0.7045679092407227
    ],
    [
      -0.06267488747835159,
      0.06267488747835159,
      0.0048081278800964355,
      0.4545454680919647,
      0.7105168700218201,
      0.7164658308029175
    ],
    [
      -0.07290332019329071,
      0.07290332019329071,
      -0.005420304834842682,
      0.3333333432674408,
      0.7024388909339905,
      0.7164658308029175
    ],
    [
      0.11086197942495346,
      0.11086197942495346,
      0.1783449947834015,
      0.939393937587738,
      0.9397792220115662,
      0.6884120106697083
    ],
    [
      -0.4515034854412079,
      0.4515034854412079,
      -0.38402047753334045,
      0.03030303120613098,
      0.2643205225467682,
      0.5286410450935364
    ],
    [
      0.09998548775911331,
      0.09998548775911331,
      0.16746850311756134,
      0.9090909361839294,
      0.9288721680641174,
      0.6808788180351257
    ],
    [
      -0.028574680909514427,
      0.028574680909514427,
      0.03890833258628845,
      0.6060606241226196,
      0.9336246848106384,
      0.6904738545417786
    ],
    [
      0.014085640199482441,
      0.014085640199482441,
      0.0815686583518982,
      0.7575757503509521,
      0.9708200693130493,
      0.49589666724205017
    ],
    [
      -0.0603390596807003,
      0.0603390596807003,
      0.0071439556777477264,
      0.5151515007019043,
      0.49065399169921875,
      0.4965269863605499
    ],
    [
      0.002854859922081232,
      0.002854859922081232,
      0.07033787667751312,
      0.6969696879386902,
      0.4999023973941803,
      0.5032778382301331
    ],
    [
      -0.18237639963626862,
      0.18237639963626862,
      -0.11489338427782059,
      0.12121212482452393,
      0.7502337694168091,
      0.5032778382301331
    ],
    [
      0.006775769870728254,
      0.006775769870728254,
      0.07425878196954727,
      0.7272727489471436,
      0.49937573075294495,
      0.5014168620109558
    ],
    [
      -0.028634050861001015,
      0.028634050861001015,
      0.03884896636009216,
      0.5757575631141663,
      0.7370916604995728,
      0.5014168620109558
    ],
    [
      -0.07570251822471619,
      0.07570251822471619,
      -0.008219502866268158,
      0.3030303120613098,
      0.4886094927787781,
      0.4915667474269867
    ],
    [
      -0.07279951125383377,
      0.07279951125383377,
      -0.005316495895385742,
      0.3636363744735718,
      0.48934051394462585,
      0.4915667474269867
    ],
    [
      0.09583984315395355,
      0.09583984315395355,
      0.16332286596298218,
      0.8787878751754761,
      0.7110921144485474,
      0.48286712169647217
    ],
    [
      -0.3315196633338928,
      0.3315196633338928,
      -0.2640366554260254,
      0.09090909361839294,
      0.49024420976638794,
      0.5143600106239319
    ]
  ],
  "feature_names": [
    "charge",
    "abs_charge",
    "charge_centered",
    "charge_rank_norm",
    "wbo_sum",
    "wbo_max"
  ],
  "status": "ok",
  "error": null
}