{
  "canonical_smiles": "CC(C)NC(=N)NC(=N)Nc1ccc(Cl)cc1",
  "xtb_valid": true,
  "atom_valid_mask": [
    [
      1.0
    ],
    [
      1.0
    ],
    [
      1.0
    ],
    [
      1.0
    ],
    [
      1.0
    ],
    [
      1.0
    ],
    [
      1.0
    ],
    [
      1.0
    ],
    [
      1.0
    ],
    [
      1.0
    ],
    [
      1.0
    ],
    [
      1.0
    ],
    [
      1.0
    ],
    [
      1.0
    ],
    [
      1.0
    ],
    [
      1.0
    ],
    [
      1.0
    ]
  ],
  "atom_features": [
    [
      -0.12211549282073975,
      0.12211549282073975,
      -0.03040269762277603,
      0.4375,
      0.2503722906112671,
      0.5007445812225342
    ],
    [
      0.04983415827155113,
      0.04983415827155113,
      0.14154694974422455,
      0.75,
      0.7463803887367249,
      0.502737820148468
    ],
    [
      -0.12796416878700256,
      0.12796416878700256,
      -0.03625137358903885,
      0.375,
      0.251368910074234,
      0.502737820148468
    ],
    [
      -0.22697220742702484,
      0.22697220742702484,
      -0.13525941967964172,
      0.125,
      0.5670030117034912,
      0.5815390944480896
    ],
    [
      0.22934360802173615,
      0.22934360802173615,
      0.32105639576911926,
      0.9375,
      0.9777970314025879,
      0.8343930840492249
    ],
    [
      -0.4793066382408142,
      0.4793066382408142,
      -0.3875938355922699,
      0.0,
      0.44879090785980225,
      0.8343930840492249
    ],
    [
      -0.2102712243795395,
      0.2102712243795395,
      -0.11855842918157578,
      0.25,
      0.5546605587005615,
      0.5696592330932617
    ],
    [
      0.23728495836257935,
      0.23728495836257935,
      0.32899776101112366,
      1.0,
      0.9746503233909607,
      0.8250211477279663
    ],
    [
      -0.46362069249153137,
      0.46362069249153137,
      -0.37190788984298706,
      0.0625,
      0.43974408507347107,
      0.8250211477279663
    ],
    [
      -0.20012661814689636,
      0.20012661814689636,
      -0.10841382294893265,
      0.3125,
      0.5786092877388,
      0.5546202659606934
    ],
    [
      0.07590066641569138,
      0.07590066641569138,
      0.1676134616136551,
      0.8125,
      0.9541796445846558,
      0.6813890337944031
    ],
    [
      -0.05003076046705246,
      0.05003076046705246,
      0.041682034730911255,
      0.5625,
      0.728094220161438,
      0.7227030396461487
    ],
    [
      -0.04417765140533447,
      0.04417765140533447,
      0.04753514379262924,
      0.625,
      0.7382923364639282,
      0.7227030396461487
    ],
    [
      0.09354603290557861,
      0.09354603290557861,
      0.18525883555412292,
      0.875,
      0.9370405673980713,
      0.7009164094924927
    ],
    [
      -0.2181490957736969,
      0.2181490957736969,
      -0.1264362931251526,
      0.1875,
      0.2377287894487381,
      0.4754575788974762
    ],
    [
      -0.04410180822014809,
      0.04410180822014809,
      0.04761098697781563,
      0.6875,
      0.7383938431739807,
      0.7269841432571411
    ],
    [
      -0.05819066986441612,
      0.05819066986441612,
      0.03352212533354759,
      0.5,
      0.7293941378593445,
      0.7269841432571411
    ]
  ],
  "feature_names": [
    "charge",
    "abs_charge",
    "charge_centered",
    "charge_rank_norm",
    "wbo_sum",
    "wbo_max"
  ],
  "status": "ok",
  "error": null
}