{
  "canonical_smiles": "CCCCOc1ccc2c(C(F)(F)F)cc(=O)oc2c1",
  "xtb_valid": true,
  "atom_valid_mask": [
    [
      1.0
    ],
    [
      1.0
    ],
    [
      1.0
    ],
    [
      1.0
    ],
    [
      1.0
    ],
    [
      1.0
    ],
    [
      1.0
    ],
    [
      1.0
    ],
    [
      1.0
    ],
    [
      1.0
    ],
    [
      1.0
    ],
    [
      1.0
    ],
    [
      1.0
    ],
    [
      1.0
    ],
    [
      1.0
    ],
    [
      1.0
    ],
    [
      1.0
    ],
    [
      1.0
    ],
    [
      1.0
    ],
    [
      1.0
    ]
  ],
  "atom_features": [
    [
      -0.11335162818431854,
      0.11335162818431854,
      -0.07262025773525238,
      0.31578946113586426,
      0.25515544414520264,
      0.5103108882904053
    ],
    [
      -0.060950808227062225,
      0.060950808227062225,
      -0.02021944150328636,
      0.5789473652839661,
      0.5068066120147705,
      0.5103108882904053
    ],
    [
      -0.07117339968681335,
      0.07117339968681335,
      -0.03044203296303749,
      0.3684210479259491,
      0.5022137761116028,
      0.5033023357391357
    ],
    [
      0.06563509255647659,
      0.06563509255647659,
      0.10636645555496216,
      0.7894737124443054,
      0.4865647852420807,
      0.5011252164840698
    ],
    [
      -0.2634938955307007,
      0.2634938955307007,
      -0.22276252508163452,
      0.05263157933950424,
      0.5131691098213196,
      0.5543339252471924
    ],
    [
      0.16732381284236908,
      0.16732381284236908,
      0.20805518329143524,
      0.8947368264198303,
      0.9469402432441711,
      0.6764565706253052
    ],
    [
      -0.06245113164186478,
      0.06245113164186478,
      -0.021719764918088913,
      0.5263158082962036,
      0.7031366229057312,
      0.7431832551956177
    ],
    [
      -0.02991661988198757,
      0.02991661988198757,
      0.010814746841788292,
      0.6315789222717285,
      0.7322868704795837,
      0.7431832551956177
    ],
    [
      -0.005078659858554602,
      0.005078659858554602,
      0.035652708262205124,
      0.6842105388641357,
      0.9398353099822998,
      0.6692708134651184
    ],
    [
      0.006233559921383858,
      0.006233559921383858,
      0.04696492850780487,
      0.7368420958518982,
      0.9458833932876587,
      0.849065363407135
    ],
    [
      0.4981243908405304,
      0.4981243908405304,
      0.5388557314872742,
      1.0,
      0.9448783993721008,
      0.4765392541885376
    ],
    [
      -0.20960606634616852,
      0.20960606634616852,
      -0.16887469589710236,
      0.21052631735801697,
      0.23546366393566132,
      0.47092732787132263
    ],
    [
      -0.21562068164348602,
      0.21562068164348602,
      -0.17488931119441986,
      0.15789473056793213,
      0.23567940294742584,
      0.4713588058948517
    ],
    [
      -0.2095935046672821,
      0.2095935046672821,
      -0.16886213421821594,
      0.2631579041481018,
      0.23546570539474487,
      0.47093141078948975
    ],
    [
      -0.06338126957416534,
      0.06338126957416534,
      -0.02264990285038948,
      0.4736842215061188,
      0.6936590075492859,
      0.849065363407135
    ],
    [
      0.3588486611843109,
      0.3588486611843109,
      0.3995800316333771,
      0.9473684430122375,
      0.9584648609161377,
      0.8394801020622253
    ],
    [
      -0.44683200120925903,
      0.44683200120925903,
      -0.40610063076019287,
      0.0,
      0.45735329389572144,
      0.8394801020622253
    ],
    [
      -0.2403564155101776,
      0.2403564155101776,
      -0.19962504506111145,
      0.10526315867900848,
      0.5597878098487854,
      0.5391970872879028
    ],
    [
      0.14991053938865662,
      0.14991053938865662,
      0.19064190983772278,
      0.8421052694320679,
      0.9269311428070068,
      0.7044726014137268
    ],
    [
      -0.0688972994685173,
      0.0688972994685173,
      -0.02816593274474144,
      0.42105263471603394,
      0.7165244221687317,
      0.7044726014137268
    ]
  ],
  "feature_names": [
    "charge",
    "abs_charge",
    "charge_centered",
    "charge_rank_norm",
    "wbo_sum",
    "wbo_max"
  ],
  "status": "ok",
  "error": null
}