{
  "canonical_smiles": "c1ccc2c(c1)Sc1ccccc1N2CC1CN2CCC1CC2",
  "xtb_valid": true,
  "atom_valid_mask": [
    [
      1.0
    ],
    [
      1.0
    ],
    [
      1.0
    ],
    [
      1.0
    ],
    [
      1.0
    ],
    [
      1.0
    ],
    [
      1.0
    ],
    [
      1.0
    ],
    [
      1.0
    ],
    [
      1.0
    ],
    [
      1.0
    ],
    [
      1.0
    ],
    [
      1.0
    ],
    [
      1.0
    ],
    [
      1.0
    ],
    [
      1.0
    ],
    [
      1.0
    ],
    [
      1.0
    ],
    [
      1.0
    ],
    [
      1.0
    ],
    [
      1.0
    ],
    [
      1.0
    ],
    [
      1.0
    ]
  ],
  "atom_features": [
    [
      -0.04383832961320877,
      0.04383832961320877,
      -0.007403206080198288,
      0.40909090638160706,
      0.7157353758811951,
      0.7158806920051575
    ],
    [
      -0.04043767973780632,
      0.04043767973780632,
      -0.004002556204795837,
      0.5,
      0.7178696990013123,
      0.719858705997467
    ],
    [
      -0.05561045929789543,
      0.05561045929789543,
      -0.01917533576488495,
      0.27272728085517883,
      0.7011671662330627,
      0.719858705997467
    ],
    [
      0.06152515858411789,
      0.06152515858411789,
      0.09796027839183807,
      1.0,
      0.944870114326477,
      0.6824756264686584
    ],
    [
      0.03036068007349968,
      0.03036068007349968,
      0.06679580360651016,
      0.9090909361839294,
      0.9386969208717346,
      0.7016226053237915
    ],
    [
      -0.04513391852378845,
      0.04513391852378845,
      -0.00869879499077797,
      0.3181818127632141,
      0.7086063027381897,
      0.7155900001525879
    ],
    [
      -0.18763543665409088,
      0.18763543665409088,
      -0.1512003093957901,
      0.04545454680919647,
      0.5083102583885193,
      0.5083579421043396
    ],
    [
      0.029689360409975052,
      0.029689360409975052,
      0.06612448394298553,
      0.8636363744735718,
      0.9384059309959412,
      0.7016606330871582
    ],
    [
      -0.04509088024497032,
      0.04509088024497032,
      -0.008655756711959839,
      0.3636363744735718,
      0.7085909247398376,
      0.7155211567878723
    ],
    [
      -0.043789081275463104,
      0.043789081275463104,
      -0.0073539577424526215,
      0.4545454680919647,
      0.7156534790992737,
      0.7157857418060303
    ],
    [
      -0.04019960016012192,
      0.04019960016012192,
      -0.003764476627111435,
      0.5454545617103577,
      0.7177504897117615,
      0.7197152972221375
    ],
    [
      -0.05649476870894432,
      0.05649476870894432,
      -0.020059645175933838,
      0.22727273404598236,
      0.7008191347122192,
      0.7197152972221375
    ],
    [
      0.06101636961102486,
      0.06101636961102486,
      0.09745149314403534,
      0.9545454382896423,
      0.9448182582855225,
      0.681922972202301
    ],
    [
      -0.10389968007802963,
      0.10389968007802963,
      -0.06746456027030945,
      0.09090909361839294,
      0.7833776473999023,
      0.5409204363822937
    ],
    [
      -0.007509829942137003,
      0.007509829942137003,
      0.028925294056534767,
      0.6363636255264282,
      0.48951566219329834,
      0.4929523766040802
    ],
    [
      -0.028198709711432457,
      0.028198709711432457,
      0.008236413821578026,
      0.5909090638160706,
      0.7367221713066101,
      0.4929523766040802
    ],
    [
      -0.002019820036366582,
      0.002019820036366582,
      0.03441530466079712,
      0.7272727489471436,
      0.4947289228439331,
      0.5015612244606018
    ],
    [
      -0.19347769021987915,
      0.19347769021987915,
      -0.15704256296157837,
      0.0,
      0.7509371638298035,
      0.5015612244606018
    ],
    [
      0.0016023099888116121,
      0.0016023099888116121,
      0.038037434220314026,
      0.7727272510528564,
      0.49793684482574463,
      0.5000154376029968
    ],
    [
      -0.062380511313676834,
      0.062380511313676834,
      -0.02594538778066635,
      0.1818181872367859,
      0.49763965606689453,
      0.49942103028297424
    ],
    [
      -0.005092789884656668,
      0.005092789884656668,
      0.03134233504533768,
      0.6818181872367859,
      0.7448895573616028,
      0.49942103028297424
    ],
    [
      -0.06300553679466248,
      0.06300553679466248,
      -0.026570413261651993,
      0.13636364042758942,
      0.49691829085350037,
      0.4977627694606781
    ],
    [
      0.0016130299773067236,
      0.0016130299773067236,
      0.0380481518805027,
      0.8181818127632141,
      0.49818578362464905,
      0.5002977252006531
    ]
  ],
  "feature_names": [
    "charge",
    "abs_charge",
    "charge_centered",
    "charge_rank_norm",
    "wbo_sum",
    "wbo_max"
  ],
  "status": "ok",
  "error": null
}