{
  "canonical_smiles": "COc1ccccc1OCCNC[C@H](O)COc1cccc2[nH]c3ccccc3c12",
  "xtb_valid": true,
  "atom_valid_mask": [
    [
      1.0
    ],
    [
      1.0
    ],
    [
      1.0
    ],
    [
      1.0
    ],
    [
      1.0
    ],
    [
      1.0
    ],
    [
      1.0
    ],
    [
      1.0
    ],
    [
      1.0
    ],
    [
      1.0
    ],
    [
      1.0
    ],
    [
      1.0
    ],
    [
      1.0
    ],
    [
      1.0
    ],
    [
      1.0
    ],
    [
      1.0
    ],
    [
      1.0
    ],
    [
      1.0
    ],
    [
      1.0
    ],
    [
      1.0
    ],
    [
      1.0
    ],
    [
      1.0
    ],
    [
      1.0
    ],
    [
      1.0
    ],
    [
      1.0
    ],
    [
      1.0
    ],
    [
      1.0
    ],
    [
      1.0
    ],
    [
      1.0
    ],
    [
      1.0
    ]
  ],
  "atom_features": [
    [
      0.023584840819239616,
      0.023584840819239616,
      0.08327911794185638,
      0.7241379022598267,
      0.2417275607585907,
      0.4834551215171814
    ],
    [
      -0.3053559362888336,
      0.3053559362888336,
      -0.245661661028862,
      0.1034482792019844,
      0.5038980841636658,
      0.5243409872055054
    ],
    [
      0.11829490214586258,
      0.11829490214586258,
      0.1779891848564148,
      0.9655172228813171,
      0.9362654685974121,
      0.6909596920013428
    ],
    [
      -0.07221750915050507,
      0.07221750915050507,
      -0.012523230165243149,
      0.2068965584039688,
      0.7290666699409485,
      0.7159066200256348
    ],
    [
      -0.046088721603155136,
      0.046088721603155136,
      0.013605557382106781,
      0.4482758641242981,
      0.7435674071311951,
      0.7201403379440308
    ],
    [
      -0.04869534820318222,
      0.04869534820318222,
      0.010998930782079697,
      0.37931033968925476,
      0.7183144092559814,
      0.7201403379440308
    ],
    [
      -0.05892461910843849,
      0.05892461910843849,
      0.0007696598768234253,
      0.3448275923728943,
      0.7339743375778198,
      0.7164885401725769
    ],
    [
      0.11586590111255646,
      0.11586590111255646,
      0.17556017637252808,
      0.931034505367279,
      0.9580045342445374,
      0.7001931667327881
    ],
    [
      -0.3365516662597656,
      0.3365516662597656,
      -0.2768573760986328,
      0.06896551698446274,
      0.48930561542510986,
      0.5074977874755859
    ],
    [
      0.0810917392373085,
      0.0810917392373085,
      0.14078602194786072,
      0.8620689511299133,
      0.4815014898777008,
      0.4918895363807678
    ],
    [
      -0.0033498299308121204,
      0.0033498299308121204,
      0.056344449520111084,
      0.6551724076271057,
      0.500733494758606,
      0.5095774531364441
    ],
    [
      -0.286541223526001,
      0.286541223526001,
      -0.22684694826602936,
      0.13793103396892548,
      0.5068357586860657,
      0.5095774531364441
    ],
    [
      0.0008311399724334478,
      0.0008311399724334478,
      0.06052541732788086,
      0.6896551847457886,
      0.4980852007865906,
      0.5040940046310425
    ],
    [
      0.10044459253549576,
      0.10044459253549576,
      0.16013887524604797,
      0.8965517282485962,
      0.7387765049934387,
      0.49300503730773926
    ],
    [
      -0.4889043867588043,
      0.4889043867588043,
      -0.4292100965976715,
      0.0,
      0.24650251865386963,
      0.49300503730773926
    ],
    [
      0.07129807025194168,
      0.07129807025194168,
      0.1309923529624939,
      0.8275862336158752,
      0.48242008686065674,
      0.4924715459346771
    ],
    [
      -0.34728050231933594,
      0.34728050231933594,
      -0.2875862121582031,
      0.03448275849223137,
      0.4833383560180664,
      0.49430808424949646
    ],
    [
      0.12509611248970032,
      0.12509611248970032,
      0.18479038774967194,
      1.0,
      0.9581231474876404,
      0.712595522403717
    ],
    [
      -0.06922993808984756,
      0.06922993808984756,
      -0.009535659104585648,
      0.24137930572032928,
      0.7076822519302368,
      0.712595522403717
    ],
    [
      -0.040867820382118225,
      0.040867820382118225,
      0.018826458603143692,
      0.48275861144065857,
      0.7181089520454407,
      0.7334489226341248
    ],
    [
      -0.067217618227005,
      0.067217618227005,
      -0.007523339241743088,
      0.27586206793785095,
      0.7286136746406555,
      0.7334489226341248
    ],
    [
      0.05674427002668381,
      0.05674427002668381,
      0.11643855273723602,
      0.7586206793785095,
      0.9448817372322083,
      0.6695664525032043
    ],
    [
      -0.1350151151418686,
      0.1350151151418686,
      -0.07532083988189697,
      0.17241379618644714,
      0.5817047357559204,
      0.5831566452980042
    ],
    [
      0.05753684043884277,
      0.05753684043884277,
      0.11723111569881439,
      0.7931034564971924,
      0.9445719718933105,
      0.6717483401298523
    ],
    [
      -0.06146436929702759,
      0.06146436929702759,
      -0.0017700903117656708,
      0.3103448152542114,
      0.7319664359092712,
      0.733349621295929
    ],
    [
      -0.03729527071118355,
      0.03729527071118355,
      0.02239900827407837,
      0.5517241358757019,
      0.717861533164978,
      0.733349621295929
    ],
    [
      -0.04735279083251953,
      0.04735279083251953,
      0.012341488152742386,
      0.4137931168079376,
      0.7191051244735718,
      0.7358368039131165
    ],
    [
      -0.03942982107400894,
      0.03942982107400894,
      0.020264457911252975,
      0.517241358757019,
      0.7349212765693665,
      0.7358368039131165
    ],
    [
      -0.013199339620769024,
      0.013199339620769024,
      0.04649493843317032,
      0.6206896305084229,
      0.9444636106491089,
      0.6751707792282104
    ],
    [
      -0.036635011434555054,
      0.036635011434555054,
      0.023059267550706863,
      0.5862069129943848,
      0.9343923926353455,
      0.6551307439804077
    ]
  ],
  "feature_names": [
    "charge",
    "abs_charge",
    "charge_centered",
    "charge_rank_norm",
    "wbo_sum",
    "wbo_max"
  ],
  "status": "ok",
  "error": null
}