{
  "canonical_smiles": "CC12CCC(=O)C=C1CCC1C2CCC2(C)C1CCC2(C)O",
  "xtb_valid": true,
  "atom_valid_mask": [
    [
      1.0
    ],
    [
      1.0
    ],
    [
      1.0
    ],
    [
      1.0
    ],
    [
      1.0
    ],
    [
      1.0
    ],
    [
      1.0
    ],
    [
      1.0
    ],
    [
      1.0
    ],
    [
      1.0
    ],
    [
      1.0
    ],
    [
      1.0
    ],
    [
      1.0
    ],
    [
      1.0
    ],
    [
      1.0
    ],
    [
      1.0
    ],
    [
      1.0
    ],
    [
      1.0
    ],
    [
      1.0
    ],
    [
      1.0
    ],
    [
      1.0
    ],
    [
      1.0
    ]
  ],
  "atom_features": [
    [
      -0.10938558727502823,
      0.10938558727502823,
      -0.03686594218015671,
      0.1428571492433548,
      0.24441656470298767,
      0.48883312940597534
    ],
    [
      0.014650760218501091,
      0.014650760218501091,
      0.08717040717601776,
      0.8571428656578064,
      0.9766446352005005,
      0.49434083700180054
    ],
    [
      -0.0626094713807106,
      0.0626094713807106,
      0.00991017371416092,
      0.523809552192688,
      0.49654221534729004,
      0.5024994611740112
    ],
    [
      -0.08742445707321167,
      0.08742445707321167,
      -0.014904811978340149,
      0.2380952388048172,
      0.5009569525718689,
      0.5024994611740112
    ],
    [
      0.23549669981002808,
      0.23549669981002808,
      0.3080163598060608,
      1.0,
      0.952633798122406,
      0.8626380562782288
    ],
    [
      -0.48110270500183105,
      0.48110270500183105,
      -0.40858304500579834,
      0.0476190485060215,
      0.4313190281391144,
      0.8626380562782288
    ],
    [
      -0.08279524743556976,
      0.08279524743556976,
      -0.010275602340698242,
      0.2857142984867096,
      0.7122801542282104,
      0.881345272064209
    ],
    [
      0.0392099991440773,
      0.0392099991440773,
      0.11172964423894882,
      0.9047619104385376,
      0.9445751309394836,
      0.881345272064209
    ],
    [
      -0.06790538877248764,
      0.06790538877248764,
      0.004614256322383881,
      0.380952388048172,
      0.5018711686134338,
      0.5134642720222473
    ],
    [
      -0.06101483106613159,
      0.06101483106613159,
      0.01150481402873993,
      0.6190476417541504,
      0.49305641651153564,
      0.49583473801612854
    ],
    [
      -0.02063957042992115,
      0.02063957042992115,
      0.05188007652759552,
      0.761904776096344,
      0.7415153980255127,
      0.49583473801612854
    ],
    [
      -0.029765840619802475,
      0.029765840619802475,
      0.042753804475069046,
      0.6666666865348816,
      0.7346733212471008,
      0.4966653883457184
    ],
    [
      -0.06122053042054176,
      0.06122053042054176,
      0.011299114674329758,
      0.5714285969734192,
      0.5007127523422241,
      0.5047601461410522
    ],
    [
      -0.06560061126947403,
      0.06560061126947403,
      0.0069190338253974915,
      0.4285714328289032,
      0.4993043541908264,
      0.5047601461410522
    ],
    [
      0.007213430013507605,
      0.007213430013507605,
      0.07973307371139526,
      0.8095238208770752,
      0.9753814339637756,
      0.5003388524055481
    ],
    [
      -0.10036581009626389,
      0.10036581009626389,
      -0.027846165001392365,
      0.190476194024086,
      0.25016942620277405,
      0.5003388524055481
    ],
    [
      -0.02943488024175167,
      0.02943488024175167,
      0.0430847629904747,
      0.7142857313156128,
      0.7376407980918884,
      0.49814140796661377
    ],
    [
      -0.06286267936229706,
      0.06286267936229706,
      0.009656965732574463,
      0.4761904776096344,
      0.5010759830474854,
      0.5040105581283569
    ],
    [
      -0.07514359802007675,
      0.07514359802007675,
      -0.0026239529252052307,
      0.3333333432674408,
      0.4965168237686157,
      0.5040105581283569
    ],
    [
      0.13761435449123383,
      0.13761435449123383,
      0.21013399958610535,
      0.9523809552192688,
      0.9726357460021973,
      0.49853095412254333
    ],
    [
      -0.11776795983314514,
      0.11776795983314514,
      -0.04524831473827362,
      0.095238097012043,
      0.24926547706127167,
      0.49853095412254333
    ],
    [
      -0.5145783424377441,
      0.5145783424377441,
      -0.4420586824417114,
      0.0,
      0.24211855232715607,
      0.48423710465431213
    ]
  ],
  "feature_names": [
    "charge",
    "abs_charge",
    "charge_centered",
    "charge_rank_norm",
    "wbo_sum",
    "wbo_max"
  ],
  "status": "ok",
  "error": null
}