{
  "canonical_smiles": "O=c1[nH]c2ccccc2n1CCCN1CCC(n2c(=O)[nH]c3cc(Cl)ccc32)CC1",
  "xtb_valid": true,
  "atom_valid_mask": [
    [
      1.0
    ],
    [
      1.0
    ],
    [
      1.0
    ],
    [
      1.0
    ],
    [
      1.0
    ],
    [
      1.0
    ],
    [
      1.0
    ],
    [
      1.0
    ],
    [
      1.0
    ],
    [
      1.0
    ],
    [
      1.0
    ],
    [
      1.0
    ],
    [
      1.0
    ],
    [
      1.0
    ],
    [
      1.0
    ],
    [
      1.0
    ],
    [
      1.0
    ],
    [
      1.0
    ],
    [
      1.0
    ],
    [
      1.0
    ],
    [
      1.0
    ],
    [
      1.0
    ],
    [
      1.0
    ],
    [
      1.0
    ],
    [
      1.0
    ],
    [
      1.0
    ],
    [
      1.0
    ],
    [
      1.0
    ],
    [
      1.0
    ],
    [
      1.0
    ]
  ],
  "atom_features": [
    [
      -0.5424861907958984,
      0.5424861907958984,
      -0.4891684055328369,
      0.0,
      0.4633083641529083,
      0.7840108275413513
    ],
    [
      0.31649264693260193,
      0.31649264693260193,
      0.36981043219566345,
      0.9655172228813171,
      0.9637914896011353,
      0.7840108275413513
    ],
    [
      -0.1945561170578003,
      0.1945561170578003,
      -0.14123833179473877,
      0.1034482792019844,
      0.6009917855262756,
      0.5746844410896301
    ],
    [
      0.05558488890528679,
      0.05558488890528679,
      0.10890266299247742,
      0.8620689511299133,
      0.9432492852210999,
      0.6934516429901123
    ],
    [
      -0.055995840579271317,
      0.055995840579271317,
      -0.00267806276679039,
      0.4137931168079376,
      0.7325138449668884,
      0.7196296453475952
    ],
    [
      -0.04436859115958214,
      0.04436859115958214,
      0.008949186652898788,
      0.5862069129943848,
      0.7158090472221375,
      0.7196296453475952
    ],
    [
      -0.044721219688653946,
      0.044721219688653946,
      0.00859655812382698,
      0.5517241358757019,
      0.7159947156906128,
      0.7200009226799011
    ],
    [
      -0.049843769520521164,
      0.049843769520521164,
      0.0034740082919597626,
      0.48275861144065857,
      0.7321970462799072,
      0.7200009226799011
    ],
    [
      0.04431939870119095,
      0.04431939870119095,
      0.09763717651367188,
      0.7931034564971924,
      0.9389856457710266,
      0.692446768283844
    ],
    [
      -0.09473677724599838,
      0.09473677724599838,
      -0.041418999433517456,
      0.2068965584039688,
      0.8413072824478149,
      0.5688876509666443
    ],
    [
      0.001559640048071742,
      0.001559640048071742,
      0.05487741902470589,
      0.6551724076271057,
      0.495217889547348,
      0.49645891785621643
    ],
    [
      -0.06812521815299988,
      0.06812521815299988,
      -0.014807440340518951,
      0.3103448152542114,
      0.49665504693984985,
      0.49685120582580566
    ],
    [
      -0.0034912799019366503,
      0.0034912799019366503,
      0.049826499074697495,
      0.6206896305084229,
      0.49943146109580994,
      0.5020117163658142
    ],
    [
      -0.1887064129114151,
      0.1887064129114151,
      -0.13538864254951477,
      0.13793103396892548,
      0.7515297532081604,
      0.5020117163658142
    ],
    [
      0.009107770398259163,
      0.009107770398259163,
      0.06242554634809494,
      0.7241379022598267,
      0.5007040500640869,
      0.501535952091217
    ],
    [
      -0.07023687660694122,
      0.07023687660694122,
      -0.016919098794460297,
      0.27586206793785095,
      0.495576947927475,
      0.4998721182346344
    ],
    [
      0.044294439256191254,
      0.044294439256191254,
      0.09761221706867218,
      0.7586206793785095,
      0.735542893409729,
      0.49494242668151855
    ],
    [
      -0.09295126795768738,
      0.09295126795768738,
      -0.03963349014520645,
      0.24137930572032928,
      0.8378734588623047,
      0.5665228366851807
    ],
    [
      0.3191573917865753,
      0.3191573917865753,
      0.37247517704963684,
      1.0,
      0.9643583297729492,
      0.790875256061554
    ],
    [
      -0.5251849889755249,
      0.5251849889755249,
      -0.4718672037124634,
      0.03448275849223137,
      0.46652477979660034,
      0.790875256061554
    ],
    [
      -0.1849130392074585,
      0.1849130392074585,
      -0.13159525394439697,
      0.17241379618644714,
      0.6026557683944702,
      0.5713186860084534
    ],
    [
      0.0616643913090229,
      0.0616643913090229,
      0.11498217284679413,
      0.8965517282485962,
      0.9443957209587097,
      0.692287027835846
    ],
    [
      -0.06536965817213058,
      0.06536965817213058,
      -0.012051880359649658,
      0.3448275923728943,
      0.6967898011207581,
      0.7012925148010254
    ],
    [
      0.0930090919137001,
      0.0930090919137001,
      0.14632686972618103,
      0.931034505367279,
      0.9379671216011047,
      0.7012925148010254
    ],
    [
      -0.20497700572013855,
      0.20497700572013855,
      -0.15165922045707703,
      0.06896551698446274,
      0.24015657603740692,
      0.48031315207481384
    ],
    [
      -0.05387873947620392,
      0.05387873947620392,
      -0.0005609616637229919,
      0.4482758641242981,
      0.7064411044120789,
      0.7185536623001099
    ],
    [
      -0.047246720641851425,
      0.047246720641851425,
      0.006071057170629501,
      0.517241358757019,
      0.7054367661476135,
      0.7185536623001099
    ],
    [
      0.04541949927806854,
      0.04541949927806854,
      0.09873727709054947,
      0.8275862336158752,
      0.9393753409385681,
      0.6923198699951172
    ],
    [
      -0.06476043909788132,
      0.06476043909788132,
      -0.01144266128540039,
      0.37931033968925476,
      0.4975322186946869,
      0.5001220107078552
    ],
    [
      0.006407769862562418,
      0.006407769862562418,
      0.059725549072027206,
      0.6896551847457886,
      0.4998169243335724,
      0.5001220107078552
    ]
  ],
  "feature_names": [
    "charge",
    "abs_charge",
    "charge_centered",
    "charge_rank_norm",
    "wbo_sum",
    "wbo_max"
  ],
  "status": "ok",
  "error": null
}