{
  "canonical_smiles": "CN(C)c1ccc([C@H]2C[C@@]3(C)[C@@H](CC[C@@]3(O)/C=C/CO)[C@@H]3CCC4=CC(=O)CCC4=C32)cc1",
  "xtb_valid": true,
  "atom_valid_mask": [
    [
      1.0
    ],
    [
      1.0
    ],
    [
      1.0
    ],
    [
      1.0
    ],
    [
      1.0
    ],
    [
      1.0
    ],
    [
      1.0
    ],
    [
      1.0
    ],
    [
      1.0
    ],
    [
      1.0
    ],
    [
      1.0
    ],
    [
      1.0
    ],
    [
      1.0
    ],
    [
      1.0
    ],
    [
      1.0
    ],
    [
      1.0
    ],
    [
      1.0
    ],
    [
      1.0
    ],
    [
      1.0
    ],
    [
      1.0
    ],
    [
      1.0
    ],
    [
      1.0
    ],
    [
      1.0
    ],
    [
      1.0
    ],
    [
      1.0
    ],
    [
      1.0
    ],
    [
      1.0
    ],
    [
      1.0
    ],
    [
      1.0
    ],
    [
      1.0
    ],
    [
      1.0
    ],
    [
      1.0
    ],
    [
      1.0
    ]
  ],
  "atom_features": [
    [
      -0.04997510090470314,
      0.04997510090470314,
      0.018432985991239548,
      0.5625,
      0.2511766254901886,
      0.5023532509803772
    ],
    [
      -0.11510323733091354,
      0.11510323733091354,
      -0.046695150434970856,
      0.09375,
      0.7882877588272095,
      0.5722531080245972
    ],
    [
      -0.0501357801258564,
      0.0501357801258564,
      0.01827230677008629,
      0.53125,
      0.2509845793247223,
      0.5019691586494446
    ],
    [
      0.059296779334545135,
      0.059296779334545135,
      0.12770485877990723,
      0.90625,
      0.9562286138534546,
      0.6717057228088379
    ],
    [
      -0.06586255878210068,
      0.06586255878210068,
      0.0025455281138420105,
      0.3125,
      0.7251161336898804,
      0.7306237816810608
    ],
    [
      -0.04635338857769966,
      0.04635338857769966,
      0.022054698318243027,
      0.59375,
      0.7404895424842834,
      0.7306237816810608
    ],
    [
      -0.003062860108911991,
      0.003062860108911991,
      0.06534522771835327,
      0.78125,
      0.9445874691009521,
      0.7043225169181824
    ],
    [
      -0.027754750102758408,
      0.027754750102758408,
      0.04065333679318428,
      0.65625,
      0.7368271350860596,
      0.4991658329963684
    ],
    [
      -0.05837494879961014,
      0.05837494879961014,
      0.01003313809633255,
      0.5,
      0.49166178703308105,
      0.49585750699043274
    ],
    [
      0.01622915081679821,
      0.01622915081679821,
      0.08463723957538605,
      0.84375,
      0.9732877016067505,
      0.49757710099220276
    ],
    [
      -0.10239347815513611,
      0.10239347815513611,
      -0.03398539125919342,
      0.125,
      0.24878855049610138,
      0.49757710099220276
    ],
    [
      -0.02630135975778103,
      0.02630135975778103,
      0.04210672527551651,
      0.6875,
      0.7370157837867737,
      0.49705561995506287
    ],
    [
      -0.0656101182103157,
      0.0656101182103157,
      0.0027979686856269836,
      0.34375,
      0.4985787868499756,
      0.5001019239425659
    ],
    [
      -0.07673802226781845,
      0.07673802226781845,
      -0.008329935371875763,
      0.21875,
      0.49005791544914246,
      0.5001019239425659
    ],
    [
      0.13616107404232025,
      0.13616107404232025,
      0.20456916093826294,
      0.96875,
      0.9669505953788757,
      0.4972938597202301
    ],
    [
      -0.49882772564888,
      0.49882772564888,
      -0.4304196238517761,
      0.03125,
      0.24482886493206024,
      0.4896577298641205
    ],
    [
      -0.06398846209049225,
      0.06398846209049225,
      0.0044196248054504395,
      0.40625,
      0.728766143321991,
      0.9602383971214294
    ],
    [
      -0.05910063907504082,
      0.05910063907504082,
      0.00930744782090187,
      0.46875,
      0.7341940402984619,
      0.9602383971214294
    ],
    [
      0.07906098663806915,
      0.07906098663806915,
      0.14746907353401184,
      0.9375,
      0.49906525015830994,
      0.5081496238708496
    ],
    [
      -0.5198596119880676,
      0.5198596119880676,
      -0.45145153999328613,
      0.0,
      0.24499043822288513,
      0.48998087644577026
    ],
    [
      -0.021156959235668182,
      0.021156959235668182,
      0.047251127660274506,
      0.71875,
      0.7425481081008911,
      0.4987693130970001
    ],
    [
      -0.06377892196178436,
      0.06377892196178436,
      0.004629164934158325,
      0.4375,
      0.4998384118080139,
      0.5041207075119019
    ],
    [
      -0.07094216346740723,
      0.07094216346740723,
      -0.0025340765714645386,
      0.25,
      0.5059788823127747,
      0.5078370571136475
    ],
    [
      0.03532586991786957,
      0.03532586991786957,
      0.10373395681381226,
      0.875,
      0.9514845013618469,
      0.83575439453125
    ],
    [
      -0.08704528212547302,
      0.08704528212547302,
      -0.018637195229530334,
      0.15625,
      0.7188838124275208,
      0.83575439453125
    ],
    [
      0.233008474111557,
      0.233008474111557,
      0.3014165759086609,
      1.0,
      0.9521989822387695,
      0.854202151298523
    ],
    [
      -0.48923739790916443,
      0.48923739790916443,
      -0.42082929611206055,
      0.0625,
      0.4271010756492615,
      0.854202151298523
    ],
    [
      -0.08303309231996536,
      0.08303309231996536,
      -0.014625005424022675,
      0.1875,
      0.4988175630569458,
      0.4989909827709198
    ],
    [
      -0.06498461216688156,
      0.06498461216688156,
      0.0034234747290611267,
      0.375,
      0.4994937479496002,
      0.500343382358551
    ],
    [
      -0.007084100041538477,
      0.007084100041538477,
      0.06132398545742035,
      0.75,
      0.9599691033363342,
      0.8602173328399658
    ],
    [
      0.011240939609706402,
      0.011240939609706402,
      0.07964902371168137,
      0.8125,
      0.9544805288314819,
      0.8602173328399658
    ],
    [
      -0.043316129595041275,
      0.043316129595041275,
      0.025091957300901413,
      0.625,
      0.7399325966835022,
      0.7244327664375305
    ],
    [
      -0.06776943057775497,
      0.06776943057775497,
      0.0006386563181877136,
      0.28125,
      0.724331796169281,
      0.7244327664375305
    ]
  ],
  "feature_names": [
    "charge",
    "abs_charge",
    "charge_centered",
    "charge_rank_norm",
    "wbo_sum",
    "wbo_max"
  ],
  "status": "ok",
  "error": null
}