{
  "canonical_smiles": "CCC[C@@H]1O[C@@H]2C[C@H]3[C@@H]4CCC5=CC(=O)C=C[C@]5(C)[C@H]4[C@H](O)C[C@]3(C)[C@]2(C(=O)CO)O1",
  "xtb_valid": true,
  "atom_valid_mask": [
    [
      1.0
    ],
    [
      1.0
    ],
    [
      1.0
    ],
    [
      1.0
    ],
    [
      1.0
    ],
    [
      1.0
    ],
    [
      1.0
    ],
    [
      1.0
    ],
    [
      1.0
    ],
    [
      1.0
    ],
    [
      1.0
    ],
    [
      1.0
    ],
    [
      1.0
    ],
    [
      1.0
    ],
    [
      1.0
    ],
    [
      1.0
    ],
    [
      1.0
    ],
    [
      1.0
    ],
    [
      1.0
    ],
    [
      1.0
    ],
    [
      1.0
    ],
    [
      1.0
    ],
    [
      1.0
    ],
    [
      1.0
    ],
    [
      1.0
    ],
    [
      1.0
    ],
    [
      1.0
    ],
    [
      1.0
    ],
    [
      1.0
    ],
    [
      1.0
    ],
    [
      1.0
    ]
  ],
  "atom_features": [
    [
      -0.1135854497551918,
      0.1135854497551918,
      -0.03416913002729416,
      0.23333333432674408,
      0.25541582703590393,
      0.5108316540718079
    ],
    [
      -0.06088868901133537,
      0.06088868901133537,
      0.01852763071656227,
      0.5333333611488342,
      0.5065940618515015,
      0.5108316540718079
    ],
    [
      -0.0741061121225357,
      0.0741061121225357,
      0.0053102076053619385,
      0.4000000059604645,
      0.49725696444511414,
      0.5023564696311951
    ],
    [
      0.25080597400665283,
      0.25080597400665283,
      0.33022230863571167,
      1.0,
      0.7255522012710571,
      0.4921574890613556
    ],
    [
      -0.35716864466667175,
      0.35716864466667175,
      -0.2777523398399353,
      0.13333334028720856,
      0.4808396100997925,
      0.4814164936542511
    ],
    [
      0.1137872189283371,
      0.1137872189283371,
      0.19320353865623474,
      0.8333333134651184,
      0.7232334017753601,
      0.48970848321914673
    ],
    [
      -0.07955645024776459,
      0.07955645024776459,
      -0.00014013051986694336,
      0.3333333432674408,
      0.4938525855541229,
      0.49799665808677673
    ],
    [
      -0.025143170729279518,
      0.025143170729279518,
      0.054273150861263275,
      0.6000000238418579,
      0.736250102519989,
      0.49799665808677673
    ],
    [
      -0.028431659564375877,
      0.028431659564375877,
      0.05098465830087662,
      0.5666666626930237,
      0.7395250797271729,
      0.4984545409679413
    ],
    [
      -0.061115749180316925,
      0.061115749180316925,
      0.01830057054758072,
      0.5,
      0.49646711349487305,
      0.4984545409679413
    ],
    [
      -0.07169943302869797,
      0.07169943302869797,
      0.0077168866991996765,
      0.46666666865348816,
      0.5032140612602234,
      0.5119484066963196
    ],
    [
      0.033740848302841187,
      0.033740848302841187,
      0.11315716803073883,
      0.7666666507720947,
      0.9471068978309631,
      0.8865816593170166
    ],
    [
      -0.08118011057376862,
      0.08118011057376862,
      -0.0017637908458709717,
      0.30000001192092896,
      0.7131255269050598,
      0.8865816593170166
    ],
    [
      0.2297980934381485,
      0.2297980934381485,
      0.30921441316604614,
      0.9666666388511658,
      0.955889880657196,
      0.8363538980484009
    ],
    [
      -0.4942348301410675,
      0.4942348301410675,
      -0.41481852531433105,
      0.06666667014360428,
      0.41817694902420044,
      0.8363538980484009
    ],
    [
      -0.07177051901817322,
      0.07177051901817322,
      0.007645800709724426,
      0.4333333373069763,
      0.7251462340354919,
      0.9145359992980957
    ],
    [
      -0.013822229579091072,
      0.013822229579091072,
      0.06559409201145172,
      0.6666666865348816,
      0.7100368142127991,
      0.9145359992980957
    ],
    [
      0.026509210467338562,
      0.026509210467338562,
      0.1059255301952362,
      0.7333333492279053,
      0.9734565019607544,
      0.5055376887321472
    ],
    [
      -0.10938236862421036,
      0.10938236862421036,
      -0.029966048896312714,
      0.2666666805744171,
      0.2398936152458191,
      0.4797872304916382
    ],
    [
      -0.02370085008442402,
      0.02370085008442402,
      0.055715471506118774,
      0.6333333253860474,
      0.7219235897064209,
      0.4896795451641083
    ],
    [
      0.1146124005317688,
      0.1146124005317688,
      0.19402872025966644,
      0.8666666746139526,
      0.7355714440345764,
      0.49121734499931335
    ],
    [
      -0.5100031495094299,
      0.5100031495094299,
      -0.4305868148803711,
      0.0,
      0.24560867249965668,
      0.49121734499931335
    ],
    [
      -0.07460463047027588,
      0.07460463047027588,
      0.004811689257621765,
      0.36666667461395264,
      0.4929174780845642,
      0.4955889880657196
    ],
    [
      0.013000110164284706,
      0.013000110164284706,
      0.0924164280295372,
      0.699999988079071,
      0.9664340615272522,
      0.49780014157295227
    ],
    [
      -0.12265592068433762,
      0.12265592068433762,
      -0.04323960095643997,
      0.20000000298023224,
      0.24890007078647614,
      0.49780014157295227
    ],
    [
      0.11829625815153122,
      0.11829625815153122,
      0.19771257042884827,
      0.8999999761581421,
      0.9459763765335083,
      0.4803548753261566
    ],
    [
      0.2098657637834549,
      0.2098657637834549,
      0.28928208351135254,
      0.9333333373069763,
      0.9419780373573303,
      0.9058312773704529
    ],
    [
      -0.4016084671020508,
      0.4016084671020508,
      -0.32219213247299194,
      0.10000000149011612,
      0.45291563868522644,
      0.9058312773704529
    ],
    [
      0.055114150047302246,
      0.055114150047302246,
      0.1345304697751999,
      0.800000011920929,
      0.5009838342666626,
      0.5041976571083069
    ],
    [
      -0.4959351718425751,
      0.4959351718425751,
      -0.4165188670158386,
      0.03333333507180214,
      0.25209882855415344,
      0.5041976571083069
    ],
    [
      -0.3568424582481384,
      0.3568424582481384,
      -0.2774261236190796,
      0.1666666716337204,
      0.4776623547077179,
      0.4777943193912506
    ]
  ],
  "feature_names": [
    "charge",
    "abs_charge",
    "charge_centered",
    "charge_rank_norm",
    "wbo_sum",
    "wbo_max"
  ],
  "status": "ok",
  "error": null
}