{
  "canonical_smiles": "O=c1ccc2ccc(OCCCCN3CCN(c4cccc5sccc45)CC3)cc2[nH]1",
  "xtb_valid": true,
  "atom_valid_mask": [
    [
      1.0
    ],
    [
      1.0
    ],
    [
      1.0
    ],
    [
      1.0
    ],
    [
      1.0
    ],
    [
      1.0
    ],
    [
      1.0
    ],
    [
      1.0
    ],
    [
      1.0
    ],
    [
      1.0
    ],
    [
      1.0
    ],
    [
      1.0
    ],
    [
      1.0
    ],
    [
      1.0
    ],
    [
      1.0
    ],
    [
      1.0
    ],
    [
      1.0
    ],
    [
      1.0
    ],
    [
      1.0
    ],
    [
      1.0
    ],
    [
      1.0
    ],
    [
      1.0
    ],
    [
      1.0
    ],
    [
      1.0
    ],
    [
      1.0
    ],
    [
      1.0
    ],
    [
      1.0
    ],
    [
      1.0
    ],
    [
      1.0
    ],
    [
      1.0
    ],
    [
      1.0
    ]
  ],
  "atom_features": [
    [
      -0.5447371602058411,
      0.5447371602058411,
      -0.49898186326026917,
      0.0,
      0.43584322929382324,
      0.7920326590538025
    ],
    [
      0.27531760931015015,
      0.27531760931015015,
      0.32107290625572205,
      1.0,
      0.9645175337791443,
      0.7920326590538025
    ],
    [
      -0.07410795986652374,
      0.07410795986652374,
      -0.02835267037153244,
      0.20000000298023224,
      0.7031546831130981,
      0.8698837757110596
    ],
    [
      -0.023916950449347496,
      0.023916950449347496,
      0.021838339045643806,
      0.5333333611488342,
      0.7227627038955688,
      0.8698837757110596
    ],
    [
      -0.005360669922083616,
      0.005360669922083616,
      0.0403946191072464,
      0.6666666865348816,
      0.9467498660087585,
      0.6778013110160828
    ],
    [
      -0.038172971457242966,
      0.038172971457242966,
      0.007582318037748337,
      0.5,
      0.7342423796653748,
      0.7367533445358276
    ],
    [
      -0.07121074944734573,
      0.07121074944734573,
      -0.02545545995235443,
      0.2666666805744171,
      0.7028141617774963,
      0.7367533445358276
    ],
    [
      0.15325850248336792,
      0.15325850248336792,
      0.19901379942893982,
      0.9666666388511658,
      0.9457606077194214,
      0.6850122809410095
    ],
    [
      -0.2901708781719208,
      0.2901708781719208,
      -0.24441558122634888,
      0.03333333507180214,
      0.5072614550590515,
      0.5376339554786682
    ],
    [
      0.06751483678817749,
      0.06751483678817749,
      0.11327012628316879,
      0.8999999761581421,
      0.48801061511039734,
      0.49913227558135986
    ],
    [
      -0.07170146703720093,
      0.07170146703720093,
      -0.025946177542209625,
      0.23333333432674408,
      0.5013467669487,
      0.5035611987113953
    ],
    [
      -0.06630221754312515,
      0.06630221754312515,
      -0.02054692804813385,
      0.3333333432674408,
      0.5025246143341064,
      0.5035611987113953
    ],
    [
      0.00512458011507988,
      0.00512458011507988,
      0.05087986961007118,
      0.7333333492279053,
      0.500150740146637,
      0.5014879703521729
    ],
    [
      -0.19039219617843628,
      0.19039219617843628,
      -0.14463689923286438,
      0.06666667014360428,
      0.7493952512741089,
      0.5036103129386902
    ],
    [
      -0.006701160222291946,
      0.006701160222291946,
      0.039054129272699356,
      0.6333333253860474,
      0.49640563130378723,
      0.4964446723461151
    ],
    [
      0.007377369794994593,
      0.007377369794994593,
      0.05313266068696976,
      0.7666666507720947,
      0.49648478627204895,
      0.4965249001979828
    ],
    [
      -0.16455517709255219,
      0.16455517709255219,
      -0.11879988759756088,
      0.10000000149011612,
      0.7592881321907043,
      0.5379549264907837
    ],
    [
      0.05779987946152687,
      0.05779987946152687,
      0.10355517268180847,
      0.8666666746139526,
      0.9662631154060364,
      0.7106005549430847
    ],
    [
      -0.06286202371120453,
      0.06286202371120453,
      -0.017106734216213226,
      0.36666667461395264,
      0.7055410146713257,
      0.7106005549430847
    ],
    [
      -0.04076234996318817,
      0.04076234996318817,
      0.004992939531803131,
      0.46666666865348816,
      0.7178167104721069,
      0.7351518869400024
    ],
    [
      -0.05657576024532318,
      0.05657576024532318,
      -0.010820470750331879,
      0.4000000059604645,
      0.7322536110877991,
      0.7351518869400024
    ],
    [
      0.029221119359135628,
      0.029221119359135628,
      0.07497640699148178,
      0.8333333134651184,
      0.9441259503364563,
      0.6756076216697693
    ],
    [
      -0.06746453046798706,
      0.06746453046798706,
      -0.021709240972995758,
      0.30000001192092896,
      0.5976331830024719,
      0.5844411849975586
    ],
    [
      -0.019877810031175613,
      0.019877810031175613,
      0.02587747946381569,
      0.5666666626930237,
      0.7081088423728943,
      0.83177649974823
    ],
    [
      -0.05383637174963951,
      0.05383637174963951,
      -0.008081082254648209,
      0.4333333373069763,
      0.7425943613052368,
      0.83177649974823
    ],
    [
      -0.01724887080490589,
      0.01724887080490589,
      0.02850641869008541,
      0.6000000238418579,
      0.9427271485328674,
      0.6565269827842712
    ],
    [
      0.008796320296823978,
      0.008796320296823978,
      0.054551608860492706,
      0.800000011920929,
      0.48890775442123413,
      0.49371910095214844
    ],
    [
      -0.001090539968572557,
      0.001090539968572557,
      0.04466474801301956,
      0.699999988079071,
      0.4986647069454193,
      0.5036103129386902
    ],
    [
      -0.08226422220468521,
      0.08226422220468521,
      -0.03650893270969391,
      0.1666666716337204,
      0.7149152159690857,
      0.6908880472183228
    ],
    [
      0.07586228102445602,
      0.07586228102445602,
      0.12161757051944733,
      0.9333333373069763,
      0.9458188414573669,
      0.6908880472183228
    ],
    [
      -0.1493745744228363,
      0.1493745744228363,
      -0.103619284927845,
      0.13333334028720856,
      0.6204617619514465,
      0.6005768179893494
    ]
  ],
  "feature_names": [
    "charge",
    "abs_charge",
    "charge_centered",
    "charge_rank_norm",
    "wbo_sum",
    "wbo_max"
  ],
  "status": "ok",
  "error": null
}