{
  "canonical_smiles": "CNCC[C@H](Oc1ccccc1C)c1ccccc1",
  "xtb_valid": true,
  "atom_valid_mask": [
    [
      1.0
    ],
    [
      1.0
    ],
    [
      1.0
    ],
    [
      1.0
    ],
    [
      1.0
    ],
    [
      1.0
    ],
    [
      1.0
    ],
    [
      1.0
    ],
    [
      1.0
    ],
    [
      1.0
    ],
    [
      1.0
    ],
    [
      1.0
    ],
    [
      1.0
    ],
    [
      1.0
    ],
    [
      1.0
    ],
    [
      1.0
    ],
    [
      1.0
    ],
    [
      1.0
    ],
    [
      1.0
    ]
  ],
  "atom_features": [
    [
      -0.032139770686626434,
      0.032139770686626434,
      0.017359662801027298,
      0.7222222089767456,
      0.25585460662841797,
      0.5117092132568359
    ],
    [
      -0.2878892123699188,
      0.2878892123699188,
      -0.2383897751569748,
      0.0555555559694767,
      0.5083781480789185,
      0.5117092132568359
    ],
    [
      0.020187949761748314,
      0.020187949761748314,
      0.0696873813867569,
      0.8888888955116272,
      0.5033180117607117,
      0.5050470232963562
    ],
    [
      -0.07025612890720367,
      0.07025612890720367,
      -0.020756695419549942,
      0.1666666716337204,
      0.4943838119506836,
      0.5015890598297119
    ],
    [
      0.11067996174097061,
      0.11067996174097061,
      0.16017939150333405,
      0.9444444179534912,
      0.7262396812438965,
      0.4923957884311676
    ],
    [
      -0.3021266758441925,
      0.3021266758441925,
      -0.25262725353240967,
      0.0,
      0.4981191158294678,
      0.5233331322669983
    ],
    [
      0.13078224658966064,
      0.13078224658966064,
      0.18028168380260468,
      1.0,
      0.9410975575447083,
      0.6919025182723999
    ],
    [
      -0.06865440309047699,
      0.06865440309047699,
      -0.019154969602823257,
      0.2222222238779068,
      0.7300513982772827,
      0.7165167331695557
    ],
    [
      -0.04340742900967598,
      0.04340742900967598,
      0.006092004477977753,
      0.3888888955116272,
      0.7455431222915649,
      0.7207956314086914
    ],
    [
      -0.04913739860057831,
      0.04913739860057831,
      0.0003620348870754242,
      0.2777777910232544,
      0.7182081341743469,
      0.7207956314086914
    ],
    [
      -0.047745149582624435,
      0.047745149582624435,
      0.0017542839050292969,
      0.3333333432674408,
      0.7402023077011108,
      0.7156206965446472
    ],
    [
      -0.0063208299688994884,
      0.0063208299688994884,
      0.04317860305309296,
      0.7777777910232544,
      0.9737604856491089,
      0.7131003737449646
    ],
    [
      -0.10964883863925934,
      0.10964883863925934,
      -0.060149405151605606,
      0.1111111119389534,
      0.25684359669685364,
      0.5136871933937073
    ],
    [
      -0.003910049796104431,
      0.003910049796104431,
      0.0455893836915493,
      0.8333333134651184,
      0.9799874424934387,
      0.707548201084137
    ],
    [
      -0.04254623129963875,
      0.04254623129963875,
      0.006953202188014984,
      0.4444444477558136,
      0.7418362498283386,
      0.7225781679153442
    ],
    [
      -0.035279180854558945,
      0.035279180854558945,
      0.014220252633094788,
      0.5555555820465088,
      0.7483663558959961,
      0.7225781679153442
    ],
    [
      -0.0361822284758091,
      0.0361822284758091,
      0.013317205011844635,
      0.5,
      0.7466831803321838,
      0.7199882864952087
    ],
    [
      -0.034677401185035706,
      0.034677401185035706,
      0.014822032302618027,
      0.6111111044883728,
      0.7484312653541565,
      0.7209958434104919
    ],
    [
      -0.032218508422374725,
      0.032218508422374725,
      0.017280925065279007,
      0.6666666865348816,
      0.7420678734779358,
      0.7209958434104919
    ]
  ],
  "feature_names": [
    "charge",
    "abs_charge",
    "charge_centered",
    "charge_rank_norm",
    "wbo_sum",
    "wbo_max"
  ],
  "status": "ok",
  "error": null
}