{
  "canonical_smiles": "CC(=O)C[C@@H](c1ccccc1)c1c(O)c2ccccc2oc1=O",
  "xtb_valid": true,
  "atom_valid_mask": [
    [
      1.0
    ],
    [
      1.0
    ],
    [
      1.0
    ],
    [
      1.0
    ],
    [
      1.0
    ],
    [
      1.0
    ],
    [
      1.0
    ],
    [
      1.0
    ],
    [
      1.0
    ],
    [
      1.0
    ],
    [
      1.0
    ],
    [
      1.0
    ],
    [
      1.0
    ],
    [
      1.0
    ],
    [
      1.0
    ],
    [
      1.0
    ],
    [
      1.0
    ],
    [
      1.0
    ],
    [
      1.0
    ],
    [
      1.0
    ],
    [
      1.0
    ],
    [
      1.0
    ],
    [
      1.0
    ]
  ],
  "atom_features": [
    [
      -0.15795525908470154,
      0.15795525908470154,
      -0.09829254448413849,
      0.1818181872367859,
      0.2548830509185791,
      0.5097661018371582
    ],
    [
      0.244533509016037,
      0.244533509016037,
      0.30419623851776123,
      0.9545454382896423,
      0.9561682939529419,
      0.9032546877861023
    ],
    [
      -0.43301135301589966,
      0.43301135301589966,
      -0.3733486533164978,
      0.04545454680919647,
      0.45162734389305115,
      0.9032546877861023
    ],
    [
      -0.08602213859558105,
      0.08602213859558105,
      -0.026359423995018005,
      0.22727273404598236,
      0.49464651942253113,
      0.4993157684803009
    ],
    [
      -0.014330360107123852,
      0.014330360107123852,
      0.04533235356211662,
      0.7272727489471436,
      0.7359212040901184,
      0.49257928133010864
    ],
    [
      0.006602639798074961,
      0.006602639798074961,
      0.06626535207033157,
      0.8181818127632141,
      0.9786115884780884,
      0.7069064378738403
    ],
    [
      -0.04243741184473038,
      0.04243741184473038,
      0.017225302755832672,
      0.3636363744735718,
      0.7413404583930969,
      0.7201069593429565
    ],
    [
      -0.03573533892631531,
      0.03573533892631531,
      0.02392737567424774,
      0.5454545617103577,
      0.7481942176818848,
      0.7201069593429565
    ],
    [
      -0.03583063930273056,
      0.03583063930273056,
      0.02383207529783249,
      0.5,
      0.7469097375869751,
      0.7200861573219299
    ],
    [
      -0.03551207110285759,
      0.03551207110285759,
      0.02415064349770546,
      0.5909090638160706,
      0.7482059001922607,
      0.721461296081543
    ],
    [
      -0.03793872147798538,
      0.03793872147798538,
      0.021723993122577667,
      0.40909090638160706,
      0.7421185374259949,
      0.721461296081543
    ],
    [
      -0.07167152315378189,
      0.07167152315378189,
      -0.012008808553218842,
      0.27272728085517883,
      0.9132684469223022,
      0.7908890843391418
    ],
    [
      0.15383335947990417,
      0.15383335947990417,
      0.21349607408046722,
      0.9090909361839294,
      0.9456688761711121,
      0.7908890843391418
    ],
    [
      -0.4090132713317871,
      0.4090132713317871,
      -0.34935057163238525,
      0.09090909361839294,
      0.27460983395576477,
      0.5492196679115295
    ],
    [
      -0.011751520447432995,
      0.011751520447432995,
      0.04791119322180748,
      0.7727272510528564,
      0.9439970850944519,
      0.6743336915969849
    ],
    [
      -0.02672599069774151,
      0.02672599069774151,
      0.03293672204017639,
      0.6363636255264282,
      0.7340747117996216,
      0.7360862493515015
    ],
    [
      -0.03614741936326027,
      0.03614741936326027,
      0.02351529523730278,
      0.4545454680919647,
      0.7202890515327454,
      0.7360862493515015
    ],
    [
      -0.025783680379390717,
      0.025783680379390717,
      0.03387903422117233,
      0.6818181872367859,
      0.7167479991912842,
      0.7290042042732239
    ],
    [
      -0.046586789190769196,
      0.046586789190769196,
      0.013075925409793854,
      0.3181818127632141,
      0.7358644604682922,
      0.7290042042732239
    ],
    [
      0.13996094465255737,
      0.13996094465255737,
      0.19962365925312042,
      0.8636363744735718,
      0.9251911044120789,
      0.6849952340126038
    ],
    [
      -0.27708151936531067,
      0.27708151936531067,
      -0.21741880476474762,
      0.13636364042758942,
      0.5490372180938721,
      0.5279126167297363
    ],
    [
      0.3392277956008911,
      0.3392277956008911,
      0.39889049530029297,
      1.0,
      0.9485405087471008,
      0.8261000514030457
    ],
    [
      -0.4728657603263855,
      0.4728657603263855,
      -0.41320306062698364,
      0.0,
      0.4466530978679657,
      0.8261000514030457
    ]
  ],
  "feature_names": [
    "charge",
    "abs_charge",
    "charge_centered",
    "charge_rank_norm",
    "wbo_sum",
    "wbo_max"
  ],
  "status": "ok",
  "error": null
}