{
  "canonical_smiles": "CC(C)NCC(O)COc1cccc2[nH]ccc12",
  "xtb_valid": true,
  "atom_valid_mask": [
    [
      1.0
    ],
    [
      1.0
    ],
    [
      1.0
    ],
    [
      1.0
    ],
    [
      1.0
    ],
    [
      1.0
    ],
    [
      1.0
    ],
    [
      1.0
    ],
    [
      1.0
    ],
    [
      1.0
    ],
    [
      1.0
    ],
    [
      1.0
    ],
    [
      1.0
    ],
    [
      1.0
    ],
    [
      1.0
    ],
    [
      1.0
    ],
    [
      1.0
    ],
    [
      1.0
    ]
  ],
  "atom_features": [
    [
      -0.11917144805192947,
      0.11917144805192947,
      -0.042525552213191986,
      0.1764705926179886,
      0.25159141421318054,
      0.5031828284263611
    ],
    [
      0.05936583876609802,
      0.05936583876609802,
      0.1360117346048355,
      0.8235294222831726,
      0.751915693283081,
      0.5031828284263611
    ],
    [
      -0.11911889165639877,
      0.11911889165639877,
      -0.042472995817661285,
      0.23529411852359772,
      0.2515137493610382,
      0.5030274987220764
    ],
    [
      -0.28763872385025024,
      0.28763872385025024,
      -0.21099282801151276,
      0.11764705926179886,
      0.5020590424537659,
      0.5064969658851624
    ],
    [
      0.005514970049262047,
      0.005514970049262047,
      0.08216086775064468,
      0.7058823704719543,
      0.5007596611976624,
      0.5064969658851624
    ],
    [
      0.1047881692647934,
      0.1047881692647934,
      0.18143406510353088,
      0.9411764740943909,
      0.7394445538520813,
      0.49502232670783997
    ],
    [
      -0.5104148983955383,
      0.5104148983955383,
      -0.43376898765563965,
      0.0,
      0.2451091706752777,
      0.4902183413505554
    ],
    [
      0.06374400854110718,
      0.06374400854110718,
      0.14038990437984467,
      0.8823529481887817,
      0.4862395226955414,
      0.49364838004112244
    ],
    [
      -0.31201714277267456,
      0.31201714277267456,
      -0.23537124693393707,
      0.05882352963089943,
      0.5000254511833191,
      0.5212202072143555
    ],
    [
      0.12623454630374908,
      0.12623454630374908,
      0.20288044214248657,
      1.0,
      0.9570955038070679,
      0.7118444442749023
    ],
    [
      -0.08588738739490509,
      0.08588738739490509,
      -0.009241491556167603,
      0.3529411852359772,
      0.7014114856719971,
      0.7118444442749023
    ],
    [
      -0.04644047096371651,
      0.04644047096371651,
      0.03020542487502098,
      0.529411792755127,
      0.7172691226005554,
      0.7435597777366638
    ],
    [
      -0.07275185734033585,
      0.07275185734033585,
      0.003894038498401642,
      0.47058823704719543,
      0.7282493114471436,
      0.7435597777366638
    ],
    [
      0.0436895415186882,
      0.0436895415186882,
      0.12033543735742569,
      0.7647058963775635,
      0.9429401755332947,
      0.6604763269424438
    ],
    [
      -0.1169937327504158,
      0.1169937327504158,
      -0.040347836911678314,
      0.29411765933036804,
      0.5985208749771118,
      0.6070800423622131
    ],
    [
      -0.005247659981250763,
      0.005247659981250763,
      0.07139823585748672,
      0.6470588445663452,
      0.7039049863815308,
      0.8007299304008484
    ],
    [
      -0.07426200807094574,
      0.07426200807094574,
      0.002383887767791748,
      0.4117647111415863,
      0.7090412974357605,
      0.8007299304008484
    ],
    [
      -0.0330190509557724,
      0.0330190509557724,
      0.04362684488296509,
      0.5882353186607361,
      0.9407294392585754,
      0.6354421973228455
    ]
  ],
  "feature_names": [
    "charge",
    "abs_charge",
    "charge_centered",
    "charge_rank_norm",
    "wbo_sum",
    "wbo_max"
  ],
  "status": "ok",
  "error": null
}