{
  "canonical_smiles": "CCCCNCc1cc(=O)oc2cc(OC)ccc12",
  "xtb_valid": true,
  "atom_valid_mask": [
    [
      1.0
    ],
    [
      1.0
    ],
    [
      1.0
    ],
    [
      1.0
    ],
    [
      1.0
    ],
    [
      1.0
    ],
    [
      1.0
    ],
    [
      1.0
    ],
    [
      1.0
    ],
    [
      1.0
    ],
    [
      1.0
    ],
    [
      1.0
    ],
    [
      1.0
    ],
    [
      1.0
    ],
    [
      1.0
    ],
    [
      1.0
    ],
    [
      1.0
    ],
    [
      1.0
    ],
    [
      1.0
    ]
  ],
  "atom_features": [
    [
      -0.10987229645252228,
      0.10987229645252228,
      -0.04949399083852768,
      0.2222222238779068,
      0.2553365230560303,
      0.5106730461120605
    ],
    [
      -0.05890988931059837,
      0.05890988931059837,
      0.001468416303396225,
      0.5,
      0.5066905617713928,
      0.5106730461120605
    ],
    [
      -0.06776846945285797,
      0.06776846945285797,
      -0.007390163838863373,
      0.3888888955116272,
      0.5007611513137817,
      0.5027081370353699
    ],
    [
      0.0010899699991568923,
      0.0010899699991568923,
      0.061468277126550674,
      0.6666666865348816,
      0.5015221238136292,
      0.5042300224304199
    ],
    [
      -0.28075018525123596,
      0.28075018525123596,
      -0.22037187218666077,
      0.0555555559694767,
      0.5057793259620667,
      0.5073285698890686
    ],
    [
      0.0017522999551147223,
      0.0017522999551147223,
      0.062130603939294815,
      0.7222222089767456,
      0.5068625807762146,
      0.5073285698890686
    ],
    [
      0.035375360399484634,
      0.035375360399484634,
      0.09575366973876953,
      0.8333333134651184,
      0.9508693218231201,
      0.8381151556968689
    ],
    [
      -0.0880872905254364,
      0.0880872905254364,
      -0.027708984911441803,
      0.2777777910232544,
      0.6950414776802063,
      0.8381151556968689
    ],
    [
      0.3482184410095215,
      0.3482184410095215,
      0.4085967540740967,
      1.0,
      0.952338695526123,
      0.8222072124481201
    ],
    [
      -0.49375516176223755,
      0.49375516176223755,
      -0.43337684869766235,
      0.0,
      0.44515159726142883,
      0.8222072124481201
    ],
    [
      -0.27241992950439453,
      0.27241992950439453,
      -0.21204161643981934,
      0.1666666716337204,
      0.5507519245147705,
      0.530502438545227
    ],
    [
      0.14158125221729279,
      0.14158125221729279,
      0.2019595503807068,
      0.8888888955116272,
      0.9254798889160156,
      0.6879080533981323
    ],
    [
      -0.0821000263094902,
      0.0821000263094902,
      -0.021721720695495605,
      0.3333333432674408,
      0.7147195935249329,
      0.691016435623169
    ],
    [
      0.15626941621303558,
      0.15626941621303558,
      0.21664771437644958,
      0.9444444179534912,
      0.9475398659706116,
      0.691016435623169
    ],
    [
      -0.2737577557563782,
      0.2737577557563782,
      -0.21337944269180298,
      0.1111111119389534,
      0.5131021738052368,
      0.5432552695274353
    ],
    [
      0.01093676034361124,
      0.01093676034361124,
      0.07131506502628326,
      0.7777777910232544,
      0.24147456884384155,
      0.4829491376876831
    ],
    [
      -0.06248598173260689,
      0.06248598173260689,
      -0.0021076761186122894,
      0.4444444477558136,
      0.7049062848091125,
      0.7490045428276062
    ],
    [
      -0.037291958928108215,
      0.037291958928108215,
      0.023086346685886383,
      0.5555555820465088,
      0.7344970703125,
      0.7490045428276062
    ],
    [
      -0.015212389640510082,
      0.015212389640510082,
      0.04516591504216194,
      0.6111111044883728,
      0.9434239268302917,
      0.6694747805595398
    ]
  ],
  "feature_names": [
    "charge",
    "abs_charge",
    "charge_centered",
    "charge_rank_norm",
    "wbo_sum",
    "wbo_max"
  ],
  "status": "ok",
  "error": null
}