{
  "canonical_smiles": "CN1C(C(=O)Nc2ccccn2)=C(O)c2ccccc2S1(=O)=O",
  "xtb_valid": true,
  "atom_valid_mask": [
    [
      1.0
    ],
    [
      1.0
    ],
    [
      1.0
    ],
    [
      1.0
    ],
    [
      1.0
    ],
    [
      1.0
    ],
    [
      1.0
    ],
    [
      1.0
    ],
    [
      1.0
    ],
    [
      1.0
    ],
    [
      1.0
    ],
    [
      1.0
    ],
    [
      1.0
    ],
    [
      1.0
    ],
    [
      1.0
    ],
    [
      1.0
    ],
    [
      1.0
    ],
    [
      1.0
    ],
    [
      1.0
    ],
    [
      1.0
    ],
    [
      1.0
    ],
    [
      1.0
    ],
    [
      1.0
    ]
  ],
  "atom_features": [
    [
      -0.04547515884041786,
      0.04547515884041786,
      0.018958430737257004,
      0.4545454680919647,
      0.24519087374210358,
      0.49038174748420715
    ],
    [
      -0.26513323187828064,
      0.26513323187828064,
      -0.20069964230060577,
      0.22727273404598236,
      0.7276689410209656,
      0.5225937366485596
    ],
    [
      -0.003069950034841895,
      0.003069950034841895,
      0.061363641172647476,
      0.7272727489471436,
      0.9130221605300903,
      0.8118497133255005
    ],
    [
      0.2823050916194916,
      0.2823050916194916,
      0.34673869609832764,
      0.9545454382896423,
      0.9634733200073242,
      0.8306059837341309
    ],
    [
      -0.4590989351272583,
      0.4590989351272583,
      -0.39466536045074463,
      0.09090909361839294,
      0.45640501379966736,
      0.8306059837341309
    ],
    [
      -0.16495859622955322,
      0.16495859622955322,
      -0.10052500665187836,
      0.27272728085517883,
      0.6159657835960388,
      0.604739785194397
    ],
    [
      0.16179122030735016,
      0.16179122030735016,
      0.22622480988502502,
      0.9090909361839294,
      0.9535775184631348,
      0.6890681385993958
    ],
    [
      -0.06635399162769318,
      0.06635399162769318,
      -0.0019204020500183105,
      0.3636363744735718,
      0.7306087017059326,
      0.7313441634178162
    ],
    [
      -0.0160534605383873,
      0.0160534605383873,
      0.04838012903928757,
      0.6818181872367859,
      0.7453265190124512,
      0.7313441634178162
    ],
    [
      -0.04897511005401611,
      0.04897511005401611,
      0.015458479523658752,
      0.40909090638160706,
      0.7160153985023499,
      0.7227751016616821
    ],
    [
      0.054122500121593475,
      0.054122500121593475,
      0.11855608969926834,
      0.8181818127632141,
      0.743414044380188,
      0.7227751016616821
    ],
    [
      -0.26769647002220154,
      0.26769647002220154,
      -0.20326288044452667,
      0.1818181872367859,
      0.7232000827789307,
      0.7072789072990417
    ],
    [
      0.10390990972518921,
      0.10390990972518921,
      0.16834349930286407,
      0.8636363744735718,
      0.9369450211524963,
      0.8118497133255005
    ],
    [
      -0.4321165680885315,
      0.4321165680885315,
      -0.3676829934120178,
      0.13636364042758942,
      0.26602381467819214,
      0.5320476293563843
    ],
    [
      -0.0009678599890321493,
      0.0009678599890321493,
      0.06346572935581207,
      0.7727272510528564,
      0.9468420147895813,
      0.6865222454071045
    ],
    [
      -0.031914930790662766,
      0.031914930790662766,
      0.0325186587870121,
      0.5,
      0.7319314479827881,
      0.7242926955223083
    ],
    [
      -0.026447279378771782,
      0.026447279378771782,
      0.037986308336257935,
      0.5454545617103577,
      0.7442454099655151,
      0.7242926955223083
    ],
    [
      -0.024258049204945564,
      0.024258049204945564,
      0.04017554223537445,
      0.5909090638160706,
      0.7153098583221436,
      0.7169220447540283
    ],
    [
      -0.02293621003627777,
      0.02293621003627777,
      0.041497379541397095,
      0.6363636255264282,
      0.7391819357872009,
      0.7169220447540283
    ],
    [
      -0.09008592367172241,
      0.09008592367172241,
      -0.025652334094047546,
      0.3181818127632141,
      0.9083967208862305,
      0.7083937525749207
    ],
    [
      1.16199791431427,
      1.16199791431427,
      1.2264314889907837,
      1.0,
      1.1958998441696167,
      0.7928544878959656
    ],
    [
      -0.6566410660743713,
      0.6566410660743713,
      -0.5922074913978577,
      0.0,
      0.41416311264038086,
      0.7758527994155884
    ],
    [
      -0.6239163279533386,
      0.6239163279533386,
      -0.559482753276825,
      0.04545454680919647,
      0.42266395688056946,
      0.7928544878959656
    ]
  ],
  "feature_names": [
    "charge",
    "abs_charge",
    "charge_centered",
    "charge_rank_norm",
    "wbo_sum",
    "wbo_max"
  ],
  "status": "ok",
  "error": null
}