{
  "canonical_smiles": "Cc1ccc(C(C)C)cc2c(C)ccc1-2",
  "xtb_valid": true,
  "atom_valid_mask": [
    [
      1.0
    ],
    [
      1.0
    ],
    [
      1.0
    ],
    [
      1.0
    ],
    [
      1.0
    ],
    [
      1.0
    ],
    [
      1.0
    ],
    [
      1.0
    ],
    [
      1.0
    ],
    [
      1.0
    ],
    [
      1.0
    ],
    [
      1.0
    ],
    [
      1.0
    ],
    [
      1.0
    ],
    [
      1.0
    ]
  ],
  "atom_features": [
    [
      -0.11716940253973007,
      0.11716940253973007,
      -0.0706857442855835,
      0.0,
      0.25574544072151184,
      0.5114908814430237
    ],
    [
      0.024684779345989227,
      0.024684779345989227,
      0.0711684376001358,
      1.0,
      0.9474528431892395,
      0.7947068810462952
    ],
    [
      -0.051508579403162,
      0.051508579403162,
      -0.005024917423725128,
      0.4285714328289032,
      0.7035142779350281,
      0.7947068810462952
    ],
    [
      -0.03065272979438305,
      0.03065272979438305,
      0.015830932185053825,
      0.5,
      0.7059174180030823,
      0.799513041973114
    ],
    [
      0.003977550193667412,
      0.003977550193667412,
      0.05046121031045914,
      0.9285714030265808,
      0.9444946646690369,
      0.799513041973114
    ],
    [
      -0.018641220405697823,
      0.018641220405697823,
      0.027842441573739052,
      0.7142857313156128,
      0.7470304369926453,
      0.5029892325401306
    ],
    [
      -0.10934080928564072,
      0.10934080928564072,
      -0.06285715103149414,
      0.0714285746216774,
      0.2514946162700653,
      0.5029892325401306
    ],
    [
      -0.10574574023485184,
      0.10574574023485184,
      -0.05926207825541496,
      0.2142857164144516,
      0.24883751571178436,
      0.4976750314235687
    ],
    [
      -0.027151109650731087,
      0.027151109650731087,
      0.019332552328705788,
      0.5714285969734192,
      0.69987553358078,
      0.8036713600158691
    ],
    [
      0.0027674399316310883,
      0.0027674399316310883,
      0.04925110191106796,
      0.8571428656578064,
      0.9470614790916443,
      0.8036713600158691
    ],
    [
      -0.01920999027788639,
      0.01920999027788639,
      0.027273671701550484,
      0.6428571343421936,
      0.9454560875892639,
      0.8057057857513428
    ],
    [
      -0.10861896723508835,
      0.10861896723508835,
      -0.062135305255651474,
      0.1428571492433548,
      0.2580946981906891,
      0.5161893963813782
    ],
    [
      -0.05345714092254639,
      0.05345714092254639,
      -0.006973478943109512,
      0.3571428656578064,
      0.7037993669509888,
      0.8057057857513428
    ],
    [
      -0.07045602053403854,
      0.07045602053403854,
      -0.02397235855460167,
      0.2857142984867096,
      0.6937276124954224,
      0.78556227684021
    ],
    [
      -0.01673302985727787,
      0.01673302985727787,
      0.029750632122159004,
      0.7857142686843872,
      0.947852373123169,
      0.78556227684021
    ]
  ],
  "feature_names": [
    "charge",
    "abs_charge",
    "charge_centered",
    "charge_rank_norm",
    "wbo_sum",
    "wbo_max"
  ],
  "status": "ok",
  "error": null
}