{
  "canonical_smiles": "COc1ccc2[n-]c(S(=O)Cc3ncc(C)c(OC)c3C)nc2c1.COc1ccc2[n-]c(S(=O)Cc3ncc(C)c(OC)c3C)nc2c1.[Mg+2]",
  "xtb_valid": true,
  "atom_valid_mask": [
    [
      1.0
    ],
    [
      1.0
    ],
    [
      1.0
    ],
    [
      1.0
    ],
    [
      1.0
    ],
    [
      1.0
    ],
    [
      1.0
    ],
    [
      1.0
    ],
    [
      1.0
    ],
    [
      1.0
    ],
    [
      1.0
    ],
    [
      1.0
    ],
    [
      1.0
    ],
    [
      1.0
    ],
    [
      1.0
    ],
    [
      1.0
    ],
    [
      1.0
    ],
    [
      1.0
    ],
    [
      1.0
    ],
    [
      1.0
    ],
    [
      1.0
    ],
    [
      1.0
    ],
    [
      1.0
    ],
    [
      1.0
    ],
    [
      1.0
    ],
    [
      1.0
    ],
    [
      1.0
    ],
    [
      1.0
    ],
    [
      1.0
    ],
    [
      1.0
    ],
    [
      1.0
    ],
    [
      1.0
    ],
    [
      1.0
    ],
    [
      1.0
    ],
    [
      1.0
    ],
    [
      1.0
    ],
    [
      1.0
    ],
    [
      1.0
    ],
    [
      1.0
    ],
    [
      1.0
    ],
    [
      1.0
    ],
    [
      1.0
    ],
    [
      1.0
    ],
    [
      1.0
    ],
    [
      1.0
    ],
    [
      1.0
    ],
    [
      1.0
    ],
    [
      1.0
    ],
    [
      1.0
    ]
  ],
  "atom_features": [
    [
      0.0011724800569936633,
      0.0011724800569936633,
      0.00860271230340004,
      0.7083333134651184,
      0.9999979138374329,
      1.9999958276748657
    ],
    [
      1.9997339248657227,
      1.9997339248657227,
      2.007164239883423,
      0.9583333134651184,
      1.0000064373016357,
      2.0
    ],
    [
      0.00031766999745741487,
      0.00031766999745741487,
      0.0077479020692408085,
      0.6666666865348816,
      1.0001158714294434,
      2.0
    ],
    [
      0.0003838500124402344,
      0.0003838500124402344,
      0.007814082317054272,
      0.6875,
      1.000057578086853,
      2.0
    ],
    [
      -0.0008060199907049537,
      0.0008060199907049537,
      0.006624212022870779,
      0.5208333134651184,
      1.0002655982971191,
      2.0
    ],
    [
      -0.006662630010396242,
      0.006662630010396242,
      0.0007676021195948124,
      0.25,
      1.002915382385254,
      2.0
    ],
    [
      0.9878332018852234,
      0.9878332018852234,
      0.9952634572982788,
      0.8125,
      1.0049651861190796,
      2.0
    ],
    [
      -0.057408370077610016,
      0.057408370077610016,
      -0.04997813701629639,
      0.0625,
      1.026798963546753,
      2.0
    ],
    [
      -3.2696893215179443,
      3.2696893215179443,
      -3.262259006500244,
      0.02083333395421505,
      2.0,
      2.0
    ],
    [
      1.9850208759307861,
      1.9850208759307861,
      1.9924510717391968,
      0.9166666865348816,
      1.008111596107483,
      2.0
    ],
    [
      0.015180500224232674,
      0.015180500224232674,
      0.022610731422901154,
      0.75,
      1.0015934705734253,
      2.0
    ],
    [
      -0.03838194161653519,
      0.03838194161653519,
      -0.030951708555221558,
      0.125,
      1.0209020376205444,
      2.0
    ],
    [
      0.9918316006660461,
      0.9918316006660461,
      0.9992618560791016,
      0.8541666865348816,
      1.0046459436416626,
      2.0
    ],
    [
      -0.002866359893232584,
      0.002866359893232584,
      0.0045638722367584705,
      0.375,
      1.001388430595398,
      2.0
    ],
    [
      -0.0010650400072336197,
      0.0010650400072336197,
      0.006365192122757435,
      0.5,
      1.0004242658615112,
      2.0
    ],
    [
      -9.138000314123929e-05,
      9.138000314123929e-05,
      0.007338852155953646,
      0.625,
      1.0000226497650146,
      2.0
    ],
    [
      -0.0030185598880052567,
      0.0030185598880052567,
      0.004411672241985798,
      0.3541666567325592,
      1.0015966892242432,
      2.0
    ],
    [
      2.000006675720215,
      2.000006675720215,
      2.007436990737915,
      0.9791666865348816,
      1.0001089572906494,
      2.0
    ],
    [
      -0.0015456900000572205,
      0.0015456900000572205,
      0.005884542129933834,
      0.4375,
      1.0000115633010864,
      2.0
    ],
    [
      -0.017449630424380302,
      0.017449630424380302,
      -0.010019398294389248,
      0.1875,
      1.0090405941009521,
      2.0
    ],
    [
      -0.005292240064591169,
      0.005292240064591169,
      0.002137992065399885,
      0.2708333432674408,
      1.0024070739746094,
      2.0
    ],
    [
      0.974199652671814,
      0.974199652671814,
      0.9816299080848694,
      0.7708333134651184,
      1.0119121074676514,
      2.0
    ],
    [
      -0.011442740447819233,
      0.011442740447819233,
      -0.004012508317828178,
      0.2083333283662796,
      1.0054600238800049,
      2.0
    ],
    [
      -0.0012855599634349346,
      0.0012855599634349346,
      0.00614467216655612,
      0.4583333432674408,
      1.0007131099700928,
      2.0
    ],
    [
      -0.001182459993287921,
      0.001182459993287921,
      0.00624777190387249,
      0.4791666567325592,
      0.9999979138374329,
      1.9999958276748657
    ],
    [
      2.0002341270446777,
      2.0002341270446777,
      2.007664442062378,
      1.0,
      1.0000064373016357,
      2.0
    ],
    [
      -0.0007840800099074841,
      0.0007840800099074841,
      0.0066461521200835705,
      0.5416666865348816,
      1.0001158714294434,
      2.0
    ],
    [
      -0.0006173399742692709,
      0.0006173399742692709,
      0.00681289192289114,
      0.5833333134651184,
      1.000057578086853,
      2.0
    ],
    [
      -0.00026011999580077827,
      0.00026011999580077827,
      0.0071701123379170895,
      0.6041666865348816,
      1.0002655982971191,
      2.0
    ],
    [
      -0.004971660207957029,
      0.004971660207957029,
      0.002458571922034025,
      0.2916666567325592,
      1.002915382385254,
      2.0
    ],
    [
      0.9923832416534424,
      0.9923832416534424,
      0.9998134970664978,
      0.875,
      1.0049651861190796,
      2.0
    ],
    [
      -0.04725509136915207,
      0.04725509136915207,
      -0.03982485830783844,
      0.0833333358168602,
      1.026798963546753,
      2.0
    ],
    [
      -3.248269557952881,
      3.248269557952881,
      -3.2408392429351807,
      0.0416666679084301,
      2.0,
      2.0
    ],
    [
      1.98273503780365,
      1.98273503780365,
      1.9901652336120605,
      0.8958333134651184,
      1.008111596107483,
      2.0
    ],
    [
      -0.0225239098072052,
      0.0225239098072052,
      -0.015093677677214146,
      0.1458333283662796,
      1.0015934705734253,
      2.0
    ],
    [
      -0.043751951307058334,
      0.043751951307058334,
      -0.036321718245744705,
      0.1041666641831398,
      1.0209020376205444,
      2.0
    ],
    [
      0.9896581768989563,
      0.9896581768989563,
      0.9970884323120117,
      0.8333333134651184,
      1.0046459436416626,
      2.0
    ],
    [
      -0.002682959893718362,
      0.002682959893718362,
      0.004747272469103336,
      0.3958333432674408,
      1.001388430595398,
      2.0
    ],
    [
      -0.0006327700102701783,
      0.0006327700102701783,
      0.006797462236136198,
      0.5625,
      1.0004242658615112,
      2.0
    ],
    [
      -4.609999905369477e-06,
      4.609999905369477e-06,
      0.007425622083246708,
      0.6458333134651184,
      1.0000226497650146,
      2.0
    ],
    [
      -0.003360030008479953,
      0.003360030008479953,
      0.004070201888680458,
      0.3333333432674408,
      1.0015966892242432,
      2.0
    ],
    [
      1.9995503425598145,
      1.9995503425598145,
      2.0069806575775146,
      0.9375,
      1.0001089572906494,
      2.0
    ],
    [
      0.0014881499810144305,
      0.0014881499810144305,
      0.008918382227420807,
      0.7291666865348816,
      1.0000115633010864,
      2.0
    ],
    [
      -0.018422629684209824,
      0.018422629684209824,
