{
  "canonical_smiles": "CN(C/C=C/C#CC(C)(C)C)Cc1cccc2ccccc12",
  "xtb_valid": true,
  "atom_valid_mask": [
    [
      1.0
    ],
    [
      1.0
    ],
    [
      1.0
    ],
    [
      1.0
    ],
    [
      1.0
    ],
    [
      1.0
    ],
    [
      1.0
    ],
    [
      1.0
    ],
    [
      1.0
    ],
    [
      1.0
    ],
    [
      1.0
    ],
    [
      1.0
    ],
    [
      1.0
    ],
    [
      1.0
    ],
    [
      1.0
    ],
    [
      1.0
    ],
    [
      1.0
    ],
    [
      1.0
    ],
    [
      1.0
    ],
    [
      1.0
    ],
    [
      1.0
    ],
    [
      1.0
    ]
  ],
  "atom_features": [
    [
      -0.029526229947805405,
      0.029526229947805405,
      0.012233603745698929,
      0.6666666865348816,
      0.25352343916893005,
      0.5070468783378601
    ],
    [
      -0.18116618692874908,
      0.18116618692874908,
      -0.13940635323524475,
      0.0,
      0.751095175743103,
      0.5070468783378601
    ],
    [
      0.010963340289890766,
      0.010963340289890766,
      0.052723173052072525,
      0.9047619104385376,
      0.5051196217536926,
      0.5095319151878357
    ],
    [
      -0.0441700704395771,
      0.0441700704395771,
      -0.002410236746072769,
      0.3333333432674408,
      0.7445178031921387,
      0.9165651202201843
    ],
    [
      -0.02544059045612812,
      0.02544059045612812,
      0.016319243237376213,
      0.7142857313156128,
      0.740203857421875,
      0.9165651202201843
    ],
    [
      -0.05698705092072487,
      0.05698705092072487,
      -0.015227217227220535,
      0.190476194024086,
      0.9667722582817078,
      1.3697019815444946
    ],
    [
      -0.05679786950349808,
      0.05679786950349808,
      -0.015038035809993744,
      0.2380952388048172,
      0.9706527590751648,
      1.3697019815444946
    ],
    [
      0.05357218161225319,
      0.05357218161225319,
      0.09533201158046722,
      1.0,
      0.9909741282463074,
      0.5086647868156433
    ],
    [
      -0.1062411218881607,
      0.1062411218881607,
      -0.06448128819465637,
      0.095238097012043,
      0.24526837468147278,
      0.49053674936294556
    ],
    [
      -0.10617628693580627,
      0.10617628693580627,
      -0.06441645324230194,
      0.1428571492433548,
      0.2456812560558319,
      0.4913625121116638
    ],
    [
      -0.10651469230651855,
      0.10651469230651855,
      -0.06475485861301422,
      0.0476190485060215,
      0.24569208920001984,
      0.4913841784000397
    ],
    [
      -0.005664039868861437,
      0.005664039868861437,
      0.036095794290304184,
      0.8095238208770752,
      0.4960397779941559,
      0.4976434111595154
    ],
    [
      -0.008047389797866344,
      0.008047389797866344,
      0.033712442964315414,
      0.761904776096344,
      0.9696334600448608,
      0.7440817952156067
    ],
    [
      -0.04158613085746765,
      0.04158613085746765,
      0.00017370283603668213,
      0.4285714328289032,
      0.7134953737258911,
      0.7440817952156067
    ],
    [
      -0.038713239133358,
      0.038713239133358,
      0.003046594560146332,
      0.523809552192688,
      0.7203470468521118,
      0.7577852010726929
    ],
    [
      -0.04470917955040932,
      0.04470917955040932,
      -0.0029493458569049835,
      0.2857142984867096,
      0.7349598407745361,
      0.7577852010726929
    ],
    [
      0.013576660305261612,
      0.013576660305261612,
      0.055336493998765945,
      0.9523809552192688,
      0.9557128548622131,
      0.6479998230934143
    ],
    [
      -0.041892390698194504,
      0.041892390698194504,
      -0.0001325570046901703,
      0.380952388048172,
      0.7364135384559631,
      0.7592904567718506
    ],
    [
      -0.03600569814443588,
      0.03600569814443588,
      0.005754135549068451,
      0.6190476417541504,
      0.7203050851821899,
      0.7592904567718506
    ],
    [
      -0.03667021915316582,
      0.03667021915316582,
      0.005089614540338516,
      0.5714285969734192,
      0.7199143171310425,
      0.7585089206695557
    ],
    [
      -0.03938715159893036,
      0.03938715159893036,
      0.0023726820945739746,
      0.4761904776096344,
      0.7369253635406494,
      0.7585089206695557
    ],
    [
      0.008866880089044571,
      0.008866880089044571,
      0.050626713782548904,
      0.8571428656578064,
      0.949319064617157,
      0.6493952870368958
    ]
  ],
  "feature_names": [
    "charge",
    "abs_charge",
    "charge_centered",
    "charge_rank_norm",
    "wbo_sum",
    "wbo_max"
  ],
  "status": "ok",
  "error": null
}