{
  "canonical_smiles": "Cc1nnc2n1-c1ccc(Cl)cc1C(c1ccccc1)=NC2",
  "xtb_valid": true,
  "atom_valid_mask": [
    [
      1.0
    ],
    [
      1.0
    ],
    [
      1.0
    ],
    [
      1.0
    ],
    [
      1.0
    ],
    [
      1.0
    ],
    [
      1.0
    ],
    [
      1.0
    ],
    [
      1.0
    ],
    [
      1.0
    ],
    [
      1.0
    ],
    [
      1.0
    ],
    [
      1.0
    ],
    [
      1.0
    ],
    [
      1.0
    ],
    [
      1.0
    ],
    [
      1.0
    ],
    [
      1.0
    ],
    [
      1.0
    ],
    [
      1.0
    ],
    [
      1.0
    ],
    [
      1.0
    ]
  ],
  "atom_features": [
    [
      -0.13421021401882172,
      0.13421021401882172,
      -0.09504221379756927,
      0.190476194024086,
      0.25890427827835083,
      0.5178085565567017
    ],
    [
      0.13386176526546478,
      0.13386176526546478,
      0.17302976548671722,
      1.0,
      0.9438685178756714,
      0.789060115814209
    ],
    [
      -0.24579952657222748,
      0.24579952657222748,
      -0.20663152635097504,
      0.095238097012043,
      0.6965051889419556,
      0.789060115814209
    ],
    [
      -0.25495436787605286,
      0.25495436787605286,
      -0.21578636765480042,
      0.0476190485060215,
      0.6960174441337585,
      0.7880846261978149
    ],
    [
      0.13024038076400757,
      0.13024038076400757,
      0.16940838098526,
      0.9523809552192688,
      0.9367725849151611,
      0.7880846261978149
    ],
    [
      -0.048531148582696915,
      0.048531148582696915,
      -0.009363152086734772,
      0.2380952388048172,
      0.8412903547286987,
      0.5848889946937561
    ],
    [
      0.06407161056995392,
      0.06407161056995392,
      0.10323961079120636,
      0.8095238208770752,
      0.9380425214767456,
      0.688992440700531
    ],
    [
      -0.042060259729623795,
      0.042060259729623795,
      -0.0028922632336616516,
      0.2857142984867096,
      0.7329992055892944,
      0.7238406538963318
    ],
    [
      -0.040480270981788635,
      0.040480270981788635,
      -0.0013122744858264923,
      0.3333333432674408,
      0.7094817161560059,
      0.7238406538963318
    ],
    [
      0.1044161394238472,
      0.1044161394238472,
      0.14358413219451904,
      0.8571428656578064,
      0.9433595538139343,
      0.7057543992996216
    ],
    [
      -0.1873798668384552,
      0.1873798668384552,
      -0.14821186661720276,
      0.1428571492433548,
      0.2429209053516388,
      0.4858418107032776
    ],
    [
      -0.03917311877012253,
      0.03917311877012253,
      -5.122274160385132e-06,
      0.380952388048172,
      0.7265782952308655,
      0.7057543992996216
    ],
    [
      -0.004493849817663431,
      0.004493849817663431,
      0.03467414528131485,
      0.6666666865348816,
      0.9357670545578003,
      0.6942369341850281
    ],
    [
      0.10514453798532486,
      0.10514453798532486,
      0.1443125307559967,
      0.9047619104385376,
      0.9581945538520813,
      0.8964638113975525
    ],
    [
      0.007049750071018934,
      0.007049750071018934,
      0.046217747032642365,
      0.7142857313156128,
      0.9758498668670654,
      0.694823145866394
    ],
    [
      -0.030895700678229332,
      0.030895700678229332,
      0.008272295817732811,
      0.523809552192688,
      0.7362738847732544,
      0.7233843207359314
    ],
    [
      -0.03284892067313194,
      0.03284892067313194,
      0.0063190758228302,
      0.4285714328289032,
      0.7479192614555359,
      0.7233843207359314
    ],
    [
      -0.029566699638962746,
      0.029566699638962746,
      0.009601296856999397,
      0.5714285969734192,
      0.7429153919219971,
      0.7176529765129089
    ],
    [
      -0.031206779181957245,
      0.031206779181957245,
      0.007961217314004898,
      0.4761904776096344,
      0.7480504512786865,
      0.7246168851852417
    ],
    [
      -0.02726243995130062,
      0.02726243995130062,
      0.011905556544661522,
      0.6190476417541504,
      0.7361817955970764,
      0.7246168851852417
    ],
    [
      -0.26570287346839905,
      0.26570287346839905,
      -0.2265348732471466,
      0.0,
      0.699061393737793,
      0.8964638113975525
    ],
    [
      0.008085929788649082,
      0.008085929788649082,
      0.04725392535328865,
      0.761904776096344,
      0.5011152029037476,
      0.5016589760780334
    ]
  ],
  "feature_names": [
    "charge",
    "abs_charge",
    "charge_centered",
    "charge_rank_norm",
    "wbo_sum",
    "wbo_max"
  ],
  "status": "ok",
  "error": null
}