{
  "canonical_smiles": "Nc1ccc(S(=O)c2ccc(N)cc2)cc1",
  "xtb_valid": true,
  "atom_valid_mask": [
    [
      1.0
    ],
    [
      1.0
    ],
    [
      1.0
    ],
    [
      1.0
    ],
    [
      1.0
    ],
    [
      1.0
    ],
    [
      1.0
    ],
    [
      1.0
    ],
    [
      1.0
    ],
    [
      1.0
    ],
    [
      1.0
    ],
    [
      1.0
    ],
    [
      1.0
    ],
    [
      1.0
    ],
    [
      1.0
    ],
    [
      1.0
    ]
  ],
  "atom_features": [
    [
      -0.3181760609149933,
      0.3181760609149933,
      -0.24410830438137054,
      0.13333334028720856,
      0.2921999394893646,
      0.5843998789787292
    ],
    [
      0.08328857272863388,
      0.08328857272863388,
      0.15735632181167603,
      0.8666666746139526,
      0.9642156958580017,
      0.6731732487678528
    ],
    [
      -0.06261315196752548,
      0.06261315196752548,
      0.01145460456609726,
      0.3333333432674408,
      0.7016616463661194,
      0.7324650883674622
    ],
    [
      -0.04333316162228584,
      0.04333316162228584,
      0.0307345949113369,
      0.5333333611488342,
      0.7394562363624573,
      0.7324650883674622
    ],
    [
      -0.03138680011034012,
      0.03138680011034012,
      0.04268095642328262,
      0.6000000238418579,
      0.929628849029541,
      0.7004339098930359
    ],
    [
      0.3827958405017853,
      0.3827958405017853,
      0.4568635821342468,
      1.0,
      0.8842045068740845,
      0.8433305621147156
    ],
    [
      -0.6372080445289612,
      0.6372080445289612,
      -0.5631402730941772,
      0.0,
      0.4216652810573578,
      0.8433305621147156
    ],
    [
      -0.03138605132699013,
      0.03138605132699013,
      0.042681705206632614,
      0.6666666865348816,
      0.929628849029541,
      0.7004336714744568
    ],
    [
      -0.029260750859975815,
      0.029260750859975815,
      0.04480700567364693,
      0.7333333492279053,
      0.7143825888633728,
      0.7283315062522888
    ],
    [
      -0.06385719031095505,
      0.06385719031095505,
      0.010210566222667694,
      0.2666666805744171,
      0.7258336544036865,
      0.7283315062522888
    ],
    [
      0.08328866958618164,
      0.08328866958618164,
      0.15735642611980438,
      0.9333333373069763,
      0.9642159342765808,
      0.6731725931167603
    ],
    [
      -0.3181869387626648,
      0.3181869387626648,
      -0.24411918222904205,
      0.06666667014360428,
      0.2922006845474243,
      0.5844013690948486
    ],
    [
      -0.06259401887655258,
      0.06259401887655258,
      0.01147373765707016,
      0.4000000059604645,
      0.7016614675521851,
      0.7324650287628174
    ],
    [
      -0.04334266111254692,
      0.04334266111254692,
      0.03072509542107582,
      0.46666666865348816,
      0.7394564747810364,
      0.7324650287628174
    ],
    [
      -0.02925311028957367,
      0.02925311028957367,
      0.04481464624404907,
      0.800000011920929,
      0.714382529258728,
      0.7283311486244202
    ],
    [
      -0.06385914981365204,
      0.06385914981365204,
      0.010208606719970703,
      0.20000000298023224,
      0.7258336544036865,
      0.7283311486244202
    ]
  ],
  "feature_names": [
    "charge",
    "abs_charge",
    "charge_centered",
    "charge_rank_norm",
    "wbo_sum",
    "wbo_max"
  ],
  "status": "ok",
  "error": null
}