{
  "canonical_smiles": "O=C(O)CC[C@H]1[C@@H]2CC[C@@H](C2)[C@@H]1NS(=O)(=O)c1ccccc1",
  "xtb_valid": true,
  "atom_valid_mask": [
    [
      1.0
    ],
    [
      1.0
    ],
    [
      1.0
    ],
    [
      1.0
    ],
    [
      1.0
    ],
    [
      1.0
    ],
    [
      1.0
    ],
    [
      1.0
    ],
    [
      1.0
    ],
    [
      1.0
    ],
    [
      1.0
    ],
    [
      1.0
    ],
    [
      1.0
    ],
    [
      1.0
    ],
    [
      1.0
    ],
    [
      1.0
    ],
    [
      1.0
    ],
    [
      1.0
    ],
    [
      1.0
    ],
    [
      1.0
    ],
    [
      1.0
    ],
    [
      1.0
    ]
  ],
  "atom_features": [
    [
      -0.4830191135406494,
      0.4830191135406494,
      -0.4056054353713989,
      0.095238097012043,
      0.4707072377204895,
      0.8553131222724915
    ],
    [
      0.3650234043598175,
      0.3650234043598175,
      0.4424370527267456,
      0.9523809552192688,
      0.9665991067886353,
      0.8553131222724915
    ],
    [
      -0.41860252618789673,
      0.41860252618789673,
      -0.34118884801864624,
      0.1428571492433548,
      0.33452051877975464,
      0.5829396843910217
    ],
    [
      -0.09659364074468613,
      0.09659364074468613,
      -0.019179977476596832,
      0.2380952388048172,
      0.4928029477596283,
      0.49494537711143494
    ],
    [
      -0.061698928475379944,
      0.061698928475379944,
      0.01571473479270935,
      0.4761904776096344,
      0.4948856830596924,
      0.4991108477115631
    ],
    [
      -0.033294979482889175,
      0.033294979482889175,
      0.04411868378520012,
      0.523809552192688,
      0.7367518544197083,
      0.4991108477115631
    ],
    [
      -0.024621769785881042,
      0.024621769785881042,
      0.05279189348220825,
      0.8571428656578064,
      0.7431848049163818,
      0.49806275963783264
    ],
    [
      -0.06844353675842285,
      0.06844353675842285,
      0.008970126509666443,
      0.380952388048172,
      0.49946707487106323,
      0.5008713603019714
    ],
    [
      -0.06532826274633408,
      0.06532826274633408,
      0.012085400521755219,
      0.4285714328289032,
      0.49971798062324524,
      0.5008713603019714
    ],
    [
      -0.028846019878983498,
      0.028846019878983498,
      0.048567645251750946,
      0.5714285969734192,
      0.7406395673751831,
      0.49856463074684143
    ],
    [
      -0.07339289039373398,
      0.07339289039373398,
      0.004020772874355316,
      0.3333333432674408,
      0.4969206750392914,
      0.4975728690624237
    ],
    [
      0.044812481850385666,
      0.044812481850385666,
      0.12222614884376526,
      0.9047619104385376,
      0.7300429940223694,
      0.48998114466667175
    ],
    [
      -0.36892253160476685,
      0.36892253160476685,
      -0.29150885343551636,
      0.190476194024086,
      0.49124208092689514,
      0.49250301718711853
    ],
    [
      1.1282132863998413,
      1.1282132863998413,
      1.2056269645690918,
      1.0,
      1.2161991596221924,
      0.7841697931289673
    ],
    [
      -0.6468148827552795,
      0.6468148827552795,
      -0.569401204586029,
      0.0476190485060215,
      0.3905586004257202,
      0.7811172008514404
    ],
    [
      -0.6489905118942261,
      0.6489905118942261,
      -0.5715768337249756,
      0.0,
      0.39208489656448364,
      0.7841697931289673
    ],
    [
      -0.08423373103141785,
      0.08423373103141785,
      -0.006820067763328552,
      0.2857142984867096,
      0.9211541414260864,
      0.7084362506866455
    ],
    [
      -0.02773617021739483,
      0.02773617021739483,
      0.049677491188049316,
      0.7142857313156128,
      0.7414462566375732,
      0.7216395735740662
    ],
    [
      -0.027004659175872803,
      0.027004659175872803,
      0.05040900409221649,
      0.761904776096344,
      0.7466612458229065,
      0.7216395735740662
    ],
    [
      -0.026685599237680435,
      0.026685599237680435,
      0.05072806403040886,
      0.8095238208770752,
      0.7450534701347351,
      0.7194482088088989
    ],
    [
      -0.02810553088784218,
      0.02810553088784218,
      0.049308132380247116,
      0.6666666865348816,
      0.7467390894889832,
      0.7194482088088989
    ],
    [
      -0.02881425991654396,
      0.02881425991654396,
      0.048599403351545334,
      0.6190476417541504,
      0.7407505512237549,
      0.7184298038482666
    ]
  ],
  "feature_names": [
    "charge",
    "abs_charge",
    "charge_centered",
    "charge_rank_norm",
    "wbo_sum",
    "wbo_max"
  ],
  "status": "ok",
  "error": null
}