{
  "canonical_smiles": "COc1c(-c2ccc3cc(NS(C)(=O)=O)ccc3c2)cc(-n2ccc(=O)[nH]c2=O)cc1C(C)(C)C",
  "xtb_valid": true,
  "atom_valid_mask": [
    [
      1.0
    ],
    [
      1.0
    ],
    [
      1.0
    ],
    [
      1.0
    ],
    [
      1.0
    ],
    [
      1.0
    ],
    [
      1.0
    ],
    [
      1.0
    ],
    [
      1.0
    ],
    [
      1.0
    ],
    [
      1.0
    ],
    [
      1.0
    ],
    [
      1.0
    ],
    [
      1.0
    ],
    [
      1.0
    ],
    [
      1.0
    ],
    [
      1.0
    ],
    [
      1.0
    ],
    [
      1.0
    ],
    [
      1.0
    ],
    [
      1.0
    ],
    [
      1.0
    ],
    [
      1.0
    ],
    [
      1.0
    ],
    [
      1.0
    ],
    [
      1.0
    ],
    [
      1.0
    ],
    [
      1.0
    ],
    [
      1.0
    ],
    [
      1.0
    ],
    [
      1.0
    ],
    [
      1.0
    ],
    [
      1.0
    ],
    [
      1.0
    ],
    [
      1.0
    ]
  ],
  "atom_features": [
    [
      0.0325576588511467,
      0.0325576588511467,
      0.09106115996837616,
      0.7647058963775635,
      0.23894309997558594,
      0.4778861999511719
    ],
    [
      -0.31750279664993286,
      0.31750279664993286,
      -0.2589992880821228,
      0.14705882966518402,
      0.49354982376098633,
      0.5092134475708008
    ],
    [
      0.1318356841802597,
      0.1318356841802597,
      0.19033917784690857,
      0.9117646813392639,
      0.931162416934967,
      0.6793799996376038
    ],
    [
      -0.008143019862473011,
      0.008143019862473011,
      0.05036047846078873,
      0.6176470518112183,
      0.9431988000869751,
      0.6977521181106567
    ],
    [
      0.01983967050909996,
      0.01983967050909996,
      0.07834316790103912,
      0.7352941036224365,
      0.9537977576255798,
      0.7337507009506226
    ],
    [
      -0.03166789934039116,
      0.03166789934039116,
      0.026835598051548004,
      0.5882353186607361,
      0.7106095552444458,
      0.7622882723808289
    ],
    [
      -0.04297136887907982,
      0.04297136887907982,
      0.015532128512859344,
      0.5,
      0.7360289692878723,
      0.7622882723808289
    ],
    [
      0.01806141994893551,
      0.01806141994893551,
      0.07656491547822952,
      0.7058823704719543,
      0.9547054171562195,
      0.6501161456108093
    ],
    [
      -0.06716424971818924,
      0.06716424971818924,
      -0.008660752326250076,
      0.3529411852359772,
      0.7189036011695862,
      0.7254520058631897
    ],
    [
      0.06944973766803741,
      0.06944973766803741,
      0.12795323133468628,
      0.8823529481887817,
      0.9499579668045044,
      0.7254520058631897
    ],
    [
      -0.3644232749938965,
      0.3644232749938965,
      -0.3059197664260864,
      0.11764705926179886,
      0.49470365047454834,
      0.5174068212509155
    ],
    [
      1.179376482963562,
      1.179376482963562,
      1.237879991531372,
      1.0,
      1.211159586906433,
      0.7832032442092896
    ],
    [
      -0.2350943237543106,
      0.2350943237543106,
      -0.17659083008766174,
      0.1764705926179886,
      0.19309337437152863,
      0.38618674874305725
    ],
    [
      -0.6429377794265747,
      0.6429377794265747,
      -0.5844342708587646,
      0.029411764815449715,
      0.4172223210334778,
      0.7832032442092896
    ],
    [
      -0.6522854566574097,
      0.6522854566574097,
      -0.5937819480895996,
      0.0,
      0.41608497500419617,
      0.7809285521507263
    ],
    [
      -0.051863279193639755,
      0.051863279193639755,
      0.006640218198299408,
      0.4117647111415863,
      0.709755539894104,
      0.7624539136886597
    ],
    [
      -0.03927614912390709,
      0.03927614912390709,
      0.019227348268032074,
      0.529411792755127,
      0.7352999448776245,
      0.7624539136886597
    ],
    [
      0.013249870389699936,
      0.013249870389699936,
      0.0717533677816391,
      0.6764705777168274,
      0.954913854598999,
      0.6517530679702759
    ],
    [
      -0.044118501245975494,
      0.044118501245975494,
      0.014384996145963669,
      0.47058823704719543,
      0.7240732312202454,
      0.7337507009506226
    ],
    [
      -0.04815603047609329,
      0.04815603047609329,
      0.010347466915845871,
      0.44117647409439087,
      0.6985356211662292,
      0.6993191838264465
    ],
    [
      0.05477453023195267,
      0.05477453023195267,
      0.11327803134918213,
      0.8529411554336548,
      0.943687915802002,
      0.6993191838264465
    ],
    [
      -0.03788867965340614,
      0.03788867965340614,
      0.02061481773853302,
      0.5588235259056091,
      0.848475992679596,
      0.5785413980484009
    ],
    [
      0.03316662833094597,
      0.03316662833094597,
      0.09167012572288513,
      0.7941176295280457,
      0.7171533107757568,
      0.8557652831077576
    ],
    [
      -0.09559770673513412,
      0.09559770673513412,
      -0.03709420934319496,
      0.3235294222831726,
      0.6989904642105103,
      0.8557652831077576
    ],
    [
      0.2887876629829407,
      0.2887876629829407,
      0.34729117155075073,
      0.9411764740943909,
      0.9650632739067078,
      0.8117483854293823
    ],
    [
      -0.5035634636878967,
      0.5035634636878967,
      -0.44505995512008667,
      0.05882352963089943,
      0.4401543438434601,
      0.8117483854293823
    ],
    [
      -0.17726899683475494,
      0.17726899683475494,
      -0.11876550316810608,
      0.20588235557079315,
      0.6409822702407837,
      0.5761626362800598
    ],
    [
      0.33294370770454407,
      0.33294370770454407,
      0.3914472162723541,
      0.970588207244873,
      0.9665042161941528,
      0.8033259510993958
    ],
    [
      -0.49377700686454773,
      0.49377700686454773,
      -0.43527349829673767,
      0.0882352963089943,
      0.4657226800918579,
      0.8033259510993958
    ],
    [
      -0.060098741203546524,
      0.060098741203546524,
      -0.0015952438116073608,
      0.38235294818878174,
      0.7001594305038452,
      0.7101122140884399
    ],
    [
      -0.004493719898164272,
      0.004493719898164272,
      0.054009776562452316,
      0.6470588445663452,
      0.9396073818206787,
      0.7101122140884399
    ],
    [
      0.03587222099304199,
      0.03587222099304199,
      0.09437571465969086,
      0.8235294222831726,
      0.9877616763114929,
      0.4981868267059326
    ],
    [
      -0.11039768159389496,
      0.11039768159389496,
      -0.051894184201955795,
      0.29411765933036804,
      0.24677196145057678,
      0.49354392290115356
    ],
    [
      -0.11763813346624374,
      0.11763813346624374,
      -0.05913463607430458,
      0.23529411852359772,
      0.2490934133529663,
      0.4981868267059326
    ],
    [
      -0.1112091988325119,
      0.1112091988325119,
      -0.05270570144057274,
      0.2647058963775635,
      0.24703511595726013,
      0.49407023191452026
    ]
  ],
  "feature_names": [
    "charge",
    "abs_charge",
    "charge_centered",
    "charge_rank_norm",
    "wbo_sum",
    "wbo_max"
  ],
  "status": "ok",
  "error": null
}