{
  "canonical_smiles": "CCCCNC(=O)NS(=O)(=O)c1ccc(C)cc1",
  "xtb_valid": true,
  "atom_valid_mask": [
    [
      1.0
    ],
    [
      1.0
    ],
    [
      1.0
    ],
    [
      1.0
    ],
    [
      1.0
    ],
    [
      1.0
    ],
    [
      1.0
    ],
    [
      1.0
    ],
    [
      1.0
    ],
    [
      1.0
    ],
    [
      1.0
    ],
    [
      1.0
    ],
    [
      1.0
    ],
    [
      1.0
    ],
    [
      1.0
    ],
    [
      1.0
    ],
    [
      1.0
    ],
    [
      1.0
    ]
  ],
  "atom_features": [
    [
      -0.11007481068372726,
      0.11007481068372726,
      -0.030317969620227814,
      0.3529411852359772,
      0.2553332448005676,
      0.5106664896011353
    ],
    [
      -0.06308110058307648,
      0.06308110058307648,
      0.016675740480422974,
      0.529411792755127,
      0.5072288513183594,
      0.5106664896011353
    ],
    [
      -0.07099547237157822,
      0.07099547237157822,
      0.008761368691921234,
      0.47058823704719543,
      0.5009250640869141,
      0.5037912130355835
    ],
    [
      -0.0036687299143522978,
      0.0036687299143522978,
      0.07608810812234879,
      0.8235294222831726,
      0.4946635365486145,
      0.49805885553359985
    ],
    [
      -0.19159162044525146,
      0.19159162044525146,
      -0.11183477938175201,
      0.23529411852359772,
      0.5987386107444763,
      0.620167076587677
    ],
    [
      0.34167298674583435,
      0.34167298674583435,
      0.4214298129081726,
      0.9411764740943909,
      0.9773643612861633,
      0.792414128780365
    ],
    [
      -0.5196741819381714,
      0.5196741819381714,
      -0.43991732597351074,
      0.11764705926179886,
      0.46748802065849304,
      0.792414128780365
    ],
    [
      -0.3824794590473175,
      0.3824794590473175,
      -0.30272263288497925,
      0.1764705926179886,
      0.5296712517738342,
      0.5421475172042847
    ],
    [
      1.1891686916351318,
      1.1891686916351318,
      1.2689255475997925,
      1.0,
      1.2009961605072021,
      0.785691499710083
    ],
    [
      -0.6469446420669556,
      0.6469446420669556,
      -0.5671877861022949,
      0.0,
      0.4180373549461365,
      0.785691499710083
    ],
    [
      -0.6445756554603577,
      0.6445756554603577,
      -0.564818799495697,
      0.05882352963089943,
      0.41670486330986023,
      0.7830265164375305
    ],
    [
      -0.096634641289711,
      0.096634641289711,
      -0.016877800226211548,
      0.4117647111415863,
      0.8894243240356445,
      0.7042397260665894
    ],
    [
      -0.024321729317307472,
      0.024321729317307472,
      0.05543511360883713,
      0.7647058963775635,
      0.7399541735649109,
      0.7233628630638123
    ],
    [
      -0.03823212906718254,
      0.03823212906718254,
      0.04152471199631691,
      0.6470588445663452,
      0.7382769584655762,
      0.7233628630638123
    ],
    [
      0.03782204911112785,
      0.03782204911112785,
      0.1175788938999176,
      0.8823529481887817,
      0.9581786394119263,
      0.7003295421600342
    ],
    [
      -0.13776260614395142,
      0.13776260614395142,
      -0.058005765080451965,
      0.29411765933036804,
      0.2585810422897339,
      0.5171620845794678
    ],
    [
      -0.04015709087252617,
      0.04015709087252617,
      0.03959975019097328,
      0.5882353186607361,
      0.738075315952301,
      0.7249791622161865
    ],
    [
      -0.03409320116043091,
      0.03409320116043091,
      0.04566363990306854,
      0.7058823704719543,
      0.73992520570755,
      0.7249791622161865
    ]
  ],
  "feature_names": [
    "charge",
    "abs_charge",
    "charge_centered",
    "charge_rank_norm",
    "wbo_sum",
    "wbo_max"
  ],
  "status": "ok",
  "error": null
}