{
  "canonical_smiles": "COc1cc(OC)cc(N(CCNC(C)C)c2ccc3ncc(-c4cnn(C)c4)nc3c2)c1",
  "xtb_valid": true,
  "atom_valid_mask": [
    [
      1.0
    ],
    [
      1.0
    ],
    [
      1.0
    ],
    [
      1.0
    ],
    [
      1.0
    ],
    [
      1.0
    ],
    [
      1.0
    ],
    [
      1.0
    ],
    [
      1.0
    ],
    [
      1.0
    ],
    [
      1.0
    ],
    [
      1.0
    ],
    [
      1.0
    ],
    [
      1.0
    ],
    [
      1.0
    ],
    [
      1.0
    ],
    [
      1.0
    ],
    [
      1.0
    ],
    [
      1.0
    ],
    [
      1.0
    ],
    [
      1.0
    ],
    [
      1.0
    ],
    [
      1.0
    ],
    [
      1.0
    ],
    [
      1.0
    ],
    [
      1.0
    ],
    [
      1.0
    ],
    [
      1.0
    ],
    [
      1.0
    ],
    [
      1.0
    ],
    [
      1.0
    ],
    [
      1.0
    ],
    [
      1.0
    ]
  ],
  "atom_features": [
    [
      0.019813640043139458,
      0.019813640043139458,
      0.07202856242656708,
      0.65625,
      0.24221330881118774,
      0.4844266176223755
    ],
    [
      -0.2979836165904999,
      0.2979836165904999,
      -0.2457686960697174,
      0.0,
      0.5075051784515381,
      0.5305836796760559
    ],
    [
      0.14160090684890747,
      0.14160090684890747,
      0.19381582736968994,
      1.0,
      0.9482468962669373,
      0.6840026378631592
    ],
    [
      -0.10928644984960556,
      0.10928644984960556,
      -0.05707152560353279,
      0.25,
      0.6838993430137634,
      0.6840026378631592
    ],
    [
      0.14137792587280273,
      0.14137792587280273,
      0.1935928463935852,
      0.96875,
      0.9485178589820862,
      0.6837959885597229
    ],
    [
      -0.2950054705142975,
      0.2950054705142975,
      -0.24279054999351501,
      0.03125,
      0.5077435970306396,
      0.5305769443511963
    ],
    [
      0.019037840887904167,
      0.019037840887904167,
      0.07125276327133179,
      0.625,
      0.2424551248550415,
      0.484910249710083
    ],
    [
      -0.0877554714679718,
      0.0877554714679718,
      -0.03554054722189903,
      0.34375,
      0.6881246566772461,
      0.693586528301239
    ],
    [
      0.06531748175621033,
      0.06531748175621033,
      0.1175324022769928,
      0.78125,
      0.9541662931442261,
      0.693586528301239
    ],
    [
      -0.0891810730099678,
      0.0891810730099678,
      -0.036966148763895035,
      0.3125,
      0.789535641670227,
      0.5704679489135742
    ],
    [
      -0.013335480354726315,
      0.013335480354726315,
      0.03887944296002388,
      0.5625,
      0.4877163767814636,
      0.4884743392467499
    ],
    [
      7.300000288523734e-05,
      7.300000288523734e-05,
      0.05228792503476143,
      0.59375,
      0.4987950026988983,
      0.5091156363487244
    ],
    [
      -0.284290075302124,
      0.284290075302124,
      -0.23207515478134155,
      0.09375,
      0.5036202669143677,
      0.5091156363487244
    ],
    [
      0.058680128306150436,
      0.058680128306150436,
      0.1108950525522232,
      0.75,
      0.7519631385803223,
      0.5032619833946228
    ],
    [
      -0.12018071860074997,
      0.12018071860074997,
      -0.0679657906293869,
      0.1875,
      0.25126978754997253,
      0.5025395750999451
    ],
    [
      -0.11541380733251572,
      0.11541380733251572,
      -0.06319887936115265,
      0.21875,
      0.2516309916973114,
      0.5032619833946228
    ],
    [
      0.07213316857814789,
      0.07213316857814789,
      0.12434808909893036,
      0.8125,
      0.95245361328125,
      0.6935694813728333
    ],
    [
      -0.04777128994464874,
      0.04777128994464874,
      0.0044436343014240265,
      0.46875,
      0.7031209468841553,
      0.7653720378875732
    ],
    [
      -0.05122581124305725,
      0.05122581124305725,
      0.0009891130030155182,
      0.4375,
      0.7326189279556274,
      0.7653720378875732
    ],
    [
      0.07412204146385193,
      0.07412204146385193,
      0.1263369619846344,
      0.84375,
      0.9451385140419006,
      0.659309446811676
    ],
    [
      -0.26876747608184814,
      0.26876747608184814,
      -0.21655255556106567,
      0.125,
      0.7012969255447388,
      0.7432844638824463
    ],
    [
      0.03323705866932869,
      0.03323705866932869,
      0.08545198291540146,
      0.71875,
      0.6970034837722778,
      0.7432844638824463
    ],
    [
      0.08492252975702286,
      0.08492252975702286,
      0.13713745772838593,
      0.90625,
      0.9495224952697754,
      0.7054237127304077
    ],
    [
      -0.036970820277929306,
      0.036970820277929306,
      0.015244103968143463,
      0.5,
      0.9544473886489868,
      0.7106748223304749
    ],
    [
      0.025251980870962143,
      0.025251980870962143,
      0.07746690511703491,
      0.6875,
      0.7073760628700256,
      0.7594308853149414
    ],
    [
      -0.25029823184013367,
      0.25029823184013367,
      -0.1980833113193512,
      0.15625,
      0.716420590877533,
      0.7594308853149414
    ],
    [
      0.09313470125198364,
      0.09313470125198364,
      0.1453496217727661,
      0.9375,
      0.8759036660194397,
      0.6533642411231995
    ],
    [
      -0.09050346910953522,
      0.09050346910953522,
      -0.03828854486346245,
      0.28125,
      0.2482231855392456,
      0.4964463710784912
    ],
    [
      -0.024872180074453354,
      0.024872180074453354,
      0.027342744171619415,
      0.53125,
      0.7177262902259827,
      0.7106748223304749
    ],
    [
      -0.2878990173339844,
      0.2878990173339844,
      -0.2356840968132019,
      0.0625,
      0.6785942912101746,
      0.7054237127304077
    ],
    [
      0.08065654337406158,
      0.08065654337406158,
      0.13287146389484406,
      0.875,
      0.9509986042976379,
      0.6632933020591736
    ],
    [
      -0.07592733949422836,
      0.07592733949422836,
      -0.023712415248155594,
      0.40625,
      0.7063500881195068,
      0.6935694813728333
    ],
    [
      -0.08578366786241531,
      0.08578366786241531,
      -0.033568743616342545,
      0.375,
      0.6875043511390686,
      0.693101167678833
    ]
  ],
  "feature_names": [
    "charge",
    "abs_charge",
    "charge_centered",
    "charge_rank_norm",
    "wbo_sum",
    "wbo_max"
  ],
  "status": "ok",
  "error": null
}