{
  "canonical_smiles": "c1ccc(C2(c3ccccc3)CC2C2=NCCN2)cc1",
  "xtb_valid": true,
  "atom_valid_mask": [
    [
      1.0
    ],
    [
      1.0
    ],
    [
      1.0
    ],
    [
      1.0
    ],
    [
      1.0
    ],
    [
      1.0
    ],
    [
      1.0
    ],
    [
      1.0
    ],
    [
      1.0
    ],
    [
      1.0
    ],
    [
      1.0
    ],
    [
      1.0
    ],
    [
      1.0
    ],
    [
      1.0
    ],
    [
      1.0
    ],
    [
      1.0
    ],
    [
      1.0
    ],
    [
      1.0
    ],
    [
      1.0
    ],
    [
      1.0
    ]
  ],
  "atom_features": [
    [
      -0.03620624914765358,
      0.03620624914765358,
      0.006089836359024048,
      0.5263158082962036,
      0.7468577027320862,
      0.7196308970451355
    ],
    [
      -0.035143978893756866,
      0.035143978893756866,
      0.007152106612920761,
      0.6315789222717285,
      0.7481947541236877,
      0.721123456954956
    ],
    [
      -0.034895218908786774,
      0.034895218908786774,
      0.007400866597890854,
      0.6842105388641357,
      0.7413082718849182,
      0.721123456954956
    ],
    [
      0.0088283596560359,
      0.0088283596560359,
      0.0511244460940361,
      0.8421052694320679,
      0.977590799331665,
      0.7056711316108704
    ],
    [
      0.00951301958411932,
      0.00951301958411932,
      0.05180910602211952,
      0.8947368264198303,
      0.9568867683410645,
      0.4894592761993408
    ],
    [
      0.007359819952398539,
      0.007359819952398539,
      0.04965590685606003,
      0.7894737124443054,
      0.9772768020629883,
      0.7058895826339722
    ],
    [
      -0.037199780344963074,
      0.037199780344963074,
      0.005096305161714554,
      0.2631579041481018,
      0.7413784265518188,
      0.7218401432037354
    ],
    [
      -0.03525703027844429,
      0.03525703027844429,
      0.007039055228233337,
      0.5789473652839661,
      0.7482388615608215,
      0.7218401432037354
    ],
    [
      -0.03626343980431557,
      0.03626343980431557,
      0.0060326457023620605,
      0.4736842215061188,
      0.7468469142913818,
      0.7195377945899963
    ],
    [
      -0.03636103868484497,
      0.03636103868484497,
      0.005935046821832657,
      0.42105263471603394,
      0.7481828331947327,
      0.720964789390564
    ],
    [
      -0.03846156969666481,
      0.03846156969666481,
      0.0038345158100128174,
      0.15789473056793213,
      0.7411842942237854,
      0.720964789390564
    ],
    [
      -0.0737961083650589,
      0.0737961083650589,
      -0.03150002285838127,
      0.10526315867900848,
      0.4808533787727356,
      0.484322190284729
    ],
    [
      -0.036640848964452744,
      0.036640848964452744,
      0.005655236542224884,
      0.3684210479259491,
      0.7263327836990356,
      0.5099915266036987
    ],
    [
      0.16996172070503235,
      0.16996172070503235,
      0.21225780248641968,
      1.0,
      0.9701860547065735,
      0.8371320962905884
    ],
    [
      -0.37149322032928467,
      0.37149322032928467,
      -0.32919713854789734,
      0.0,
      0.7117781043052673,
      0.8371320962905884
    ],
    [
      0.015405709855258465,
      0.015405709855258465,
      0.05770179629325867,
      0.9473684430122375,
      0.49957606196403503,
      0.5028902888298035
    ],
    [
      0.006451270077377558,
      0.006451270077377558,
      0.04874735698103905,
      0.7368420958518982,
      0.4975166320800781,
      0.49877139925956726
    ],
    [
      -0.21676838397979736,
      0.21676838397979736,
      -0.17447230219841003,
      0.05263157933950424,
      0.587776780128479,
      0.5932484269142151
    ],
    [
      -0.038160018622875214,
      0.038160018622875214,
      0.004136066883802414,
      0.21052631735801697,
      0.7410367727279663,
      0.7212485671043396
    ],
    [
      -0.036794669926166534,
      0.036794669926166534,
      0.005501415580511093,
      0.31578946113586426,
      0.7481467723846436,
      0.7212485671043396
    ]
  ],
  "feature_names": [
    "charge",
    "abs_charge",
    "charge_centered",
    "charge_rank_norm",
    "wbo_sum",
    "wbo_max"
  ],
  "status": "ok",
  "error": null
}