{
  "canonical_smiles": "CNCc1cc(=O)oc2cc(OC)ccc12",
  "xtb_valid": true,
  "atom_valid_mask": [
    [
      1.0
    ],
    [
      1.0
    ],
    [
      1.0
    ],
    [
      1.0
    ],
    [
      1.0
    ],
    [
      1.0
    ],
    [
      1.0
    ],
    [
      1.0
    ],
    [
      1.0
    ],
    [
      1.0
    ],
    [
      1.0
    ],
    [
      1.0
    ],
    [
      1.0
    ],
    [
      1.0
    ],
    [
      1.0
    ],
    [
      1.0
    ]
  ],
  "atom_features": [
    [
      -0.03928234055638313,
      0.03928234055638313,
      0.018426556140184402,
      0.46666666865348816,
      0.25508761405944824,
      0.5101752281188965
    ],
    [
      -0.26923757791519165,
      0.26923757791519165,
      -0.2115286886692047,
      0.20000000298023224,
      0.5053897500038147,
      0.5101752281188965
    ],
    [
      0.0051354700699448586,
      0.0051354700699448586,
      0.06284436583518982,
      0.6666666865348816,
      0.5020419955253601,
      0.5034797191619873
    ],
    [
      0.03808619827032089,
      0.03808619827032089,
      0.09579509496688843,
      0.800000011920929,
      0.9537425637245178,
      0.84316086769104
    ],
    [
      -0.08854185044765472,
      0.08854185044765472,
      -0.03083295375108719,
      0.2666666805744171,
      0.696021556854248,
      0.84316086769104
    ],
    [
      0.3489944040775299,
      0.3489944040775299,
      0.40670329332351685,
      1.0,
      0.9529364705085754,
      0.8228223323822021
    ],
    [
      -0.49275800585746765,
      0.49275800585746765,
      -0.4350491166114807,
      0.0,
      0.4460529386997223,
      0.8228223323822021
    ],
    [
      -0.270569384098053,
      0.270569384098053,
      -0.21286049485206604,
      0.13333334028720856,
      0.5520886182785034,
      0.5341683626174927
    ],
    [
      0.14193648099899292,
      0.14193648099899292,
      0.19964537024497986,
      0.8666666746139526,
      0.9264211058616638,
      0.6996204853057861
    ],
    [
      -0.07500024139881134,
      0.07500024139881134,
      -0.017291344702243805,
      0.3333333432674408,
      0.7176188826560974,
      0.6996204853057861
    ],
    [
      0.1579708307981491,
      0.1579708307981491,
      0.21567973494529724,
      0.9333333373069763,
      0.9467759728431702,
      0.6814509630203247
    ],
    [
      -0.27856627106666565,
      0.27856627106666565,
      -0.2208573818206787,
      0.06666667014360428,
      0.51246577501297,
      0.5432633757591248
    ],
    [
      0.009926550090312958,
      0.009926550090312958,
      0.0676354467868805,
      0.7333333492279053,
      0.24083411693572998,
      0.48166823387145996
    ],
    [
      -0.06919410079717636,
      0.06919410079717636,
      -0.011485204100608826,
      0.4000000059604645,
      0.7039376497268677,
      0.7390375137329102
    ],
    [
      -0.03202943131327629,
      0.03202943131327629,
      0.025679465383291245,
      0.5333333611488342,
      0.7334639430046082,
      0.7390375137329102
    ],
    [
      -0.010213039815425873,
      0.010213039815425873,
      0.04749585688114166,
      0.6000000238418579,
      0.9435324668884277,
      0.6737239956855774
    ]
  ],
  "feature_names": [
    "charge",
    "abs_charge",
    "charge_centered",
    "charge_rank_norm",
    "wbo_sum",
    "wbo_max"
  ],
  "status": "ok",
  "error": null
}