{
  "canonical_smiles": "CC/C(=C(/c1ccccc1)c1ccc(OCCN(C)C)cc1)c1ccccc1",
  "xtb_valid": true,
  "atom_valid_mask": [
    [
      1.0
    ],
    [
      1.0
    ],
    [
      0.0
    ],
    [
      0.0
    ],
    [
      0.0
    ],
    [
      1.0
    ],
    [
      1.0
    ],
    [
      1.0
    ],
    [
      1.0
    ],
    [
      1.0
    ],
    [
      0.0
    ],
    [
      1.0
    ],
    [
      1.0
    ],
    [
      0.0
    ],
    [
      0.0
    ],
    [
      1.0
    ],
    [
      1.0
    ],
    [
      0.0
    ],
    [
      1.0
    ],
    [
      1.0
    ],
    [
      1.0
    ],
    [
      1.0
    ],
    [
      0.0
    ],
    [
      1.0
    ],
    [
      1.0
    ],
    [
      1.0
    ],
    [
      1.0
    ],
    [
      1.0
    ]
  ],
  "atom_features": [
    [
      0.6919999718666077,
      0.002358490601181984,
      0.6919999718666077,
      0.6919999718666077,
      0.0,
      1.0,
      0.5,
      0.7429999709129333
    ],
    [
      0.4860000014305115,
      0.0026845638640224934,
      0.4860000014305115,
      0.4860000014305115,
      0.0,
      0.0,
      0.5,
      0.7429999709129333
    ],
    [
      0.0,
      0.0,
      0.0,
      0.0,
      0.0,
      0.0,
      0.0,
      0.0
    ],
    [
      0.0,
      0.0,
      0.0,
      0.0,
      0.0,
      0.0,
      0.0,
      0.0
    ],
    [
      0.0,
      0.0,
      0.0,
      0.0,
      0.0,
      0.0,
      0.0,
      0.0
    ],
    [
      0.8888000249862671,
      0.0021132712718099356,
      0.8888000249862671,
      0.8888000249862671,
      0.0,
      1.0,
      0.5,
      0.7429999709129333
    ],
    [
      0.8888000249862671,
      0.0021132712718099356,
      0.8888000249862671,
      0.8888000249862671,
      0.0,
      1.0,
      0.5,
      0.7429999709129333
    ],
    [
      0.8888000249862671,
      0.0021132712718099356,
      0.8888000249862671,
      0.8888000249862671,
      0.0,
      1.0,
      0.5,
      0.7429999709129333
    ],
    [
      0.8888000249862671,
      0.0021132712718099356,
      0.8888000249862671,
      0.8888000249862671,
      0.0,
      1.0,
      0.5,
      0.7429999709129333
    ],
    [
      0.8888000249862671,
      0.0021132712718099356,
      0.8888000249862671,
      0.8888000249862671,
      0.0,
      1.0,
      0.5,
      0.7429999709129333
    ],
    [
      0.0,
      0.0,
      0.0,
      0.0,
      0.0,
      0.0,
      0.0,
      0.0
    ],
    [
      0.8888000249862671,
      0.0021132712718099356,
      0.8888000249862671,
      0.8888000249862671,
      0.0,
      1.0,
      0.5,
      0.7429999709129333
    ],
    [
      0.8888000249862671,
      0.0021132712718099356,
      0.8888000249862671,
      0.8888000249862671,
      0.0,
      1.0,
      0.5,
      0.7429999709129333
    ],
    [
      0.0,
      0.0,
      0.0,
      0.0,
      0.0,
      0.0,
      0.0,
      0.0
    ],
    [
      0.0,
      0.0,
      0.0,
      0.0,
      0.0,
      0.0,
      0.0,
      0.0
    ],
    [
      0.5400000214576721,
      0.0025906735099852085,
      0.5400000214576721,
      0.5400000214576721,
      0.0,
      0.44999998807907104,
      0.5,
      0.7429999709129333
    ],
    [
      0.5400000214576721,
      0.0025906735099852085,
      0.5400000214576721,
      0.5400000214576721,
      0.0,
      0.44999998807907104,
      0.5,
      0.7429999709129333
    ],
    [
      0.0,
      0.0,
      0.0,
      0.0,
      0.0,
      0.0,
      0.0,
      0.0
    ],
    [
      0.5400000214576721,
      0.0025906735099852085,
      0.5400000214576721,
      0.5400000214576721,
      0.0,
      0.44999998807907104,
      0.5,
      0.7429999709129333
    ],
    [
      0.5400000214576721,
      0.0025906735099852085,
      0.5400000214576721,
      0.5400000214576721,
      0.0,
      0.44999998807907104,
      0.5,
      0.7429999709129333
    ],
    [
      0.8888000249862671,
      0.0021132712718099356,
      0.8888000249862671,
      0.8888000249862671,
      0.0,
      1.0,
      0.5,
      0.7429999709129333
    ],
    [
      0.8888000249862671,
      0.0021132712718099356,
      0.8888000249862671,
      0.8888000249862671,
      0.0,
      1.0,
      0.5,
      0.7429999709129333
    ],
    [
      0.0,
      0.0,
      0.0,
      0.0,
      0.0,
      0.0,
      0.0,
      0.0
    ],
    [
      0.8888000249862671,
      0.0021132712718099356,
      0.8888000249862671,
      0.8888000249862671,
      0.0,
      1.0,
      0.5,
      0.7429999709129333
    ],
    [
      0.8888000249862671,
      0.0021132712718099356,
      0.8888000249862671,
      0.8888000249862671,
      0.0,
      1.0,
      0.5,
      0.7429999709129333
    ],
    [
      0.8888000249862671,
      0.0021132712718099356,
      0.8888000249862671,
      0.8888000249862671,
      0.0,
      1.0,
      0.5,
      0.7429999709129333
    ],
    [
      0.8888000249862671,
      0.0021132712718099356,
      0.8888000249862671,
      0.8888000249862671,
      0.0,
      1.0,
      0.5,
      0.7429999709129333
    ],
    [
      0.8888000249862671,
      0.0021132712718099356,
      0.8888000249862671,
      0.8888000249862671,
      0.0,
      1.0,
      0.5,
      0.7429999709129333
    ]
  ],
  "feature_names": [
    "bde_corrected_norm",
    "bde_inverse",
    "bde_vertical_norm",
    "bde_adiabatic_norm",
    "relaxation_energy_norm",
    "bde_deviation_norm",
    "xtb_confidence",
    "lookup_bde_norm"
  ],
  "status": "ok",
  "error": null
}