{
  "canonical_smiles": "Cc1c2ccccc2nc2c1ccc1ccccc12",
  "xtb_valid": true,
  "atom_valid_mask": [
    [
      1.0
    ],
    [
      1.0
    ],
    [
      1.0
    ],
    [
      1.0
    ],
    [
      1.0
    ],
    [
      1.0
    ],
    [
      1.0
    ],
    [
      1.0
    ],
    [
      1.0
    ],
    [
      1.0
    ],
    [
      1.0
    ],
    [
      1.0
    ],
    [
      1.0
    ],
    [
      1.0
    ],
    [
      1.0
    ],
    [
      1.0
    ],
    [
      1.0
    ],
    [
      1.0
    ],
    [
      1.0
    ]
  ],
  "atom_features": [
    [
      -0.12093280255794525,
      0.12093280255794525,
      -0.08857357501983643,
      0.0555555559694767,
      0.25827234983444214,
      0.5165446996688843
    ],
    [
      0.018041560426354408,
      0.018041560426354408,
      0.050400786101818085,
      0.8888888955116272,
      0.9509612917900085,
      0.6710349321365356
    ],
    [
      -0.00952801015228033,
      0.00952801015228033,
      0.022831212729215622,
      0.7222222089767456,
      0.9468142986297607,
      0.6547319293022156
    ],
    [
      -0.04128225892782211,
      0.04128225892782211,
      -0.008923035115003586,
      0.3333333432674408,
      0.7355519533157349,
      0.765675961971283
    ],
    [
      -0.03638755902647972,
      0.03638755902647972,
      -0.004028335213661194,
      0.3888888955116272,
      0.7205483913421631,
      0.765675961971283
    ],
    [
      -0.03272673115134239,
      0.03272673115134239,
      -0.00036750733852386475,
      0.6111111044883728,
      0.718701183795929,
      0.7619815468788147
    ],
    [
      -0.0475420318543911,
      0.0475420318543911,
      -0.01518280804157257,
      0.1111111119389534,
      0.7344244718551636,
      0.7619815468788147
    ],
    [
      0.0944657102227211,
      0.0944657102227211,
      0.12682493031024933,
      1.0,
      0.9524242877960205,
      0.664512574672699
    ],
    [
      -0.29926952719688416,
      0.29926952719688416,
      -0.2669103145599365,
      0.0,
      0.7084840536117554,
      0.6928444504737854
    ],
    [
      0.08888545632362366,
      0.08888545632362366,
      0.12124468386173248,
      0.9444444179534912,
      0.9423162937164307,
      0.6928444504737854
    ],
    [
      -0.010615820065140724,
      0.010615820065140724,
      0.021743403747677803,
      0.6666666865348816,
      0.9467461109161377,
      0.6710349321365356
    ],
    [
      -0.045545969158411026,
      0.045545969158411026,
      -0.013186745345592499,
      0.1666666716337204,
      0.7083984017372131,
      0.8019917011260986
    ],
    [
      -0.04352632164955139,
      0.04352632164955139,
      -0.011167097836732864,
      0.2222222238779068,
      0.7107851505279541,
      0.8019917011260986
    ],
    [
      0.015589670278131962,
      0.015589670278131962,
      0.047948893159627914,
      0.8333333134651184,
      0.9551786780357361,
      0.6595273017883301
    ],
    [
      -0.042758118361234665,
      0.042758118361234665,
      -0.010398894548416138,
      0.2777777910232544,
      0.7306804656982422,
      0.7437523603439331
    ],
    [
      -0.033281128853559494,
      0.033281128853559494,
      -0.0009219050407409668,
      0.5555555820465088,
      0.7194185256958008,
      0.7437523603439331
    ],
    [
      -0.035475678741931915,
      0.035475678741931915,
      -0.003116454929113388,
      0.4444444477558136,
      0.7178876996040344,
      0.7406907677650452
    ],
    [
      -0.033527981489896774,
      0.033527981489896774,
      -0.001168757677078247,
      0.5,
      0.7342132925987244,
      0.7406907677650452
    ],
    [
      0.000592309981584549,
      0.000592309981584549,
      0.032951533794403076,
      0.7777777910232544,
      0.9425209164619446,
      0.6696545481681824
    ]
  ],
  "feature_names": [
    "charge",
    "abs_charge",
    "charge_centered",
    "charge_rank_norm",
    "wbo_sum",
    "wbo_max"
  ],
  "status": "ok",
  "error": null
}