{
  "canonical_smiles": "COc1ccc2[nH]c3c(c2c1)CCNC3",
  "xtb_valid": true,
  "atom_valid_mask": [
    [
      1.0
    ],
    [
      1.0
    ],
    [
      1.0
    ],
    [
      1.0
    ],
    [
      1.0
    ],
    [
      1.0
    ],
    [
      1.0
    ],
    [
      1.0
    ],
    [
      1.0
    ],
    [
      1.0
    ],
    [
      1.0
    ],
    [
      1.0
    ],
    [
      1.0
    ],
    [
      1.0
    ],
    [
      1.0
    ]
  ],
  "atom_features": [
    [
      0.027519920840859413,
      0.027519920840859413,
      0.08390016853809357,
      0.7857142686843872,
      0.24375781416893005,
      0.4875156283378601
    ],
    [
      -0.31786978244781494,
      0.31786978244781494,
      -0.26148954033851624,
      0.0,
      0.502139151096344,
      0.5167626738548279
    ],
    [
      0.12656061351299286,
      0.12656061351299286,
      0.18294087052345276,
      1.0,
      0.9460691809654236,
      0.7048401236534119
    ],
    [
      -0.07849232852458954,
      0.07849232852458954,
      -0.022112078964710236,
      0.2142857164144516,
      0.7007558941841125,
      0.7309760451316833
    ],
    [
      -0.06390939652919769,
      0.06390939652919769,
      -0.00752914696931839,
      0.3571428656578064,
      0.7341357469558716,
      0.7309760451316833
    ],
    [
      0.034609779715538025,
      0.034609779715538025,
      0.09099002927541733,
      0.8571428656578064,
      0.9394063949584961,
      0.6756241321563721
    ],
    [
      -0.13747087121009827,
      0.13747087121009827,
      -0.08109062165021896,
      0.1428571492433548,
      0.5873894691467285,
      0.5951977372169495
    ],
    [
      0.03556007891893387,
      0.03556007891893387,
      0.09194032847881317,
      0.9285714030265808,
      0.9348099827766418,
      0.765002965927124
    ],
    [
      -0.04318986088037491,
      0.04318986088037491,
      0.013190388679504395,
      0.5,
      0.941479504108429,
      0.765002965927124
    ],
    [
      -0.021476810798048973,
      0.021476810798048973,
      0.03490343689918518,
      0.5714285969734192,
      0.9483531713485718,
      0.6639765501022339
    ],
    [
      -0.07498946785926819,
      0.07498946785926819,
      -0.018609218299388885,
      0.2857142984867096,
      0.7152439951896667,
      0.7048401236534119
    ],
    [
      -0.0631759986281395,
      0.0631759986281395,
      -0.006795749068260193,
      0.4285714328289032,
      0.5042310953140259,
      0.5088338255882263
    ],
    [
      0.012439760379493237,
      0.012439760379493237,
      0.06882000714540482,
      0.7142857313156128,
      0.5017297863960266,
      0.5038312077522278
    ],
    [
      -0.2910148501396179,
      0.2910148501396179,
      -0.2346346080303192,
      0.0714285746216774,
      0.5037792921066284,
      0.5038312077522278
    ],
    [
      0.00919543020427227,
      0.00919543020427227,
      0.06557568162679672,
      0.6428571343421936,
      0.5065733194351196,
      0.5094192624092102
    ]
  ],
  "feature_names": [
    "charge",
    "abs_charge",
    "charge_centered",
    "charge_rank_norm",
    "wbo_sum",
    "wbo_max"
  ],
  "status": "ok",
  "error": null
}