{
  "canonical_smiles": "Cc1ccc(-c2ncc(Cl)cc2-c2ccc(S(C)(=O)=O)cc2)cn1",
  "xtb_valid": true,
  "atom_valid_mask": [
    [
      1.0
    ],
    [
      1.0
    ],
    [
      1.0
    ],
    [
      1.0
    ],
    [
      1.0
    ],
    [
      1.0
    ],
    [
      1.0
    ],
    [
      1.0
    ],
    [
      1.0
    ],
    [
      1.0
    ],
    [
      1.0
    ],
    [
      1.0
    ],
    [
      1.0
    ],
    [
      1.0
    ],
    [
      1.0
    ],
    [
      1.0
    ],
    [
      1.0
    ],
    [
      1.0
    ],
    [
      1.0
    ],
    [
      1.0
    ],
    [
      1.0
    ],
    [
      1.0
    ],
    [
      1.0
    ],
    [
      1.0
    ]
  ],
  "atom_features": [
    [
      -0.1371530443429947,
      0.1371530443429947,
      -0.08818352222442627,
      0.260869562625885,
      0.25738969445228577,
      0.5147793889045715
    ],
    [
      0.10486969351768494,
      0.10486969351768494,
      0.15383921563625336,
      0.95652174949646,
      0.9544538259506226,
      0.6997918486595154
    ],
    [
      -0.05414732173085213,
      0.05414732173085213,
      -0.005177799612283707,
      0.3478260934352875,
      0.7404932975769043,
      0.7307251691818237
    ],
    [
      -0.020206449553370476,
      0.020206449553370476,
      0.028763072565197945,
      0.6086956262588501,
      0.7350865006446838,
      0.7307251691818237
    ],
    [
      4.932999945594929e-05,
      4.932999945594929e-05,
      0.04901885241270065,
      0.6521739363670349,
      0.9513670802116394,
      0.6976684331893921
    ],
    [
      0.08860374242067337,
      0.08860374242067337,
      0.1375732719898224,
      0.8695651888847351,
      0.9388321042060852,
      0.692146360874176
    ],
    [
      -0.23700831830501556,
      0.23700831830501556,
      -0.18803879618644714,
      0.1304347813129425,
      0.7295787930488586,
      0.7163243293762207
    ],
    [
      0.03975040093064308,
      0.03975040093064308,
      0.0887199193239212,
      0.782608687877655,
      0.7330846190452576,
      0.7163243293762207
    ],
    [
      0.09507811814546585,
      0.09507811814546585,
      0.14404764771461487,
      0.9130434989929199,
      0.9405723810195923,
      0.6991586089134216
    ],
    [
      -0.18790490925312042,
      0.18790490925312042,
      -0.138935387134552,
      0.21739129722118378,
      0.2420731484889984,
      0.4841462969779968
    ],
    [
      -0.03052973933517933,
      0.03052973933517933,
      0.01843978278338909,
      0.43478259444236755,
      0.7255943417549133,
      0.7013431191444397
    ],
    [
      0.008905029855668545,
      0.008905029855668545,
      0.05787455290555954,
      0.695652186870575,
      0.9683409929275513,
      0.7013431191444397
    ],
    [
      0.027041539549827576,
      0.027041539549827576,
      0.076011061668396,
      0.739130437374115,
      0.9780768156051636,
      0.6962400078773499
    ],
    [
      -0.030688460916280746,
      0.030688460916280746,
      0.018281061202287674,
      0.3913043439388275,
      0.7363457679748535,
      0.7223500609397888
    ],
    [
      -0.028487419709563255,
      0.028487419709563255,
      0.020482102409005165,
      0.52173912525177,
      0.7414031028747559,
      0.7223500609397888
    ],
    [
      -0.07473701238632202,
      0.07473701238632202,
      -0.0257674902677536,
      0.30434781312942505,
      0.9256113767623901,
      0.7064524292945862
    ],
    [
      1.0163118839263916,
      1.0163118839263916,
      1.0652813911437988,
      1.0,
      1.1916584968566895,
      0.7961143851280212
    ],
    [
      -0.22111305594444275,
      0.22111305594444275,
      -0.17214353382587433,
      0.17391304671764374,
      0.20176246762275696,
      0.4035249352455139
    ],
    [
      -0.6344778537750244,
      0.6344778537750244,
      -0.5855083465576172,
      0.043478261679410934,
      0.42369553446769714,
      0.7961143851280212
    ],
    [
      -0.6371995210647583,
      0.6371995210647583,
      -0.5882300138473511,
      0.0,
      0.4229975640773773,
      0.7947184443473816
    ],
    [
      -0.02833711914718151,
      0.02833711914718151,
      0.02063240297138691,
      0.5652173757553101,
      0.7416723966598511,
      0.7236260175704956
    ],
    [
      -0.02903115004301071,
      0.02903115004301071,
      0.01993837207555771,
      0.47826087474823,
      0.7363908886909485,
      0.7236260175704956
    ],
    [
      0.052978068590164185,
      0.052978068590164185,
      0.1019475907087326,
      0.8260869383811951,
      0.7338414192199707,
      0.7140892744064331
    ],
    [
      -0.2578350305557251,
      0.2578350305557251,
      -0.20886550843715668,
      0.08695652335882187,
      0.7325077056884766,
      0.7140892744064331
    ]
  ],
  "feature_names": [
    "charge",
    "abs_charge",
    "charge_centered",
    "charge_rank_norm",
    "wbo_sum",
    "wbo_max"
  ],
  "status": "ok",
  "error": null
}