{
  "canonical_smiles": "Nc1c(Br)cc(Br)cc1CN[C@H]1CC[C@@H](O)CC1",
  "xtb_valid": true,
  "atom_valid_mask": [
    [
      1.0
    ],
    [
      1.0
    ],
    [
      1.0
    ],
    [
      1.0
    ],
    [
      1.0
    ],
    [
      1.0
    ],
    [
      1.0
    ],
    [
      1.0
    ],
    [
      1.0
    ],
    [
      1.0
    ],
    [
      1.0
    ],
    [
      1.0
    ],
    [
      1.0
    ],
    [
      1.0
    ],
    [
      1.0
    ],
    [
      1.0
    ],
    [
      1.0
    ],
    [
      1.0
    ]
  ],
  "atom_features": [
    [
      -0.29573243856430054,
      0.29573243856430054,
      -0.2120518684387207,
      0.05882352963089943,
      0.29338526725769043,
      0.5867705345153809
    ],
    [
      0.06731253117322922,
      0.06731253117322922,
      0.15099309384822845,
      0.8823529481887817,
      0.9515795707702637,
      0.6593219637870789
    ],
    [
      0.053885288536548615,
      0.053885288536548615,
      0.13756585121154785,
      0.8235294222831726,
      0.9270358085632324,
      0.7102634906768799
    ],
    [
      -0.19013173878192902,
      0.19013173878192902,
      -0.10645117610692978,
      0.23529411852359772,
      0.24337072670459747,
      0.48674145340919495
    ],
    [
      -0.04959525167942047,
      0.04959525167942047,
      0.034085310995578766,
      0.5882353186607361,
      0.704370379447937,
      0.7102634906768799
    ],
    [
      0.07464482635259628,
      0.07464482635259628,
      0.15832538902759552,
      0.9411764740943909,
      0.9424217343330383,
      0.699051558971405
    ],
    [
      -0.19323641061782837,
      0.19323641061782837,
      -0.10955584794282913,
      0.1764705926179886,
      0.24365732073783875,
      0.4873146414756775
    ],
    [
      -0.05010167881846428,
      0.05010167881846428,
      0.03357888385653496,
      0.529411792755127,
      0.7052835822105408,
      0.7115156054496765
    ],
    [
      -0.010668319649994373,
      0.010668319649994373,
      0.07301224023103714,
      0.6470588445663452,
      0.9361991286277771,
      0.7115156054496765
    ],
    [
      0.012966710142791271,
      0.012966710142791271,
      0.09664727002382278,
      0.7058823704719543,
      0.5012845993041992,
      0.5015606880187988
    ],
    [
      -0.27632129192352295,
      0.27632129192352295,
      -0.19264072179794312,
      0.11764705926179886,
      0.5004410147666931,
      0.5010085105895996
    ],
    [
      0.04349542036652565,
      0.04349542036652565,
      0.12717598676681519,
      0.7647058963775635,
      0.7439259886741638,
      0.4998735189437866
    ],
    [
      -0.06952767819166183,
      0.06952767819166183,
      0.014152884483337402,
      0.4117647111415863,
      0.49719274044036865,
      0.500379741191864
    ],
    [
      -0.0758497416973114,
      0.0758497416973114,
      0.007830820977687836,
      0.29411765933036804,
      0.497178852558136,
      0.500379741191864
    ],
    [
      0.11921921372413635,
      0.11921921372413635,
      0.2028997838497162,
      1.0,
      0.7405271530151367,
      0.49890294671058655
    ],
    [
      -0.5239993929862976,
      0.5239993929862976,
      -0.4403188228607178,
      0.0,
      0.24408669769763947,
      0.48817339539527893
    ],
    [
      -0.06733658164739609,
      0.06733658164739609,
      0.01634398102760315,
      0.47058823704719543,
      0.49967285990715027,
      0.5004427433013916
    ],
    [
      -0.07527364045381546,
      0.07527364045381546,
      0.008406922221183777,
      0.3529411852359772,
      0.49720773100852966,
      0.5004427433013916
    ]
  ],
  "feature_names": [
    "charge",
    "abs_charge",
    "charge_centered",
    "charge_rank_norm",
    "wbo_sum",
    "wbo_max"
  ],
  "status": "ok",
  "error": null
}