{
  "canonical_smiles": "CC1=C(/C=C/C(C)=C/C=C/C(C)=C/C(=O)O)C(C)(C)CCC1",
  "xtb_valid": true,
  "atom_valid_mask": [
    [
      1.0
    ],
    [
      1.0
    ],
    [
      1.0
    ],
    [
      1.0
    ],
    [
      1.0
    ],
    [
      1.0
    ],
    [
      1.0
    ],
    [
      1.0
    ],
    [
      1.0
    ],
    [
      1.0
    ],
    [
      1.0
    ],
    [
      1.0
    ],
    [
      1.0
    ],
    [
      1.0
    ],
    [
      1.0
    ],
    [
      1.0
    ],
    [
      1.0
    ],
    [
      1.0
    ],
    [
      1.0
    ],
    [
      1.0
    ],
    [
      1.0
    ],
    [
      1.0
    ]
  ],
  "atom_features": [
    [
      -0.11210217326879501,
      0.11210217326879501,
      -0.0399995893239975,
      0.190476194024086,
      0.25561466813087463,
      0.5112293362617493
    ],
    [
      -0.004280200228095055,
      0.004280200228095055,
      0.06782238185405731,
      0.8095238208770752,
      0.9622567892074585,
      0.9082974195480347
    ],
    [
      -0.01712826080620289,
      0.01712826080620289,
      0.05497432500123978,
      0.761904776096344,
      0.9564602971076965,
      0.9082974195480347
    ],
    [
      -0.02734793908894062,
      0.02734793908894062,
      0.044754646718502045,
      0.6666666865348816,
      0.7107459306716919,
      0.8964641690254211
    ],
    [
      -0.047164689749479294,
      0.047164689749479294,
      0.024937894195318222,
      0.6190476417541504,
      0.727806031703949,
      0.8964641690254211
    ],
    [
      0.023663120344281197,
      0.023663120344281197,
      0.09576570242643356,
      0.9047619104385376,
      0.9514833688735962,
      0.8299496173858643
    ],
    [
      -0.1183212399482727,
      0.1183212399482727,
      -0.04621865600347519,
      0.1428571492433548,
      0.25693458318710327,
      0.5138691663742065
    ],
    [
      -0.052806608378887177,
      0.052806608378887177,
      0.01929597556591034,
      0.523809552192688,
      0.7101209759712219,
      0.8299496173858643
    ],
    [
      -0.02388804964721203,
      0.02388804964721203,
      0.04821453243494034,
      0.7142857313156128,
      0.7181391716003418,
      0.8459860682487488
    ],
    [
      -0.050447478890419006,
      0.050447478890419006,
      0.02165510505437851,
      0.5714285969734192,
      0.708328127861023,
      0.8459860682487488
    ],
    [
      0.04462911933660507,
      0.04462911933660507,
      0.11673170328140259,
      0.9523809552192688,
      0.9600175619125366,
      0.8331365585327148
    ],
    [
      -0.12311165034770966,
      0.12311165034770966,
      -0.05100906640291214,
      0.095238097012043,
      0.258114218711853,
      0.516228437423706
    ],
    [
      -0.10096990317106247,
      0.10096990317106247,
      -0.028867319226264954,
      0.3333333432674408,
      0.6856876015663147,
      0.8331365585327148
    ],
    [
      0.3553861677646637,
      0.3553861677646637,
      0.4274887442588806,
      1.0,
      0.9607401490211487,
      0.8230841755867004
    ],
    [
      -0.5110598206520081,
      0.5110598206520081,
      -0.43895724415779114,
      0.0,
      0.4501361548900604,
      0.8230841755867004
    ],
    [
      -0.4452725052833557,
      0.4452725052833557,
      -0.3731699287891388,
      0.0476190485060215,
      0.3186728358268738,
      0.5601575374603271
    ],
    [
      0.023243820294737816,
      0.023243820294737816,
      0.09534640610218048,
      0.8571428656578064,
      0.9799461364746094,
      0.4954645335674286
    ],
    [
      -0.10709866136312485,
      0.10709866136312485,
      -0.03499607741832733,
      0.2380952388048172,
      0.2477322667837143,
      0.4954645335674286
    ],
    [
      -0.10444828867912292,
      0.10444828867912292,
      -0.03234570473432541,
      0.2857142984867096,
      0.24675652384757996,
      0.4935130476951599
    ],
    [
      -0.06524789333343506,
      0.06524789333343506,
      0.006854690611362457,
      0.380952388048172,
      0.49829769134521484,
      0.5052762031555176
    ],
    [
      -0.05745302885770798,
      0.05745302885770798,
      0.014649555087089539,
      0.4761904776096344,
      0.5045241713523865,
      0.5052762031555176
    ],
    [
      -0.0650305226445198,
      0.0650305226445198,
      0.00707206130027771,
      0.4285714328289032,
      0.5043795108795166,
      0.5049868822097778
    ]
  ],
  "feature_names": [
    "charge",
    "abs_charge",
    "charge_centered",
    "charge_rank_norm",
    "wbo_sum",
    "wbo_max"
  ],
  "status": "ok",
  "error": null
}