{
  "canonical_smiles": "COc1cc(C(C)=O)ccc1OCCCN1CCC(c2noc3cc(F)ccc23)CC1",
  "xtb_valid": true,
  "atom_valid_mask": [
    [
      1.0
    ],
    [
      1.0
    ],
    [
      1.0
    ],
    [
      1.0
    ],
    [
      1.0
    ],
    [
      1.0
    ],
    [
      1.0
    ],
    [
      1.0
    ],
    [
      1.0
    ],
    [
      1.0
    ],
    [
      1.0
    ],
    [
      1.0
    ],
    [
      1.0
    ],
    [
      1.0
    ],
    [
      1.0
    ],
    [
      1.0
    ],
    [
      1.0
    ],
    [
      1.0
    ],
    [
      1.0
    ],
    [
      1.0
    ],
    [
      1.0
    ],
    [
      1.0
    ],
    [
      1.0
    ],
    [
      1.0
    ],
    [
      1.0
    ],
    [
      1.0
    ],
    [
      1.0
    ],
    [
      1.0
    ],
    [
      1.0
    ],
    [
      1.0
    ],
    [
      1.0
    ]
  ],
  "atom_features": [
    [
      0.016559479758143425,
      0.016559479758143425,
      0.06725155562162399,
      0.7666666507720947,
      0.24125507473945618,
      0.48251014947891235
    ],
    [
      -0.2933434247970581,
      0.2933434247970581,
      -0.2426513433456421,
      0.06666667014360428,
      0.5061115622520447,
      0.5297129154205322
    ],
    [
      0.12107730656862259,
      0.12107730656862259,
      0.171769380569458,
      0.8666666746139526,
      0.9375560879707336,
      0.6992402672767639
    ],
    [
      -0.0693264827132225,
      0.0693264827132225,
      -0.018634404987096786,
      0.3333333432674408,
      0.6910433173179626,
      0.6992402672767639
    ],
    [
      -0.02296121045947075,
      0.02296121045947075,
      0.027730867266654968,
      0.5666666626930237,
      0.9457818269729614,
      0.6878901720046997
    ],
    [
      0.23827515542507172,
      0.23827515542507172,
      0.28896722197532654,
      1.0,
      0.9538037776947021,
      0.877676248550415
    ],
    [
      -0.15375754237174988,
      0.15375754237174988,
      -0.10306546092033386,
      0.23333333432674408,
      0.25455209612846375,
      0.5091041922569275
    ],
    [
      -0.45322197675704956,
      0.45322197675704956,
      -0.40252989530563354,
      0.0,
      0.4388381242752075,
      0.877676248550415
    ],
    [
      -0.03280913084745407,
      0.03280913084745407,
      0.017882946878671646,
      0.5,
      0.7058913707733154,
      0.7238926291465759
    ],
    [
      -0.057345230132341385,
      0.057345230132341385,
      -0.006653152406215668,
      0.46666666865348816,
      0.7092949748039246,
      0.7238926291465759
    ],
    [
      0.128728985786438,
      0.128728985786438,
      0.179421067237854,
      0.8999999761581421,
      0.9309914708137512,
      0.6946973204612732
    ],
    [
      -0.30713003873825073,
      0.30713003873825073,
      -0.2564379572868347,
      0.03333333507180214,
      0.49597978591918945,
      0.5211266279220581
    ],
    [
      0.07878436148166656,
      0.07878436148166656,
      0.12947644293308258,
      0.800000011920929,
      0.48531654477119446,
      0.4998001158237457
    ],
    [
      -0.07489872723817825,
      0.07489872723817825,
      -0.024206649512052536,
      0.30000001192092896,
      0.5008111000061035,
      0.5018221139907837
    ],
    [
      0.005780059844255447,
      0.005780059844255447,
      0.056472137570381165,
      0.699999988079071,
      0.5008814334869385,
      0.5018221139907837
    ],
    [
      -0.19610953330993652,
      0.19610953330993652,
      -0.1454174518585205,
      0.13333334028720856,
      0.7491065859794617,
      0.49994081258773804
    ],
    [
      -0.00258082989603281,
      0.00258082989603281,
      0.04811124876141548,
      0.6666666865348816,
      0.5000765323638916,
      0.5012399554252625
    ],
    [
      -0.05933602154254913,
      0.05933602154254913,
      -0.008643943816423416,
      0.4000000059604645,
      0.4947284758090973,
      0.5012399554252625
    ],
    [
      -0.01919274963438511,
      0.01919274963438511,
      0.03149932622909546,
      0.6333333253860474,
      0.7395762205123901,
      0.5035498738288879
    ],
    [
      0.0819569006562233,
      0.0819569006562233,
      0.13264897465705872,
      0.8333333134651184,
      0.9515036940574646,
      0.803215503692627
    ],
    [
      -0.15913045406341553,
      0.15913045406341553,
      -0.10843837261199951,
      0.20000000298023224,
      0.6647258400917053,
      0.803215503692627
    ],
    [
      -0.17598463594913483,
      0.17598463594913483,
      -0.1252925544977188,
      0.1666666716337204,
      0.5394635796546936,
      0.5526909232139587
    ],
    [
      0.141386017203331,
      0.141386017203331,
      0.192078098654747,
      0.9333333373069763,
      0.930995523929596,
      0.6662372946739197
    ],
    [
      -0.0776272863149643,
      0.0776272863149643,
      -0.026935208588838577,
      0.2666666805744171,
      0.7242041230201721,
      0.7187715172767639
    ],
    [
      0.17970795929431915,
      0.17970795929431915,
      0.23040004074573517,
      0.9666666388511658,
      0.9336123466491699,
      0.7187715172767639
    ],
    [
      -0.24102388322353363,
      0.24102388322353363,
      -0.19033180177211761,
      0.10000000149011612,
      0.23769627511501312,
      0.47539255023002625
    ],
    [
      -0.05914711952209473,
      0.05914711952209473,
      -0.00845504179596901,
      0.4333333373069763,
      0.7122792601585388,
      0.7514978647232056
    ],
    [
      -0.031643301248550415,
      0.031643301248550415,
      0.019048776477575302,
      0.5333333611488342,
      0.7356542944908142,
      0.7514978647232056
    ],
    [
      -0.022314589470624924,
      0.022314589470624924,
      0.028377488255500793,
      0.6000000238418579,
      0.9478580951690674,
      0.6564114093780518
    ],
    [
      -0.06259196996688843,
      0.06259196996688843,
      -0.01189989224076271,
      0.36666667461395264,
      0.4954037070274353,
      0.5034219026565552
    ],
    [
      0.007765649817883968,
      0.007765649817883968,
      0.05845772847533226,
      0.7333333492279053,
      0.5013905167579651,
      0.5034219026565552
    ]
  ],
  "feature_names": [
    "charge",
    "abs_charge",
    "charge_centered",
    "charge_rank_norm",
    "wbo_sum",
    "wbo_max"
  ],
  "status": "ok",
  "error": null
}