{
  "canonical_smiles": "Cc1nc(-c2ccc(OCC(C)C)c(C#N)c2)sc1C(=O)O",
  "xtb_valid": true,
  "atom_valid_mask": [
    [
      1.0
    ],
    [
      1.0
    ],
    [
      1.0
    ],
    [
      1.0
    ],
    [
      1.0
    ],
    [
      1.0
    ],
    [
      1.0
    ],
    [
      1.0
    ],
    [
      1.0
    ],
    [
      1.0
    ],
    [
      1.0
    ],
    [
      1.0
    ],
    [
      1.0
    ],
    [
      1.0
    ],
    [
      1.0
    ],
    [
      1.0
    ],
    [
      1.0
    ],
    [
      1.0
    ],
    [
      1.0
    ],
    [
      1.0
    ],
    [
      1.0
    ],
    [
      1.0
    ]
  ],
  "atom_features": [
    [
      -0.1342323273420334,
      0.1342323273420334,
      -0.07453279197216034,
      0.2380952388048172,
      0.26034125685691833,
      0.5206825137138367
    ],
    [
      0.10120003670454025,
      0.10120003670454025,
      0.1608995795249939,
      0.8095238208770752,
      0.9419625997543335,
      0.7259702682495117
    ],
    [
      -0.258343905210495,
      0.258343905210495,
      -0.19864436984062195,
      0.190476194024086,
      0.7332801818847656,
      0.7582736611366272
    ],
    [
      0.11814916133880615,
      0.11814916133880615,
      0.1778486967086792,
      0.8571428656578064,
      0.9474542737007141,
      0.7582736611366272
    ],
    [
      0.009294250048696995,
      0.009294250048696995,
      0.06899379193782806,
      0.7142857313156128,
      0.9544619917869568,
      0.6942276954650879
    ],
    [
      -0.02190461941063404,
      0.02190461941063404,
      0.037794917821884155,
      0.4761904776096344,
      0.7032831907272339,
      0.7313395738601685
    ],
    [
      -0.05149829015135765,
      0.05149829015135765,
      0.008201248943805695,
      0.380952388048172,
      0.7096775770187378,
      0.7313395738601685
    ],
    [
      0.1622169017791748,
      0.1622169017791748,
      0.22191643714904785,
      0.9523809552192688,
      0.9322559833526611,
      0.6880156397819519
    ],
    [
      -0.3090200126171112,
      0.3090200126171112,
      -0.24932047724723816,
      0.095238097012043,
      0.4950326979160309,
      0.524586021900177
    ],
    [
      0.0784551277756691,
      0.0784551277756691,
      0.13815467059612274,
      0.761904776096344,
      0.4799633026123047,
      0.494447261095047
    ],
    [
      -0.014750489965081215,
      0.014750489965081215,
      0.04494904726743698,
      0.5714285969734192,
      0.75202876329422,
      0.5048357844352722
    ],
    [
      -0.11033154278993607,
      0.11033154278993607,
      -0.05063200369477272,
      0.3333333432674408,
      0.2524178922176361,
      0.5048357844352722
    ],
    [
      -0.11476871371269226,
      0.11476871371269226,
      -0.055069174617528915,
      0.2857142984867096,
      0.25238725543022156,
      0.5047745108604431
    ],
    [
      0.005885470192879438,
      0.005885470192879438,
      0.06558500975370407,
      0.6666666865348816,
      0.9419334530830383,
      0.6868880391120911
    ],
    [
      0.13126131892204285,
      0.13126131892204285,
      0.1909608542919159,
      0.9047619104385376,
      0.9716619849205017,
      1.398255467414856
    ],
    [
      -0.27071166038513184,
      0.27071166038513184,
      -0.2110121250152588,
      0.1428571492433548,
      0.699127733707428,
      1.398255467414856
    ],
    [
      -0.021833110600709915,
      0.021833110600709915,
      0.03786642849445343,
      0.523809552192688,
      0.6905578970909119,
      0.6942276954650879
    ],
    [
      0.003768509952351451,
      0.003768509952351451,
      0.06346804648637772,
      0.6190476417541504,
      0.6175563931465149,
      0.5971652269363403
    ],
    [
      -0.035408880561590195,
      0.035408880561590195,
      0.02429065853357315,
      0.4285714328289032,
      0.9203518629074097,
      0.7259702682495117
    ],
    [
      0.355404794216156,
      0.355404794216156,
      0.41510432958602905,
      1.0,
      0.966446578502655,
      0.8205085396766663
    ],
    [
      -0.5068023204803467,
      0.5068023204803467,
      -0.44710278511047363,
      0.0,
      0.4501405358314514,
      0.8205085396766663
    ],
    [
      -0.4294196665287018,
      0.4294196665287018,
      -0.36972013115882874,
      0.0476190485060215,
      0.32217851281166077,
      0.564584493637085
    ]
  ],
  "feature_names": [
    "charge",
    "abs_charge",
    "charge_centered",
    "charge_rank_norm",
    "wbo_sum",
    "wbo_max"
  ],
  "status": "ok",
  "error": null
}