{
  "canonical_smiles": "O=[N+]([O-])c1cc2ccc3cccc4ccc(c1)c2c34",
  "xtb_valid": true,
  "atom_valid_mask": [
    [
      1.0
    ],
    [
      1.0
    ],
    [
      1.0
    ],
    [
      1.0
    ],
    [
      1.0
    ],
    [
      1.0
    ],
    [
      1.0
    ],
    [
      1.0
    ],
    [
      1.0
    ],
    [
      1.0
    ],
    [
      1.0
    ],
    [
      1.0
    ],
    [
      1.0
    ],
    [
      1.0
    ],
    [
      1.0
    ],
    [
      1.0
    ],
    [
      1.0
    ],
    [
      1.0
    ],
    [
      1.0
    ]
  ],
  "atom_features": [
    [
      -0.4422380328178406,
      0.4422380328178406,
      -0.41401398181915283,
      0.0555555559694767,
      0.43814459443092346,
      0.7134323716163635
    ],
    [
      0.5398065447807312,
      0.5398065447807312,
      0.568030595779419,
      1.0,
      0.9560853838920593,
      0.7134323716163635
    ],
    [
      -0.44225752353668213,
      0.44225752353668213,
      -0.4140334725379944,
      0.0,
      0.43814167380332947,
      0.7134265303611755
    ],
    [
      0.010403149761259556,
      0.010403149761259556,
      0.03862719610333443,
      0.6666666865348816,
      0.9248021841049194,
      0.6821463704109192
    ],
    [
      -0.03315601125359535,
      0.03315601125359535,
      -0.004931965842843056,
      0.4444444477558136,
      0.6796984672546387,
      0.6821461319923401
    ],
    [
      0.02561775967478752,
      0.02561775967478752,
      0.05384180694818497,
      0.9444444179534912,
      0.9556130170822144,
      0.6772508025169373
    ],
    [
      -0.0395425409078598,
      0.0395425409078598,
      -0.011318495497107506,
      0.1666666716337204,
      0.7083653211593628,
      0.7975438237190247
    ],
    [
      -0.035085178911685944,
      0.035085178911685944,
      -0.006861133500933647,
      0.3333333432674408,
      0.7093666791915894,
      0.7975438237190247
    ],
    [
      0.02223197929561138,
      0.02223197929561138,
      0.05045602470636368,
      0.8333333134651184,
      0.954757571220398,
      0.6700851917266846
    ],
    [
      -0.035432420670986176,
      0.035432420670986176,
      -0.007208375260233879,
      0.2222222238779068,
      0.6954802870750427,
      0.7208754420280457
    ],
    [
      -0.03065921925008297,
      0.03065921925008297,
      -0.0024351738393306732,
      0.5555555820465088,
      0.72087562084198,
      0.7208758592605591
    ],
    [
      -0.03543119877576828,
      0.03543119877576828,
      -0.007207153365015984,
      0.2777777910232544,
      0.6954803466796875,
      0.7208758592605591
    ],
    [
      0.02223134972155094,
      0.02223134972155094,
      0.05045539513230324,
      0.7777777910232544,
      0.954757571220398,
      0.6700848340988159
    ],
    [
      -0.03507798910140991,
      0.03507798910140991,
      -0.006853943690657616,
      0.3888888955116272,
      0.7093667387962341,
      0.7975435256958008
    ],
    [
      -0.03954799100756645,
      0.03954799100756645,
      -0.011323945596814156,
      0.1111111119389534,
      0.7083653211593628,
      0.7975435256958008
    ],
    [
      0.02561759017407894,
      0.02561759017407894,
      0.05384163558483124,
      0.8888888955116272,
      0.9556128978729248,
      0.6772508025169373
    ],
    [
      -0.03314103186130524,
      0.03314103186130524,
      -0.00491698645055294,
      0.5,
      0.6796985864639282,
      0.6821463704109192
    ],
    [
      0.011988409794867039,
      0.011988409794867039,
      0.04021245613694191,
      0.7222222089767456,
      0.9342338442802429,
      0.6388914585113525
    ],
    [
      0.007415470201522112,
      0.007415470201522112,
      0.03563951700925827,
      0.6111111044883728,
      0.9376860857009888,
      0.6388914585113525
    ]
  ],
  "feature_names": [
    "charge",
    "abs_charge",
    "charge_centered",
    "charge_rank_norm",
    "wbo_sum",
    "wbo_max"
  ],
  "status": "ok",
  "error": null
}