{
  "canonical_smiles": "NS(=O)(=O)Cc1noc2ccccc12",
  "xtb_valid": true,
  "atom_valid_mask": [
    [
      1.0
    ],
    [
      1.0
    ],
    [
      1.0
    ],
    [
      1.0
    ],
    [
      1.0
    ],
    [
      1.0
    ],
    [
      1.0
    ],
    [
      1.0
    ],
    [
      1.0
    ],
    [
      1.0
    ],
    [
      1.0
    ],
    [
      1.0
    ],
    [
      1.0
    ],
    [
      1.0
    ]
  ],
  "atom_features": [
    [
      -0.5011907815933228,
      0.5011907815933228,
      -0.42450040578842163,
      0.1538461595773697,
      0.24114127457141876,
      0.4822825491428375
    ],
    [
      1.2030384540557861,
      1.2030384540557861,
      1.279728889465332,
      1.0,
      1.201027512550354,
      0.7759085893630981
    ],
    [
      -0.6590137481689453,
      0.6590137481689453,
      -0.5823233723640442,
      0.0,
      0.4132242202758789,
      0.7743792533874512
    ],
    [
      -0.6459012031555176,
      0.6459012031555176,
      -0.5692108273506165,
      0.07692307978868484,
      0.4139888882637024,
      0.7759085893630981
    ],
    [
      -0.16991153359413147,
      0.16991153359413147,
      -0.09322115033864975,
      0.3076923191547394,
      0.4435262084007263,
      0.5175676941871643
    ],
    [
      0.07693984359502792,
      0.07693984359502792,
      0.15363022685050964,
      0.8461538553237915,
      0.9550977349281311,
      0.7942190766334534
    ],
    [
      -0.16314095258712769,
      0.16314095258712769,
      -0.08645056933164597,
      0.38461539149284363,
      0.6628546118736267,
      0.7942190766334534
    ],
    [
      -0.17386400699615479,
      0.17386400699615479,
      -0.09717362374067307,
      0.23076923191547394,
      0.5388504266738892,
      0.5462105870246887
    ],
    [
      0.14062833786010742,
      0.14062833786010742,
      0.21731871366500854,
      0.9230769276618958,
      0.9280277490615845,
      0.6654192209243774
    ],
    [
      -0.05677634850144386,
      0.05677634850144386,
      0.019914034754037857,
      0.4615384638309479,
      0.7365272045135498,
      0.7420732975006104
    ],
    [
      -0.026762159541249275,
      0.026762159541249275,
      0.049928225576877594,
      0.692307710647583,
      0.717318594455719,
      0.7420732975006104
    ],
    [
      -0.036775339394807816,
      0.036775339394807816,
      0.039915043860673904,
      0.5384615659713745,
      0.7223736047744751,
      0.7521832585334778
    ],
    [
      -0.035674478858709335,
      0.035674478858709335,
      0.041015904396772385,
      0.6153846383094788,
      0.7358890175819397,
      0.7521832585334778
    ],
    [
      -0.025261560454964638,
      0.025261560454964638,
      0.05142882466316223,
      0.7692307829856873,
      0.9484336972236633,
      0.6540328860282898
    ]
  ],
  "feature_names": [
    "charge",
    "abs_charge",
    "charge_centered",
    "charge_rank_norm",
    "wbo_sum",
    "wbo_max"
  ],
  "status": "ok",
  "error": null
}