{
  "canonical_smiles": "O=[P@@]1(N(CCCl)CCCl)OCCCN1CCCl",
  "xtb_valid": true,
  "atom_valid_mask": [
    [
      1.0
    ],
    [
      1.0
    ],
    [
      1.0
    ],
    [
      1.0
    ],
    [
      1.0
    ],
    [
      1.0
    ],
    [
      1.0
    ],
    [
      1.0
    ],
    [
      1.0
    ],
    [
      1.0
    ],
    [
      1.0
    ],
    [
      1.0
    ],
    [
      1.0
    ],
    [
      1.0
    ],
    [
      1.0
    ],
    [
      1.0
    ],
    [
      1.0
    ]
  ],
  "atom_features": [
    [
      -0.535392165184021,
      0.535392165184021,
      -0.45049986243247986,
      0.0,
      0.46499064564704895,
      0.9299812912940979
    ],
    [
      0.4072614908218384,
      0.4072614908218384,
      0.4921537935733795,
      1.0,
      1.3369075059890747,
      0.9299812912940979
    ],
    [
      -0.1793861985206604,
      0.1793861985206604,
      -0.09449389576911926,
      0.3125,
      0.7589001059532166,
      0.5477701425552368
    ],
    [
      -0.0033191400580108166,
      0.0033191400580108166,
      0.08157316595315933,
      0.5625,
      0.4931270182132721,
      0.5007886290550232
    ],
    [
      0.019757110625505447,
      0.019757110625505447,
      0.10464940965175629,
      0.875,
      0.48467153310775757,
      0.5007886290550232
    ],
    [
      -0.23833930492401123,
      0.23833930492401123,
      -0.1534470021724701,
      0.1875,
      0.23427723348140717,
      0.46855446696281433
    ],
    [
      -0.0010256200330331922,
      0.0010256200330331922,
      0.08386668562889099,
      0.625,
      0.4950229823589325,
      0.5054813027381897
    ],
    [
      0.0124950697645545,
      0.0124950697645545,
      0.09738737344741821,
      0.8125,
      0.4872422516345978,
      0.5054813027381897
    ],
    [
      -0.23707762360572815,
      0.23707762360572815,
      -0.152185320854187,
      0.25,
      0.23450160026550293,
      0.46900320053100586
    ],
    [
      -0.29702436923980713,
      0.29702436923980713,
      -0.212132066488266,
      0.0625,
      0.5359559655189514,
      0.612068772315979
    ],
    [
      0.07936341315507889,
      0.07936341315507889,
      0.16425570845603943,
      0.9375,
      0.48122555017471313,
      0.5026079416275024
    ],
    [
      -0.08482494205236435,
      0.08482494205236435,
      6.736069917678833e-05,
      0.4375,
      0.5020816326141357,
      0.5026079416275024
    ],
    [
      -0.006744959857314825,
      0.006744959857314825,
      0.07814734429121017,
      0.5,
      0.4930543601512909,
      0.501555323600769
    ],
    [
      -0.15234966576099396,
      0.15234966576099396,
      -0.06745736300945282,
      0.375,
      0.7796885371208191,
      0.5839949250221252
    ],
    [
      0.005135450046509504,
      0.005135450046509504,
      0.09002774953842163,
      0.6875,
      0.49650371074676514,
      0.5021786093711853
    ],
    [
      0.012182909995317459,
      0.012182909995317459,
      0.0970752090215683,
      0.75,
      0.48408305644989014,
      0.5021786093711853
    ],
    [
      -0.24388056993484497,
      0.24388056993484497,
      -0.15898826718330383,
      0.125,
      0.23299375176429749,
      0.46598750352859497
    ]
  ],
  "feature_names": [
    "charge",
    "abs_charge",
    "charge_centered",
    "charge_rank_norm",
    "wbo_sum",
    "wbo_max"
  ],
  "status": "ok",
  "error": null
}