{
  "canonical_smiles": "Oc1ccc2c3c(cnc2c1)-c1ccc(C(F)(F)F)cc1O[C@@H]3c1ccc(OCCN2CC(CF)C2)cc1",
  "xtb_valid": true,
  "atom_valid_mask": [
    [
      1.0
    ],
    [
      1.0
    ],
    [
      1.0
    ],
    [
      1.0
    ],
    [
      1.0
    ],
    [
      1.0
    ],
    [
      1.0
    ],
    [
      1.0
    ],
    [
      1.0
    ],
    [
      1.0
    ],
    [
      1.0
    ],
    [
      1.0
    ],
    [
      1.0
    ],
    [
      1.0
    ],
    [
      1.0
    ],
    [
      1.0
    ],
    [
      1.0
    ],
    [
      1.0
    ],
    [
      1.0
    ],
    [
      1.0
    ],
    [
      1.0
    ],
    [
      1.0
    ],
    [
      1.0
    ],
    [
      1.0
    ],
    [
      1.0
    ],
    [
      1.0
    ],
    [
      1.0
    ],
    [
      1.0
    ],
    [
      1.0
    ],
    [
      1.0
    ],
    [
      1.0
    ],
    [
      1.0
    ],
    [
      1.0
    ],
    [
      1.0
    ],
    [
      1.0
    ],
    [
      1.0
    ],
    [
      1.0
    ],
    [
      1.0
    ]
  ],
  "atom_features": [
    [
      -0.44257697463035583,
      0.44257697463035583,
      -0.39816805720329285,
      0.0,
      0.2729889750480652,
      0.5459779500961304
    ],
    [
      0.15588690340518951,
      0.15588690340518951,
      0.2002958357334137,
      0.9729729890823364,
      0.9538844227790833,
      0.7142934203147888
    ],
    [
      -0.05261911824345589,
      0.05261911824345589,
      -0.008210193365812302,
      0.3243243098258972,
      0.7085291147232056,
      0.7695607542991638
    ],
    [
      -0.04028952866792679,
      0.04028952866792679,
      0.004119396209716797,
      0.37837839126586914,
      0.7350882291793823,
      0.7695607542991638
    ],
    [
      -0.011377659626305103,
      0.011377659626305103,
      0.033031266182661057,
      0.5945945978164673,
      0.9447078704833984,
      0.6458370089530945
    ],
    [
      0.006689169909805059,
      0.006689169909805059,
      0.05109809339046478,
      0.7297297120094299,
      0.9492477178573608,
      0.7021928429603577
    ],
    [
      7.712999649811536e-05,
      7.712999649811536e-05,
      0.04448605328798294,
      0.7027027010917664,
      0.9483863115310669,
      0.7021928429603577
    ],
    [
      0.047939930111169815,
      0.047939930111169815,
      0.0923488587141037,
      0.7837837934494019,
      0.7032873630523682,
      0.7474275231361389
    ],
    [
      -0.2658613920211792,
      0.2658613920211792,
      -0.2214524745941162,
      0.10810811072587967,
      0.7252960205078125,
      0.7474275231361389
    ],
    [
      0.09690044075250626,
      0.09690044075250626,
      0.14130936563014984,
      0.837837815284729,
      0.9529193043708801,
      0.6533426642417908
    ],
    [
      -0.08944696187973022,
      0.08944696187973022,
      -0.04503803700208664,
      0.2432432472705841,
      0.7137365341186523,
      0.7142934203147888
    ],
    [
      -0.0035550598986446857,
      0.0035550598986446857,
      0.04085386544466019,
      0.6486486196517944,
      0.942524790763855,
      0.6925477981567383
    ],
    [
      -0.035213369876146317,
      0.035213369876146317,
      0.009195555001497269,
      0.4864864945411682,
      0.7325371503829956,
      0.7225257754325867
    ],
    [
      -0.03812875971198082,
      0.03812875971198082,
      0.0062801651656627655,
      0.4324324429035187,
      0.7098574042320251,
      0.7225257754325867
    ],
    [
      -0.02561948075890541,
      0.02561948075890541,
      0.018789444118738174,
      0.5405405163764954,
      0.9391446709632874,
      0.7053641676902771
    ],
    [
      0.4920995235443115,
      0.4920995235443115,
      0.5365084409713745,
      1.0,
      0.9386112689971924,
      0.4757360517978668
    ],
    [
      -0.22418507933616638,
      0.22418507933616638,
      -0.1797761619091034,
      0.18918919563293457,
      0.2340155988931656,
      0.4680311977863312
    ],
    [
      -0.22746510803699493,
      0.22746510803699493,
      -0.18305617570877075,
      0.13513512909412384,
      0.23247751593589783,
      0.46495503187179565
    ],
    [
      -0.22496865689754486,
      0.22496865689754486,
      -0.18055972456932068,
      0.1621621549129486,
      0.23425012826919556,
      0.4685002565383911
    ],
    [
      -0.05238198861479759,
      0.05238198861479759,
      -0.007973063737154007,
      0.3513513505458832,
      0.7210795879364014,
      0.7053641676902771
    ],
    [
      0.15171125531196594,
      0.15171125531196594,
      0.19612017273902893,
      0.9459459185600281,
      0.9395286440849304,
      0.6867942810058594
    ],
    [
      -0.2915472984313965,
      0.2915472984313965,
      -0.2471383810043335,
      0.054054055362939835,
      0.49965009093284607,
      0.5351938605308533
    ],
    [
      0.10188067704439163,
      0.10188067704439163,
      0.14628960192203522,
      0.8648648858070374,
      0.7218905687332153,
      0.49699702858924866
    ],
    [
      -0.013464069925248623,
      0.013464069925248623,
      0.030944854021072388,
      0.5675675868988037,
      0.9447848796844482,
      0.7097482085227966
    ],
    [
      -0.038279011845588684,
      0.038279011845588684,
      0.006129913032054901,
      0.4054054021835327,
      0.7412006258964539,
      0.7187416553497314
    ],
    [
      -0.06864255666732788,
      0.06864255666732788,
      -0.024233631789684296,
      0.2702702581882477,
      0.7285748720169067,
      0.7187416553497314
    ],
    [
      0.14722567796707153,
      0.14722567796707153,
      0.19163459539413452,
      0.9189189076423645,
      0.9468772411346436,
      0.686618983745575
    ],
    [
      -0.29432377219200134,
      0.29432377219200134,
      -0.24991485476493835,
      0.027027027681469917,
      0.5057859420776367,
      0.532353937625885
    ],
    [
      0.06164101883769035,
      0.06164101883769035,
      0.10604993999004364,
      0.8108108043670654,
      0.48796382546424866,
      0.4967097342014313
    ],
    [
      -0.001232309965416789,
      0.001232309965416789,
      0.04317661374807358,
      0.6756756901741028,
      0.49988633394241333,
      0.5030629634857178
    ],
    [
      -0.19816994667053223,
      0.19816994667053223,
      -0.15376102924346924,
      0.21621622145175934,
      0.7466300129890442,
      0.5030629634857178
    ],
    [
      0.009532050229609013,
      0.009532050229609013,
      0.05394097417593002,
      0.7567567825317383,
      0.49450480937957764,
      0.495074987411499
    ],
    [
      -0.032558269798755646,
      0.032558269798755646,
      0.01185065507888794,
      0.5135135054588318,
      0.744877815246582,
      0.502017080783844
    ],
    [
      0.10277091711759567,
      0.10277091711759567,
      0.14717984199523926,
      0.8918918967247009,
      0.47952690720558167,
      0.502017080783844
    ],
    [
      -0.29011988639831543,
      0.29011988639831543,
      -0.24571096897125244,
      0.0810810774564743,
      0.22851838171482086,
      0.4570367634296417
    ],
    [
      -0.00406407006084919,
      0.00406407006084919,
      0.040344856679439545,
      0.6216216087341309,
      0.4944629967212677,
      0.4951220750808716
    ],
    [
      -0.05855764076113701,
      0.05855764076113701,
      -0.014148715883493423,
      0.29729729890823364,
      0.7313588857650757,
      0.7340248227119446
    ],
    [
      -0.03724562004208565,
      0.03724562004208565,
      0.007163304835557938,
      0.45945945382118225,
      0.7414788603782654,
      0.7340248227119446
    ]
  ],
  "feature_names": [
    "charge",
    "abs_charge",
    "charge_centered",
    "charge_rank_norm",
    "wbo_sum",
    "wbo_max"
  ],
  "status": "ok",
  "error": null
}