{
  "canonical_smiles": "O=NN1CCC[C@H]1c1cccnc1",
  "xtb_valid": true,
  "atom_valid_mask": [
    [
      1.0
    ],
    [
      1.0
    ],
    [
      1.0
    ],
    [
      1.0
    ],
    [
      1.0
    ],
    [
      1.0
    ],
    [
      1.0
    ],
    [
      1.0
    ],
    [
      1.0
    ],
    [
      1.0
    ],
    [
      1.0
    ],
    [
      1.0
    ],
    [
      1.0
    ]
  ],
  "atom_features": [
    [
      -0.4338074326515198,
      0.4338074326515198,
      -0.38077110052108765,
      0.0,
      0.45975062251091003,
      0.7894771695137024
    ],
    [
      0.05586900934576988,
      0.05586900934576988,
      0.10890534520149231,
      1.0,
      0.7335202693939209,
      0.7894771695137024
    ],
    [
      0.025174319744110107,
      0.025174319744110107,
      0.07821065187454224,
      0.75,
      0.8784090280532837,
      0.6775633096694946
    ],
    [
      0.0016893900465220213,
      0.0016893900465220213,
      0.05472572520375252,
      0.5833333134651184,
      0.4887036383152008,
      0.5027199983596802
    ],
    [
      -0.07266837358474731,
      0.07266837358474731,
      -0.019632037729024887,
      0.25,
      0.5016398429870605,
      0.5027199983596802
    ],
    [
      -0.07427511364221573,
      0.07427511364221573,
      -0.0212387777864933,
      0.1666666716337204,
      0.4975014626979828,
      0.5005597472190857
    ],
    [
      0.01735159009695053,
      0.01735159009695053,
      0.07038792967796326,
      0.6666666865348816,
      0.7293718457221985,
      0.4944431781768799
    ],
    [
      0.0008794200257398188,
      0.0008794200257398188,
      0.053915757685899734,
      0.5,
      0.9770863056182861,
      0.7070577144622803
    ],
    [
      -0.01739794947206974,
      0.01739794947206974,
      0.03563838452100754,
      0.4166666567325592,
      0.7397284507751465,
      0.7184789776802063
    ],
    [
      -0.043126728385686874,
      0.043126728385686874,
      0.009909607470035553,
      0.3333333432674408,
      0.7466968297958374,
      0.7187633514404297
    ],
    [
      0.05308537185192108,
      0.05308537185192108,
      0.10612170398235321,
      0.9166666865348816,
      0.7430810332298279,
      0.7187633514404297
    ],
    [
      -0.2502897381782532,
      0.2502897381782532,
      -0.19725340604782104,
      0.0833333358168602,
      0.7420873045921326,
      0.7169288396835327
    ],
    [
      0.04804378002882004,
      0.04804378002882004,
      0.10108011960983276,
      0.8333333134651184,
      0.7381823658943176,
      0.7169288396835327
    ]
  ],
  "feature_names": [
    "charge",
    "abs_charge",
    "charge_centered",
    "charge_rank_norm",
    "wbo_sum",
    "wbo_max"
  ],
  "status": "ok",
  "error": null
}