{
  "canonical_smiles": "O=[N+]([O-])c1ccc2ccc3cccc4ccc1c2c34",
  "xtb_valid": true,
  "atom_valid_mask": [
    [
      1.0
    ],
    [
      1.0
    ],
    [
      1.0
    ],
    [
      1.0
    ],
    [
      1.0
    ],
    [
      1.0
    ],
    [
      1.0
    ],
    [
      1.0
    ],
    [
      1.0
    ],
    [
      1.0
    ],
    [
      1.0
    ],
    [
      1.0
    ],
    [
      1.0
    ],
    [
      1.0
    ],
    [
      1.0
    ],
    [
      1.0
    ],
    [
      1.0
    ],
    [
      1.0
    ],
    [
      1.0
    ]
  ],
  "atom_features": [
    [
      -0.43753132224082947,
      0.43753132224082947,
      -0.41024547815322876,
      0.0555555559694767,
      0.44251203536987305,
      0.7158564329147339
    ],
    [
      0.5460553765296936,
      0.5460553765296936,
      0.5733411908149719,
      1.0,
      0.9547871351242065,
      0.7158564329147339
    ],
    [
      -0.4395465552806854,
      0.4395465552806854,
      -0.4122607111930847,
      0.0,
      0.44249045848846436,
      0.7158132791519165
    ],
    [
      0.0026372300926595926,
      0.0026372300926595926,
      0.029923072084784508,
      0.6111111044883728,
      0.9019685983657837,
      0.6871740818023682
    ],
    [
      -0.02603599987924099,
      0.02603599987924099,
      0.001249842345714569,
      0.5555555820465088,
      0.7087080478668213,
      0.7302419543266296
    ],
    [
      -0.03865978121757507,
      0.03865978121757507,
      -0.011373938992619514,
      0.1666666716337204,
      0.6965087652206421,
      0.7302419543266296
    ],
    [
      0.027166519314050674,
      0.027166519314050674,
      0.054452359676361084,
      0.9444444179534912,
      0.953299880027771,
      0.6627755761146545
    ],
    [
      -0.040022868663072586,
      0.040022868663072586,
      -0.012737026438117027,
      0.1111111119389534,
      0.7088101506233215,
      0.7906402349472046
    ],
    [
      -0.03304145112633705,
      0.03304145112633705,
      -0.005755608901381493,
      0.2777777910232544,
      0.7072591185569763,
      0.7906402349472046
    ],
    [
      0.021918540820479393,
      0.021918540820479393,
      0.04920438304543495,
      0.8333333134651184,
      0.9555554986000061,
      0.6674314737319946
    ],
    [
      -0.03274061903357506,
      0.03274061903357506,
      -0.005454776808619499,
      0.3888888955116272,
      0.6944257616996765,
      0.7214200496673584
    ],
    [
      -0.03198597952723503,
      0.03198597952723503,
      -0.004700137302279472,
      0.4444444477558136,
      0.7220783233642578,
      0.7227365970611572
    ],
    [
      -0.03274732828140259,
      0.03274732828140259,
      -0.005461486056447029,
      0.3333333432674408,
      0.6942723989486694,
      0.7227365970611572
    ],
    [
      0.020837150514125824,
      0.020837150514125824,
      0.04812299460172653,
      0.7777777910232544,
      0.9558488130569458,
      0.6658082008361816
    ],
    [
      -0.031040329486131668,
      0.031040329486131668,
      -0.0037544872611761093,
      0.5,
      0.7087422013282776,
      0.7924495935440063
    ],
    [
      -0.03742055967450142,
      0.03742055967450142,
      -0.01013471744954586,
      0.2222222238779068,
      0.7079262137413025,
      0.7924495935440063
    ],
    [
      0.026574760675430298,
      0.026574760675430298,
      0.053860604763031006,
      0.8888888955116272,
      0.9425535798072815,
      0.6388584971427917
    ],
    [
      0.009449799545109272,
      0.009449799545109272,
      0.036735642701387405,
      0.7222222089767456,
      0.9362608194351196,
      0.6328316330909729
    ],
    [
      0.007702489849179983,
      0.007702489849179983,
      0.03498833253979683,
      0.6666666865348816,
      0.9367437958717346,
      0.6328316330909729
    ]
  ],
  "feature_names": [
    "charge",
    "abs_charge",
    "charge_centered",
    "charge_rank_norm",
    "wbo_sum",
    "wbo_max"
  ],
  "status": "ok",
  "error": null
}