{
  "canonical_smiles": "CCCCC1=NC2(CCCC2)C(=O)N1Cc1ccc(-c2ccccc2-c2nn[nH]n2)cc1",
  "xtb_valid": true,
  "atom_valid_mask": [
    [
      1.0
    ],
    [
      1.0
    ],
    [
      1.0
    ],
    [
      1.0
    ],
    [
      1.0
    ],
    [
      1.0
    ],
    [
      1.0
    ],
    [
      1.0
    ],
    [
      1.0
    ],
    [
      1.0
    ],
    [
      1.0
    ],
    [
      1.0
    ],
    [
      1.0
    ],
    [
      1.0
    ],
    [
      1.0
    ],
    [
      1.0
    ],
    [
      1.0
    ],
    [
      1.0
    ],
    [
      1.0
    ],
    [
      1.0
    ],
    [
      1.0
    ],
    [
      1.0
    ],
    [
      1.0
    ],
    [
      1.0
    ],
    [
      1.0
    ],
    [
      1.0
    ],
    [
      1.0
    ],
    [
      1.0
    ],
    [
      1.0
    ],
    [
      1.0
    ],
    [
      1.0
    ],
    [
      1.0
    ]
  ],
  "atom_features": [
    [
      -0.11169668287038803,
      0.11169668287038803,
      -0.06340636312961578,
      0.16129031777381897,
      0.25493869185447693,
      0.5098773837089539
    ],
    [
      -0.0529235415160656,
      0.0529235415160656,
      -0.00463322177529335,
      0.35483869910240173,
      0.5070883631706238,
      0.5098773837089539
    ],
    [
      -0.062166228890419006,
      0.062166228890419006,
      -0.013875909149646759,
      0.32258063554763794,
      0.4987393617630005,
      0.5042992830276489
    ],
    [
      -0.07747320830821991,
      0.07747320830821991,
      -0.029182888567447662,
      0.19354838132858276,
      0.4976828694343567,
      0.5021863579750061
    ],
    [
      0.15944212675094604,
      0.15944212675094604,
      0.2077324390411377,
      0.9677419066429138,
      0.9603537917137146,
      0.8504077792167664
    ],
    [
      -0.3401222229003906,
      0.3401222229003906,
      -0.291831910610199,
      0.032258063554763794,
      0.6985430717468262,
      0.8504077792167664
    ],
    [
      0.062992163002491,
      0.062992163002491,
      0.11128248274326324,
      0.8709677457809448,
      0.9617964625358582,
      0.49603787064552307
    ],
    [
      -0.052587319165468216,
      0.052587319165468216,
      -0.004296999424695969,
      0.4193548262119293,
      0.48890218138694763,
      0.501670777797699
    ],
    [
      -0.06447020173072815,
      0.06447020173072815,
      -0.016179881989955902,
      0.25806450843811035,
      0.5033969879150391,
      0.5051231980323792
    ],
    [
      -0.06226453185081482,
      0.06226453185081482,
      -0.013974212110042572,
      0.29032257199287415,
      0.5034564137458801,
      0.5051231980323792
    ],
    [
      -0.052862800657749176,
      0.052862800657749176,
      -0.004572480916976929,
      0.3870967626571655,
      0.4882315397262573,
      0.5017896294593811
    ],
    [
      0.26569613814353943,
      0.26569613814353943,
      0.3139864504337311,
      1.0,
      0.9487217664718628,
      0.8318308591842651
    ],
    [
      -0.4908828139305115,
      0.4908828139305115,
      -0.4425925016403198,
      0.0,
      0.45211440324783325,
      0.8318308591842651
    ],
    [
      -0.07500776648521423,
      0.07500776648521423,
      -0.026717446744441986,
      0.22580644488334656,
      0.8820824027061462,
      0.5888645648956299
    ],
    [
      -0.0019549101125448942,
      0.0019549101125448942,
      0.046335410326719284,
      0.7419354915618896,
      0.49091067910194397,
      0.49767300486564636
    ],
    [
      0.006083489861339331,
      0.006083489861339331,
      0.054373808205127716,
      0.774193525314331,
      0.9802858829498291,
      0.708285391330719
    ],
    [
      -0.036746468394994736,
      0.036746468394994736,
      0.011543851345777512,
      0.4838709533214569,
      0.7415738701820374,
      0.7207390666007996
    ],
    [
      -0.034523408859968185,
      0.034523408859968185,
      0.013766910880804062,
      0.5806451439857483,
      0.7383810877799988,
      0.7207390666007996
    ],
    [
      0.013602039776742458,
      0.013602039776742458,
      0.06189236044883728,
      0.8064516186714172,
      0.9805078506469727,
      0.7002773284912109
    ],
    [
      0.014728370122611523,
      0.014728370122611523,
      0.06301868706941605,
      0.8387096524238586,
      0.9696871042251587,
      0.7006350159645081
    ],
    [
      -0.035830359905958176,
      0.035830359905958176,
      0.012459959834814072,
      0.5161290168762207,
      0.738176703453064,
      0.7209291458129883
    ],
    [
      -0.03034714050590992,
      0.03034714050590992,
      0.017943179234862328,
      0.6774193644523621,
      0.743429958820343,
      0.7209291458129883
    ],
    [
      -0.033947478979825974,
      0.033947478979825974,
      0.014342840760946274,
      0.6129032373428345,
      0.7462812662124634,
      0.7244865298271179
    ],
    [
      -0.03052254021167755,
      0.03052254021167755,
      0.017767779529094696,
      0.6451612710952759,
      0.7350708842277527,
      0.7244865298271179
    ],
    [
      -0.005297429859638214,
      0.005297429859638214,
      0.04299288988113403,
      0.7096773982048035,
      0.9718470573425293,
      0.6908659934997559
    ],
    [
      0.1555352509021759,
      0.1555352509021759,
      0.20382556319236755,
      0.9354838728904724,
      0.956436812877655,
      0.7164714336395264
    ],
    [
      -0.230651393532753,
      0.230651393532753,
      -0.18236106634140015,
      0.09677419066429138,
      0.728981077671051,
      0.7237119674682617
    ],
    [
      -0.11400087922811508,
      0.11400087922811508,
      -0.06571055948734283,
      0.12903225421905518,
      0.74318927526474,
      0.7237119674682617
    ],
    [
      0.08559057116508484,
      0.08559057116508484,
      0.1338808834552765,
      0.9032257795333862,
      0.6780189275741577,
      0.6606687307357788
    ],
    [
      -0.23512707650661469,
      0.23512707650661469,
      -0.18683674931526184,
      0.06451612710952759,
      0.7244217395782471,
      0.7164714336395264
    ],
    [
      -0.035503409802913666,
      0.035503409802913666,
      0.012786909937858582,
      0.5483871102333069,
      0.7384392023086548,
      0.725197434425354
    ],
    [
      -0.042050521820783615,
      0.042050521820783615,
      0.006239797919988632,
      0.4516128897666931,
      0.7416443228721619,
      0.725197434425354
    ]
  ],
  "feature_names": [
    "charge",
    "abs_charge",
    "charge_centered",
    "charge_rank_norm",
    "wbo_sum",
    "wbo_max"
  ],
  "status": "ok",
  "error": null
}