{
  "canonical_smiles": "COc1ccc(C(C)C)cc1CN[C@H]1C2CCN(CC2)[C@H]1C(c1ccccc1)c1ccccc1",
  "xtb_valid": true,
  "atom_valid_mask": [
    [
      1.0
    ],
    [
      1.0
    ],
    [
      1.0
    ],
    [
      1.0
    ],
    [
      1.0
    ],
    [
      1.0
    ],
    [
      1.0
    ],
    [
      1.0
    ],
    [
      1.0
    ],
    [
      1.0
    ],
    [
      1.0
    ],
    [
      1.0
    ],
    [
      1.0
    ],
    [
      1.0
    ],
    [
      1.0
    ],
    [
      1.0
    ],
    [
      1.0
    ],
    [
      1.0
    ],
    [
      1.0
    ],
    [
      1.0
    ],
    [
      1.0
    ],
    [
      1.0
    ],
    [
      1.0
    ],
    [
      1.0
    ],
    [
      1.0
    ],
    [
      1.0
    ],
    [
      1.0
    ],
    [
      1.0
    ],
    [
      1.0
    ],
    [
      1.0
    ],
    [
      1.0
    ],
    [
      1.0
    ],
    [
      1.0
    ],
    [
      1.0
    ]
  ],
  "atom_features": [
    [
      0.02567462995648384,
      0.02567462995648384,
      0.06879548728466034,
      0.9090909361839294,
      0.24309775233268738,
      0.48619550466537476
    ],
    [
      -0.31167319416999817,
      0.31167319416999817,
      -0.26855233311653137,
      0.0,
      0.5037227272987366,
      0.5212499499320984
    ],
    [
      0.12708702683448792,
      0.12708702683448792,
      0.1702078878879547,
      1.0,
      0.9398619532585144,
      0.6888052225112915
    ],
    [
      -0.07514640688896179,
      0.07514640688896179,
      -0.032025545835494995,
      0.1515151560306549,
      0.7296363115310669,
      0.7188794016838074
    ],
    [
      -0.044440511614084244,
      0.044440511614084244,
      -0.001319650560617447,
      0.27272728085517883,
      0.7396070957183838,
      0.7188794016838074
    ],
    [
      -0.001089200028218329,
      0.001089200028218329,
      0.0420316606760025,
      0.7272727489471436,
      0.9545221924781799,
      0.7060771584510803
    ],
    [
      -0.014735310338437557,
      0.014735310338437557,
      0.028385549783706665,
      0.6666666865348816,
      0.748304009437561,
      0.4994414150714874
    ],
    [
      -0.1077512577176094,
      0.1077512577176094,
      -0.06463039666414261,
      0.09090909361839294,
      0.2497207075357437,
      0.4994414150714874
    ],
    [
      -0.10532838851213455,
      0.10532838851213455,
      -0.062207527458667755,
      0.12121212482452393,
      0.2495284527540207,
      0.4990569055080414
    ],
    [
      -0.049851108342409134,
      0.049851108342409134,
      -0.006730247288942337,
      0.24242424964904785,
      0.7342100143432617,
      0.7119744420051575
    ],
    [
      -0.024273449555039406,
      0.024273449555039406,
      0.01884741149842739,
      0.6363636255264282,
      0.96885746717453,
      0.7119744420051575
    ],
    [
      0.020351599901914597,
      0.020351599901914597,
      0.06347246468067169,
      0.8787878751754761,
      0.5011885762214661,
      0.5018141269683838
    ],
    [
      -0.2836665213108063,
      0.2836665213108063,
      -0.24054566025733948,
      0.03030303120613098,
      0.5003353953361511,
      0.5005630254745483
    ],
    [
      0.04935605823993683,
      0.04935605823993683,
      0.09247691929340363,
      0.9696969985961914,
      0.7338471412658691,
      0.5001077651977539
    ],
    [
      -0.012159289792180061,
      0.012159289792180061,
      0.030961571261286736,
      0.6969696879386902,
      0.7440066933631897,
      0.4992198944091797
    ],
    [
      -0.06393048167228699,
      0.06393048167228699,
      -0.02080962061882019,
      0.21212121844291687,
      0.49785807728767395,
      0.4992198944091797
    ],
    [
      0.004312200006097555,
      0.004312200006097555,
      0.04743305966258049,
      0.7575757503509521,
      0.4984033703804016,
      0.5003104209899902
    ],
    [
      -0.1974884271621704,
      0.1974884271621704,
      -0.1543675661087036,
      0.06060606241226196,
      0.7476983666419983,
      0.5009618997573853
    ],
    [
      0.005181809887290001,
      0.005181809887290001,
      0.04830267280340195,
      0.7878788113594055,
      0.49865856766700745,
      0.5009618997573853
    ],
    [
      -0.0647229328751564,
      0.0647229328751564,
      -0.021602071821689606,
      0.1818181872367859,
      0.4972769021987915,
      0.49819856882095337
    ],
    [
      0.033263541758060455,
      0.033263541758060455,
      0.07638440281152725,
      0.939393937587738,
      0.7271449565887451,
      0.4941244423389435
    ],
    [
      -0.03307614102959633,
      0.03307614102959633,
      0.010044720023870468,
      0.6060606241226196,
      0.7313435673713684,
      0.49016356468200684
    ],
    [
      0.017418669536709785,
      0.017418669536709785,
      0.06053952872753143,
      0.8484848737716675,
      0.9779485464096069,
      0.7069973349571228
    ],
    [
      -0.03376675024628639,
      0.03376675024628639,
      0.009354110807180405,
      0.5757575631141663,
      0.7416821718215942,
      0.7210449576377869
    ],
    [
      -0.03627315163612366,
      0.03627315163612366,
      0.00684770941734314,
      0.5151515007019043,
      0.7481544017791748,
      0.7210449576377869
    ],
    [
      -0.03834164887666702,
      0.03834164887666702,
      0.004779212176799774,
      0.39393940567970276,
      0.7464691996574402,
      0.7195708155632019
    ],
    [
      -0.036362770944833755,
      0.036362770944833755,
      0.006758090108633041,
      0.4848484992980957,
      0.7482423186302185,
      0.7225820422172546
    ],
    [
      -0.03956921026110649,
      0.03956921026110649,
      0.003551650792360306,
      0.3030303120613098,
      0.741519033908844,
      0.7225820422172546
    ],
    [
      0.012443579733371735,
      0.012443579733371735,
      0.05556444078683853,
      0.8181818127632141,
      0.9761069416999817,
      0.706375241279602
    ],
    [
      -0.03822711855173111,
      0.03822711855173111,
      0.004893742501735687,
      0.42424243688583374,
      0.7410955429077148,
      0.720971941947937
    ],
    [
      -0.036858171224594116,
      0.036858171224594116,
      0.006262689828872681,
      0.4545454680919647,
      0.7480236291885376,
      0.720971941947937
    ],
    [
      -0.038494981825351715,
      0.038494981825351715,
      0.004625879228115082,
      0.3636363744735718,
      0.7460740804672241,
      0.7194403409957886
    ],
    [
      -0.03486451134085655,
      0.03486451134085655,
      0.008256349712610245,
      0.5454545617103577,
      0.7480379939079285,
      0.7230187654495239
    ],
    [
      -0.03910744935274124,
      0.03910744935274124,
      0.004013411700725555,
      0.3333333432674408,
      0.7399171590805054,
      0.7230187654495239
    ]
  ],
  "feature_names": [
    "charge",
    "abs_charge",
    "charge_centered",
    "charge_rank_norm",
    "wbo_sum",
    "wbo_max"
  ],
  "status": "ok",
  "error": null
}