{
  "canonical_smiles": "Nc1nc(OCc2ccccc2)c2[nH]cnc2n1",
  "xtb_valid": true,
  "atom_valid_mask": [
    [
      1.0
    ],
    [
      1.0
    ],
    [
      1.0
    ],
    [
      1.0
    ],
    [
      1.0
    ],
    [
      1.0
    ],
    [
      1.0
    ],
    [
      1.0
    ],
    [
      1.0
    ],
    [
      1.0
    ],
    [
      1.0
    ],
    [
      1.0
    ],
    [
      1.0
    ],
    [
      1.0
    ],
    [
      1.0
    ],
    [
      1.0
    ],
    [
      1.0
    ],
    [
      1.0
    ]
  ],
  "atom_features": [
    [
      -0.3290625512599945,
      0.3290625512599945,
      -0.2657592296600342,
      0.11764705926179886,
      0.30171680450439453,
      0.6034336090087891
    ],
    [
      0.23535160720348358,
      0.23535160720348358,
      0.2986549139022827,
      1.0,
      0.9643226861953735,
      0.6846832633018494
    ],
    [
      -0.35815805196762085,
      0.35815805196762085,
      -0.2948547303676605,
      0.0,
      0.6648654341697693,
      0.6892024278640747
    ],
    [
      0.2210400402545929,
      0.2210400402545929,
      0.2843433618545532,
      0.9411764740943909,
      0.9370323419570923,
      0.6892024278640747
    ],
    [
      -0.2866348624229431,
      0.2866348624229431,
      -0.2233315408229828,
      0.23529411852359772,
      0.5044223070144653,
      0.5409184098243713
    ],
    [
      0.07354012876749039,
      0.07354012876749039,
      0.13684344291687012,
      0.7647058963775635,
      0.4832509160041809,
      0.4985755681991577
    ],
    [
      0.003959259949624538,
      0.003959259949624538,
      0.06726258248090744,
      0.7058823704719543,
      0.9850171208381653,
      0.7082981467247009
    ],
    [
      -0.036269430071115494,
      0.036269430071115494,
      0.027033891528844833,
      0.4117647111415863,
      0.7428727149963379,
      0.7217240929603577
    ],
    [
      -0.03398540988564491,
      0.03398540988564491,
      0.029317911714315414,
      0.529411792755127,
      0.7485297322273254,
      0.7217240929603577
    ],
    [
      -0.034183770418167114,
      0.034183770418167114,
      0.029119551181793213,
      0.47058823704719543,
      0.7471010684967041,
      0.7196304202079773
    ],
    [
      -0.03388025984168053,
      0.03388025984168053,
      0.0294230617582798,
      0.5882353186607361,
      0.7485355138778687,
      0.7214410305023193
    ],
    [
      -0.03657697141170502,
      0.03657697141170502,
      0.02672635018825531,
      0.3529411852359772,
      0.7428208589553833,
      0.7214410305023193
    ],
    [
      -0.004321400076150894,
      0.004321400076150894,
      0.05898192152380943,
      0.6470588445663452,
      0.9240231513977051,
      0.6439438462257385
    ],
    [
      -0.12134286016225815,
      0.12134286016225815,
      -0.05803953856229782,
      0.29411765933036804,
      0.6363345980644226,
      0.6364448070526123
    ],
    [
      0.10495147109031677,
      0.10495147109031677,
      0.1682547926902771,
      0.8235294222831726,
      0.7060003280639648,
      0.7755558490753174
    ],
    [
      -0.3119761049747467,
      0.3119761049747467,
      -0.24867278337478638,
      0.1764705926179886,
      0.7239223718643188,
      0.7755558490753174
    ],
    [
      0.1628526896238327,
      0.1628526896238327,
      0.22615601122379303,
      0.8823529481887817,
      0.9457038640975952,
      0.6512407064437866
    ],
    [
      -0.354763388633728,
      0.354763388633728,
      -0.2914600670337677,
      0.05882352963089943,
      0.6679620146751404,
      0.6846832633018494
    ]
  ],
  "feature_names": [
    "charge",
    "abs_charge",
    "charge_centered",
    "charge_rank_norm",
    "wbo_sum",
    "wbo_max"
  ],
  "status": "ok",
  "error": null
}