{
  "canonical_smiles": "Nc1ccc(-c2ccccc2)cc1",
  "xtb_valid": true,
  "atom_valid_mask": [
    [
      1.0
    ],
    [
      1.0
    ],
    [
      1.0
    ],
    [
      1.0
    ],
    [
      1.0
    ],
    [
      1.0
    ],
    [
      1.0
    ],
    [
      1.0
    ],
    [
      1.0
    ],
    [
      1.0
    ],
    [
      1.0
    ],
    [
      1.0
    ],
    [
      1.0
    ]
  ],
  "atom_features": [
    [
      -0.32807227969169617,
      0.32807227969169617,
      -0.27770841121673584,
      0.0,
      0.28689339756965637,
      0.5737867951393127
    ],
    [
      0.07630526274442673,
      0.07630526274442673,
      0.12666913866996765,
      1.0,
      0.9629009962081909,
      0.676042377948761
    ],
    [
      -0.06602928042411804,
      0.06602928042411804,
      -0.015665404498577118,
      0.1666666716337204,
      0.7287840247154236,
      0.7299908995628357
    ],
    [
      -0.04117580130696297,
      0.04117580130696297,
      0.009188074618577957,
      0.25,
      0.736579954624176,
      0.7299908995628357
    ],
    [
      -0.00778036005795002,
      0.00778036005795002,
      0.04258351773023605,
      0.8333333134651184,
      0.9515261054039001,
      0.6916977167129517
    ],
    [
      0.010008909739553928,
      0.010008909739553928,
      0.06037278473377228,
      0.9166666865348816,
      0.9820268750190735,
      0.6959711313247681
    ],
    [
      -0.03931327909231186,
      0.03931327909231186,
      0.011050596833229065,
      0.5,
      0.7371442317962646,
      0.7233616709709167
    ],
    [
      -0.03685387969017029,
      0.03685387969017029,
      0.013509996235370636,
      0.75,
      0.7482941746711731,
      0.7233616709709167
    ],
    [
      -0.03818238154053688,
      0.03818238154053688,
      0.012181494385004044,
      0.5833333134651184,
      0.7444668412208557,
      0.7182246446609497
    ],
    [
      -0.0369766503572464,
      0.0369766503572464,
      0.013387225568294525,
      0.6666666865348816,
      0.7482948899269104,
      0.7233039736747742
    ],
    [
      -0.039458878338336945,
      0.039458878338336945,
      0.01090499758720398,
      0.4166666567325592,
      0.7371557950973511,
      0.7233039736747742
    ],
    [
      -0.041156359016895294,
      0.041156359016895294,
      0.00920751690864563,
      0.3333333432674408,
      0.736635148525238,
      0.7300792336463928
    ],
    [
      -0.06604547798633575,
      0.06604547798633575,
      -0.01568160206079483,
      0.0833333358168602,
      0.7287616729736328,
      0.7300792336463928
    ]
  ],
  "feature_names": [
    "charge",
    "abs_charge",
    "charge_centered",
    "charge_rank_norm",
    "wbo_sum",
    "wbo_max"
  ],
  "status": "ok",
  "error": null
}