{
  "canonical_smiles": "O=[N+]([O-])c1cc2cccc3ccc4cccc1c4c32",
  "xtb_valid": true,
  "atom_valid_mask": [
    [
      1.0
    ],
    [
      1.0
    ],
    [
      1.0
    ],
    [
      1.0
    ],
    [
      1.0
    ],
    [
      1.0
    ],
    [
      1.0
    ],
    [
      1.0
    ],
    [
      1.0
    ],
    [
      1.0
    ],
    [
      1.0
    ],
    [
      1.0
    ],
    [
      1.0
    ],
    [
      1.0
    ],
    [
      1.0
    ],
    [
      1.0
    ],
    [
      1.0
    ],
    [
      1.0
    ],
    [
      1.0
    ]
  ],
  "atom_features": [
    [
      -0.4296928942203522,
      0.4296928942203522,
      -0.4033282399177551,
      0.0555555559694767,
      0.44653722643852234,
      0.719954252243042
    ],
    [
      0.551091194152832,
      0.551091194152832,
      0.5774558186531067,
      1.0,
      0.957118809223175,
      0.719954252243042
    ],
    [
      -0.43169108033180237,
      0.43169108033180237,
      -0.4053264260292053,
      0.0,
      0.44652143120765686,
      0.719922661781311
    ],
    [
      0.006510369945317507,
      0.006510369945317507,
      0.03287500888109207,
      0.6111111044883728,
      0.9139823913574219,
      0.7547048330307007
    ],
    [
      -0.024381320923566818,
      0.024381320923566818,
      0.001983318477869034,
      0.5555555820465088,
      0.6922133564949036,
      0.7547048330307007
    ],
    [
      0.022136660292744637,
      0.022136660292744637,
      0.04850129783153534,
      0.8333333134651184,
      0.9542095065116882,
      0.6626144051551819
    ],
    [
      -0.03367137163877487,
      0.03367137163877487,
      -0.00730673223733902,
      0.3333333432674408,
      0.6933045387268066,
      0.7239946722984314
    ],
    [
      -0.03155256062746048,
      0.03155256062746048,
      -0.005187921226024628,
      0.4444444477558136,
      0.7219550609588623,
      0.7239946722984314
    ],
    [
      -0.032378509640693665,
      0.032378509640693665,
      -0.0060138702392578125,
      0.3888888955116272,
      0.6938844919204712,
      0.7199153900146484
    ],
    [
      0.02307148091495037,
      0.02307148091495037,
      0.04943612217903137,
      0.8888888955116272,
      0.9557805061340332,
      0.667853593826294
    ],
    [
      -0.03975006937980652,
      0.03975006937980652,
      -0.013385429978370667,
      0.1111111119389534,
      0.7092744708061218,
      0.7972422242164612
    ],
    [
      -0.03963546082377434,
      0.03963546082377434,
      -0.013270821422338486,
      0.1666666716337204,
      0.7093293070793152,
      0.7972422242164612
    ],
    [
      0.023282840847969055,
      0.023282840847969055,
      0.04964748024940491,
      0.9444444179534912,
      0.9549635648727417,
      0.6702800393104553
    ],
    [
      -0.035781379789114,
      0.035781379789114,
      -0.009416740387678146,
      0.2222222238779068,
      0.6960618495941162,
      0.7218437194824219
    ],
    [
      -0.030427079647779465,
      0.030427079647779465,
      -0.004062440246343613,
      0.5,
      0.7220748662948608,
      0.7223060131072998
    ],
    [
      -0.034220051020383835,
      0.034220051020383835,
      -0.007855411618947983,
      0.2777777910232544,
      0.6952178478240967,
      0.7223060131072998
    ],
    [
      0.018903689458966255,
      0.018903689458966255,
      0.04526832699775696,
      0.7777777910232544,
      0.9441481232643127,
      0.6681296825408936
    ],
    [
      0.009362500160932541,
      0.009362500160932541,
      0.03572713956236839,
      0.7222222089767456,
      0.9360499382019043,
      0.6326019167900085
    ],
    [
      0.007894850336015224,
      0.007894850336015224,
      0.03425949066877365,
      0.6666666865348816,
      0.9355427026748657,
      0.6326019167900085
    ]
  ],
  "feature_names": [
    "charge",
    "abs_charge",
    "charge_centered",
    "charge_rank_norm",
    "wbo_sum",
    "wbo_max"
  ],
  "status": "ok",
  "error": null
}