{
  "canonical_smiles": "Cn1cnc2c1c(=O)[nH]c(=O)n2C",
  "xtb_valid": true,
  "atom_valid_mask": [
    [
      1.0
    ],
    [
      1.0
    ],
    [
      1.0
    ],
    [
      1.0
    ],
    [
      1.0
    ],
    [
      1.0
    ],
    [
      1.0
    ],
    [
      1.0
    ],
    [
      1.0
    ],
    [
      1.0
    ],
    [
      1.0
    ],
    [
      1.0
    ],
    [
      1.0
    ]
  ],
  "atom_features": [
    [
      -0.0787394568324089,
      0.0787394568324089,
      -0.007141470909118652,
      0.3333333432674408,
      0.2478686273097992,
      0.4957372546195984
    ],
    [
      0.009018220007419586,
      0.009018220007419586,
      0.08061620593070984,
      0.6666666865348816,
      0.8900580406188965,
      0.6480377912521362
    ],
    [
      0.08011451363563538,
      0.08011451363563538,
      0.15171250700950623,
      0.75,
      0.6952325105667114,
      0.7424271702766418
    ],
    [
      -0.28941109776496887,
      0.28941109776496887,
      -0.21781310439109802,
      0.1666666716337204,
      0.71787029504776,
      0.7424271702766418
    ],
    [
      0.12306374311447144,
      0.12306374311447144,
      0.19466173648834229,
      0.8333333134651184,
      0.9397594928741455,
      0.6764202117919922
    ],
    [
      -0.02485756017267704,
      0.02485756017267704,
      0.04674042761325836,
      0.5833333134651184,
      0.9112651348114014,
      0.6764202117919922
    ],
    [
      0.27926528453826904,
      0.27926528453826904,
      0.3508632779121399,
      0.9166666865348816,
      0.9629087448120117,
      0.7992932796478271
    ],
    [
      -0.5018736720085144,
      0.5018736720085144,
      -0.43027567863464355,
      0.0833333358168602,
      0.4345923364162445,
      0.7992932796478271
    ],
    [
      -0.20346903800964355,
      0.20346903800964355,
      -0.1318710446357727,
      0.25,
      0.6301048994064331,
      0.5657357573509216
    ],
    [
      0.32416361570358276,
      0.32416361570358276,
      0.3957616090774536,
      1.0,
      0.9666987061500549,
      0.7886934876441956
    ],
    [
      -0.5143582224845886,
      0.5143582224845886,
      -0.4427602291107178,
      0.0,
      0.4609696865081787,
      0.7886934876441956
    ],
    [
      -0.06250984221696854,
      0.06250984221696854,
      0.009088143706321716,
      0.5,
      0.8514159917831421,
      0.5807132720947266
    ],
    [
      -0.07118043303489685,
      0.07118043303489685,
      0.0004175528883934021,
      0.4166666567325592,
      0.24432986974716187,
      0.48865973949432373
    ]
  ],
  "feature_names": [
    "charge",
    "abs_charge",
    "charge_centered",
    "charge_rank_norm",
    "wbo_sum",
    "wbo_max"
  ],
  "status": "ok",
  "error": null
}