{
  "canonical_smiles": "C[C@]12CC[C@@H]3c4ccc(O)cc4CC[C@H]3C1CCC2=O",
  "xtb_valid": true,
  "atom_valid_mask": [
    [
      1.0
    ],
    [
      1.0
    ],
    [
      1.0
    ],
    [
      1.0
    ],
    [
      1.0
    ],
    [
      1.0
    ],
    [
      1.0
    ],
    [
      1.0
    ],
    [
      1.0
    ],
    [
      1.0
    ],
    [
      1.0
    ],
    [
      1.0
    ],
    [
      1.0
    ],
    [
      1.0
    ],
    [
      1.0
    ],
    [
      1.0
    ],
    [
      1.0
    ],
    [
      1.0
    ],
    [
      1.0
    ],
    [
      1.0
    ]
  ],
  "atom_features": [
    [
      -0.10642167925834656,
      0.10642167925834656,
      -0.04007513076066971,
      0.10526315867900848,
      0.2429410070180893,
      0.4858820140361786
    ],
    [
      0.001067679957486689,
      0.001067679957486689,
      0.06741423159837723,
      0.8421052694320679,
      0.9700338840484619,
      0.48853591084480286
    ],
    [
      -0.0564226396381855,
      0.0564226396381855,
      0.009923908859491348,
      0.4736842215061188,
      0.49510303139686584,
      0.5016701817512512
    ],
    [
      -0.05638027936220169,
      0.05638027936220169,
      0.009966269135475159,
      0.5263158082962036,
      0.49713894724845886,
      0.5016701817512512
    ],
    [
      -0.022101430222392082,
      0.022101430222392082,
      0.04424511641263962,
      0.7368420958518982,
      0.7415464520454407,
      0.49729111790657043
    ],
    [
      -0.011434270069003105,
      0.011434270069003105,
      0.054912276566028595,
      0.7894737124443054,
      0.946763277053833,
      0.7020757794380188
    ],
    [
      -0.047529108822345734,
      0.047529108822345734,
      0.018817439675331116,
      0.5789473652839661,
      0.7408953905105591,
      0.7262611985206604
    ],
    [
      -0.06802435219287872,
      0.06802435219287872,
      -0.0016778036952018738,
      0.31578946113586426,
      0.7308061718940735,
      0.7262611985206604
    ],
    [
      0.13844196498394012,
      0.13844196498394012,
      0.20478850603103638,
      0.9473684430122375,
      0.9531323909759521,
      0.6914151906967163
    ],
    [
      -0.46659350395202637,
      0.46659350395202637,
      -0.4002469480037689,
      0.0,
      0.265718549489975,
      0.53143709897995
    ],
    [
      -0.08958525210618973,
      0.08958525210618973,
      -0.02323870360851288,
      0.21052631735801697,
      0.7247412204742432,
      0.704613447189331
    ],
    [
      0.003844429971650243,
      0.003844429971650243,
      0.07019098103046417,
      0.8947368264198303,
      0.9787470698356628,
      0.704613447189331
    ],
    [
      -0.0669444277882576,
      0.0669444277882576,
      -0.0005978792905807495,
      0.3684210479259491,
      0.5047062635421753,
      0.5067823529243469
    ],
    [
      -0.06125858053565025,
      0.06125858053565025,
      0.005087967962026596,
      0.42105263471603394,
      0.5007726550102234,
      0.5026302337646484
    ],
    [
      -0.02448749914765358,
      0.02448749914765358,
      0.04185904935002327,
      0.6842105388641357,
      0.7412790656089783,
      0.49891507625579834
    ],
    [
      -0.035949308425188065,
      0.035949308425188065,
      0.030397240072488785,
      0.6315789222717285,
      0.7358509302139282,
      0.4969096779823303
    ],
    [
      -0.07059463113546371,
      0.07059463113546371,
      -0.004248082637786865,
      0.2631579041481018,
      0.5002684593200684,
      0.5036273002624512
    ],
    [
      -0.09180495142936707,
      0.09180495142936707,
      -0.025458402931690216,
      0.15789473056793213,
      0.5027868151664734,
      0.5036273002624512
    ],
    [
      0.24808341264724731,
      0.24808341264724731,
      0.31442996859550476,
      1.0,
      0.9446672797203064,
      0.9060816764831543
    ],
    [
      -0.44283655285835266,
      0.44283655285835266,
      -0.3764899969100952,
      0.05263157933950424,
      0.45304083824157715,
      0.9060816764831543
    ]
  ],
  "feature_names": [
    "charge",
    "abs_charge",
    "charge_centered",
    "charge_rank_norm",
    "wbo_sum",
    "wbo_max"
  ],
  "status": "ok",
  "error": null
}