{
  "canonical_smiles": "CCCCC(=O)N(Cc1ccc(-c2ccccc2-c2nnn[nH]2)cc1)[C@H](C(=O)O)C(C)C",
  "xtb_valid": true,
  "atom_valid_mask": [
    [
      1.0
    ],
    [
      1.0
    ],
    [
      1.0
    ],
    [
      1.0
    ],
    [
      1.0
    ],
    [
      1.0
    ],
    [
      1.0
    ],
    [
      1.0
    ],
    [
      1.0
    ],
    [
      1.0
    ],
    [
      1.0
    ],
    [
      1.0
    ],
    [
      1.0
    ],
    [
      1.0
    ],
    [
      1.0
    ],
    [
      1.0
    ],
    [
      1.0
    ],
    [
      1.0
    ],
    [
      1.0
    ],
    [
      1.0
    ],
    [
      1.0
    ],
    [
      1.0
    ],
    [
      1.0
    ],
    [
      1.0
    ],
    [
      1.0
    ],
    [
      1.0
    ],
    [
      1.0
    ],
    [
      1.0
    ],
    [
      1.0
    ],
    [
      1.0
    ],
    [
      1.0
    ],
    [
      1.0
    ]
  ],
  "atom_features": [
    [
      -0.10970477014780045,
      0.10970477014780045,
      -0.047000907361507416,
      0.22580644488334656,
      0.25515082478523254,
      0.5103016495704651
    ],
    [
      -0.0590033195912838,
      0.0590033195912838,
      0.0037005431950092316,
      0.35483869910240173,
      0.5069168210029602,
      0.5103016495704651
    ],
    [
      -0.052921511232852936,
      0.052921511232852936,
      0.009782351553440094,
      0.3870967626571655,
      0.5035174489021301,
      0.5035319924354553
    ],
    [
      -0.08768939971923828,
      0.08768939971923828,
      -0.02498553693294525,
      0.32258063554763794,
      0.4969630241394043,
      0.5035029053688049
    ],
    [
      0.26894447207450867,
      0.26894447207450867,
      0.3316483497619629,
      0.9677419066429138,
      0.9639191627502441,
      0.8220158815383911
    ],
    [
      -0.5054530501365662,
      0.5054530501365662,
      -0.4427492022514343,
      0.0,
      0.45690470933914185,
      0.8220158815383911
    ],
    [
      -0.10651782900094986,
      0.10651782900094986,
      -0.04381396621465683,
      0.25806450843811035,
      0.8412908911705017,
      0.6153993010520935
    ],
    [
      -0.015330269932746887,
      0.015330269932746887,
      0.04737359285354614,
      0.7096773982048035,
      0.4938261806964874,
      0.49924784898757935
    ],
    [
      0.008377539925277233,
      0.008377539925277233,
      0.07108139991760254,
      0.8064516186714172,
      0.9805952906608582,
      0.705649197101593
    ],
    [
      -0.03523173928260803,
      0.03523173928260803,
      0.027472123503684998,
      0.5161290168762207,
      0.7419505715370178,
      0.7235901355743408
    ],
    [
      -0.03334752097725868,
      0.03334752097725868,
      0.029356341809034348,
      0.5806451439857483,
      0.738148033618927,
      0.7235901355743408
    ],
    [
      0.011206479743123055,
      0.011206479743123055,
      0.07391034066677094,
      0.8387096524238586,
      0.9803860187530518,
      0.6988250613212585
    ],
    [
      0.01996500976383686,
      0.01996500976383686,
      0.08266887068748474,
      0.9032257795333862,
      0.969335675239563,
      0.6996772885322571
    ],
    [
      -0.033495571464300156,
      0.033495571464300156,
      0.029208291321992874,
      0.5483871102333069,
      0.7381681799888611,
      0.7221025228500366
    ],
    [
      -0.02843393012881279,
      0.02843393012881279,
      0.03426993265748024,
      0.6451612710952759,
      0.7438077926635742,
      0.7221025228500366
    ],
    [
      -0.03307025134563446,
      0.03307025134563446,
      0.02963361144065857,
      0.6129032373428345,
      0.7457076907157898,
      0.7237892746925354
    ],
    [
      -0.03559872880578041,
      0.03559872880578041,
      0.02710513398051262,
      0.4838709533214569,
      0.7353737950325012,
      0.7237892746925354
    ],
    [
      -0.009278380312025547,
      0.009278380312025547,
      0.05342548340559006,
      0.774193525314331,
      0.9687350988388062,
      0.6924018263816833
    ],
    [
      0.15194424986839294,
      0.15194424986839294,
      0.21464811265468597,
      0.9354838728904724,
      0.971619188785553,
      0.7489554286003113
    ],
    [
      -0.2306046038866043,
      0.2306046038866043,
      -0.16790074110031128,
      0.09677419066429138,
      0.6998775601387024,
      0.7489554286003113
    ],
    [
      -0.126919224858284,
      0.126919224858284,
      -0.06421536207199097,
      0.12903225421905518,
      0.7397364377975464,
      0.7673434615135193
    ],
    [
      -0.12262032926082611,
      0.12262032926082611,
      -0.05991646647453308,
      0.16129031777381897,
      0.7231045961380005,
      0.7673434615135193
    ],
    [
      -0.02647479996085167,
      0.02647479996085167,
      0.03622906282544136,
      0.6774193644523621,
      0.6555653214454651,
      0.6273785829544067
    ],
    [
      -0.037289731204509735,
      0.037289731204509735,
      0.025414131581783295,
      0.4516128897666931,
      0.7382779121398926,
      0.7230689525604248
    ],
    [
      -0.04282132908701897,
      0.04282132908701897,
      0.019882533699274063,
      0.4193548262119293,
      0.7411538362503052,
      0.7230689525604248
    ],
    [
      0.018541369587183,
      0.018541369587183,
      0.08124522864818573,
      0.8709677457809448,
      0.7246224880218506,
      0.4869844615459442
    ],
    [
      0.3649856746196747,
      0.3649856746196747,
      0.4276895523071289,
      1.0,
      0.9608088731765747,
      0.8591136336326599
    ],
    [
      -0.4648304283618927,
      0.4648304283618927,
      -0.4021265506744385,
      0.032258063554763794,
      0.47182369232177734,
      0.8591136336326599
    ],
    [
      -0.4168938100337982,
      0.4168938100337982,
      -0.354189932346344,
      0.06451612710952759,
      0.3334628939628601,
      0.5823920369148254
    ],
    [
      -0.012477429583668709,
      0.012477429583668709,
      0.05022643506526947,
      0.7419354915618896,
      0.745312511920929,
      0.505530059337616
    ],
    [
      -0.1040690615773201,
      0.1040690615773201,
      -0.04136519879102707,
      0.29032257199287415,
      0.252765029668808,
      0.505530059337616
    ],
    [
      -0.12041137367486954,
      0.12041137367486954,
      -0.05770751088857651,
      0.19354838132858276,
      0.25147321820259094,
      0.5029464364051819
    ]
  ],
  "feature_names": [
    "charge",
    "abs_charge",
    "charge_centered",
    "charge_rank_norm",
    "wbo_sum",
    "wbo_max"
  ],
  "status": "ok",
  "error": null
}