{
  "canonical_smiles": "O=c1n(CCCN2CCN(c3cccc(Cl)c3)CC2)nc2ccccn12",
  "xtb_valid": true,
  "atom_valid_mask": [
    [
      1.0
    ],
    [
      1.0
    ],
    [
      1.0
    ],
    [
      1.0
    ],
    [
      1.0
    ],
    [
      1.0
    ],
    [
      1.0
    ],
    [
      1.0
    ],
    [
      1.0
    ],
    [
      1.0
    ],
    [
      1.0
    ],
    [
      1.0
    ],
    [
      1.0
    ],
    [
      1.0
    ],
    [
      1.0
    ],
    [
      1.0
    ],
    [
      1.0
    ],
    [
      1.0
    ],
    [
      1.0
    ],
    [
      1.0
    ],
    [
      1.0
    ],
    [
      1.0
    ],
    [
      1.0
    ],
    [
      1.0
    ],
    [
      1.0
    ],
    [
      1.0
    ]
  ],
  "atom_features": [
    [
      -0.5448720455169678,
      0.5448720455169678,
      -0.49756836891174316,
      0.0,
      0.4568465054035187,
      0.7707750797271729
    ],
    [
      0.29538676142692566,
      0.29538676142692566,
      0.34269043803215027,
      1.0,
      0.9524821043014526,
      0.7707750797271729
    ],
    [
      -0.025491749867796898,
      0.025491749867796898,
      0.02181192673742771,
      0.5199999809265137,
      0.8540092706680298,
      0.5852912068367004
    ],
    [
      -0.0028938099276274443,
      0.0028938099276274443,
      0.044409867376089096,
      0.7200000286102295,
      0.49342381954193115,
      0.49704650044441223
    ],
    [
      -0.06985513120889664,
      0.06985513120889664,
      -0.022551454603672028,
      0.23999999463558197,
      0.4985714852809906,
      0.5000964403152466
    ],
    [
      0.0015032199444249272,
      0.0015032199444249272,
      0.048806898295879364,
      0.800000011920929,
      0.5003688931465149,
      0.5006412863731384
    ],
    [
      -0.1943815052509308,
      0.1943815052509308,
      -0.14707782864570618,
      0.11999999731779099,
      0.7491470575332642,
      0.5006412863731384
    ],
    [
      -0.0002500200062058866,
      0.0002500200062058866,
      0.047053657472133636,
      0.7599999904632568,
      0.4987561106681824,
      0.500102698802948
    ],
    [
      -0.005379159934818745,
      0.005379159934818745,
      0.04192451760172844,
      0.6800000071525574,
      0.49742528796195984,
      0.500102698802948
    ],
    [
      -0.10874833911657333,
      0.10874833911657333,
      -0.061444662511348724,
      0.1599999964237213,
      0.7865507006645203,
      0.5871589779853821
    ],
    [
      0.06800176203250885,
      0.06800176203250885,
      0.11530543863773346,
      0.8799999952316284,
      0.9572867751121521,
      0.6641281247138977
    ],
    [
      -0.06839364022016525,
      0.06839364022016525,
      -0.021089963614940643,
      0.2800000011920929,
      0.6969559788703918,
      0.7297837734222412
    ],
    [
      -0.03757090121507645,
      0.03757090121507645,
      0.009732775390148163,
      0.4399999976158142,
      0.7202332019805908,
      0.7297837734222412
    ],
    [
      -0.061719540506601334,
      0.061719540506601334,
      -0.014415863901376724,
      0.3199999928474426,
      0.70442795753479,
      0.7106826305389404
    ],
    [
      0.09486062824726105,
      0.09486062824726105,
      0.14216430485248566,
      0.9200000166893005,
      0.9405564665794373,
      0.7110445499420166
    ],
    [
      -0.22846773266792297,
      0.22846773266792297,
      -0.18116405606269836,
      0.07999999821186066,
      0.23594748973846436,
      0.4718949794769287
    ],
    [
      -0.07484600692987442,
      0.07484600692987442,
      -0.02754233032464981,
      0.20000000298023224,
      0.6871655583381653,
      0.7110445499420166
    ],
    [
      -0.0058967601507902145,
      0.0058967601507902145,
      0.041406914591789246,
      0.6399999856948853,
      0.4937770366668701,
      0.4963594377040863
    ],
    [
      -0.00676851999014616,
      0.00676851999014616,
      0.040535155683755875,
      0.6000000238418579,
      0.4983013868331909,
      0.5002433061599731
    ],
    [
      -0.2620762586593628,
      0.2620762586593628,
      -0.21477258205413818,
      0.03999999910593033,
      0.6572033166885376,
      0.7685234546661377
    ],
    [
      0.13328543305397034,
      0.13328543305397034,
      0.18058910965919495,
      0.9599999785423279,
      0.9461304545402527,
      0.7685234546661377
    ],
    [
      -0.05114820972084999,
      0.05114820972084999,
      -0.0038445331156253815,
      0.36000001430511475,
      0.7375848293304443,
      0.8530614376068115
    ],
    [
      -0.023178700357675552,
      0.023178700357675552,
      0.024124976247549057,
      0.5600000023841858,
      0.7239465713500977,
      0.8530614376068115
    ],
    [
      -0.04653631150722504,
      0.04653631150722504,
      0.0007673650979995728,
      0.4000000059604645,
      0.7189120650291443,
      0.8429924249649048
    ],
    [
      0.027249319478869438,
      0.027249319478869438,
      0.0745529979467392,
      0.8399999737739563,
      0.733339786529541,
      0.8429924249649048
    ],
    [
      -0.031708408147096634,
      0.031708408147096634,
      0.015595268458127975,
      0.47999998927116394,
      0.8650445938110352,
      0.5675742626190186
    ]
  ],
  "feature_names": [
    "charge",
    "abs_charge",
    "charge_centered",
    "charge_rank_norm",
    "wbo_sum",
    "wbo_max"
  ],
  "status": "ok",
  "error": null
}