{
  "canonical_smiles": "CN(C)CCOC(c1ccccc1)c1ccccc1",
  "xtb_valid": true,
  "atom_valid_mask": [
    [
      1.0
    ],
    [
      1.0
    ],
    [
      1.0
    ],
    [
      1.0
    ],
    [
      1.0
    ],
    [
      1.0
    ],
    [
      1.0
    ],
    [
      1.0
    ],
    [
      1.0
    ],
    [
      1.0
    ],
    [
      1.0
    ],
    [
      1.0
    ],
    [
      1.0
    ],
    [
      1.0
    ],
    [
      1.0
    ],
    [
      1.0
    ],
    [
      1.0
    ],
    [
      1.0
    ],
    [
      1.0
    ]
  ],
  "atom_features": [
    [
      -0.04207099974155426,
      0.04207099974155426,
      0.0005779750645160675,
      0.1111111119389534,
      0.25317907333374023,
      0.5063581466674805
    ],
    [
      -0.18720005452632904,
      0.18720005452632904,
      -0.144551083445549,
      0.0555555559694767,
      0.7580174803733826,
      0.5065551400184631
    ],
    [
      -0.04014714062213898,
      0.04014714062213898,
      0.0025018341839313507,
      0.2777777910232544,
      0.25327757000923157,
      0.5065551400184631
    ],
    [
      -0.00637629022821784,
      0.00637629022821784,
      0.03627268597483635,
      0.7777777910232544,
      0.4966049790382385,
      0.503121554851532
    ],
    [
      0.07486855983734131,
      0.07486855983734131,
      0.11751753091812134,
      0.9444444179534912,
      0.48892802000045776,
      0.49008843302726746
    ],
    [
      -0.3576405644416809,
      0.3576405644416809,
      -0.3149915933609009,
      0.0,
      0.48258039355278015,
      0.4877675771713257
    ],
    [
      0.1087702214717865,
      0.1087702214717865,
      0.15141919255256653,
      1.0,
      0.7256444096565247,
      0.48717859387397766
    ],
    [
      0.0004837400047108531,
      0.0004837400047108531,
      0.0431327149271965,
      0.8888888955116272,
      0.9770509600639343,
      0.7065624594688416
    ],
    [
      -0.03111138939857483,
      0.03111138939857483,
      0.011537585407495499,
      0.7222222089767456,
      0.7420969605445862,
      0.7223201394081116
    ],
    [
      -0.03476272150874138,
      0.03476272150874138,
      0.007886253297328949,
      0.6111111044883728,
      0.7483360171318054,
      0.7223201394081116
    ],
    [
      -0.035975370556116104,
      0.035975370556116104,
      0.006673604249954224,
      0.3888888955116272,
      0.7466635704040527,
      0.7194473743438721
    ],
    [
      -0.035391371697187424,
      0.035391371697187424,
      0.007257603108882904,
      0.5555555820465088,
      0.7482894062995911,
      0.7211742401123047
    ],
    [
      -0.04060409963130951,
      0.04060409963130951,
      0.0020448751747608185,
      0.2222222238779068,
      0.7415573000907898,
      0.7211742401123047
    ],
    [
      -0.0012262900127097964,
      0.0012262900127097964,
      0.041422683745622635,
      0.8333333134651184,
      0.9769328832626343,
      0.7072661519050598
    ],
    [
      -0.0320468507707119,
      0.0320468507707119,
      0.010602124035358429,
      0.6666666865348816,
      0.7415270805358887,
      0.7204324007034302
    ],
    [
      -0.035531580448150635,
      0.035531580448150635,
      0.007117394357919693,
      0.4444444477558136,
      0.7482914328575134,
      0.7204324007034302
    ],
    [
      -0.0367794893682003,
      0.0367794893682003,
      0.005869485437870026,
      0.3333333432674408,
      0.7465603351593018,
      0.7201878428459167
    ],
    [
      -0.03553039953112602,
      0.03553039953112602,
      0.007118575274944305,
      0.5,
      0.748307466506958,
      0.7230918407440186
    ],
    [
      -0.042058490216732025,
      0.042058490216732025,
      0.0005904845893383026,
      0.1666666716337204,
      0.7418549060821533,
      0.7230918407440186
    ]
  ],
  "feature_names": [
    "charge",
    "abs_charge",
    "charge_centered",
    "charge_rank_norm",
    "wbo_sum",
    "wbo_max"
  ],
  "status": "ok",
  "error": null
}