{
  "canonical_smiles": "CC(=O)C[C@@H](c1ccccc1)c1c(O)oc2ccccc2c1=O",
  "xtb_valid": true,
  "atom_valid_mask": [
    [
      1.0
    ],
    [
      1.0
    ],
    [
      1.0
    ],
    [
      1.0
    ],
    [
      1.0
    ],
    [
      1.0
    ],
    [
      1.0
    ],
    [
      1.0
    ],
    [
      1.0
    ],
    [
      1.0
    ],
    [
      1.0
    ],
    [
      1.0
    ],
    [
      1.0
    ],
    [
      1.0
    ],
    [
      1.0
    ],
    [
      1.0
    ],
    [
      1.0
    ],
    [
      1.0
    ],
    [
      1.0
    ],
    [
      1.0
    ],
    [
      1.0
    ],
    [
      1.0
    ],
    [
      1.0
    ]
  ],
  "atom_features": [
    [
      -0.1526937633752823,
      0.1526937633752823,
      -0.09293931722640991,
      0.1818181872367859,
      0.2563224732875824,
      0.5126449465751648
    ],
    [
      0.2461835741996765,
      0.2461835741996765,
      0.3059380054473877,
      0.9545454382896423,
      0.9556189179420471,
      0.9018170237541199
    ],
    [
      -0.4420068860054016,
      0.4420068860054016,
      -0.38225245475769043,
      0.04545454680919647,
      0.45090851187705994,
      0.9018170237541199
    ],
    [
      -0.0813872218132019,
      0.0813872218132019,
      -0.021632779389619827,
      0.22727273404598236,
      0.4878424108028412,
      0.4967758357524872
    ],
    [
      -0.0016561399679630995,
      0.0016561399679630995,
      0.05809830129146576,
      0.7727272510528564,
      0.7293859124183655,
      0.490745484828949
    ],
    [
      0.007755270227789879,
      0.007755270227789879,
      0.0675097107887268,
      0.8181818127632141,
      0.9784022569656372,
      0.7076932787895203
    ],
    [
      -0.04147211089730263,
      0.04147211089730263,
      0.01828233152627945,
      0.3636363744735718,
      0.7416403293609619,
      0.722104012966156
    ],
    [
      -0.03610793128609657,
      0.03610793128609657,
      0.023646511137485504,
      0.6363636255264282,
      0.7483294010162354,
      0.722104012966156
    ],
    [
      -0.037125758826732635,
      0.037125758826732635,
      0.02262868359684944,
      0.4545454680919647,
      0.7467374801635742,
      0.7198922038078308
    ],
    [
      -0.03667080029845238,
      0.03667080029845238,
      0.0230836421251297,
      0.5,
      0.7481655478477478,
      0.7205477356910706
    ],
    [
      -0.036411069333553314,
      0.036411069333553314,
      0.023343373090028763,
      0.5909090638160706,
      0.7419606447219849,
      0.7205477356910706
    ],
    [
      -0.0716429129242897,
      0.0716429129242897,
      -0.011888470500707626,
      0.27272728085517883,
      0.9121422171592712,
      0.7878691554069519
    ],
    [
      0.2655150294303894,
      0.2655150294303894,
      0.3252694606781006,
      1.0,
      0.9347895383834839,
      0.7878691554069519
    ],
    [
      -0.4298337399959564,
      0.4298337399959564,
      -0.37007930874824524,
      0.09090909361839294,
      0.2758201062679291,
      0.5516402125358582
    ],
    [
      -0.23674306273460388,
      0.23674306273460388,
      -0.1769886165857315,
      0.13636364042758942,
      0.5229217410087585,
      0.5300697088241577
    ],
    [
      0.13999876379966736,
      0.13999876379966736,
      0.19975320994853973,
      0.8636363744735718,
      0.929908037185669,
      0.6801518797874451
    ],
    [
      -0.053222108632326126,
      0.053222108632326126,
      0.006532333791255951,
      0.3181818127632141,
      0.7347137928009033,
      0.7305955290794373
    ],
    [
      -0.02629454992711544,
      0.02629454992711544,
      0.033459894359111786,
      0.6818181872367859,
      0.7176392674446106,
      0.7305955290794373
    ],
    [
      -0.03654975816607475,
      0.03654975816607475,
      0.023204684257507324,
      0.5454545617103577,
      0.7203450202941895,
      0.7360070943832397
    ],
    [
      -0.02035118080675602,
      0.02035118080675602,
      0.03940325975418091,
      0.7272727489471436,
      0.7368741631507874,
      0.7360070943832397
    ],
    [
      -0.038642510771751404,
      0.038642510771751404,
      0.021111931651830673,
      0.40909090638160706,
      0.9366516470909119,
      0.6790609955787659
    ],
    [
      0.21723774075508118,
      0.21723774075508118,
      0.27699217200279236,
      0.9090909361839294,
      0.953999400138855,
      0.831977128982544
    ],
    [
      -0.47223100066185,
      0.47223100066185,
      -0.4124765694141388,
      0.0,
      0.415988564491272,
      0.831977128982544
    ]
  ],
  "feature_names": [
    "charge",
    "abs_charge",
    "charge_centered",
    "charge_rank_norm",
    "wbo_sum",
    "wbo_max"
  ],
  "status": "ok",
  "error": null
}