{
  "canonical_smiles": "COc1ccc([C@@H]2Sc3ccccc3N(CCN(C)C)C(=O)[C@@H]2OC(C)=O)cc1",
  "xtb_valid": true,
  "atom_valid_mask": [
    [
      1.0
    ],
    [
      1.0
    ],
    [
      1.0
    ],
    [
      1.0
    ],
    [
      1.0
    ],
    [
      1.0
    ],
    [
      1.0
    ],
    [
      1.0
    ],
    [
      1.0
    ],
    [
      1.0
    ],
    [
      1.0
    ],
    [
      1.0
    ],
    [
      1.0
    ],
    [
      1.0
    ],
    [
      1.0
    ],
    [
      1.0
    ],
    [
      1.0
    ],
    [
      1.0
    ],
    [
      1.0
    ],
    [
      1.0
    ],
    [
      1.0
    ],
    [
      1.0
    ],
    [
      1.0
    ],
    [
      1.0
    ],
    [
      1.0
    ],
    [
      1.0
    ],
    [
      1.0
    ],
    [
      1.0
    ],
    [
      1.0
    ]
  ],
  "atom_features": [
    [
      0.018451960757374763,
      0.018451960757374763,
      0.07234524190425873,
      0.75,
      0.2421172559261322,
      0.4842345118522644
    ],
    [
      -0.29642319679260254,
      0.29642319679260254,
      -0.24252991378307343,
      0.0714285746216774,
      0.5080899596214294,
      0.5319454669952393
    ],
    [
      0.1464412957429886,
      0.1464412957429886,
      0.2003345787525177,
      0.9285714030265808,
      0.9474722743034363,
      0.6851560473442078
    ],
    [
      -0.05866008996963501,
      0.05866008996963501,
      -0.004766806960105896,
      0.3214285671710968,
      0.7319381833076477,
      0.7312381863594055
    ],
    [
      -0.027812229469418526,
      0.027812229469418526,
      0.026081053540110588,
      0.6071428656578064,
      0.7409208416938782,
      0.7312381863594055
    ],
    [
      -0.003496119985356927,
      0.003496119985356927,
      0.05039716139435768,
      0.6428571343421936,
      0.9508779048919678,
      0.7037155032157898
    ],
    [
      0.023994849994778633,
      0.023994849994778633,
      0.0778881311416626,
      0.7857142686843872,
      0.7252215147018433,
      0.49850550293922424
    ],
    [
      -0.20205281674861908,
      0.20205281674861908,
      -0.14815953373908997,
      0.1428571492433548,
      0.48825398087501526,
      0.5043572187423706
    ],
    [
      0.03314509987831116,
      0.03314509987831116,
      0.08703838288784027,
      0.8214285969734192,
      0.9402732253074646,
      0.7027559280395508
    ],
    [
      -0.03488672152161598,
      0.03488672152161598,
      0.01900656148791313,
      0.5357142686843872,
      0.7370578050613403,
      0.7186444997787476
    ],
    [
      -0.03498614951968193,
      0.03498614951968193,
      0.018907133489847183,
      0.5,
      0.7176041007041931,
      0.7186444997787476
    ],
    [
      -0.03226105123758316,
      0.03226105123758316,
      0.021632231771945953,
      0.5714285969734192,
      0.7181642055511475,
      0.7197645902633667
    ],
    [
      -0.042312778532505035,
      0.042312778532505035,
      0.011580504477024078,
      0.3571428656578064,
      0.7324687838554382,
      0.7197645902633667
    ],
    [
      0.05721985176205635,
      0.05721985176205635,
      0.11111313104629517,
      0.8571428656578064,
      0.9403957724571228,
      0.6924577951431274
    ],
    [
      -0.09046380966901779,
      0.09046380966901779,
      -0.03657052665948868,
      0.25,
      0.8515951633453369,
      0.6149223446846008
    ],
    [
      -0.0021515199914574623,
      0.0021515199914574623,
      0.051741763949394226,
      0.6785714030265808,
      0.48908790946006775,
      0.49461960792541504
    ],
    [
      0.011917379684746265,
      0.011917379684746265,
      0.0658106654882431,
      0.7142857313156128,
      0.49757590889930725,
      0.5005322098731995
    ],
    [
      -0.18876999616622925,
      0.18876999616622925,
      -0.13487671315670013,
      0.1785714328289032,
      0.7559435963630676,
      0.5061836838722229
    ],
    [
      -0.04139053076505661,
      0.04139053076505661,
      0.012502752244472504,
      0.3928571343421936,
      0.25309184193611145,
      0.5061836838722229
    ],
    [
      -0.039694879204034805,
      0.039694879204034805,
      0.014198403805494308,
      0.4285714328289032,
      0.25258564949035645,
      0.5051712989807129
    ],
    [
      0.2644733488559723,
      0.2644733488559723,
      0.3183666467666626,
      0.9642857313156128,
      0.9572799801826477,
      0.8273166418075562
    ],
    [
      -0.4796762466430664,
      0.4796762466430664,
      -0.4257829785346985,
      0.0,
      0.45856383442878723,
      0.8273166418075562
    ],
    [
      0.10988801717758179,
      0.10988801717758179,
      0.1637813001871109,
      0.8928571343421936,
      0.7100921273231506,
      0.4797866940498352
    ],
    [
      -0.273307204246521,
      0.273307204246521,
      -0.21941392123699188,
      0.1071428582072258,
      0.5533161759376526,
      0.5587496161460876
    ],
    [
      0.3711444139480591,
      0.3711444139480591,
      0.425037682056427,
      1.0,
      0.9593484997749329,
      0.8561156988143921
    ],
    [
      -0.16888098418712616,
      0.16888098418712616,
      -0.11498770117759705,
      0.2142857164144516,
      0.251915842294693,
      0.503831684589386
    ],
    [
      -0.4744487702846527,
      0.4744487702846527,
      -0.4205554723739624,
      0.0357142873108387,
      0.4679609537124634,
      0.8561156988143921
    ],
    [
      -0.039519280195236206,
      0.039519280195236206,
      0.014374002814292908,
      0.4642857015132904,
      0.7398388385772705,
      0.7211671471595764
    ],
    [
      -0.0683869868516922,
      0.0683869868516922,
      -0.014493703842163086,
      0.2857142984867096,
      0.7286958694458008,
      0.7211671471595764
    ]
  ],
  "feature_names": [
    "charge",
    "abs_charge",
    "charge_centered",
    "charge_rank_norm",
    "wbo_sum",
    "wbo_max"
  ],
  "status": "ok",
  "error": null
}