{
  "canonical_smiles": "COc1ccc(CN2C3CC2CN(c2ccc(-c4cc(OCC(C)(C)O)cn5ncc(C#N)c45)cn2)C3)cn1",
  "xtb_valid": true,
  "atom_valid_mask": [
    [
      1.0
    ],
    [
      1.0
    ],
    [
      1.0
    ],
    [
      1.0
    ],
    [
      1.0
    ],
    [
      1.0
    ],
    [
      1.0
    ],
    [
      1.0
    ],
    [
      1.0
    ],
    [
      1.0
    ],
    [
      1.0
    ],
    [
      1.0
    ],
    [
      1.0
    ],
    [
      1.0
    ],
    [
      1.0
    ],
    [
      1.0
    ],
    [
      1.0
    ],
    [
      1.0
    ],
    [
      1.0
    ],
    [
      1.0
    ],
    [
      1.0
    ],
    [
      1.0
    ],
    [
      1.0
    ],
    [
      1.0
    ],
    [
      1.0
    ],
    [
      1.0
    ],
    [
      1.0
    ],
    [
      1.0
    ],
    [
      1.0
    ],
    [
      1.0
    ],
    [
      1.0
    ],
    [
      1.0
    ],
    [
      1.0
    ],
    [
      1.0
    ],
    [
      1.0
    ],
    [
      1.0
    ],
    [
      1.0
    ],
    [
      1.0
    ],
    [
      1.0
    ]
  ],
  "atom_features": [
    [
      0.019935740157961845,
      0.019935740157961845,
      0.07078179717063904,
      0.6578947305679321,
      0.24094532430171967,
      0.48189064860343933
    ],
    [
      -0.299689918756485,
      0.299689918756485,
      -0.24884386360645294,
      0.07894736528396606,
      0.5077117085456848,
      0.5335327982902527
    ],
    [
      0.21944651007652283,
      0.21944651007652283,
      0.27029258012771606,
      1.0,
      0.9461829662322998,
      0.6851383447647095
    ],
    [
      -0.0679321363568306,
      0.0679321363568306,
      -0.017086077481508255,
      0.34210526943206787,
      0.7336753010749817,
      0.7372161746025085
    ],
    [
      -0.021474359557032585,
      0.021474359557032585,
      0.029371699318289757,
      0.4736842215061188,
      0.7138502597808838,
      0.7372161746025085
    ],
    [
      -0.0073715802282094955,
      0.0073715802282094955,
      0.043474480509757996,
      0.5789473652839661,
      0.9539471864700317,
      0.7162622213363647
    ],
    [
      0.006149789784103632,
      0.006149789784103632,
      0.056995850056409836,
      0.6052631735801697,
      0.49993589520454407,
      0.5011478662490845
    ],
    [
      -0.21438682079315186,
      0.21438682079315186,
      -0.1635407656431198,
      0.18421052396297455,
      0.7329276204109192,
      0.4987238943576813
    ],
    [
      0.045191969722509384,
      0.045191969722509384,
      0.09603802859783173,
      0.7894737124443054,
      0.7392069697380066,
      0.49739304184913635
    ],
    [
      -0.07074130326509476,
      0.07074130326509476,
      -0.019895244389772415,
      0.28947368264198303,
      0.4963090419769287,
      0.4964505136013031
    ],
    [
      0.04166083037853241,
      0.04166083037853241,
      0.09250688552856445,
      0.7368420958518982,
      0.7385901808738708,
      0.498451828956604
    ],
    [
      -0.014190609566867352,
      0.014190609566867352,
      0.036655448377132416,
      0.5263158082962036,
      0.4947870373725891,
      0.498451828956604
    ],
    [
      -0.08831339329481125,
      0.08831339329481125,
      -0.03746733441948891,
      0.2631579041481018,
      0.795474112033844,
      0.6061240434646606
    ],
    [
      0.14494450390338898,
      0.14494450390338898,
      0.19579055905342102,
      0.9473684430122375,
      0.9569286108016968,
      0.6576518416404724
    ],
    [
      -0.07048699259757996,
      0.07048699259757996,
      -0.019640933722257614,
      0.31578946113586426,
      0.7258085012435913,
      0.7447739839553833
    ],
    [
      -0.022281929850578308,
      0.022281929850578308,
      0.028564129024744034,
      0.44736841320991516,
      0.7124103903770447,
      0.7447739839553833
    ],
    [
      -0.017032360658049583,
      0.017032360658049583,
      0.03381370007991791,
      0.5,
      0.9451317191123962,
      0.7008237242698669
    ],
    [
      0.008367359638214111,
      0.008367359638214111,
      0.05921341851353645,
      0.6315789222717285,
      0.9478332996368408,
      0.7906182408332825
    ],
    [
      -0.05669135972857475,
      0.05669135972857475,
      -0.005845300853252411,
      0.3684210479259491,
      0.694240152835846,
      0.7906182408332825
    ],
    [
      0.14025628566741943,
      0.14025628566741943,
      0.19110234081745148,
      0.9210526347160339,
      0.9493939280509949,
      0.7854225635528564
    ],
    [
      -0.3137567937374115,
      0.3137567937374115,
      -0.26291072368621826,
      0.02631578966975212,
      0.4917013943195343,
      0.5155032873153687
    ],
    [
      0.06435686349868774,
      0.06435686349868774,
      0.11520291864871979,
      0.8421052694320679,
      0.47601112723350525,
      0.48412272334098816
    ],
    [
      0.14826707541942596,
      0.14826707541942596,
      0.199113130569458,
      0.9736841917037964,
      0.9819031953811646,
      0.49768707156181335
    ],
    [
      -0.1286868453025818,
      0.1286868453025818,
      -0.07784079015254974,
      0.2368421107530594,
      0.24884353578090668,
      0.49768707156181335
    ],
    [
      -0.12976065278053284,
      0.12976065278053284,
      -0.0789145976305008,
      0.21052631735801697,
      0.2482505440711975,
      0.496501088142395
    ],
    [
      -0.5039910674095154,
      0.5039910674095154,
      -0.45314499735832214,
      0.0,
      0.24274778366088867,
      0.48549556732177734
    ],
    [
      -0.023221340030431747,
      0.023221340030431747,
      0.027624718844890594,
      0.42105263471603394,
      0.6835436820983887,
      0.7854225635528564
    ],
    [
      0.10802243649959564,
      0.10802243649959564,
      0.15886849164962769,
      0.8684210777282715,
      0.8751519918441772,
      0.588735818862915
    ],
    [
      -0.2418525516986847,
      0.2418525516986847,
      -0.19100649654865265,
      0.15789473056793213,
      0.6690439581871033,
      0.7493520379066467
    ],
    [
      0.040707461535930634,
      0.040707461535930634,
      0.09155352413654327,
      0.7105262875556946,
      0.7030998468399048,
      0.7493520379066467
    ],
    [
      -0.028870340436697006,
      0.028870340436697006,
      0.021975718438625336,
      0.3947368562221527,
      0.9360080361366272,
      0.6573838591575623
    ],
    [
      0.11577130854129791,
      0.11577130854129791,
      0.16661736369132996,
      0.8947368264198303,
      0.9698488712310791,
      1.381913185119629
    ],
    [
      -0.3018093705177307,
      0.3018093705177307,
      -0.2509633004665375,
      0.05263157933950424,
      0.6909565925598145,
      1.381913185119629
    ],
    [
      0.040063850581645966,
      0.040063850581645966,
      0.0909099131822586,
      0.6842105388641357,
      0.9164712429046631,
      0.6573838591575623
    ],
    [
      0.04676669090986252,
      0.04676669090986252,
      0.09761275351047516,
      0.8157894611358643,
      0.7355870604515076,
      0.7135886549949646
    ],
    [
      -0.2915611267089844,
      0.2915611267089844,
      -0.24071507155895233,
      0.1315789520740509,
      0.6856202483177185,
      0.7135886549949646
    ],
    [
      -0.0074049001559615135,
      0.0074049001559615135,
      0.043441157788038254,
      0.5526315569877625,
      0.49554747343063354,
      0.49739304184913635
    ],
    [
      0.04374796897172928,
      0.04374796897172928,
      0.09459403157234192,
      0.7631579041481018,
      0.7364441156387329,
      0.7162622213363647
    ],
    [
      -0.2951452434062958,
      0.2951452434062958,
      -0.24429918825626373,
      0.10526315867900848,
      0.6926624178886414,
      0.7001864910125732
    ]
  ],
  "feature_names": [
    "charge",
    "abs_charge",
    "charge_centered",
    "charge_rank_norm",
    "wbo_sum",
    "wbo_max"
  ],
  "status": "ok",
  "error": null
}