{
  "canonical_smiles": "CCCCCN(CCCOC)C(=O)[C@@H](CCC(=O)O)NC(=O)c1ccc(Cl)c(Cl)c1",
  "xtb_valid": true,
  "atom_valid_mask": [
    [
      1.0
    ],
    [
      1.0
    ],
    [
      1.0
    ],
    [
      1.0
    ],
    [
      1.0
    ],
    [
      1.0
    ],
    [
      1.0
    ],
    [
      1.0
    ],
    [
      1.0
    ],
    [
      1.0
    ],
    [
      1.0
    ],
    [
      1.0
    ],
    [
      1.0
    ],
    [
      1.0
    ],
    [
      1.0
    ],
    [
      1.0
    ],
    [
      1.0
    ],
    [
      1.0
    ],
    [
      1.0
    ],
    [
      1.0
    ],
    [
      1.0
    ],
    [
      1.0
    ],
    [
      1.0
    ],
    [
      1.0
    ],
    [
      1.0
    ],
    [
      1.0
    ],
    [
      1.0
    ],
    [
      1.0
    ],
    [
      1.0
    ],
    [
      1.0
    ]
  ],
  "atom_features": [
    [
      -0.11030171811580658,
      0.11030171811580658,
      -0.03390934318304062,
      0.27586206793785095,
      0.25504225492477417,
      0.5100845098495483
    ],
    [
      -0.05824381113052368,
      0.05824381113052368,
      0.01814856380224228,
      0.48275861144065857,
      0.5071915984153748,
      0.5100845098495483
    ],
    [
      -0.06601741164922714,
      0.06601741164922714,
      0.010374963283538818,
      0.4482758641242981,
      0.5033684968948364,
      0.5042986869812012
    ],
    [
      -0.06866145879030228,
      0.06866145879030228,
      0.007730916142463684,
      0.4137931168079376,
      0.5003368258476257,
      0.5024383068084717
    ],
    [
      -0.014337330125272274,
      0.014337330125272274,
      0.06205504387617111,
      0.6551724076271057,
      0.49327877163887024,
      0.4982353448867798
    ],
    [
      -0.09251914918422699,
      0.09251914918422699,
      -0.01612677425146103,
      0.3103448152542114,
      0.8602203130722046,
      0.6426986455917358
    ],
    [
      -0.0025075399316847324,
      0.0025075399316847324,
      0.07388483732938766,
      0.7241379022598267,
      0.49431362748146057,
      0.4988713562488556
    ],
    [
      -0.07336881011724472,
      0.07336881011724472,
      0.0030235648155212402,
      0.37931033968925476,
      0.4995870888233185,
      0.500302791595459
    ],
    [
      0.07298494875431061,
      0.07298494875431061,
      0.14937731623649597,
      0.8275862336158752,
      0.4941942095756531,
      0.500302791595459
    ],
    [
      -0.35059854388237,
      0.35059854388237,
      -0.27420616149902344,
      0.13793103396892548,
      0.4905179440975189,
      0.4929502606391907
    ],
    [
      0.025189109146595,
      0.025189109146595,
      0.10158148407936096,
      0.7931034564971924,
      0.24647513031959534,
      0.4929502606391907
    ],
    [
      0.2503948509693146,
      0.2503948509693146,
      0.32678723335266113,
      0.931034505367279,
      0.9609129428863525,
      0.8090236186981201
    ],
    [
      -0.507814884185791,
      0.507814884185791,
      -0.43142250180244446,
      0.0,
      0.4543437063694,
      0.8090236186981201
    ],
    [
      0.02481433004140854,
      0.02481433004140854,
      0.1012067049741745,
      0.7586206793785095,
      0.724200427532196,
      0.4919067323207855
    ],
    [
      -0.05284472182393074,
      0.05284472182393074,
      0.02354765310883522,
      0.517241358757019,
      0.48800715804100037,
      0.48962390422821045
    ],
    [
      -0.09151604771614075,
      0.09151604771614075,
      -0.015123672783374786,
      0.3448275923728943,
      0.4919458031654358,
      0.49426767230033875
    ],
    [
      0.36583632230758667,
      0.36583632230758667,
      0.4422287046909332,
      1.0,
      0.967344343662262,
      0.8567678928375244
    ],
    [
      -0.47922593355178833,
      0.47922593355178833,
      -0.4028335511684418,
      0.06896551698446274,
      0.47193270921707153,
      0.8567678928375244
    ],
    [
      -0.41554269194602966,
      0.41554269194602966,
      -0.3391503095626831,
      0.1034482792019844,
      0.3353753089904785,
      0.5836530923843384
    ],
    [
      -0.181798055768013,
      0.181798055768013,
      -0.10540568083524704,
      0.17241379618644714,
      0.6050318479537964,
      0.6227118968963623
    ],
    [
      0.2773059010505676,
      0.2773059010505676,
      0.3536982834339142,
      0.9655172228813171,
      0.9700428247451782,
      0.8175353407859802
    ],
    [
      -0.48821917176246643,
      0.48821917176246643,
      -0.4118267893791199,
      0.03448275849223137,
      0.456490159034729,
      0.8175353407859802
    ],
    [
      -0.010013160295784473,
      0.010013160295784473,
      0.06637921184301376,
      0.6896551847457886,
      0.9445082545280457,
      0.6967715620994568
    ],
    [
      -0.022315610200166702,
      0.022315610200166702,
      0.05407676473259926,
      0.6206896305084229,
      0.7079215049743652,
      0.7234364748001099
    ],
    [
      -0.03990231081843376,
      0.03990231081843376,
      0.0364900641143322,
      0.5862069129943848,
      0.7365933656692505,
      0.7234364748001099
    ],
    [
      0.09753166884183884,
      0.09753166884183884,
      0.1739240437746048,
      0.8965517282485962,
      0.934941828250885,
      0.6973668932914734
    ],
    [
      -0.1629454344511032,
      0.1629454344511032,
      -0.08655305951833725,
      0.24137930572032928,
      0.24605132639408112,
      0.49210265278816223
    ],
    [
      0.09462569653987885,
      0.09462569653987885,
      0.1710180640220642,
      0.8620689511299133,
      0.9367062449455261,
      0.7036653757095337
    ],
    [
      -0.1692991852760315,
      0.1692991852760315,
      -0.09290681034326553,
      0.2068965584039688,
      0.24466651678085327,
      0.48933303356170654
    ],
    [
      -0.042460840195417404,
      0.042460840195417404,
      0.033931534737348557,
      0.5517241358757019,
      0.7264100909233093,
      0.7036653757095337
    ]
  ],
  "feature_names": [
    "charge",
    "abs_charge",
    "charge_centered",
    "charge_rank_norm",
    "wbo_sum",
    "wbo_max"
  ],
  "status": "ok",
  "error": null
}