{
  "canonical_smiles": "CNCC[C@H](Oc1cccc2ccccc12)c1cccs1",
  "xtb_valid": true,
  "atom_valid_mask": [
    [
      1.0
    ],
    [
      1.0
    ],
    [
      1.0
    ],
    [
      1.0
    ],
    [
      1.0
    ],
    [
      1.0
    ],
    [
      1.0
    ],
    [
      1.0
    ],
    [
      1.0
    ],
    [
      1.0
    ],
    [
      1.0
    ],
    [
      1.0
    ],
    [
      1.0
    ],
    [
      1.0
    ],
    [
      1.0
    ],
    [
      1.0
    ],
    [
      1.0
    ],
    [
      1.0
    ],
    [
      1.0
    ],
    [
      1.0
    ],
    [
      1.0
    ]
  ],
  "atom_features": [
    [
      -0.03451618179678917,
      0.03451618179678917,
      0.008076060563325882,
      0.5,
      0.25568878650665283,
      0.5113775730133057
    ],
    [
      -0.28468090295791626,
      0.28468090295791626,
      -0.2420886605978012,
      0.05000000074505806,
      0.5087220668792725,
      0.5113775730133057
    ],
    [
      0.016082489863038063,
      0.016082489863038063,
      0.058674730360507965,
      0.8999999761581421,
      0.5038384795188904,
      0.506066620349884
    ],
    [
      -0.07096610963344574,
      0.07096610963344574,
      -0.02837386727333069,
      0.10000000149011612,
      0.49497875571250916,
      0.5016103982925415
    ],
    [
      0.12064018845558167,
      0.12064018845558167,
      0.16323243081569672,
      0.949999988079071,
      0.7254670858383179,
      0.5003208518028259
    ],
    [
      -0.3370511829853058,
      0.3370511829853058,
      -0.29445892572402954,
      0.0,
      0.4832718074321747,
      0.5042774081230164
    ],
    [
      0.13015606999397278,
      0.13015606999397278,
      0.17274831235408783,
      1.0,
      0.9603669047355652,
      0.730938196182251
    ],
    [
      -0.05864473059773445,
      0.05864473059773445,
      -0.0160524882376194,
      0.20000000298023224,
      0.7066079378128052,
      0.730938196182251
    ],
    [
      -0.03950728848576546,
      0.03950728848576546,
      0.003084953874349594,
      0.4000000059604645,
      0.7200793027877808,
      0.7578809857368469
    ],
    [
      -0.04969286918640137,
      0.04969286918640137,
      -0.007100626826286316,
      0.30000001192092896,
      0.732222318649292,
      0.7578809857368469
    ],
    [
      0.01461184024810791,
      0.01461184024810791,
      0.05720408260822296,
      0.8500000238418579,
      0.9556641578674316,
      0.6483823657035828
    ],
    [
      -0.0406343899667263,
      0.0406343899667263,
      0.001957852393388748,
      0.3499999940395355,
      0.7367295026779175,
      0.7592683434486389
    ],
    [
      -0.034259989857673645,
      0.034259989857673645,
      0.008332252502441406,
      0.550000011920929,
      0.7199447751045227,
      0.7592683434486389
    ],
    [
      -0.03542518988251686,
      0.03542518988251686,
      0.00716705247759819,
      0.44999998807907104,
      0.7198726534843445,
      0.7591241598129272
    ],
    [
      -0.03302181884646416,
      0.03302181884646416,
      0.009570423513650894,
      0.6000000238418579,
      0.7370218634605408,
      0.7591241598129272
    ],
    [
      -0.0035269400104880333,
      0.0035269400104880333,
      0.03906530141830444,
      0.699999988079071,
      0.9455059170722961,
      0.6491113305091858
    ],
    [
      -0.003172999946400523,
      0.003172999946400523,
      0.03941924124956131,
      0.75,
      0.9700371026992798,
      0.7873759269714355
    ],
    [
      -0.06109299883246422,
      0.06109299883246422,
      -0.018500756472349167,
      0.15000000596046448,
      0.7156949043273926,
      0.7873759269714355
    ],
    [
      -0.054641079157590866,
      0.054641079157590866,
      -0.012048836797475815,
      0.25,
      0.7236188650131226,
      0.8032239079475403
    ],
    [
      -0.03291646018624306,
      0.03291646018624306,
      0.009675782173871994,
      0.6499999761581421,
      0.7343514561653137,
      0.8032239079475403
    ],
    [
      -0.0021764999255537987,
      0.0021764999255537987,
      0.04041574150323868,
      0.800000011920929,
      0.599632978439331,
      0.606183648109436
    ]
  ],
  "feature_names": [
    "charge",
    "abs_charge",
    "charge_centered",
    "charge_rank_norm",
    "wbo_sum",
    "wbo_max"
  ],
  "status": "ok",
  "error": null
}