{
  "canonical_smiles": "C[C@@H](C#Cc1ccc(Cc2ccccc2)s1)N(O)C(N)=O",
  "xtb_valid": true,
  "atom_valid_mask": [
    [
      1.0
    ],
    [
      1.0
    ],
    [
      1.0
    ],
    [
      1.0
    ],
    [
      1.0
    ],
    [
      1.0
    ],
    [
      1.0
    ],
    [
      1.0
    ],
    [
      1.0
    ],
    [
      1.0
    ],
    [
      1.0
    ],
    [
      1.0
    ],
    [
      1.0
    ],
    [
      1.0
    ],
    [
      1.0
    ],
    [
      1.0
    ],
    [
      1.0
    ],
    [
      1.0
    ],
    [
      1.0
    ],
    [
      1.0
    ],
    [
      1.0
    ]
  ],
  "atom_features": [
    [
      -0.12021119147539139,
      0.12021119147539139,
      -0.04922686517238617,
      0.15000000596046448,
      0.24589326977729797,
      0.49178653955459595
    ],
    [
      0.06438665091991425,
      0.06438665091991425,
      0.13537096977233887,
      0.949999988079071,
      0.737729012966156,
      0.5124012231826782
    ],
    [
      -0.04787363111972809,
      0.04787363111972809,
      0.02311069518327713,
      0.3499999940395355,
      0.9369354248046875,
      1.3614696264266968
    ],
    [
      -0.0436943918466568,
      0.0436943918466568,
      0.02728993445634842,
      0.4000000059604645,
      0.9632695317268372,
      1.3614696264266968
    ],
    [
      0.0382564514875412,
      0.0382564514875412,
      0.10924077779054642,
      0.8999999761581421,
      0.971284031867981,
      0.7553315162658691
    ],
    [
      -0.05361736938357353,
      0.05361736938357353,
      0.017366956919431686,
      0.30000001192092896,
      0.7029033899307251,
      0.7553315162658691
    ],
    [
      -0.06167757883667946,
      0.06167757883667946,
      0.00930674746632576,
      0.25,
      0.7161547541618347,
      0.7818342447280884
    ],
    [
      0.02371695078909397,
      0.02371695078909397,
      0.09470127522945404,
      0.8500000238418579,
      0.9641184210777283,
      0.7818342447280884
    ],
    [
      -0.06794066727161407,
      0.06794066727161407,
      0.003043659031391144,
      0.20000000298023224,
      0.499843567609787,
      0.5045754313468933
    ],
    [
      0.013246510177850723,
      0.013246510177850723,
      0.08423084020614624,
      0.800000011920929,
      0.9810953140258789,
      0.7064465284347534
    ],
    [
      -0.04158959165215492,
      0.04158959165215492,
      0.029394734650850296,
      0.44999998807907104,
      0.74159836769104,
      0.7212426066398621
    ],
    [
      -0.035890739411115646,
      0.035890739411115646,
      0.03509358689188957,
      0.6000000238418579,
      0.7483766674995422,
      0.7212426066398621
    ],
    [
      -0.0374755784869194,
      0.0374755784869194,
      0.033508747816085815,
      0.550000011920929,
      0.7465759515762329,
      0.719582200050354
    ],
    [
      -0.03567400947213173,
      0.03567400947213173,
      0.03531031683087349,
      0.6499999761581421,
      0.748359739780426,
      0.7222979664802551
    ],
    [
      -0.04068360850214958,
      0.04068360850214958,
      0.030300717800855637,
      0.5,
      0.7421014904975891,
      0.7222979664802551
    ],
    [
      -0.021242689341306686,
      0.021242689341306686,
      0.04974163696169853,
      0.75,
      0.581278920173645,
      0.5911089777946472
    ],
    [
      -0.030811380594968796,
      0.030811380594968796,
      0.04017294570803642,
      0.699999988079071,
      0.8081107139587402,
      0.5861785411834717
    ],
    [
      -0.42966750264167786,
      0.42966750264167786,
      -0.35868316888809204,
      0.05000000074505806,
      0.24478460848331451,
      0.48956921696662903
    ],
    [
      0.329975426197052,
      0.329975426197052,
      0.4009597599506378,
      1.0,
      0.9767467975616455,
      0.7623649835586548
    ],
    [
      -0.3263724148273468,
      0.3263724148273468,
      -0.255388081073761,
      0.10000000149011612,
      0.3353848457336426,
      0.6049500703811646
    ],
    [
      -0.5658305883407593,
      0.5658305883407593,
      -0.49484625458717346,
      0.0,
      0.44869405031204224,
      0.7623649835586548
    ]
  ],
  "feature_names": [
    "charge",
    "abs_charge",
    "charge_centered",
    "charge_rank_norm",
    "wbo_sum",
    "wbo_max"
  ],
  "status": "ok",
  "error": null
}