{
  "canonical_smiles": "CC(C)(C)CC(C)(C)c1ccc(OCCOCC[N+](C)(C)Cc2ccccc2)cc1.[Cl-]",
  "xtb_valid": true,
  "atom_valid_mask": [
    [
      1.0
    ],
    [
      1.0
    ],
    [
      1.0
    ],
    [
      1.0
    ],
    [
      1.0
    ],
    [
      1.0
    ],
    [
      1.0
    ],
    [
      1.0
    ],
    [
      1.0
    ],
    [
      1.0
    ],
    [
      1.0
    ],
    [
      1.0
    ],
    [
      1.0
    ],
    [
      1.0
    ],
    [
      1.0
    ],
    [
      1.0
    ],
    [
      1.0
    ],
    [
      1.0
    ],
    [
      1.0
    ],
    [
      1.0
    ],
    [
      1.0
    ],
    [
      1.0
    ],
    [
      1.0
    ],
    [
      1.0
    ],
    [
      1.0
    ],
    [
      1.0
    ],
    [
      1.0
    ],
    [
      1.0
    ],
    [
      1.0
    ],
    [
      1.0
    ],
    [
      1.0
    ]
  ],
  "atom_features": [
    [
      -0.10991618782281876,
      0.10991618782281876,
      -0.05592728033661842,
      0.10000000149011612,
      0.24826163053512573,
      0.49652326107025146
    ],
    [
      0.028370609506964684,
      0.028370609506964684,
      0.08235951513051987,
      0.800000011920929,
      0.9937453269958496,
      0.5004603862762451
    ],
    [
      -0.1025841012597084,
      0.1025841012597084,
      -0.04859519377350807,
      0.13333334028720856,
      0.25023019313812256,
      0.5004603862762451
    ],
    [
      -0.09846121817827225,
      0.09846121817827225,
      -0.044472310692071915,
      0.23333333432674408,
      0.2500045597553253,
      0.5000091195106506
    ],
    [
      -0.06540893763303757,
      0.06540893763303757,
      -0.011420030146837234,
      0.5333333611488342,
      0.4879250228404999,
      0.49049797654151917
    ],
    [
      0.016368849202990532,
      0.016368849202990532,
      0.07035775482654572,
      0.7666666507720947,
      0.983636200428009,
      0.49960389733314514
    ],
    [
      -0.09804078191518784,
      0.09804078191518784,
      -0.0440518744289875,
      0.2666666805744171,
      0.2453066110610962,
      0.4906132221221924
    ],
    [
      -0.0943416878581047,
      0.0943416878581047,
      -0.04035278037190437,
      0.30000001192092896,
      0.24980194866657257,
      0.49960389733314514
    ],
    [
      -0.05222954973578453,
      0.05222954973578453,
      0.001759357750415802,
      0.699999988079071,
      0.9129362106323242,
      0.6973513960838318
    ],
    [
      -0.07825873047113419,
      0.07825873047113419,
      -0.024269822984933853,
      0.4333333373069763,
      0.6774992942810059,
      0.6973513960838318
    ],
    [
      -0.1318696290254593,
      0.1318696290254593,
      -0.07788072526454926,
      0.06666667014360428,
      0.65443354845047,
      0.6576471328735352
    ],
    [
      0.10210803896188736,
      0.10210803896188736,
      0.156096950173378,
      0.9666666388511658,
      0.8971720933914185,
      0.6512200236320496
    ],
    [
      0.09569022059440613,
      0.09569022059440613,
      0.14967912435531616,
      0.9333333373069763,
      0.6386154294013977,
      0.4475271701812744
    ],
    [
      0.04312900826334953,
      0.04312900826334953,
      0.09711791574954987,
      0.8333333134651184,
      0.45982295274734497,
      0.49569836258888245
    ],
    [
      0.07268041372299194,
      0.07268041372299194,
      0.12666931748390198,
      0.8999999761581421,
      0.4949387311935425,
      0.49569836258888245
    ],
    [
      -0.323173850774765,
      0.323173850774765,
      -0.269184947013855,
      0.0,
      0.48885464668273926,
      0.4941790997982025
    ],
    [
      0.06523686647415161,
      0.06523686647415161,
      0.11922577023506165,
      0.8666666746139526,
      0.49211564660072327,
      0.5007011294364929
    ],
    [
      -0.054133299738168716,
      0.054133299738168716,
      -0.0001443922519683838,
      0.6000000238418579,
      0.4847113788127899,
      0.5007011294364929
    ],
    [
      0.1132386177778244,
      0.1132386177778244,
      0.16722752153873444,
      1.0,
      0.9252804517745972,
      0.478537917137146
    ],
    [
      -0.10053983330726624,
      0.10053983330726624,
      -0.0465509258210659,
      0.20000000298023224,
      0.23898600041866302,
      0.47797200083732605
    ],
    [
      -0.10122670233249664,
      0.10122670233249664,
      -0.04723779484629631,
      0.1666666716337204,
      0.239268958568573,
      0.478537917137146
    ],
    [
      -0.05026344954967499,
      0.05026344954967499,
      0.003725457936525345,
      0.7333333492279053,
      0.47366130352020264,
      0.521993100643158
    ],
    [
      -0.05351468175649643,
      0.05351468175649643,
      0.0004742257297039032,
      0.6666666865348816,
      0.8982575535774231,
      0.638367772102356
    ],
    [
      -0.06708125025033951,
      0.06708125025033951,
      -0.013092342764139175,
      0.5,
      0.6961771845817566,
      0.7539865374565125
    ],
    [
      -0.054399218410253525,
      0.054399218410253525,
      -0.00041031092405319214,
      0.5666666626930237,
      0.7109196186065674,
      0.7539865374565125
    ],
    [
      -0.08366885781288147,
      0.08366885781288147,
      -0.029679950326681137,
      0.36666667461395264,
      0.6688657402992249,
      0.6698788404464722
    ],
    [
      -0.0538351908326149,
      0.0538351908326149,
      0.00015371665358543396,
      0.6333333253860474,
      0.7118822336196899,
      0.7538856863975525
    ],
    [
      -0.06831540912389755,
      0.06831540912389755,
      -0.01432650163769722,
      0.46666666865348816,
      0.6950199604034424,
      0.7538856863975525
    ],
    [
      -0.09167754650115967,
      0.09167754650115967,
      -0.037688639014959335,
      0.3333333432674408,
      0.6662819385528564,
      0.7209121584892273
    ],
    [
      -0.07902500778436661,
      0.07902500778436661,
      -0.025036100298166275,
      0.4000000059604645,
      0.6788650155067444,
      0.7209121584892273
    ],
    [
      -0.19851359724998474,
      0.19851359724998474,
      -0.1445246934890747,
      0.03333333507180214,
      0.28662171959877014,
      0.4475271701812744
    ]
  ],
  "feature_names": [
    "charge",
    "abs_charge",
    "charge_centered",
    "charge_rank_norm",
    "wbo_sum",
    "wbo_max"
  ],
  "status": "ok",
  "error": null
}