{
  "canonical_smiles": "CC(=O)c1cc2ccccc2s1",
  "xtb_valid": true,
  "atom_valid_mask": [
    [
      1.0
    ],
    [
      1.0
    ],
    [
      1.0
    ],
    [
      1.0
    ],
    [
      1.0
    ],
    [
      1.0
    ],
    [
      1.0
    ],
    [
      1.0
    ],
    [
      1.0
    ],
    [
      1.0
    ],
    [
      1.0
    ],
    [
      1.0
    ]
  ],
  "atom_features": [
    [
      -0.15191838145256042,
      0.15191838145256042,
      -0.10704313218593597,
      0.09090909361839294,
      0.2538145184516907,
      0.5076290369033813
    ],
    [
      0.23654502630233765,
      0.23654502630233765,
      0.2814202904701233,
      1.0,
      0.957112729549408,
      0.8618395924568176
    ],
    [
      -0.46188750863075256,
      0.46188750863075256,
      -0.4170122444629669,
      0.0,
      0.4309197962284088,
      0.8618395924568176
    ],
    [
      -0.0012844499433413148,
      0.0012844499433413148,
      0.04359080269932747,
      0.7272727489471436,
      0.9391208291053772,
      0.7679227590560913
    ],
    [
      -0.036740630865097046,
      0.036740630865097046,
      0.008134622126817703,
      0.27272728085517883,
      0.7214280962944031,
      0.7679227590560913
    ],
    [
      0.0030326100531965494,
      0.0030326100531965494,
      0.047907862812280655,
      0.8181818127632141,
      0.954778254032135,
      0.6518658399581909
    ],
    [
      -0.03555722162127495,
      0.03555722162127495,
      0.009318031370639801,
      0.3636363744735718,
      0.7322632074356079,
      0.7502965331077576
    ],
    [
      -0.03493630886077881,
      0.03493630886077881,
      0.00993894413113594,
      0.4545454680919647,
      0.7216382026672363,
      0.7502965331077576
    ],
    [
      -0.029194379225373268,
      0.029194379225373268,
      0.01568087376654148,
      0.5454545617103577,
      0.7158633470535278,
      0.7387467622756958
    ],
    [
      -0.04393601045012474,
      0.04393601045012474,
      0.0009392425417900085,
      0.1818181872367859,
      0.7393748164176941,
      0.7387467622756958
    ],
    [
      0.03830701857805252,
      0.03830701857805252,
      0.08318227529525757,
      0.9090909361839294,
      0.9428773522377014,
      0.6776389479637146
    ],
    [
      -0.020932810381054878,
      0.020932810381054878,
      0.02394244261085987,
      0.6363636255264282,
      0.5954603552818298,
      0.5655620098114014
    ]
  ],
  "feature_names": [
    "charge",
    "abs_charge",
    "charge_centered",
    "charge_rank_norm",
    "wbo_sum",
    "wbo_max"
  ],
  "status": "ok",
  "error": null
}