{
  "canonical_smiles": "CN1CCC[C@H]1c1cccnc1",
  "xtb_valid": true,
  "atom_valid_mask": [
    [
      1.0
    ],
    [
      1.0
    ],
    [
      1.0
    ],
    [
      1.0
    ],
    [
      1.0
    ],
    [
      1.0
    ],
    [
      1.0
    ],
    [
      1.0
    ],
    [
      1.0
    ],
    [
      1.0
    ],
    [
      1.0
    ],
    [
      1.0
    ]
  ],
  "atom_features": [
    [
      -0.032392848283052444,
      0.032392848283052444,
      0.011019445955753326,
      0.4545454680919647,
      0.2544081211090088,
      0.5088162422180176
    ],
    [
      -0.19427630305290222,
      0.19427630305290222,
      -0.15086400508880615,
      0.09090909361839294,
      0.7488888502120972,
      0.5088162422180176
    ],
    [
      0.00988664012402296,
      0.00988664012402296,
      0.053298935294151306,
      0.7272727489471436,
      0.5013121962547302,
      0.5040196180343628
    ],
    [
      -0.06400144845247269,
      0.06400144845247269,
      -0.020589154213666916,
      0.1818181872367859,
      0.5026066899299622,
      0.5040196180343628
    ],
    [
      -0.060206469148397446,
      0.060206469148397446,
      -0.016794174909591675,
      0.27272728085517883,
      0.4936365783214569,
      0.5011937022209167
    ],
    [
      0.043404318392276764,
      0.043404318392276764,
      0.08681660890579224,
      0.8181818127632141,
      0.7379060983657837,
      0.4993760287761688
    ],
    [
      0.0013298699632287025,
      0.0013298699632287025,
      0.0447421632707119,
      0.6363636255264282,
      0.9801771640777588,
      0.7043673396110535
    ],
    [
      -0.02298719994723797,
      0.02298719994723797,
      0.020425094291567802,
      0.5454545617103577,
      0.7392192482948303,
      0.7201442122459412
    ],
    [
      -0.0443631187081337,
      0.0443631187081337,
      -0.0009508244693279266,
      0.3636363744735718,
      0.7468526363372803,
      0.7201442122459412
    ],
    [
      0.04954554885625839,
      0.04954554885625839,
      0.09295783936977386,
      0.9090909361839294,
      0.7428529262542725,
      0.7181185483932495
    ],
    [
      -0.2577018737792969,
      0.2577018737792969,
      -0.2142895758152008,
      0.0,
      0.7415913939476013,
      0.7156400084495544
    ],
    [
      0.05081535130739212,
      0.05081535130739212,
      0.09422764182090759,
      1.0,
      0.7368610501289368,
      0.7156400084495544
    ]
  ],
  "feature_names": [
    "charge",
    "abs_charge",
    "charge_centered",
    "charge_rank_norm",
    "wbo_sum",
    "wbo_max"
  ],
  "status": "ok",
  "error": null
}