{
  "canonical_smiles": "CSc1ccc2c(c1)N(CCC1CCCCN1C)c1ccccc1S2",
  "xtb_valid": true,
  "atom_valid_mask": [
    [
      1.0
    ],
    [
      1.0
    ],
    [
      1.0
    ],
    [
      1.0
    ],
    [
      1.0
    ],
    [
      1.0
    ],
    [
      1.0
    ],
    [
      1.0
    ],
    [
      1.0
    ],
    [
      1.0
    ],
    [
      1.0
    ],
    [
      1.0
    ],
    [
      1.0
    ],
    [
      1.0
    ],
    [
      1.0
    ],
    [
      1.0
    ],
    [
      1.0
    ],
    [
      1.0
    ],
    [
      1.0
    ],
    [
      1.0
    ],
    [
      1.0
    ],
    [
      1.0
    ],
    [
      1.0
    ],
    [
      1.0
    ],
    [
      1.0
    ]
  ],
  "atom_features": [
    [
      -0.05137290060520172,
      0.05137290060520172,
      -0.007234100252389908,
      0.375,
      0.2488817572593689,
      0.4977635145187378
    ],
    [
      -0.23826514184474945,
      0.23826514184474945,
      -0.19412633776664734,
      0.0,
      0.49836501479148865,
      0.4989665448665619
    ],
    [
      0.043763671070337296,
      0.043763671070337296,
      0.08790247142314911,
      0.9166666865348816,
      0.9510055780410767,
      0.7035708427429199
    ],
    [
      -0.0487101711332798,
      0.0487101711332798,
      -0.004571370780467987,
      0.4583333432674408,
      0.7085726261138916,
      0.7135744094848633
    ],
    [
      -0.047303538769483566,
      0.047303538769483566,
      -0.003164738416671753,
      0.5,
      0.7070139050483704,
      0.7135744094848633
    ],
    [
      0.030652059242129326,
      0.030652059242129326,
      0.07479085773229599,
      0.7916666865348816,
      0.9377672076225281,
      0.7004533410072327
    ],
    [
      0.06077561154961586,
      0.06077561154961586,
      0.10491441190242767,
      1.0,
      0.9453275799751282,
      0.6796731352806091
    ],
    [
      -0.06311043351888657,
      0.06311043351888657,
      -0.018971633166074753,
      0.2083333283662796,
      0.6895734667778015,
      0.6994737982749939
    ],
    [
      -0.08490022271871567,
      0.08490022271871567,
      -0.040761422365903854,
      0.125,
      0.7919368147850037,
      0.55029296875
    ],
    [
      -0.005492200143635273,
      0.005492200143635273,
      0.038646601140499115,
      0.7083333134651184,
      0.494620144367218,
      0.4990602135658264
    ],
    [
      -0.07157686352729797,
      0.07157686352729797,
      -0.02743806317448616,
      0.1666666716337204,
      0.496480256319046,
      0.4990602135658264
    ],
    [
      0.03887917846441269,
      0.03887917846441269,
      0.0830179750919342,
      0.875,
      0.740552544593811,
      0.4940863847732544
    ],
    [
      -0.06279865652322769,
      0.06279865652322769,
      -0.01865985617041588,
      0.25,
      0.498939573764801,
      0.5047608017921448
    ],
    [
      -0.048973988741636276,
      0.048973988741636276,
      -0.004835188388824463,
      0.4166666567325592,
      0.5046352744102478,
      0.5047608017921448
    ],
    [
      -0.061188869178295135,
      0.061188869178295135,
      -0.017050068825483322,
      0.2916666567325592,
      0.5015900731086731,
      0.5045097470283508
    ],
    [
      0.0031403100583702326,
      0.0031403100583702326,
      0.04727911204099655,
      0.75,
      0.49979591369628906,
      0.500921368598938
    ],
    [
      -0.19411204755306244,
      0.19411204755306244,
      -0.14997324347496033,
      0.0416666679084301,
      0.7508202195167542,
      0.5066326856613159
    ],
    [
      -0.03598747029900551,
      0.03598747029900551,
      0.008151330053806305,
      0.6666666865348816,
      0.25331634283065796,
      0.5066326856613159
    ],
    [
      0.05995834991335869,
      0.05995834991335869,
      0.1040971502661705,
      0.9583333134651184,
      0.9450183510780334,
      0.6805354356765747
    ],
    [
      -0.0585012286901474,
      0.0585012286901474,
      -0.014362428337335587,
      0.3333333432674408,
      0.6988933682441711,
      0.7172513604164124
    ],
    [
      -0.04018634930253029,
      0.04018634930253029,
      0.003952451050281525,
      0.625,
      0.7174476981163025,
      0.7176440358161926
    ],
    [
      -0.04330055043101311,
      0.04330055043101311,
      0.0008382499217987061,
      0.5833333134651184,
      0.7162978053092957,
      0.7176440358161926
    ],
    [
      -0.045025020837783813,
      0.045025020837783813,
      -0.0008862204849720001,
      0.5416666865348816,
      0.7080328464508057,
      0.7149515748023987
    ],
    [
      0.03095955029129982,
      0.03095955029129982,
      0.07509835064411163,
      0.8333333134651184,
      0.9378551244735718,
      0.7011141180992126
    ],
    [
      -0.17079302668571472,
      0.17079302668571472,
      -0.1266542226076126,
      0.0833333358168602,
      0.5114439129829407,
      0.5143921375274658
    ]
  ],
  "feature_names": [
    "charge",
    "abs_charge",
    "charge_centered",
    "charge_rank_norm",
    "wbo_sum",
    "wbo_max"
  ],
  "status": "ok",
  "error": null
}