{
  "canonical_smiles": "CC(=O)[C@@]1(O)CC[C@H]2[C@@H]3CCC4=CC(=O)CCC4=C3[C@@H](c3ccc(N(C)C)cc3)C[C@@]21C",
  "xtb_valid": true,
  "atom_valid_mask": [
    [
      1.0
    ],
    [
      1.0
    ],
    [
      1.0
    ],
    [
      1.0
    ],
    [
      1.0
    ],
    [
      1.0
    ],
    [
      1.0
    ],
    [
      1.0
    ],
    [
      1.0
    ],
    [
      1.0
    ],
    [
      1.0
    ],
    [
      1.0
    ],
    [
      1.0
    ],
    [
      1.0
    ],
    [
      1.0
    ],
    [
      1.0
    ],
    [
      1.0
    ],
    [
      1.0
    ],
    [
      1.0
    ],
    [
      1.0
    ],
    [
      1.0
    ],
    [
      1.0
    ],
    [
      1.0
    ],
    [
      1.0
    ],
    [
      1.0
    ],
    [
      1.0
    ],
    [
      1.0
    ],
    [
      1.0
    ],
    [
      1.0
    ],
    [
      1.0
    ],
    [
      1.0
    ],
    [
      1.0
    ]
  ],
  "atom_features": [
    [
      -0.15063385665416718,
      0.15063385665416718,
      -0.08691024035215378,
      0.09677419066429138,
      0.25604701042175293,
      0.5120940208435059
    ],
    [
      0.22836296260356903,
      0.22836296260356903,
      0.29208657145500183,
      0.9677419066429138,
      0.9467796683311462,
      0.9075717926025391
    ],
    [
      -0.428506076335907,
      0.428506076335907,
      -0.364782452583313,
      0.06451612710952759,
      0.45378589630126953,
      0.9075717926025391
    ],
    [
      0.11766365170478821,
      0.11766365170478821,
      0.1813872754573822,
      0.9354838728904724,
      0.9546811580657959,
      0.49073949456214905
    ],
    [
      -0.48933905363082886,
      0.48933905363082886,
      -0.42561542987823486,
      0.0,
      0.24536974728107452,
      0.49073949456214905
    ],
    [
      -0.06398911029100418,
      0.06398911029100418,
      -0.0002654939889907837,
      0.35483869910240173,
      0.4921180009841919,
      0.4989534616470337
    ],
    [
      -0.06323139369487762,
      0.06323139369487762,
      0.0004922226071357727,
      0.3870967626571655,
      0.49858760833740234,
      0.4989534616470337
    ],
    [
      -0.01975424960255623,
      0.01975424960255623,
      0.04396936669945717,
      0.7096773982048035,
      0.7327804565429688,
      0.498221755027771
    ],
    [
      -0.024267200380563736,
      0.024267200380563736,
      0.03945641592144966,
      0.6774193644523621,
      0.7400779128074646,
      0.49788734316825867
    ],
    [
      -0.061165548861026764,
      0.061165548861026764,
      0.0025580674409866333,
      0.4516128897666931,
      0.4998595118522644,
      0.5026780962944031
    ],
    [
      -0.06965404748916626,
      0.06965404748916626,
      -0.0059304311871528625,
      0.25806450843811035,
      0.5050890445709229,
      0.5074999332427979
    ],
    [
      0.03569813817739487,
      0.03569813817739487,
      0.09942175447940826,
      0.8709677457809448,
      0.9525095820426941,
      0.8416045904159546
    ],
    [
      -0.0847763791680336,
      0.0847763791680336,
      -0.021052762866020203,
      0.22580644488334656,
      0.7202107310295105,
      0.8416045904159546
    ],
    [
      0.23511025309562683,
      0.23511025309562683,
      0.2988338768482208,
      1.0,
      0.9523154497146606,
      0.8576605916023254
    ],
    [
      -0.4858546555042267,
      0.4858546555042267,
      -0.4221310317516327,
      0.032258063554763794,
      0.4288302958011627,
      0.8576605916023254
    ],
    [
      -0.08635815978050232,
      0.08635815978050232,
      -0.022634543478488922,
      0.19354838132858276,
      0.4993658661842346,
      0.4997059106826782
    ],
    [
      -0.06453540176153183,
      0.06453540176153183,
      -0.0008117854595184326,
      0.32258063554763794,
      0.5003167390823364,
      0.5009275674819946
    ],
    [
      -0.006339780054986477,
      0.006339780054986477,
      0.057383835315704346,
      0.7419354915618896,
      0.9600280523300171,
      0.8632139563560486
    ],
    [
      0.010061640292406082,
      0.010061640292406082,
      0.07378526031970978,
      0.8064516186714172,
      0.9558319449424744,
      0.8632139563560486
    ],
    [
      -0.026940830051898956,
      0.026940830051898956,
      0.03678278625011444,
      0.6451612710952759,
      0.7370452284812927,
      0.49969029426574707
    ],
    [
      -0.0016236499650403857,
      0.0016236499650403857,
      0.062099967151880264,
      0.774193525314331,
      0.9461767077445984,
      0.700576663017273
    ],
    [
      -0.04616678133606911,
      0.04616678133606911,
      0.01755683496594429,
      0.5806451439857483,
      0.7394406795501709,
      0.7274952530860901
    ],
    [
      -0.062467098236083984,
      0.062467098236083984,
      0.0012565180659294128,
      0.4193548262119293,
      0.7281519174575806,
      0.7274952530860901
    ],
    [
      0.05991993099451065,
      0.05991993099451065,
      0.12364354729652405,
      0.9032257795333862,
      0.9559522867202759,
      0.6751710176467896
    ],
    [
      -0.12785734236240387,
      0.12785734236240387,
      -0.06413372606039047,
      0.12903225421905518,
      0.7820587754249573,
      0.5615853667259216
    ],
    [
      -0.046853359788656235,
      0.046853359788656235,
      0.016870256513357162,
      0.5483871102333069,
      0.24942409992218018,
      0.49884819984436035
    ],
    [
      -0.047333959490060806,
      0.047333959490060806,
      0.01638965681195259,
      0.5161290168762207,
      0.2518419623374939,
      0.5036839246749878
    ],
    [
      -0.06556913256645203,
      0.06556913256645203,
      -0.0018455162644386292,
      0.29032257199287415,
      0.7263301014900208,
      0.7266029119491577
    ],
    [
      -0.045960791409015656,
      0.045960791409015656,
      0.01776282489299774,
      0.6129032373428345,
      0.7404199838638306,
      0.7266029119491577
    ],
    [
      -0.060968950390815735,
      0.060968950390815735,
      0.0027546659111976624,
      0.4838709533214569,
      0.48935455083847046,
      0.4955858588218689
    ],
    [
      0.01033743005245924,
      0.01033743005245924,
      0.07406104356050491,
      0.8387096524238586,
      0.9680089950561523,
      0.49887368083000183
    ],
    [
      -0.10616295039653778,
      0.10616295039653778,
      -0.042439334094524384,
      0.16129031777381897,
      0.24943684041500092,
      0.49887368083000183
    ]
  ],
  "feature_names": [
    "charge",
    "abs_charge",
    "charge_centered",
    "charge_rank_norm",
    "wbo_sum",
    "wbo_max"
  ],
  "status": "ok",
  "error": null
}