{
  "canonical_smiles": "CN(C)CCC[C@@]1(c2ccc(F)cc2)OCc2cc(C#N)ccc21",
  "xtb_valid": true,
  "atom_valid_mask": [
    [
      1.0
    ],
    [
      1.0
    ],
    [
      1.0
    ],
    [
      1.0
    ],
    [
      1.0
    ],
    [
      1.0
    ],
    [
      1.0
    ],
    [
      1.0
    ],
    [
      1.0
    ],
    [
      1.0
    ],
    [
      1.0
    ],
    [
      1.0
    ],
    [
      1.0
    ],
    [
      1.0
    ],
    [
      1.0
    ],
    [
      1.0
    ],
    [
      1.0
    ],
    [
      1.0
    ],
    [
      1.0
    ],
    [
      1.0
    ],
    [
      1.0
    ],
    [
      1.0
    ],
    [
      1.0
    ],
    [
      1.0
    ]
  ],
  "atom_features": [
    [
      -0.0393701009452343,
      0.0393701009452343,
      0.0033761411905288696,
      0.3478260934352875,
      0.25306448340415955,
      0.5061289668083191
    ],
    [
      -0.18873292207717896,
      0.18873292207717896,
      -0.1459866762161255,
      0.1304347813129425,
      0.7561993598937988,
      0.5069486498832703
    ],
    [
      -0.0359719917178154,
      0.0359719917178154,
      0.006774250417947769,
      0.43478259444236755,
      0.25347432494163513,
      0.5069486498832703
    ],
    [
      0.00567949004471302,
      0.00567949004471302,
      0.04842573404312134,
      0.695652186870575,
      0.500318169593811,
      0.5013152360916138
    ],
    [
      -0.05788439139723778,
      0.05788439139723778,
      -0.01513814926147461,
      0.21739129722118378,
      0.5020123720169067,
      0.5027095079421997
    ],
    [
      -0.06703373044729233,
      0.06703373044729233,
      -0.02428748831152916,
      0.17391304671764374,
      0.49135535955429077,
      0.5027095079421997
    ],
    [
      0.134931281208992,
      0.134931281208992,
      0.17767752707004547,
      0.95652174949646,
      0.960877537727356,
      0.4906037449836731
    ],
    [
      -0.001465399982407689,
      0.001465399982407689,
      0.0412808433175087,
      0.6521739363670349,
      0.9450181126594543,
      0.7069230079650879
    ],
    [
      -0.03863773122429848,
      0.03863773122429848,
      0.004108510911464691,
      0.3913043439388275,
      0.7412044405937195,
      0.7224419713020325
    ],
    [
      -0.05559680983424187,
      0.05559680983424187,
      -0.012850567698478699,
      0.30434781312942505,
      0.7377335429191589,
      0.7224419713020325
    ],
    [
      0.17037856578826904,
      0.17037856578826904,
      0.2131248116493225,
      1.0,
      0.9324854612350464,
      0.7000036239624023
    ],
    [
      -0.2606674134731293,
      0.2606674134731293,
      -0.2179211676120758,
      0.08695652335882187,
      0.23353375494480133,
      0.46706750988960266
    ],
    [
      -0.056265879422426224,
      0.056265879422426224,
      -0.013519637286663055,
      0.260869562625885,
      0.7375884652137756,
      0.7195473313331604
    ],
    [
      -0.031168950721621513,
      0.031168950721621513,
      0.011577291414141655,
      0.5652173757553101,
      0.7407978177070618,
      0.7195473313331604
    ],
    [
      -0.35714635252952576,
      0.35714635252952576,
      -0.3144001066684723,
      0.0,
      0.47936204075813293,
      0.4863462746143341
    ],
    [
      0.06797511875629425,
      0.06797511875629425,
      0.11072136461734772,
      0.8695651888847351,
      0.49694573879241943,
      0.5075452327728271
    ],
    [
      0.007395939901471138,
      0.007395939901471138,
      0.050142183899879456,
      0.739130437374115,
      0.9785338640213013,
      0.7155505418777466
    ],
    [
      -0.031903818249702454,
      0.031903818249702454,
      0.010842423886060715,
      0.52173912525177,
      0.7229071259498596,
      0.7155505418777466
    ],
    [
      0.02005109004676342,
      0.02005109004676342,
      0.06279733031988144,
      0.8260869383811951,
      0.9521263241767883,
      0.6793909668922424
    ],
    [
      0.12102554738521576,
      0.12102554738521576,
      0.16377179324626923,
      0.9130434989929199,
      0.9703004956245422,
      1.3951022624969482
    ],
    [
      -0.2832113206386566,
      0.2832113206386566,
      -0.24046507477760315,
      0.043478261679410934,
      0.6975511312484741,
      1.3951022624969482
    ],
    [
      -0.025617849081754684,
      0.025617849081754684,
      0.017128393054008484,
      0.6086956262588501,
      0.7266240119934082,
      0.7237679958343506
    ],
    [
      -0.032045021653175354,
      0.032045021653175354,
      0.010701220482587814,
      0.47826087474823,
      0.7404246926307678,
      0.7237679958343506
    ],
    [
      0.009372849948704243,
      0.009372849948704243,
      0.052119091153144836,
      0.782608687877655,
      0.9403334856033325,
      0.7061804533004761
    ]
  ],
  "feature_names": [
    "charge",
    "abs_charge",
    "charge_centered",
    "charge_rank_norm",
    "wbo_sum",
    "wbo_max"
  ],
  "status": "ok",
  "error": null
}