{
  "canonical_smiles": "C[C@@H](c1cc2ccccc2s1)N(O)C(N)=O",
  "xtb_valid": true,
  "atom_valid_mask": [
    [
      1.0
    ],
    [
      1.0
    ],
    [
      1.0
    ],
    [
      1.0
    ],
    [
      1.0
    ],
    [
      1.0
    ],
    [
      1.0
    ],
    [
      1.0
    ],
    [
      1.0
    ],
    [
      1.0
    ],
    [
      1.0
    ],
    [
      1.0
    ],
    [
      1.0
    ],
    [
      1.0
    ],
    [
      1.0
    ],
    [
      1.0
    ]
  ],
  "atom_features": [
    [
      -0.11423666775226593,
      0.11423666775226593,
      -0.03091757744550705,
      0.20000000298023224,
      0.24838067591190338,
      0.49676135182380676
    ],
    [
      0.05004635080695152,
      0.05004635080695152,
      0.1333654373884201,
      0.9333333373069763,
      0.7357322573661804,
      0.49940750002861023
    ],
    [
      0.018474509939551353,
      0.018474509939551353,
      0.10179360210895538,
      0.800000011920929,
      0.9428320527076721,
      0.8138052821159363
    ],
    [
      -0.0606703907251358,
      0.0606703907251358,
      0.022648699581623077,
      0.3333333432674408,
      0.7337388396263123,
      0.8138052821159363
    ],
    [
      -0.00023289999808184803,
      0.00023289999808184803,
      0.08308619260787964,
      0.7333333492279053,
      0.953488290309906,
      0.658549964427948
    ],
    [
      -0.04130592942237854,
      0.04130592942237854,
      0.04201316088438034,
      0.5333333611488342,
      0.7330819368362427,
      0.7457213997840881
    ],
    [
      -0.038624100387096405,
      0.038624100387096405,
      0.044694989919662476,
      0.6000000238418579,
      0.7212962508201599,
      0.7457213997840881
    ],
    [
      -0.035778529942035675,
      0.035778529942035675,
      0.047540560364723206,
      0.6666666865348816,
      0.7170680165290833,
      0.7372648119926453
    ],
    [
      -0.04634018987417221,
      0.04634018987417221,
      0.03697890043258667,
      0.46666666865348816,
      0.7390965223312378,
      0.7372648119926453
    ],
    [
      0.03296767175197601,
      0.03296767175197601,
      0.1162867620587349,
      0.8666666746139526,
      0.9430489540100098,
      0.6790356636047363
    ],
    [
      -0.06789755821228027,
      0.06789755821228027,
      0.015421532094478607,
      0.2666666805744171,
      0.592379629611969,
      0.5724513530731201
    ],
    [
      -0.05540711060166359,
      0.05540711060166359,
      0.02791197970509529,
      0.4000000059604645,
      0.7985771894454956,
      0.5666818618774414
    ],
    [
      -0.4112299680709839,
      0.4112299680709839,
      -0.3279108703136444,
      0.06666667014360428,
      0.24456173181533813,
      0.48912346363067627
    ],
    [
      0.3321506679058075,
      0.3321506679058075,
      0.415469765663147,
      1.0,
      0.9782611131668091,
      0.7792724967002869
    ],
    [
      -0.336845725774765,
      0.336845725774765,
      -0.25352662801742554,
      0.13333334028720856,
      0.3422021269798279,
      0.6105678081512451
    ],
    [
      -0.5581756234169006,
      0.5581756234169006,
      -0.47485652565956116,
      0.0,
      0.4595811367034912,
      0.7792724967002869
    ]
  ],
  "feature_names": [
    "charge",
    "abs_charge",
    "charge_centered",
    "charge_rank_norm",
    "wbo_sum",
    "wbo_max"
  ],
  "status": "ok",
  "error": null
}