{
  "canonical_smiles": "Cc1cc(=O)n(-c2ccccc2)n1C",
  "xtb_valid": true,
  "atom_valid_mask": [
    [
      1.0
    ],
    [
      1.0
    ],
    [
      1.0
    ],
    [
      1.0
    ],
    [
      1.0
    ],
    [
      1.0
    ],
    [
      1.0
    ],
    [
      1.0
    ],
    [
      1.0
    ],
    [
      1.0
    ],
    [
      1.0
    ],
    [
      1.0
    ],
    [
      1.0
    ],
    [
      1.0
    ]
  ],
  "atom_features": [
    [
      -0.13723306357860565,
      0.13723306357860565,
      -0.08220162987709045,
      0.07692307978868484,
      0.2582511901855469,
      0.5165023803710938
    ],
    [
      0.07217036932706833,
      0.07217036932706833,
      0.12720181047916412,
      0.9230769276618958,
      0.9574079513549805,
      0.8303835391998291
    ],
    [
      -0.12196995317935944,
      0.12196995317935944,
      -0.06693851947784424,
      0.1538461595773697,
      0.6898263096809387,
      0.8303835391998291
    ],
    [
      0.2562502324581146,
      0.2562502324581146,
      0.311281681060791,
      1.0,
      0.9540348052978516,
      0.7908248901367188
    ],
    [
      -0.5425920486450195,
      0.5425920486450195,
      -0.48756060004234314,
      0.0,
      0.43240728974342346,
      0.7908248901367188
    ],
    [
      -0.049947239458560944,
      0.049947239458560944,
      0.005084197968244553,
      0.38461539149284363,
      0.8297811150550842,
      0.5679757595062256
    ],
    [
      0.06651833653450012,
      0.06651833653450012,
      0.12154977023601532,
      0.8461538553237915,
      0.9474770426750183,
      0.6876111626625061
    ],
    [
      -0.0526898093521595,
      0.0526898093521595,
      0.002341628074645996,
      0.3076923191547394,
      0.7318204045295715,
      0.7229331135749817
    ],
    [
      -0.03567342087626457,
      0.03567342087626457,
      0.019358016550540924,
      0.692307710647583,
      0.7477660179138184,
      0.7229331135749817
    ],
    [
      -0.03982999175786972,
      0.03982999175786972,
      0.015201445668935776,
      0.6153846383094788,
      0.7178065776824951,
      0.7178952097892761
    ],
    [
      -0.03365578129887581,
      0.03365578129887581,
      0.021375656127929688,
      0.7692307829856873,
      0.7475113272666931,
      0.7226776480674744
    ],
    [
      -0.04508807882666588,
      0.04508807882666588,
      0.009943358600139618,
      0.4615384638309479,
      0.7325849533081055,
      0.7226776480674744
    ],
    [
      -0.04240170121192932,
      0.04240170121192932,
      0.012629736214876175,
      0.5384615659713745,
      0.7742559909820557,
      0.5679299235343933
    ],
    [
      -0.06429789960384369,
      0.06429789960384369,
      -0.009266462177038193,
      0.23076923191547394,
      0.24203523993492126,
      0.48407047986984253
    ]
  ],
  "feature_names": [
    "charge",
    "abs_charge",
    "charge_centered",
    "charge_rank_norm",
    "wbo_sum",
    "wbo_max"
  ],
  "status": "ok",
  "error": null
}