{
  "canonical_smiles": "CCCc1nc(C)c2c(=O)nc(-c3cc(S(=O)(=O)N4CCN(CC)CC4)ccc3OCC)[nH]n12",
  "xtb_valid": true,
  "atom_valid_mask": [
    [
      1.0
    ],
    [
      1.0
    ],
    [
      1.0
    ],
    [
      1.0
    ],
    [
      1.0
    ],
    [
      1.0
    ],
    [
      1.0
    ],
    [
      1.0
    ],
    [
      1.0
    ],
    [
      1.0
    ],
    [
      1.0
    ],
    [
      1.0
    ],
    [
      1.0
    ],
    [
      1.0
    ],
    [
      1.0
    ],
    [
      1.0
    ],
    [
      1.0
    ],
    [
      1.0
    ],
    [
      1.0
    ],
    [
      1.0
    ],
    [
      1.0
    ],
    [
      1.0
    ],
    [
      1.0
    ],
    [
      1.0
    ],
    [
      1.0
    ],
    [
      1.0
    ],
    [
      1.0
    ],
    [
      1.0
    ],
    [
      1.0
    ],
    [
      1.0
    ],
    [
      1.0
    ],
    [
      1.0
    ],
    [
      1.0
    ],
    [
      1.0
    ]
  ],
  "atom_features": [
    [
      -0.11272990703582764,
      0.11272990703582764,
      -0.05339503288269043,
      0.3333333432674408,
      0.2553613483905792,
      0.5107226967811584
    ],
    [
      -0.05917422100901604,
      0.05917422100901604,
      0.00016065314412117004,
      0.4545454680919647,
      0.5061236619949341,
      0.5107226967811584
    ],
    [
      -0.07338908314704895,
      0.07338908314704895,
      -0.014054208993911743,
      0.42424243688583374,
      0.5056411027908325,
      0.5097576975822449
    ],
    [
      0.10920166969299316,
      0.10920166969299316,
      0.16853654384613037,
      0.8787878751754761,
      0.9244900345802307,
      0.7342597246170044
    ],
    [
      -0.2969580590724945,
      0.2969580590724945,
      -0.2376231849193573,
      0.1515151560306549,
      0.6934291124343872,
      0.7342597246170044
    ],
    [
      0.06564304977655411,
      0.06564304977655411,
      0.12497792392969131,
      0.8181818127632141,
      0.9415591955184937,
      0.7100198864936829
    ],
    [
      -0.12169487774372101,
      0.12169487774372101,
      -0.0623600035905838,
      0.27272728085517883,
      0.2602499723434448,
      0.5204999446868896
    ],
    [
      -0.029854269698262215,
      0.029854269698262215,
      0.029480604454874992,
      0.5151515007019043,
      0.9111835956573486,
      0.7100198864936829
    ],
    [
      0.29462456703186035,
      0.29462456703186035,
      0.35395944118499756,
      0.9696969985961914,
      0.9609277844429016,
      0.8180727958679199
    ],
    [
      -0.48882946372032166,
      0.48882946372032166,
      -0.42949458956718445,
      0.06060606241226196,
      0.40903639793395996,
      0.8180727958679199
    ],
    [
      -0.3066258430480957,
      0.3066258430480957,
      -0.2472909688949585,
      0.12121212482452393,
      0.7057914137840271,
      0.7998821139335632
    ],
    [
      0.18509751558303833,
      0.18509751558303833,
      0.24443238973617554,
      0.939393937587738,
      0.9494643211364746,
      0.7998821139335632
    ],
    [
      -0.009150760248303413,
      0.009150760248303413,
      0.05018411576747894,
      0.6363636255264282,
      0.9371702075004578,
      0.6982163190841675
    ],
    [
      -0.024716880172491074,
      0.024716880172491074,
      0.03461799398064613,
      0.5757575631141663,
      0.7311769127845764,
      0.710482120513916
    ],
    [
      -0.07882297039031982,
      0.07882297039031982,
      -0.019488096237182617,
      0.39393940567970276,
      0.8932695984840393,
      0.710482120513916
    ],
    [
      1.1187951564788818,
      1.1187951564788818,
      1.178130030632019,
      1.0,
      1.219801425933838,
      0.792428195476532
    ],
    [
      -0.6266095042228699,
      0.6266095042228699,
      -0.5672746300697327,
      0.0,
      0.42020177841186523,
      0.7902354001998901
    ],
    [
      -0.6231652498245239,
      0.6231652498245239,
      -0.5638303756713867,
      0.03030303120613098,
      0.42129817605018616,
      0.792428195476532
    ],
    [
      -0.2802908718585968,
      0.2802908718585968,
      -0.2209559977054596,
      0.1818181872367859,
      0.7288106083869934,
      0.4892987012863159
    ],
    [
      -0.009446480311453342,
      0.009446480311453342,
      0.04988839477300644,
      0.6060606241226196,
      0.492717444896698,
      0.4961361885070801
    ],
    [
      -0.006035329774022102,
      0.006035329774022102,
      0.053299546241760254,
      0.6969696879386902,
      0.4978361129760742,
      0.49953603744506836
    ],
    [
      -0.19761905074119568,
      0.19761905074119568,
      -0.13828417658805847,
      0.21212121844291687,
      0.7488436102867126,
      0.50113445520401
    ],
    [
      0.007496200036257505,
      0.007496200036257505,
      0.066831074655056,
      0.7575757503509521,
      0.5028350949287415,
      0.5086534023284912
    ],
    [
      -0.11814688891172409,
      0.11814688891172409,
      -0.058812014758586884,
      0.3030303120613098,
      0.2543267011642456,
      0.5086534023284912
    ],
    [
      -0.0005858999793417752,
      0.0005858999793417752,
      0.05874897539615631,
      0.7272727489471436,
      0.49952560663223267,
      0.50113445520401
    ],
    [
      -0.006895100232213736,
      0.006895100232213736,
      0.05243977531790733,
      0.6666666865348816,
      0.49177002906799316,
      0.49791672825813293
    ],
    [
      -0.026166539639234543,
      0.026166539639234543,
      0.033168334513902664,
      0.5454545617103577,
      0.7130113840103149,
      0.7242056131362915
    ],
    [
      -0.04620395973324776,
      0.04620395973324776,
      0.01313091441988945,
      0.4848484992980957,
      0.7339802384376526,
      0.7242056131362915
    ],
    [
      0.16272419691085815,
      0.16272419691085815,
      0.22205907106399536,
      0.9090909361839294,
      0.940427303314209,
      0.6900994181632996
    ],
    [
      -0.316383957862854,
      0.316383957862854,
      -0.2570490837097168,
      0.09090909361839294,
      0.48923608660697937,
      0.5189281105995178
    ],
    [
      0.07973051071166992,
      0.07973051071166992,
      0.13906538486480713,
      0.8484848737716675,
      0.48421651124954224,
      0.5088889598846436
    ],
    [
      -0.12740328907966614,
      0.12740328907966614,
      -0.06806841492652893,
      0.24242424964904785,
      0.2544444799423218,
      0.5088889598846436
    ],
    [
      -0.09979765117168427,
      0.09979765117168427,
      -0.04046277701854706,
      0.3636363744735718,
      0.5845840573310852,
      0.5947493314743042
    ],
    [
      0.04599735885858536,
      0.04599735885858536,
      0.10533223301172256,
      0.7878788113594055,
      0.8405700325965881,
      0.6049625277519226
    ]
  ],
  "feature_names": [
    "charge",
    "abs_charge",
    "charge_centered",
    "charge_rank_norm",
    "wbo_sum",
    "wbo_max"
  ],
  "status": "ok",
  "error": null
}