{
  "canonical_smiles": "C[C@@H](NC(C)(C)C)C(=O)c1cccc(Cl)c1",
  "xtb_valid": true,
  "atom_valid_mask": [
    [
      1.0
    ],
    [
      1.0
    ],
    [
      1.0
    ],
    [
      1.0
    ],
    [
      1.0
    ],
    [
      1.0
    ],
    [
      1.0
    ],
    [
      1.0
    ],
    [
      1.0
    ],
    [
      1.0
    ],
    [
      1.0
    ],
    [
      1.0
    ],
    [
      1.0
    ],
    [
      1.0
    ],
    [
      1.0
    ],
    [
      1.0
    ]
  ],
  "atom_features": [
    [
      -0.11567483842372894,
      0.11567483842372894,
      -0.05051705241203308,
      0.3333333432674408,
      0.24361084401607513,
      0.48722168803215027
    ],
    [
      0.03234514966607094,
      0.03234514966607094,
      0.0975029319524765,
      0.800000011920929,
      0.734469473361969,
      0.5010345578193665
    ],
    [
      -0.28033748269081116,
      0.28033748269081116,
      -0.2151796966791153,
      0.06666667014360428,
      0.49777406454086304,
      0.5010345578193665
    ],
    [
      0.08707647025585175,
      0.08707647025585175,
      0.1522342562675476,
      0.8666666746139526,
      0.9909068942070007,
      0.497267484664917
    ],
    [
      -0.10880082845687866,
      0.10880082845687866,
      -0.0436430424451828,
      0.4000000059604645,
      0.24690577387809753,
      0.49381154775619507
    ],
    [
      -0.11854694038629532,
      0.11854694038629532,
      -0.05338915437459946,
      0.2666666805744171,
      0.2486337423324585,
      0.497267484664917
    ],
    [
      -0.11920671910047531,
      0.11920671910047531,
      -0.05404893308877945,
      0.20000000298023224,
      0.2481106072664261,
      0.4962212145328522
    ],
    [
      0.22528712451457977,
      0.22528712451457977,
      0.29044491052627563,
      1.0,
      0.9427964687347412,
      0.8894498944282532
    ],
    [
      -0.42657536268234253,
      0.42657536268234253,
      -0.36141759157180786,
      0.0,
      0.4447249472141266,
      0.8894498944282532
    ],
    [
      -0.006191260181367397,
      0.006191260181367397,
      0.05896652489900589,
      0.7333333492279053,
      0.9473150372505188,
      0.6913620233535767
    ],
    [
      -0.02118068002164364,
      0.02118068002164364,
      0.043977104127407074,
      0.6666666865348816,
      0.7056332230567932,
      0.7234587669372559
    ],
    [
      -0.02884821966290474,
      0.02884821966290474,
      0.03630956634879112,
      0.6000000238418579,
      0.7466616630554199,
      0.7234587669372559
    ],
    [
      -0.03379305824637413,
      0.03379305824637413,
      0.03136472776532173,
      0.5333333611488342,
      0.7074748873710632,
      0.7172280550003052
    ],
    [
      0.10529094189405441,
      0.10529094189405441,
      0.17044872045516968,
      0.9333333373069763,
      0.9441694617271423,
      0.7072162628173828
    ],
    [
      -0.19456975162029266,
      0.19456975162029266,
      -0.1294119656085968,
      0.13333334028720856,
      0.24170050024986267,
      0.48340100049972534
    ],
    [
      -0.0387989804148674,
      0.0387989804148674,
      0.02635880559682846,
      0.46666666865348816,
      0.7256073951721191,
      0.7072162628173828
    ]
  ],
  "feature_names": [
    "charge",
    "abs_charge",
    "charge_centered",
    "charge_rank_norm",
    "wbo_sum",
    "wbo_max"
  ],
  "status": "ok",
  "error": null
}