{
  "canonical_smiles": "CCCOc1ccc(S(=O)(=O)N2CCN(CC)CC2)cc1-c1nc2c(CC)n(Cc3ccccn3)nc2c(=O)[nH]1",
  "xtb_valid": true,
  "atom_valid_mask": [
    [
      1.0
    ],
    [
      1.0
    ],
    [
      1.0
    ],
    [
      1.0
    ],
    [
      1.0
    ],
    [
      1.0
    ],
    [
      1.0
    ],
    [
      1.0
    ],
    [
      1.0
    ],
    [
      1.0
    ],
    [
      1.0
    ],
    [
      1.0
    ],
    [
      1.0
    ],
    [
      1.0
    ],
    [
      1.0
    ],
    [
      1.0
    ],
    [
      1.0
    ],
    [
      1.0
    ],
    [
      1.0
    ],
    [
      1.0
    ],
    [
      1.0
    ],
    [
      1.0
    ],
    [
      1.0
    ],
    [
      1.0
    ],
    [
      1.0
    ],
    [
      1.0
    ],
    [
      1.0
    ],
    [
      1.0
    ],
    [
      1.0
    ],
    [
      1.0
    ],
    [
      1.0
    ],
    [
      1.0
    ],
    [
      1.0
    ],
    [
      1.0
    ],
    [
      1.0
    ],
    [
      1.0
    ],
    [
      1.0
    ],
    [
      1.0
    ],
    [
      1.0
    ],
    [
      1.0
    ]
  ],
  "atom_features": [
    [
      -0.11188332736492157,
      0.11188332736492157,
      -0.0561041496694088,
      0.28205129504203796,
      0.2551781237125397,
      0.5103562474250793
    ],
    [
      -0.06661445647478104,
      0.06661445647478104,
      -0.010835278779268265,
      0.3589743673801422,
      0.5060710906982422,
      0.5103562474250793
    ],
    [
      0.06448259204626083,
      0.06448259204626083,
      0.1202617734670639,
      0.8461538553237915,
      0.4846089482307434,
      0.5017858743667603
    ],
    [
      -0.2692962884902954,
      0.2692962884902954,
      -0.21351711452007294,
      0.12820513546466827,
      0.5065017938613892,
      0.5455716252326965
    ],
    [
      0.15399664640426636,
      0.15399664640426636,
      0.20977582037448883,
      0.9230769276618958,
      0.9396638870239258,
      0.6831466555595398
    ],
    [
      -0.06005872040987015,
      0.06005872040987015,
      -0.004279542714357376,
      0.41025641560554504,
      0.7022283673286438,
      0.7213100790977478
    ],
    [
      -0.02820241078734398,
      0.02820241078734398,
      0.027576766908168793,
      0.5128205418586731,
      0.7115258574485779,
      0.7213100790977478
    ],
    [
      -0.09020189195871353,
      0.09020189195871353,
      -0.03442271426320076,
      0.3333333432674408,
      0.8935219049453735,
      0.7074047923088074
    ],
    [
      1.1461832523345947,
      1.1461832523345947,
      1.2019624710083008,
      1.0,
      1.1966822147369385,
      0.7878156900405884
    ],
    [
      -0.6513994336128235,
      0.6513994336128235,
      -0.5956202745437622,
      0.0,
      0.41345295310020447,
      0.7760793566703796
    ],
    [
      -0.63983154296875,
      0.63983154296875,
      -0.5840523838996887,
      0.025641025975346565,
      0.41932111978530884,
      0.7878156900405884
    ],
    [
      -0.3112802803516388,
      0.3112802803516388,
      -0.2555010914802551,
      0.07692307978868484,
      0.7089530229568481,
      0.4851176142692566
    ],
    [
      -0.007373400032520294,
      0.007373400032520294,
      0.04840577766299248,
      0.6410256624221802,
      0.4935844838619232,
      0.5020513534545898
    ],
    [
      -0.0012729200534522533,
      0.0012729200534522533,
      0.05450625717639923,
      0.6666666865348816,
      0.4997621476650238,
      0.5020513534545898
    ],
    [
      -0.19242289662361145,
      0.19242289662361145,
      -0.13664372265338898,
      0.20512820780277252,
      0.7484155297279358,
      0.5015906691551208
    ],
    [
      0.00934716034680605,
      0.00934716034680605,
      0.06512633711099625,
      0.7179487347602844,
      0.5029504895210266,
      0.508133590221405
    ],
    [
      -0.12106303870677948,
      0.12106303870677948,
      -0.065283864736557,
      0.25641027092933655,
      0.2540667951107025,
      0.508133590221405
    ],
    [
      -0.009431719779968262,
      0.009431719779968262,
      0.04634745791554451,
      0.6153846383094788,
      0.49930375814437866,
      0.5015906691551208
    ],
    [
      0.009142770431935787,
      0.009142770431935787,
      0.06492194533348083,
      0.692307710647583,
      0.48911651968955994,
      0.4970168173313141
    ],
    [
      -0.024960750713944435,
      0.024960750713944435,
      0.030818426981568336,
      0.5384615659713745,
      0.704887866973877,
      0.7074047923088074
    ],
    [
      -0.010315019637346268,
      0.010315019637346268,
      0.045464158058166504,
      0.5897436141967773,
      0.936538815498352,
      0.7023709416389465
    ],
    [
      0.1621597856283188,
      0.1621597856283188,
      0.21793895959854126,
      0.9487179517745972,
      0.9490963816642761,
      0.8005555868148804
    ],
    [
      -0.2762419283390045,
      0.2762419283390045,
      -0.22046275436878204,
      0.10256410390138626,
      0.686907947063446,
      0.8005555868148804
    ],
    [
      0.04454505816102028,
      0.04454505816102028,
      0.10032423585653305,
      0.7948718070983887,
      0.941262423992157,
      0.6900501251220703
    ],
    [
      0.029564810916781425,
      0.029564810916781425,
      0.08534398674964905,
      0.7692307829856873,
      0.9538854956626892,
      0.6900501251220703
    ],
    [
      -0.06507211178541183,
      0.06507211178541183,
      -0.009292934089899063,
      0.38461539149284363,
      0.5046457648277283,
      0.5112334489822388
    ],
    [
      -0.10605233162641525,
      0.10605233162641525,
      -0.05027315393090248,
      0.3076923191547394,
      0.2490290254354477,
      0.4980580508708954
    ],
    [
      0.0771522969007492,
      0.0771522969007492,
      0.13293147087097168,
      0.8717948794364929,
      0.8619149327278137,
      0.6318532228469849
    ],
    [
      -0.03256703168153763,
      0.03256703168153763,
      0.023212146013975143,
      0.4871794879436493,
      0.490883469581604,
      0.49521028995513916
    ],
    [
      0.09435837715864182,
      0.09435837715864182,
      0.15013755857944489,
      0.8974359035491943,
      0.978003740310669,
      0.7049340009689331
    ],
    [
      -0.04398952051997185,
      0.04398952051997185,
      0.011789657175540924,
      0.43589743971824646,
      0.7410805821418762,
      0.722028374671936
    ],
    [
      -0.014148370362818241,
      0.014148370362818241,
      0.041630808264017105,
      0.5641025900840759,
      0.7459919452667236,
      0.722028374671936
    ],
    [
      -0.04234118014574051,
      0.04234118014574051,
      0.013437997549772263,
      0.4615384638309479,
      0.7452401518821716,
      0.7201714515686035
    ],
    [
      0.051059529185295105,
      0.051059529185295105,
      0.10683870315551758,
      0.8205128312110901,
      0.7442017793655396,
      0.7201714515686035
    ],
    [
      -0.24915346503257751,
      0.24915346503257751,
      -0.19337429106235504,
      0.1794871836900711,
      0.7342715263366699,
      0.7130333185195923
    ],
    [
      -0.2577459216117859,
      0.2577459216117859,
      -0.20196674764156342,
      0.1538461595773697,
      0.6935541033744812,
      0.707054078578949
    ],
    [
      0.018451109528541565,
      0.018451109528541565,
      0.07423028349876404,
      0.7435897588729858,
      0.9330886006355286,
      0.707054078578949
    ],
    [
      0.27332061529159546,
      0.27332061529159546,
      0.3290998041629791,
      0.9743589758872986,
      0.9612755179405212,
      0.803192675113678
    ],
    [
      -0.5135382413864136,
      0.5135382413864136,
      -0.4577590525150299,
      0.05128205195069313,
      0.4385495185852051,
      0.803192675113678
    ],
    [
      -0.16847287118434906,
      0.16847287118434906,
      -0.11269369721412659,
      0.23076923191547394,
      0.6154479384422302,
      0.5794496536254883
    ]
  ],