{
  "canonical_smiles": "CC(C)Cc1ccc(C(C)C(=O)O)cc1",
  "xtb_valid": true,
  "atom_valid_mask": [
    [
      1.0
    ],
    [
      1.0
    ],
    [
      1.0
    ],
    [
      1.0
    ],
    [
      1.0
    ],
    [
      1.0
    ],
    [
      1.0
    ],
    [
      1.0
    ],
    [
      1.0
    ],
    [
      1.0
    ],
    [
      1.0
    ],
    [
      1.0
    ],
    [
      1.0
    ],
    [
      1.0
    ],
    [
      1.0
    ]
  ],
  "atom_features": [
    [
      -0.10819437354803085,
      0.10819437354803085,
      -0.03309612721204758,
      0.2857142984867096,
      0.25247201323509216,
      0.5049440264701843
    ],
    [
      -0.007417209912091494,
      0.007417209912091494,
      0.06768103688955307,
      0.7857142686843872,
      0.7491344213485718,
      0.5049622654914856
    ],
    [
      -0.10912956297397614,
      0.10912956297397614,
      -0.03403131663799286,
      0.1428571492433548,
      0.2524811327457428,
      0.5049622654914856
    ],
    [
      -0.07090377062559128,
      0.07090377062559128,
      0.004194475710391998,
      0.3571428656578064,
      0.497639536857605,
      0.5069165229797363
    ],
    [
      0.015895260497927666,
      0.015895260497927666,
      0.09099350869655609,
      0.9285714030265808,
      0.9838193655014038,
      0.704670250415802
    ],
    [
      -0.041231151670217514,
      0.041231151670217514,
      0.03386709466576576,
      0.5714285969734192,
      0.741030752658844,
      0.7239605188369751
    ],
    [
      -0.04019536077976227,
      0.04019536077976227,
      0.03490288555622101,
      0.7142857313156128,
      0.7413763999938965,
      0.7239605188369751
    ],
    [
      0.009161270223557949,
      0.009161270223557949,
      0.0842595174908638,
      0.8571428656578064,
      0.9726129770278931,
      0.7050375938415527
    ],
    [
      -0.04119670018553734,
      0.04119670018553734,
      0.03390154615044594,
      0.6428571343421936,
      0.7307973504066467,
      0.4954783320426941
    ],
    [
      -0.10842713713645935,
      0.10842713713645935,
      -0.033328890800476074,
      0.2142857164144516,
      0.24773916602134705,
      0.4954783320426941
    ],
    [
      0.36257204413414,
      0.36257204413414,
      0.4376702904701233,
      1.0,
      0.9599134922027588,
      0.8583886027336121
    ],
    [
      -0.4752650856971741,
      0.4752650856971741,
      -0.4001668393611908,
      0.0,
      0.47169333696365356,
      0.8583886027336121
    ],
    [
      -0.427456259727478,
      0.427456259727478,
      -0.35235801339149475,
      0.0714285746216774,
      0.33210182189941406,
      0.5792055726051331
    ],
    [
      -0.04313388094305992,
      0.04313388094305992,
      0.031964365392923355,
      0.4285714328289032,
      0.7408586144447327,
      0.7224923372268677
    ],
    [
      -0.041551731526851654,
      0.041551731526851654,
      0.03354651480913162,
      0.5,
      0.7408943176269531,
      0.7224923372268677
    ]
  ],
  "feature_names": [
    "charge",
    "abs_charge",
    "charge_centered",
    "charge_rank_norm",
    "wbo_sum",
    "wbo_max"
  ],
  "status": "ok",
  "error": null
}