{
  "canonical_smiles": "CCC(c1ccccc1)c1c(O)c2ccccc2oc1=O",
  "xtb_valid": true,
  "atom_valid_mask": [
    [
      1.0
    ],
    [
      1.0
    ],
    [
      1.0
    ],
    [
      1.0
    ],
    [
      1.0
    ],
    [
      1.0
    ],
    [
      1.0
    ],
    [
      1.0
    ],
    [
      1.0
    ],
    [
      1.0
    ],
    [
      1.0
    ],
    [
      1.0
    ],
    [
      1.0
    ],
    [
      1.0
    ],
    [
      1.0
    ],
    [
      1.0
    ],
    [
      1.0
    ],
    [
      1.0
    ],
    [
      1.0
    ],
    [
      1.0
    ],
    [
      1.0
    ]
  ],
  "atom_features": [
    [
      -0.10263275355100632,
      0.10263275355100632,
      -0.050269436091184616,
      0.15000000596046448,
      0.2554602324962616,
      0.5109204649925232
    ],
    [
      -0.04745291918516159,
      0.04745291918516159,
      0.0049103982746601105,
      0.25,
      0.49809062480926514,
      0.5109204649925232
    ],
    [
      -0.0216485895216465,
      0.0216485895216465,
      0.0307147279381752,
      0.75,
      0.7351597547531128,
      0.4943559765815735
    ],
    [
      0.009560669772326946,
      0.009560669772326946,
      0.06192398816347122,
      0.8500000238418579,
      0.9779832363128662,
      0.7061464190483093
    ],
    [
      -0.032978229224681854,
      0.032978229224681854,
      0.019385088235139847,
      0.6000000238418579,
      0.7415148615837097,
      0.7212265729904175
    ],
    [
      -0.034512050449848175,
      0.034512050449848175,
      0.017851267009973526,
      0.550000011920929,
      0.7482703924179077,
      0.7212265729904175
    ],
    [
      -0.03604147955775261,
      0.03604147955775261,
      0.016321837902069092,
      0.44999998807907104,
      0.7465708255767822,
      0.7196843028068542
    ],
    [
      -0.035641200840473175,
      0.035641200840473175,
      0.016722116619348526,
      0.5,
      0.7482353448867798,
      0.7219215631484985
    ],
    [
      -0.04535266011953354,
      0.04535266011953354,
      0.007010657340288162,
      0.3499999940395355,
      0.7410519123077393,
      0.7219215631484985
    ],
    [
      -0.06934881210327148,
      0.06934881210327148,
      -0.016985494643449783,
      0.20000000298023224,
      0.9142705202102661,
      0.7922226786613464
    ],
    [
      0.15105977654457092,
      0.15105977654457092,
      0.20342309772968292,
      0.949999988079071,
      0.9454511404037476,
      0.7922226786613464
    ],
    [
      -0.4111442565917969,
      0.4111442565917969,
      -0.35878095030784607,
      0.05000000074505806,
      0.27343428134918213,
      0.5468685626983643
    ],
    [
      -0.012147280387580395,
      0.012147280387580395,
      0.04021603614091873,
      0.800000011920929,
      0.9441774487495422,
      0.6746580600738525
    ],
    [
      -0.027311379089951515,
      0.027311379089951515,
      0.025051938369870186,
      0.6499999761581421,
      0.7339699268341064,
      0.7355017066001892
    ],
    [
      -0.03650553151965141,
      0.03650553151965141,
      0.015857785940170288,
      0.4000000059604645,
      0.7203373312950134,
      0.7355017066001892
    ],
    [
      -0.026274580508470535,
      0.026274580508470535,
      0.026088736951351166,
      0.699999988079071,
      0.7167109847068787,
      0.7282490134239197
    ],
    [
      -0.04699886962771416,
      0.04699886962771416,
      0.005364447832107544,
      0.30000001192092896,
      0.7357744574546814,
      0.7282490134239197
    ],
    [
      0.13985542953014374,
      0.13985542953014374,
      0.19221875071525574,
      0.8999999761581421,
      0.9251108765602112,
      0.6855196952819824
    ],
    [
      -0.2829311788082123,
      0.2829311788082123,
      -0.23056785762310028,
      0.10000000149011612,
      0.5474662184715271,
      0.5248543620109558
    ],
    [
      0.33946311473846436,
      0.33946311473846436,
      0.39182642102241516,
      1.0,
      0.9479802250862122,
      0.8291435837745667
    ],
    [
      -0.47064682841300964,
      0.47064682841300964,
      -0.41828352212905884,
      0.0,
      0.44820278882980347,
      0.8291435837745667
    ]
  ],
  "feature_names": [
    "charge",
    "abs_charge",
    "charge_centered",
    "charge_rank_norm",
    "wbo_sum",
    "wbo_max"
  ],
  "status": "ok",
  "error": null
}