{
  "canonical_smiles": "COc1ccc(OC(F)(F)F)cc1CN[C@@H]1CCCN[C@H]1c1ccccc1",
  "xtb_valid": true,
  "atom_valid_mask": [
    [
      1.0
    ],
    [
      1.0
    ],
    [
      1.0
    ],
    [
      1.0
    ],
    [
      1.0
    ],
    [
      1.0
    ],
    [
      1.0
    ],
    [
      1.0
    ],
    [
      1.0
    ],
    [
      1.0
    ],
    [
      1.0
    ],
    [
      1.0
    ],
    [
      1.0
    ],
    [
      1.0
    ],
    [
      1.0
    ],
    [
      1.0
    ],
    [
      1.0
    ],
    [
      1.0
    ],
    [
      1.0
    ],
    [
      1.0
    ],
    [
      1.0
    ],
    [
      1.0
    ],
    [
      1.0
    ],
    [
      1.0
    ],
    [
      1.0
    ],
    [
      1.0
    ],
    [
      1.0
    ]
  ],
  "atom_features": [
    [
      0.0219213105738163,
      0.0219213105738163,
      0.06800631433725357,
      0.807692289352417,
      0.2366495132446289,
      0.4732990264892578
    ],
    [
      -0.3177606463432312,
      0.3177606463432312,
      -0.27167564630508423,
      0.0,
      0.49243298172950745,
      0.5115669369697571
    ],
    [
      0.14123356342315674,
      0.14123356342315674,
      0.1873185634613037,
      0.9615384340286255,
      0.9445233941078186,
      0.6956945657730103
    ],
    [
      -0.05465124174952507,
      0.05465124174952507,
      -0.008566237986087799,
      0.42307692766189575,
      0.7358865141868591,
      0.7220875024795532
    ],
    [
      -0.059709738940000534,
      0.059709738940000534,
      -0.013624735176563263,
      0.3461538553237915,
      0.7357490658760071,
      0.7220875024795532
    ],
    [
      0.129051074385643,
      0.129051074385643,
      0.17513607442378998,
      0.9230769276618958,
      0.9329099059104919,
      0.7002671360969543
    ],
    [
      -0.29979175329208374,
      0.29979175329208374,
      -0.25370675325393677,
      0.03846153989434242,
      0.48147308826446533,
      0.4941341280937195
    ],
    [
      0.6221948266029358,
      0.6221948266029358,
      0.6682798266410828,
      1.0,
      0.9589877128601074,
      0.4941341280937195
    ],
    [
      -0.19183078408241272,
      0.19183078408241272,
      -0.14574578404426575,
      0.23076923191547394,
      0.23829077184200287,
      0.47658154368400574
    ],
    [
      -0.19583648443222046,
      0.19583648443222046,
      -0.1497514843940735,
      0.19230769574642181,
      0.2366189807653427,
      0.4732379615306854
    ],
    [
      -0.1981654316186905,
      0.1981654316186905,
      -0.15208043158054352,
      0.1538461595773697,
      0.2370108813047409,
      0.4740217626094818
    ],
    [
      -0.05560287833213806,
      0.05560287833213806,
      -0.00951787456870079,
      0.38461539149284363,
      0.7305565476417542,
      0.7068549990653992
    ],
    [
      -0.004180099815130234,
      0.004180099815130234,
      0.04190490394830704,
      0.6538461446762085,
      0.9718647003173828,
      0.7068549990653992
    ],
    [
      0.014804629608988762,
      0.014804629608988762,
      0.060889631509780884,
      0.7307692170143127,
      0.5008954405784607,
      0.5024191737174988
    ],
    [
      -0.2747761607170105,
      0.2747761607170105,
      -0.22869116067886353,
      0.11538461595773697,
      0.5001209378242493,
      0.5008700489997864
    ],
    [
      0.04039604961872101,
      0.04039604961872101,
      0.08648104965686798,
      0.8846153616905212,
      0.736615777015686,
      0.5008700489997864
    ],
    [
      -0.06504879146814346,
      0.06504879146814346,
      -0.018963787704706192,
      0.3076923191547394,
      0.4988693296909332,
      0.49956560134887695
    ],
    [
      -0.06745131313800812,
      0.06745131313800812,
      -0.021366309374570847,
      0.26923078298568726,
      0.5015285015106201,
      0.5034914016723633
    ],
    [
      0.01982109062373638,
      0.01982109062373638,
      0.0659060925245285,
      0.7692307829856873,
      0.5044863820075989,
      0.5054813623428345
    ],
    [
      -0.28736379742622375,
      0.28736379742622375,
      -0.24127879738807678,
      0.07692307978868484,
      0.49902331829071045,
      0.5054813623428345
    ],
    [
      0.03114577941596508,
      0.03114577941596508,
      0.0772307813167572,
      0.8461538553237915,
      0.731772243976593,
      0.49679070711135864
    ],
    [
      -0.0038674999959766865,
      0.0038674999959766865,
      0.04221750423312187,
      0.692307710647583,
      0.9799953103065491,
      0.7047882080078125
    ],
    [
      -0.038416098803281784,
      0.038416098803281784,
      0.007668904960155487,
      0.5,
      0.7410581707954407,
      0.7218952775001526
    ],
    [
      -0.036683809012174606,
      0.036683809012174606,
      0.009401194751262665,
      0.5769230723381042,
      0.7481266260147095,
      0.7218952775001526
    ],
    [
      -0.037241801619529724,
      0.037241801619529724,
      0.008843202143907547,
      0.5384615659713745,
      0.746010422706604,
      0.718979001045227
    ],
    [
      -0.03564140945672989,
      0.03564140945672989,
      0.010443594306707382,
      0.6153846383094788,
      0.748298704624176,
      0.7224674820899963
    ],
    [
      -0.04084369167685509,
      0.04084369167685509,
      0.005241312086582184,
      0.4615384638309479,
      0.7409566640853882,
      0.7224674820899963
    ]
  ],
  "feature_names": [
    "charge",
    "abs_charge",
    "charge_centered",
    "charge_rank_norm",
    "wbo_sum",
    "wbo_max"
  ],
  "status": "ok",
  "error": null
}