{
  "canonical_smiles": "C[C@H](CCC(=O)O)[C@H]1CC[C@H]2[C@@H]3[C@@H](O)C[C@H]4C[C@H](O)CC[C@]4(C)[C@H]3CC[C@]12C",
  "xtb_valid": true,
  "atom_valid_mask": [
    [
      1.0
    ],
    [
      1.0
    ],
    [
      1.0
    ],
    [
      1.0
    ],
    [
      1.0
    ],
    [
      1.0
    ],
    [
      1.0
    ],
    [
      1.0
    ],
    [
      1.0
    ],
    [
      1.0
    ],
    [
      1.0
    ],
    [
      1.0
    ],
    [
      1.0
    ],
    [
      1.0
    ],
    [
      1.0
    ],
    [
      1.0
    ],
    [
      1.0
    ],
    [
      1.0
    ],
    [
      1.0
    ],
    [
      1.0
    ],
    [
      1.0
    ],
    [
      1.0
    ],
    [
      1.0
    ],
    [
      1.0
    ],
    [
      1.0
    ],
    [
      1.0
    ],
    [
      1.0
    ],
    [
      1.0
    ]
  ],
  "atom_features": [
    [
      -0.11084306240081787,
      0.11084306240081787,
      -0.021001078188419342,
      0.14814814925193787,
      0.2522335350513458,
      0.5044670701026917
    ],
    [
      -0.019911300390958786,
      0.019911300390958786,
      0.06993068754673004,
      0.8148148059844971,
      0.7465879917144775,
      0.5044670701026917
    ],
    [
      -0.062027618288993835,
      0.062027618288993835,
      0.027814365923404694,
      0.5555555820465088,
      0.49847593903541565,
      0.5015890598297119
    ],
    [
      -0.09386056661605835,
      0.09386056661605835,
      -0.0040185824036598206,
      0.25925925374031067,
      0.49955520033836365,
      0.5015890598297119
    ],
    [
      0.36270275712013245,
      0.36270275712013245,
      0.4525447487831116,
      1.0,
      0.9647263884544373,
      0.8550059199333191
    ],
    [
      -0.4840843379497528,
      0.4840843379497528,
      -0.3942423462867737,
      0.07407407462596893,
      0.46943944692611694,
      0.8550059199333191
    ],
    [
      -0.42962202429771423,
      0.42962202429771423,
      -0.3397800326347351,
      0.1111111119389534,
      0.33039921522140503,
      0.5769254565238953
    ],
    [
      -0.0323304682970047,
      0.0323304682970047,
      0.05751151591539383,
      0.6666666865348816,
      0.7359750270843506,
      0.49444839358329773
    ],
    [
      -0.06227312982082367,
      0.06227312982082367,
      0.02756885439157486,
      0.5185185074806213,
      0.49709004163742065,
      0.4997316896915436
    ],
    [
      -0.05833959951996803,
      0.05833959951996803,
      0.031502384692430496,
      0.5925925970077515,
      0.499286949634552,
      0.4997316896915436
    ],
    [
      -0.02199474908411503,
      0.02199474908411503,
      0.06784723699092865,
      0.7777777910232544,
      0.7372515201568604,
      0.4988422393798828
    ],
    [
      -0.03586386889219284,
      0.03586386889219284,
      0.05397811532020569,
      0.6296296119689941,
      0.7352771759033203,
      0.49273812770843506
    ],
    [
      0.11098349094390869,
      0.11098349094390869,
      0.20082548260688782,
      0.9259259104728699,
      0.7359827160835266,
      0.49461811780929565
    ],
    [
      -0.5071181654930115,
      0.5071181654930115,
      -0.41727617383003235,
      0.03703703731298447,
      0.2445579618215561,
      0.4891159236431122
    ],
    [
      -0.07268612831830978,
      0.07268612831830978,
      0.017155855894088745,
      0.3333333432674408,
      0.49658554792404175,
      0.49855300784111023
    ],
    [
      -0.02639598958194256,
      0.02639598958194256,
      0.06344599276781082,
      0.7407407164573669,
      0.7408909797668457,
      0.49855300784111023
    ],
    [
      -0.07482670247554779,
      0.07482670247554779,
      0.015015281736850739,
      0.29629629850387573,
      0.4945013225078583,
      0.49610787630081177
    ],
    [
      0.11591567099094391,
      0.11591567099094391,
      0.20575764775276184,
      0.9629629850387573,
      0.7391382455825806,
      0.4970323145389557
    ],
    [
      -0.5208911299705505,
      0.5208911299705505,
      -0.4310491383075714,
      0.0,
      0.24417465925216675,
      0.4883493185043335
    ],
    [
      -0.07178553938865662,
      0.07178553938865662,
      0.018056444823741913,
      0.37037035822868347,
      0.49935662746429443,
      0.5016809105873108
    ],
    [
      -0.07050161808729172,
      0.07050161808729172,
      0.01934036612510681,
      0.40740740299224854,
      0.49586910009384155,
      0.5016809105873108
    ],
    [
      0.009447859600186348,
      0.009447859600186348,
      0.09928984194993973,
      0.8518518805503845,
      0.9806361794471741,
      0.5001676082611084
    ],
    [
      -0.10974793881177902,
      0.10974793881177902,
      -0.019905954599380493,
      0.18518517911434174,
      0.2500838041305542,
      0.5001676082611084
    ],
    [
      -0.030281640589237213,
      0.030281640589237213,
      0.059560343623161316,
      0.7037037014961243,
      0.7358942627906799,
      0.4982772767543793
    ],
    [
      -0.06289730221033096,
      0.06289730221033096,
      0.026944682002067566,
      0.48148149251937866,
      0.5000612735748291,
      0.5018452405929565
    ],
    [
      -0.06390766054391861,
      0.06390766054391861,
      0.02593432366847992,
      0.4444444477558136,
      0.49855202436447144,
      0.5018452405929565
    ],
    [
      0.014055909588932991,
      0.014055909588932991,
      0.10389789193868637,
      0.8888888955116272,
      0.9809316396713257,
      0.49952608346939087
    ],
    [
      -0.1064910963177681,
      0.1064910963177681,
      -0.016649112105369568,
      0.2222222238779068,
      0.24976304173469543,
      0.49952608346939087
    ]
  ],
  "feature_names": [
    "charge",
    "abs_charge",
    "charge_centered",
    "charge_rank_norm",
    "wbo_sum",
    "wbo_max"
  ],
  "status": "ok",
  "error": null
}