{
  "canonical_smiles": "Cc1cc(NC(=O)NC(=O)c2ccccc2N(C)C)ccc1Oc1ncc(Br)cn1",
  "xtb_valid": true,
  "atom_valid_mask": [
    [
      1.0
    ],
    [
      1.0
    ],
    [
      1.0
    ],
    [
      1.0
    ],
    [
      1.0
    ],
    [
      1.0
    ],
    [
      1.0
    ],
    [
      1.0
    ],
    [
      1.0
    ],
    [
      1.0
    ],
    [
      1.0
    ],
    [
      1.0
    ],
    [
      1.0
    ],
    [
      1.0
    ],
    [
      1.0
    ],
    [
      1.0
    ],
    [
      1.0
    ],
    [
      1.0
    ],
    [
      1.0
    ],
    [
      1.0
    ],
    [
      1.0
    ],
    [
      1.0
    ],
    [
      1.0
    ],
    [
      1.0
    ],
    [
      1.0
    ],
    [
      1.0
    ],
    [
      1.0
    ],
    [
      1.0
    ],
    [
      1.0
    ],
    [
      1.0
    ]
  ],
  "atom_features": [
    [
      -0.1143641322851181,
      0.1143641322851181,
      -0.06107223406434059,
      0.3103448152542114,
      0.2573743164539337,
      0.5147486329078674
    ],
    [
      0.007652610074728727,
      0.007652610074728727,
      0.060944508761167526,
      0.6896551847457886,
      0.9772138595581055,
      0.7065861225128174
    ],
    [
      -0.05810675024986267,
      0.05810675024986267,
      -0.004814852029085159,
      0.37931033968925476,
      0.7237070798873901,
      0.7065861225128174
    ],
    [
      0.07918112725019455,
      0.07918112725019455,
      0.13247302174568176,
      0.8620689511299133,
      0.9550977945327759,
      0.6888167262077332
    ],
    [
      -0.17683260142803192,
      0.17683260142803192,
      -0.12354069948196411,
      0.2068965584039688,
      0.6090981364250183,
      0.6034104228019714
    ],
    [
      0.3408879339694977,
      0.3408879339694977,
      0.3941798210144043,
      1.0,
      0.9699828624725342,
      0.7910841703414917
    ],
    [
      -0.5106378793716431,
      0.5106378793716431,
      -0.45734599232673645,
      0.0,
      0.432375431060791,
      0.7910841703414917
    ],
    [
      -0.21705928444862366,
      0.21705928444862366,
      -0.16376738250255585,
      0.17241379618644714,
      0.5998284816741943,
      0.5857773423194885
    ],
    [
      0.28119611740112305,
      0.28119611740112305,
      0.33448800444602966,
      0.931034505367279,
      0.9581589698791504,
      0.8203502893447876
    ],
    [
      -0.4723506569862366,
      0.4723506569862366,
      -0.41905876994132996,
      0.03448275849223137,
      0.44437938928604126,
      0.8203502893447876
    ],
    [
      -0.03432818874716759,
      0.03432818874716759,
      0.018963709473609924,
      0.5862069129943848,
      0.9360729455947876,
      0.6920767426490784
    ],
    [
      -0.02043106034398079,
      0.02043106034398079,
      0.03286083787679672,
      0.6551724076271057,
      0.7348108291625977,
      0.7244148254394531
    ],
    [
      -0.03451649099588394,
      0.03451649099588394,
      0.01877540722489357,
      0.5517241358757019,
      0.745577871799469,
      0.7244148254394531
    ],
    [
      -0.02661704085767269,
      0.02661704085767269,
      0.02667485736310482,
      0.6206896305084229,
      0.7167864441871643,
      0.7172086834907532
    ],
    [
      -0.04363702982664108,
      0.04363702982664108,
      0.009654868394136429,
      0.48275861144065857,
      0.7377762198448181,
      0.7172086834907532
    ],
    [
      0.0717085525393486,
      0.0717085525393486,
      0.12500044703483582,
      0.8275862336158752,
      0.9678128957748413,
      0.7052136063575745
    ],
    [
      -0.16800543665885925,
      0.16800543665885925,
      -0.11471353471279144,
      0.24137930572032928,
      0.7485412955284119,
      0.5101566910743713
    ],
    [
      -0.04298786073923111,
      0.04298786073923111,
      0.010304037481546402,
      0.517241358757019,
      0.24540694057941437,
      0.49081388115882874
    ],
    [
      -0.04999551922082901,
      0.04999551922082901,
      0.0032963789999485016,
      0.4482758641242981,
      0.24805600941181183,
      0.49611201882362366
    ],
    [
      -0.059248149394989014,
      0.059248149394989014,
      -0.005956251174211502,
      0.3448275923728943,
      0.729166567325592,
      0.7268458604812622
    ],
    [
      -0.05063571035861969,
      0.05063571035861969,
      0.0026561878621578217,
      0.4137931168079376,
      0.7369469404220581,
      0.7268458604812622
    ],
    [
      0.1234012171626091,
      0.1234012171626091,
      0.1766931116580963,
      0.8965517282485962,
      0.9283507466316223,
      0.695036768913269
    ],
    [
      -0.2530292868614197,
      0.2530292868614197,
      -0.19973738491535187,
      0.13793103396892548,
      0.5133757591247559,
      0.5469520688056946
    ],
    [
      0.30990156531333923,
      0.30990156531333923,
      0.36319345235824585,
      0.9655172228813171,
      0.9437049031257629,
      0.6707049608230591
    ],
    [
      -0.27693188190460205,
      0.27693188190460205,
      -0.22363997995853424,
      0.06896551698446274,
      0.7173170447349548,
      0.713229238986969
    ],
    [
      0.06929813325405121,
      0.06929813325405121,
      0.12259003520011902,
      0.7931034564971924,
      0.7328429222106934,
      0.713229238986969
    ],
    [
      0.060423120856285095,
      0.060423120856285095,
      0.1137150228023529,
      0.7241379022598267,
      0.9463893175125122,
      0.7002148628234863
    ],
    [
      -0.1372825801372528,
      0.1372825801372528,
      -0.083990678191185,
      0.27586206793785095,
      0.24818944931030273,
      0.49637889862060547
    ],
    [
      0.06817016750574112,
      0.06817016750574112,
      0.12146206200122833,
      0.7586206793785095,
      0.7325384616851807,
      0.7181921005249023
    ],
    [
      -0.26357996463775635,
      0.26357996463775635,
      -0.21028806269168854,
      0.1034482792019844,
      0.7200933694839478,
      0.7181921005249023
    ]
  ],
  "feature_names": [
    "charge",
    "abs_charge",
    "charge_centered",
    "charge_rank_norm",
    "wbo_sum",
    "wbo_max"
  ],
  "status": "ok",
  "error": null
}