{
  "canonical_smiles": "O=[N+]([O-])OC1COC2C(O[N+](=O)[O-])COC12",
  "xtb_valid": true,
  "atom_valid_mask": [
    [
      1.0
    ],
    [
      1.0
    ],
    [
      1.0
    ],
    [
      1.0
    ],
    [
      1.0
    ],
    [
      1.0
    ],
    [
      1.0
    ],
    [
      1.0
    ],
    [
      1.0
    ],
    [
      1.0
    ],
    [
      1.0
    ],
    [
      1.0
    ],
    [
      1.0
    ],
    [
      1.0
    ],
    [
      1.0
    ],
    [
      1.0
    ]
  ],
  "atom_features": [
    [
      -0.39521050453186035,
      0.39521050453186035,
      -0.3505634665489197,
      0.0,
      0.48403698205947876,
      0.7332332134246826
    ],
    [
      0.7419790029525757,
      0.7419790029525757,
      0.7866260409355164,
      0.9333333373069763,
      0.9778170585632324,
      0.741355299949646
    ],
    [
      -0.382898211479187,
      0.382898211479187,
      -0.33825117349624634,
      0.20000000298023224,
      0.4852946698665619,
      0.741355299949646
    ],
    [
      -0.23850789666175842,
      0.23850789666175842,
      -0.19386085867881775,
      0.46666666865348816,
      0.5531724095344543,
      0.48104560375213623
    ],
    [
      0.10462026298046112,
      0.10462026298046112,
      0.149267315864563,
      0.8666666746139526,
      0.7221384048461914,
      0.48834899067878723
    ],
    [
      0.054631318897008896,
      0.054631318897008896,
      0.09927836060523987,
      0.5333333611488342,
      0.4866817593574524,
      0.48834899067878723
    ],
    [
      -0.3343505561351776,
      0.3343505561351776,
      -0.28970351815223694,
      0.3333333432674408,
      0.4844655394554138,
      0.48501452803611755
    ],
    [
      0.09923999756574631,
      0.09923999756574631,
      0.14388704299926758,
      0.6666666865348816,
      0.7284125089645386,
      0.48946303129196167
    ],
    [
      0.10126127302646637,
      0.10126127302646637,
      0.14590832591056824,
      0.800000011920929,
      0.721314013004303,
      0.4916714131832123
    ],
    [
      -0.2539021074771881,
      0.2539021074771881,
      -0.20925506949424744,
      0.4000000059604645,
      0.5489743947982788,
      0.4793621003627777
    ],
    [
      0.7452498078346252,
      0.7452498078346252,
      0.7898968458175659,
      1.0,
      0.97823566198349,
      0.7414915561676025
    ],
    [
      -0.3935905992984772,
      0.3935905992984772,
      -0.3489435613155365,
      0.06666667014360428,
      0.4855313003063202,
      0.7356176972389221
    ],
    [
      -0.38322553038597107,
      0.38322553038597107,
      -0.3385784924030304,
      0.13333334028720856,
      0.4855625629425049,
      0.7414915561676025
    ],
    [
      0.057006191462278366,
      0.057006191462278366,
      0.10165323317050934,
      0.6000000238418579,
      0.4876519441604614,
      0.4916714131832123
    ],
    [
      -0.3374006152153015,
      0.3374006152153015,
      -0.29275357723236084,
      0.2666666805744171,
      0.4847651720046997,
      0.48589783906936646
    ],
    [
      0.10074537247419357,
      0.10074537247419357,
      0.14539241790771484,
      0.7333333492279053,
      0.7285459041595459,
      0.48946303129196167
    ]
  ],
  "feature_names": [
    "charge",
    "abs_charge",
    "charge_centered",
    "charge_rank_norm",
    "wbo_sum",
    "wbo_max"
  ],
  "status": "ok",
  "error": null
}