{
  "canonical_smiles": "CC/C(=C(\\c1ccc(O)cc1)c1ccc(OCCN(C)C)cc1)c1ccccc1",
  "xtb_valid": true,
  "atom_valid_mask": [
    [
      1.0
    ],
    [
      1.0
    ],
    [
      1.0
    ],
    [
      1.0
    ],
    [
      1.0
    ],
    [
      1.0
    ],
    [
      1.0
    ],
    [
      1.0
    ],
    [
      1.0
    ],
    [
      1.0
    ],
    [
      1.0
    ],
    [
      1.0
    ],
    [
      1.0
    ],
    [
      1.0
    ],
    [
      1.0
    ],
    [
      1.0
    ],
    [
      1.0
    ],
    [
      1.0
    ],
    [
      1.0
    ],
    [
      1.0
    ],
    [
      1.0
    ],
    [
      1.0
    ],
    [
      1.0
    ],
    [
      1.0
    ],
    [
      1.0
    ],
    [
      1.0
    ],
    [
      1.0
    ],
    [
      1.0
    ],
    [
      1.0
    ]
  ],
  "atom_features": [
    [
      -0.09997159242630005,
      0.09997159242630005,
      -0.05006399750709534,
      0.1071428582072258,
      0.2514874041080475,
      0.502974808216095
    ],
    [
      -0.05480740964412689,
      0.05480740964412689,
      -0.00489981472492218,
      0.2857142984867096,
      0.5006016492843628,
      0.502974808216095
    ],
    [
      -0.008352629840373993,
      0.008352629840373993,
      0.04155496507883072,
      0.7857142686843872,
      0.9545692801475525,
      0.901589035987854
    ],
    [
      -0.012407509610056877,
      0.012407509610056877,
      0.037500083446502686,
      0.7142857313156128,
      0.953255832195282,
      0.901589035987854
    ],
    [
      0.004616229794919491,
      0.004616229794919491,
      0.05452382564544678,
      0.8571428656578064,
      0.9486661553382874,
      0.6989718675613403
    ],
    [
      -0.036123521625995636,
      0.036123521625995636,
      0.013784073293209076,
      0.6428571343421936,
      0.7377975583076477,
      0.72559654712677
    ],
    [
      -0.06190700829029083,
      0.06190700829029083,
      -0.01199941337108612,
      0.2142857164144516,
      0.7325693368911743,
      0.72559654712677
    ],
    [
      0.14304277300834656,
      0.14304277300834656,
      0.19295036792755127,
      1.0,
      0.9528527855873108,
      0.6865890026092529
    ],
    [
      -0.46186164021492004,
      0.46186164021492004,
      -0.41195404529571533,
      0.0,
      0.26707592606544495,
      0.5341518521308899
    ],
    [
      -0.07683160901069641,
      0.07683160901069641,
      -0.0269240140914917,
      0.1428571492433548,
      0.73162442445755,
      0.7233193516731262
    ],
    [
      -0.04020410031080246,
      0.04020410031080246,
      0.009703494608402252,
      0.3571428656578064,
      0.7384342551231384,
      0.7233193516731262
    ],
    [
      0.004510410130023956,
      0.004510410130023956,
      0.05441800504922867,
      0.8214285969734192,
      0.9491122364997864,
      0.7014209628105164
    ],
    [
      -0.03945678845047951,
      0.03945678845047951,
      0.010450806468725204,
      0.3928571343421936,
      0.7379605770111084,
      0.7191286683082581
    ],
    [
      -0.07098452001810074,
      0.07098452001810074,
      -0.021076925098896027,
      0.1785714328289032,
      0.7289923429489136,
      0.7191286683082581
    ],
    [
      0.14063195884227753,
      0.14063195884227753,
      0.19053955376148224,
      0.9642857313156128,
      0.9454535245895386,
      0.6870819926261902
    ],
    [
      -0.30566591024398804,
      0.30566591024398804,
      -0.2557583153247833,
      0.0357142873108387,
      0.5030707120895386,
      0.5264750719070435
    ],
    [
      0.068283312022686,
      0.068283312022686,
      0.11819090694189072,
      0.9285714030265808,
      0.48502421379089355,
      0.49038198590278625
    ],
    [
      -0.00981169007718563,
      0.00981169007718563,
      0.04009590297937393,
      0.75,
      0.4971167743206024,
      0.503851592540741
    ],
    [
      -0.18482178449630737,
      0.18482178449630737,
      -0.13491418957710266,
      0.0714285746216774,
      0.7585867643356323,
      0.5070129036903381
    ],
    [
      -0.041462428867816925,
      0.041462428867816925,
      0.008445166051387787,
      0.3214285671710968,
      0.25350645184516907,
      0.5070129036903381
    ],
    [
      -0.03359169140458107,
      0.03359169140458107,
      0.016315903514623642,
      0.6785714030265808,
      0.25315454602241516,
      0.5063090920448303
    ],
    [
      -0.0615241713821888,
      0.0615241713821888,
      -0.011616576462984085,
      0.25,
      0.7313697934150696,
      0.730018138885498
    ],
    [
      -0.037601519376039505,
      0.037601519376039505,
      0.012306075543165207,
      0.4642857015132904,
      0.7376878261566162,
      0.730018138885498
    ],
    [
      0.014394430443644524,
      0.014394430443644524,
      0.06430202722549438,
      0.8928571343421936,
      0.9809015989303589,
      0.6993722915649414
    ],
    [
      -0.03714156895875931,
      0.03714156895875931,
      0.012766025960445404,
      0.5,
      0.7386687397956848,
      0.7224432229995728
    ],
    [
      -0.036665190011262894,
      0.036665190011262894,
      0.013242404907941818,
      0.5357142686843872,
      0.7480747103691101,
      0.7224432229995728
    ],
    [
      -0.038332581520080566,
      0.038332581520080566,
      0.011575013399124146,
      0.4285714328289032,
      0.7456976175308228,
      0.7190591096878052
    ],
    [
      -0.03661268949508667,
      0.03661268949508667,
      0.013294905424118042,
      0.6071428656578064,
      0.7482168078422546,
      0.7218525409698486
    ],
    [
      -0.03665976971387863,
      0.03665976971387863,
      0.01324782520532608,
      0.5714285969734192,
      0.7381662726402283,
      0.7218525409698486
    ]
  ],
  "feature_names": [
    "charge",
    "abs_charge",
    "charge_centered",
    "charge_rank_norm",
    "wbo_sum",
    "wbo_max"
  ],
  "status": "ok",
  "error": null
}