{
  "canonical_smiles": "CN[C@@H]1CN(c2ccc3c(=O)c(C(=O)O)cn(-c4nccs4)c3n2)C[C@H]1OC",
  "xtb_valid": true,
  "atom_valid_mask": [
    [
      1.0
    ],
    [
      1.0
    ],
    [
      1.0
    ],
    [
      1.0
    ],
    [
      1.0
    ],
    [
      1.0
    ],
    [
      1.0
    ],
    [
      1.0
    ],
    [
      1.0
    ],
    [
      1.0
    ],
    [
      1.0
    ],
    [
      1.0
    ],
    [
      1.0
    ],
    [
      1.0
    ],
    [
      1.0
    ],
    [
      1.0
    ],
    [
      1.0
    ],
    [
      1.0
    ],
    [
      1.0
    ],
    [
      1.0
    ],
    [
      1.0
    ],
    [
      1.0
    ],
    [
      1.0
    ],
    [
      1.0
    ],
    [
      1.0
    ],
    [
      1.0
    ],
    [
      1.0
    ],
    [
      1.0
    ]
  ],
  "atom_features": [
    [
      -0.03924965858459473,
      0.03924965858459473,
      0.020244967192411423,
      0.40740740299224854,
      0.25533241033554077,
      0.5106648206710815
    ],
    [
      -0.28247615694999695,
      0.28247615694999695,
      -0.2229815274477005,
      0.18518517911434174,
      0.5066890716552734,
      0.5106648206710815
    ],
    [
      0.042908359318971634,
      0.042908359318971634,
      0.10240298509597778,
      0.7777777910232544,
      0.7415080070495605,
      0.5027132630348206
    ],
    [
      -0.018768690526485443,
      0.018768690526485443,
      0.040725935250520706,
      0.5185185074806213,
      0.49228304624557495,
      0.49381223320961
    ],
    [
      -0.07083456218242645,
      0.07083456218242645,
      -0.011339936405420303,
      0.25925925374031067,
      0.8024854063987732,
      0.6237657070159912
    ],
    [
      0.15894676744937897,
      0.15894676744937897,
      0.21844139695167542,
      0.9259259104728699,
      0.9554974436759949,
      0.651390790939331
    ],
    [
      -0.06840168684720993,
      0.06840168684720993,
      -0.008907061070203781,
      0.29629629850387573,
      0.7003601789474487,
      0.76488196849823
    ],
    [
      -0.009080340154469013,
      0.009080340154469013,
      0.05041428655385971,
      0.5925925970077515,
      0.7122613787651062,
      0.76488196849823
    ],
    [
      -0.04731842875480652,
      0.04731842875480652,
      0.01217619702219963,
      0.37037035822868347,
      0.9270052313804626,
      0.6596407294273376
    ],
    [
      0.22308030724525452,
      0.22308030724525452,
      0.28257492184638977,
      0.9629629850387573,
      0.9506765007972717,
      0.8323131203651428
    ],
    [
      -0.4778193533420563,
      0.4778193533420563,
      -0.418324738740921,
      0.03703703731298447,
      0.4161565601825714,
      0.8323131203651428
    ],
    [
      -0.06559398025274277,
      0.06559398025274277,
      -0.006099354475736618,
      0.3333333432674408,
      0.92195063829422,
      0.7991482019424438
    ],
    [
      0.3696260452270508,
      0.3696260452270508,
      0.42912065982818604,
      1.0,
      0.9646866917610168,
      0.833652138710022
    ],
    [
      -0.48701247572898865,
      0.48701247572898865,
      -0.4275178611278534,
      0.0,
      0.4594692885875702,
      0.833652138710022
    ],
    [
      -0.41541674733161926,
      0.41541674733161926,
      -0.355922132730484,
      0.07407407462596893,
      0.3342035710811615,
      0.5831207036972046
    ],
    [
      0.03987931087613106,
      0.03987931087613106,
      0.09937393665313721,
      0.7407407164573669,
      0.6993319392204285,
      0.7991482019424438
    ],
    [
      -0.01557858008891344,
      0.01557858008891344,
      0.04391604661941528,
      0.5555555820465088,
      0.8309419751167297,
      0.5995156168937683
    ],
    [
      0.15823204815387726,
      0.15823204815387726,
      0.2177266776561737,
      0.8888888955116272,
      0.9420858025550842,
      0.7765752077102661
    ],
    [
      -0.24968864023685455,
      0.24968864023685455,
      -0.1901940107345581,
      0.2222222238779068,
      0.7438525557518005,
      0.7765752077102661
    ],
    [
      0.02528516948223114,
      0.02528516948223114,
      0.08477979898452759,
      0.7037037014961243,
      0.720413863658905,
      0.8086870908737183
    ],
    [
      -0.033641520887613297,
      0.033641520887613297,
      0.025853104889392853,
      0.4444444477558136,
      0.7062201499938965,
      0.8086870908737183
    ],
    [
      -0.005573130212724209,
      0.005573130212724209,
      0.053921494632959366,
      0.6296296119689941,
      0.6255121827125549,
      0.6037532091140747
    ],
    [
      0.14331269264221191,
      0.14331269264221191,
      0.20280732214450836,
      0.8518518805503845,
      0.9361259937286377,
      0.6917155981063843
    ],
    [
      -0.2922316789627075,
      0.2922316789627075,
      -0.23273704946041107,
      0.14814814925193787,
      0.6715531945228577,
      0.6917155981063843
    ],
    [
      -0.02379143051803112,
      0.02379143051803112,
      0.03570319712162018,
      0.48148149251937866,
      0.49021750688552856,
      0.4904511868953705
    ],
    [
      0.10285098850727081,
      0.10285098850727081,
      0.16234561800956726,
      0.8148148059844971,
      0.7321315407752991,
      0.48998385667800903
    ],
    [
      -0.3487008512020111,
      0.3487008512020111,
      -0.28920623660087585,
      0.1111111119389534,
      0.48890578746795654,
      0.4900228679180145
    ],
    [
      0.021206609904766083,
      0.021206609904766083,
      0.08070123195648193,
      0.6666666865348816,
      0.24501143395900726,
      0.4900228679180145
    ]
  ],
  "feature_names": [
    "charge",
    "abs_charge",
    "charge_centered",
    "charge_rank_norm",
    "wbo_sum",
    "wbo_max"
  ],
  "status": "ok",
  "error": null
}