{
  "canonical_smiles": "CN1CCCC1c1cccnc1",
  "xtb_valid": true,
  "atom_valid_mask": [
    [
      1.0
    ],
    [
      1.0
    ],
    [
      1.0
    ],
    [
      1.0
    ],
    [
      1.0
    ],
    [
      1.0
    ],
    [
      1.0
    ],
    [
      1.0
    ],
    [
      1.0
    ],
    [
      1.0
    ],
    [
      1.0
    ],
    [
      1.0
    ]
  ],
  "atom_features": [
    [
      -0.03237612918019295,
      0.03237612918019295,
      0.011035487055778503,
      0.4545454680919647,
      0.2544080317020416,
      0.5088160634040833
    ],
    [
      -0.19428348541259766,
      0.19428348541259766,
      -0.1508718729019165,
      0.09090909361839294,
      0.7488881945610046,
      0.5088160634040833
    ],
    [
      0.009886019863188267,
      0.009886019863188267,
      0.05329763516783714,
      0.7272727489471436,
      0.5013120174407959,
      0.5040196180343628
    ],
    [
      -0.0639832615852356,
      0.0639832615852356,
      -0.020571645349264145,
      0.1818181872367859,
      0.5026066899299622,
      0.5040196180343628
    ],
    [
      -0.060206688940525055,
      0.060206688940525055,
      -0.016795072704553604,
      0.27272728085517883,
      0.4936367869377136,
      0.5011937618255615
    ],
    [
      0.04340412840247154,
      0.04340412840247154,
      0.086815744638443,
      0.8181818127632141,
      0.7379058003425598,
      0.49937593936920166
    ],
    [
      0.0013294899836182594,
      0.0013294899836182594,
      0.044741105288267136,
      0.6363636255264282,
      0.9801773428916931,
      0.7043678164482117
    ],
    [
      -0.022987009957432747,
      0.022987009957432747,
      0.020424606278538704,
      0.5454545617103577,
      0.7392193675041199,
      0.7201439738273621
    ],
    [
      -0.044377028942108154,
      0.044377028942108154,
      -0.0009654127061367035,
      0.3636363744735718,
      0.746852695941925,
      0.7201439738273621
    ],
    [
      0.04954751953482628,
      0.04954751953482628,
      0.09295913577079773,
      0.9090909361839294,
      0.742853045463562,
      0.7181188464164734
    ],
    [
      -0.25769779086112976,
      0.25769779086112976,
      -0.2142861783504486,
      0.0,
      0.7415915727615356,
      0.7156404852867126
    ],
    [
      0.050804801285266876,
      0.050804801285266876,
      0.09421642124652863,
      1.0,
      0.7368612289428711,
      0.7156404852867126
    ]
  ],
  "feature_names": [
    "charge",
    "abs_charge",
    "charge_centered",
    "charge_rank_norm",
    "wbo_sum",
    "wbo_max"
  ],
  "status": "ok",
  "error": null
}