{
  "canonical_smiles": "COc1cc(Cc2cnc(N)nc2N)cc(OC)c1OC.Cc1cc(NS(=O)(=O)c2ccc(N)cc2)no1",
  "xtb_valid": true,
  "atom_valid_mask": [
    [
      1.0
    ],
    [
      1.0
    ],
    [
      1.0
    ],
    [
      1.0
    ],
    [
      1.0
    ],
    [
      1.0
    ],
    [
      1.0
    ],
    [
      1.0
    ],
    [
      1.0
    ],
    [
      1.0
    ],
    [
      1.0
    ],
    [
      1.0
    ],
    [
      1.0
    ],
    [
      1.0
    ],
    [
      1.0
    ],
    [
      1.0
    ],
    [
      1.0
    ],
    [
      1.0
    ],
    [
      1.0
    ],
    [
      1.0
    ],
    [
      1.0
    ],
    [
      1.0
    ],
    [
      1.0
    ],
    [
      1.0
    ],
    [
      1.0
    ],
    [
      1.0
    ],
    [
      1.0
    ],
    [
      1.0
    ],
    [
      1.0
    ],
    [
      1.0
    ],
    [
      1.0
    ],
    [
      1.0
    ],
    [
      1.0
    ],
    [
      1.0
    ],
    [
      1.0
    ],
    [
      1.0
    ],
    [
      1.0
    ],
    [
      1.0
    ]
  ],
  "atom_features": [
    [
      -0.048835739493370056,
      0.048835739493370056,
      0.03832317888736725,
      0.4864864945411682,
      0.20772811770439148,
      0.41545623540878296
    ],
    [
      -0.6277452707290649,
      0.6277452707290649,
      -0.5405863523483276,
      0.054054055362939835,
      0.3174838721752167,
      0.41545623540878296
    ],
    [
      0.35338032245635986,
      0.35338032245635986,
      0.44053924083709717,
      0.9189189076423645,
      0.883367121219635,
      1.4191429615020752
    ],
    [
      -0.2525375187397003,
      0.2525375187397003,
      -0.165378600358963,
      0.2702702581882477,
      0.43956923484802246,
      0.35360637307167053
    ],
    [
      -0.17712323367595673,
      0.17712323367595673,
      -0.08996431529521942,
      0.3243243098258972,
      0.7705530524253845,
      0.41850414872169495
    ],
    [
      0.13828250765800476,
      0.13828250765800476,
      0.22544142603874207,
      0.7837837934494019,
      0.6548448204994202,
      0.8539194464683533
    ],
    [
      0.10369744896888733,
      0.10369744896888733,
      0.19085636734962463,
      0.7297297120094299,
      0.8460775017738342,
      0.6899281144142151
    ],
    [
      -0.08939904719591141,
      0.08939904719591141,
      -0.002240128815174103,
      0.4324324429035187,
      0.6085042953491211,
      0.6417981386184692
    ],
    [
      -0.48508912324905396,
      0.48508912324905396,
      -0.39793020486831665,
      0.13513512909412384,
      0.6224266290664673,
      0.6417981386184692
    ],
    [
      -0.041293490678071976,
      0.041293490678071976,
      0.04586542770266533,
      0.5135135054588318,
      0.6327022910118103,
      0.6030550599098206
    ],
    [
      -0.5275452136993408,
      0.5275452136993408,
      -0.4403862953186035,
      0.10810811072587967,
      0.25088605284690857,
      0.42961275577545166
    ],
    [
      0.5618975758552551,
      0.5618975758552551,
      0.6490564942359924,
      1.0,
      0.9023172855377197,
      1.3338384628295898
    ],
    [
      0.3427354097366333,
      0.3427354097366333,
      0.4298943281173706,
      0.8918918967247009,
      0.7871504426002502,
      0.8573431372642517
    ],
    [
      -0.39524713158607483,
      0.39524713158607483,
      -0.3080882132053375,
      0.18918919563293457,
      0.19562621414661407,
      0.23998241126537323
    ],
    [
      -0.030948949977755547,
      0.030948949977755547,
      0.05620996654033661,
      0.5405405163764954,
      0.5818247199058533,
      0.4477127492427826
    ],
    [
      0.058891650289297104,
      0.058891650289297104,
      0.1460505723953247,
      0.6756756901741028,
      0.8408461213111877,
      0.6410680413246155
    ],
    [
      0.07002624124288559,
      0.07002624124288559,
      0.1571851670742035,
      0.7027027010917664,
      0.48425257205963135,
      0.6836245656013489
    ],
    [
      -0.26222124695777893,
      0.26222124695777893,
      -0.17506232857704163,
      0.2432432472705841,
      0.15141256153583527,
      0.228409543633461
    ],
    [
      -0.14494608342647552,
      0.14494608342647552,
      -0.05778716504573822,
      0.3513513505458832,
      0.7179247140884399,
      0.6212863326072693
    ],
    [
      0.23406462371349335,
      0.23406462371349335,
      0.32122355699539185,
      0.8648648858070374,
      0.6242411732673645,
      0.6786717176437378
    ],
    [
      -0.01106301974505186,
      0.01106301974505186,
      0.07609590142965317,
      0.5675675868988037,
      0.25293394923210144,
      0.38254451751708984
    ],
    [
      -0.4064875543117523,
      0.4064875543117523,
      -0.319328635931015,
      0.1621621549129486,
      0.21548575162887573,
      0.3588121235370636
    ],
    [
      0.4034441113471985,
      0.4034441113471985,
      0.4906030297279358,
      0.9459459185600281,
      0.9272527098655701,
      1.3338384628295898
    ],
    [
      0.0433049201965332,
      0.0433049201965332,
      0.1304638385772705,
      0.6216216087341309,
      0.6262020468711853,
      0.8573431372642517
    ],
    [
      0.0530795082449913,
      0.0530795082449913,
      0.1402384340763092,
      0.6486486196517944,
      0.789565920829773,
      0.6899281144142151
    ],
    [
      -0.10087928920984268,
      0.10087928920984268,
      -0.013720370829105377,
      0.4054054021835327,
      0.5237575769424438,
      0.8539194464683533
    ],
    [
      0.4387136995792389,
      0.4387136995792389,
      0.5258725881576538,
      0.9729729890823364,
      1.209599256515503,
      0.6690550446510315
    ],
    [
      -0.8262847661972046,
      0.8262847661972046,
      -0.7391258478164673,
      0.0,
      0.33452752232551575,
      0.6690550446510315
    ],
    [
      -0.7957168817520142,
      0.7957168817520142,
      -0.7085579633712769,
      0.027027027681469917,
      0.3174348771572113,
      0.6348697543144226
    ],
    [
      -0.0686028003692627,
      0.0686028003692627,
      0.01855611801147461,
      0.45945945382118225,
      0.760932981967926,
      0.35563531517982483
    ],
    [
      0.20881949365139008,
      0.20881949365139008,
      0.2959784269332886,
      0.837837815284729,
      0.8757428526878357,
      1.4191429615020752
    ],
    [
      -0.0006427700282074511,
      0.0006427700282074511,
      0.08651614934206009,
      0.5945945978164673,
      0.5951848030090332,
      0.6212863326072693
    ],
    [
      0.11526112258434296,
      0.11526112258434296,
      0.20242004096508026,
      0.7567567825317383,
      0.8226480484008789,
      0.6786717176437378
    ],
    [
      -0.3665006756782532,
      0.3665006756782532,
      -0.27934175729751587,
      0.21621622145175934,
      0.35742253065109253,
      0.38254451751708984
    ],
    [
      0.18486584722995758,
      0.18486584722995758,
      0.2720247507095337,
      0.8108108043670654,
      0.8652861714363098,
      0.6836245656013489
    ],
    [
      -0.11094489693641663,
      0.11094489693641663,
      -0.02378597855567932,
      0.37837839126586914,
      0.662391185760498,
      0.4477127492427826
    ],
    [
      -0.23887449502944946,
      0.23887449502944946,
      -0.15171557664871216,
      0.29729729890823364,
      0.5048498511314392,
      0.39443889260292053
    ],
    [
      -0.6135743260383606,
      0.6135743260383606,
      -0.5264154076576233,
      0.0810810774564743,
      0.2693694531917572,
      0.39443889260292053
    ]
  ],
  "feature_names": [
    "charge",
    "abs_charge",
    "charge_centered",
    "charge_rank_norm",
    "wbo_sum",
    "wbo_max"
  ],
  "status": "ok",
  "error": null
}