{
  "canonical_smiles": "N=C(N)NC(=N)NCCc1ccccc1",
  "xtb_valid": true,
  "atom_valid_mask": [
    [
      1.0
    ],
    [
      1.0
    ],
    [
      1.0
    ],
    [
      1.0
    ],
    [
      1.0
    ],
    [
      1.0
    ],
    [
      1.0
    ],
    [
      1.0
    ],
    [
      1.0
    ],
    [
      1.0
    ],
    [
      1.0
    ],
    [
      1.0
    ],
    [
      1.0
    ],
    [
      1.0
    ],
    [
      1.0
    ]
  ],
  "atom_features": [
    [
      -0.49316078424453735,
      0.49316078424453735,
      -0.3901979327201843,
      0.0,
      0.46552854776382446,
      0.8205718994140625
    ],
    [
      0.24625971913337708,
      0.24625971913337708,
      0.3492225706577301,
      1.0,
      0.9815964102745056,
      0.8205718994140625
    ],
    [
      -0.35558992624282837,
      0.35558992624282837,
      -0.25262707471847534,
      0.1428571492433548,
      0.3155807852745056,
      0.5793981552124023
    ],
    [
      -0.23061054944992065,
      0.23061054944992065,
      -0.12764769792556763,
      0.2142857164144516,
      0.5808811783790588,
      0.5632228255271912
    ],
    [
      0.23599392175674438,
      0.23599392175674438,
      0.3389567732810974,
      0.9285714030265808,
      0.9773228764533997,
      0.8250073194503784
    ],
    [
      -0.4730011522769928,
      0.4730011522769928,
      -0.37003830075263977,
      0.0714285746216774,
      0.44510605931282043,
      0.8250073194503784
    ],
    [
      -0.21812386810779572,
      0.21812386810779572,
      -0.11516102403402328,
      0.2857142984867096,
      0.5757969617843628,
      0.5898206233978271
    ],
    [
      0.003507559886202216,
      0.003507559886202216,
      0.10647040605545044,
      0.7857142686843872,
      0.4937949776649475,
      0.4965685307979584
    ],
    [
      -0.07176119834184647,
      0.07176119834184647,
      0.031201645731925964,
      0.3571428656578064,
      0.4977920353412628,
      0.5045626163482666
    ],
    [
      0.010276840068399906,
      0.010276840068399906,
      0.11323968321084976,
      0.8571428656578064,
      0.9855645298957825,
      0.7072191834449768
    ],
    [
      -0.04168977960944176,
      0.04168977960944176,
      0.06127306446433067,
      0.5,
      0.742072582244873,
      0.723260223865509
    ],
    [
      -0.036107100546360016,
      0.036107100546360016,
      0.06685574352741241,
      0.7142857313156128,
      0.7484279274940491,
      0.723260223865509
    ],
    [
      -0.038989339023828506,
      0.038989339023828506,
      0.06397350132465363,
      0.5714285969734192,
      0.746372640132904,
      0.7198464274406433
    ],
    [
      -0.037331901490688324,
      0.037331901490688324,
      0.0656309425830841,
      0.6428571343421936,
      0.748399019241333,
      0.7208706736564636
    ],
    [
      -0.044115081429481506,
      0.044115081429481506,
      0.058847762644290924,
      0.4285714328289032,
      0.7416650056838989,
      0.7208706736564636
    ]
  ],
  "feature_names": [
    "charge",
    "abs_charge",
    "charge_centered",
    "charge_rank_norm",
    "wbo_sum",
    "wbo_max"
  ],
  "status": "ok",
  "error": null
}