{
  "canonical_smiles": "CCN[C@H]1CN(CCCOC)S(=O)(=O)c2sc(S(N)(=O)=O)cc21",
  "xtb_valid": true,
  "atom_valid_mask": [
    [
      1.0
    ],
    [
      1.0
    ],
    [
      1.0
    ],
    [
      1.0
    ],
    [
      1.0
    ],
    [
      1.0
    ],
    [
      1.0
    ],
    [
      1.0
    ],
    [
      1.0
    ],
    [
      1.0
    ],
    [
      1.0
    ],
    [
      1.0
    ],
    [
      1.0
    ],
    [
      1.0
    ],
    [
      1.0
    ],
    [
      1.0
    ],
    [
      1.0
    ],
    [
      1.0
    ],
    [
      1.0
    ],
    [
      1.0
    ],
    [
      1.0
    ],
    [
      1.0
    ],
    [
      1.0
    ]
  ],
  "atom_features": [
    [
      -0.1253073364496231,
      0.1253073364496231,
      -0.046095266938209534,
      0.3636363744735718,
      0.25451743602752686,
      0.5090348720550537
    ],
    [
      0.007379460148513317,
      0.007379460148513317,
      0.08659152686595917,
      0.7272727489471436,
      0.5046266913414001,
      0.5090348720550537
    ],
    [
      -0.2774244248867035,
      0.2774244248867035,
      -0.19821235537528992,
      0.3181818127632141,
      0.4989039897918701,
      0.5002185106277466
    ],
    [
      0.03487331047654152,
      0.03487331047654152,
      0.1140853762626648,
      0.8181818127632141,
      0.7400971055030823,
      0.49758946895599365
    ],
    [
      -0.0323076993227005,
      0.0323076993227005,
      0.046904370188713074,
      0.5909090638160706,
      0.4865626096725464,
      0.4869583547115326
    ],
    [
      -0.2784283757209778,
      0.2784283757209778,
      -0.1992163062095642,
      0.27272728085517883,
      0.7193211317062378,
      0.4861668646335602
    ],
    [
      -0.013783680275082588,
      0.013783680275082588,
      0.06542839109897614,
      0.6363636255264282,
      0.49248096346855164,
      0.5011299252510071
    ],
    [
      -0.0854041799902916,
      0.0854041799902916,
      -0.006192110478878021,
      0.5,
      0.5011653304100037,
      0.5012007355690002
    ],
    [
      0.06967250257730484,
      0.06967250257730484,
      0.14888456463813782,
      0.8636363744735718,
      0.49426785111427307,
      0.5012007355690002
    ],
    [
      -0.3605993688106537,
      0.3605993688106537,
      -0.2813872992992401,
      0.22727273404598236,
      0.48934406042099,
      0.49135318398475647
    ],
    [
      0.02322511002421379,
      0.02322511002421379,
      0.10243718326091766,
      0.7727272510528564,
      0.24567659199237823,
      0.49135318398475647
    ],
    [
      1.1716783046722412,
      1.1716783046722412,
      1.2508903741836548,
      0.9545454382896423,
      1.2150651216506958,
      0.7939409017562866
    ],
    [
      -0.6362099051475525,
      0.6362099051475525,
      -0.5569978356361389,
      0.04545454680919647,
      0.4173922538757324,
      0.781672477722168
    ],
    [
      -0.6147568225860596,
      0.6147568225860596,
      -0.535544753074646,
      0.13636364042758942,
      0.42352646589279175,
      0.7939409017562866
    ],
    [
      -0.10976880043745041,
      0.10976880043745041,
      -0.030556730926036835,
      0.40909090638160706,
      0.903276264667511,
      0.7597712874412537
    ],
    [
      0.12706515192985535,
      0.12706515192985535,
      0.20627722144126892,
      0.9090909361839294,
      0.6341930031776428,
      0.6096577048301697
    ],
    [
      -0.10111039876937866,
      0.10111039876937866,
      -0.021898329257965088,
      0.4545454680919647,
      0.9096080660820007,
      0.7758015394210815
    ],
    [
      1.2009800672531128,
      1.2009800672531128,
      1.2801921367645264,
      1.0,
      1.2130604982376099,
      0.7872462868690491
    ],
    [
      -0.4888765811920166,
      0.4888765811920166,
      -0.409664511680603,
      0.1818181872367859,
      0.24065236747264862,
      0.48130473494529724
    ],
    [
      -0.6312519311904907,
      0.6312519311904907,
      -0.5520398616790771,
      0.09090909361839294,
      0.4194484055042267,
      0.7872462868690491
    ],
    [
      -0.6592287421226501,
      0.6592287421226501,
      -0.5800166726112366,
      0.0,
      0.410330206155777,
      0.7690098881721497
    ],
    [
      -0.04478681832551956,
      0.04478681832551956,
      0.03442525118589401,
      0.5454545617103577,
      0.7335405945777893,
      0.7758015394210815
    ],
    [
      0.0024935700930655003,
      0.0024935700930655003,
      0.08170563727617264,
      0.6818181872367859,
      0.9457865953445435,
      0.7597712874412537
    ]
  ],
  "feature_names": [
    "charge",
    "abs_charge",
    "charge_centered",
    "charge_rank_norm",
    "wbo_sum",
    "wbo_max"
  ],
  "status": "ok",
  "error": null
}