{
  "canonical_smiles": "CNCCC(Oc1cccc2ccccc12)c1cccs1",
  "xtb_valid": true,
  "atom_valid_mask": [
    [
      1.0
    ],
    [
      1.0
    ],
    [
      1.0
    ],
    [
      1.0
    ],
    [
      1.0
    ],
    [
      1.0
    ],
    [
      1.0
    ],
    [
      1.0
    ],
    [
      1.0
    ],
    [
      1.0
    ],
    [
      1.0
    ],
    [
      1.0
    ],
    [
      1.0
    ],
    [
      1.0
    ],
    [
      1.0
    ],
    [
      1.0
    ],
    [
      1.0
    ],
    [
      1.0
    ],
    [
      1.0
    ],
    [
      1.0
    ],
    [
      1.0
    ]
  ],
  "atom_features": [
    [
      -0.034491248428821564,
      0.034491248428821564,
      0.00827249139547348,
      0.5,
      0.2556609511375427,
      0.5113219022750854
    ],
    [
      -0.28548282384872437,
      0.28548282384872437,
      -0.24271908402442932,
      0.05000000074505806,
      0.5085766911506653,
      0.5113219022750854
    ],
    [
      0.01578797958791256,
      0.01578797958791256,
      0.05855172127485275,
      0.8999999761581421,
      0.503858745098114,
      0.5058314800262451
    ],
    [
      -0.07208216190338135,
      0.07208216190338135,
      -0.029318422079086304,
      0.10000000149011612,
      0.49620768427848816,
      0.5018860697746277
    ],
    [
      0.12053769826889038,
      0.12053769826889038,
      0.16330143809318542,
      0.949999988079071,
      0.7252722382545471,
      0.49903589487075806
    ],
    [
      -0.3401354253292084,
      0.3401354253292084,
      -0.29737168550491333,
      0.0,
      0.48183947801589966,
      0.5026997327804565
    ],
    [
      0.12992672622203827,
      0.12992672622203827,
      0.1726904660463333,
      1.0,
      0.960050642490387,
      0.7311108708381653
    ],
    [
      -0.058598700910806656,
      0.058598700910806656,
      -0.015834961086511612,
      0.20000000298023224,
      0.7067604064941406,
      0.7311108708381653
    ],
    [
      -0.03956722840666771,
      0.03956722840666771,
      0.0031965114176273346,
      0.4000000059604645,
      0.7200462222099304,
      0.7576825618743896
    ],
    [
      -0.049315210431814194,
      0.049315210431814194,
      -0.00655147060751915,
      0.30000001192092896,
      0.7323375940322876,
      0.7576825618743896
    ],
    [
      0.014653550460934639,
      0.014653550460934639,
      0.057417288422584534,
      0.8500000238418579,
      0.95566326379776,
      0.6482824087142944
    ],
    [
      -0.04073749855160713,
      0.04073749855160713,
      0.002026241272687912,
      0.3499999940395355,
      0.7366881370544434,
      0.7592614889144897
    ],
    [
      -0.03426453843712807,
      0.03426453843712807,
      0.008499201387166977,
      0.550000011920929,
      0.7200023531913757,
      0.7592614889144897
    ],
    [
      -0.03502415865659714,
      0.03502415865659714,
      0.0077395811676979065,
      0.44999998807907104,
      0.7198284268379211,
      0.7589136362075806
    ],
    [
      -0.030424049124121666,
      0.030424049124121666,
      0.012339690700173378,
      0.6499999761581421,
      0.7370262742042542,
      0.7589136362075806
    ],
    [
      -0.004028650000691414,
      0.004028650000691414,
      0.03873509168624878,
      0.75,
      0.9458242058753967,
      0.6493065357208252
    ],
    [
      -0.001754309982061386,
      0.001754309982061386,
      0.04100942984223366,
      0.800000011920929,
      0.969110369682312,
      0.7881962656974792
    ],
    [
      -0.058877721428871155,
      0.058877721428871155,
      -0.01611398160457611,
      0.15000000596046448,
      0.7160241603851318,
      0.7881962656974792
    ],
    [
      -0.0532950684428215,
      0.0532950684428215,
      -0.010531328618526459,
      0.25,
      0.7238428592681885,
      0.8038336038589478
    ],
    [
      -0.032247841358184814,
      0.032247841358184814,
      0.01051589846611023,
      0.6000000238418579,
      0.734207272529602,
      0.8038336038589478
    ],
    [
      -0.00861786026507616,
      0.00861786026507616,
      0.03414588049054146,
      0.699999988079071,
      0.5982179641723633,
      0.6050140857696533
    ]
  ],
  "feature_names": [
    "charge",
    "abs_charge",
    "charge_centered",
    "charge_rank_norm",
    "wbo_sum",
    "wbo_max"
  ],
  "status": "ok",
  "error": null
}