{
  "canonical_smiles": "COc1cccc2c1C(=O)c1c(O)c3c(c(O)c1C2=O)CC(O)(C(=O)CO)CC3OC1CC(N)C(O)C(C)O1",
  "xtb_valid": true,
  "atom_valid_mask": [
    [
      1.0
    ],
    [
      1.0
    ],
    [
      1.0
    ],
    [
      1.0
    ],
    [
      1.0
    ],
    [
      1.0
    ],
    [
      1.0
    ],
    [
      1.0
    ],
    [
      1.0
    ],
    [
      1.0
    ],
    [
      1.0
    ],
    [
      1.0
    ],
    [
      1.0
    ],
    [
      1.0
    ],
    [
      1.0
    ],
    [
      1.0
    ],
    [
      1.0
    ],
    [
      1.0
    ],
    [
      1.0
    ],
    [
      1.0
    ],
    [
      1.0
    ],
    [
      1.0
    ],
    [
      1.0
    ],
    [
      1.0
    ],
    [
      1.0
    ],
    [
      1.0
    ],
    [
      1.0
    ],
    [
      1.0
    ],
    [
      1.0
    ],
    [
      1.0
    ],
    [
      1.0
    ],
    [
      1.0
    ],
    [
      1.0
    ],
    [
      1.0
    ],
    [
      1.0
    ],
    [
      1.0
    ],
    [
      1.0
    ],
    [
      1.0
    ],
    [
      1.0
    ]
  ],
  "atom_features": [
    [
      0.031572211533784866,
      0.031572211533784866,
      0.1257854402065277,
      0.6578947305679321,
      0.235707089304924,
      0.471414178609848
    ],
    [
      -0.3234797418117523,
      0.3234797418117523,
      -0.22926650941371918,
      0.28947368264198303,
      0.49250781536102295,
      0.5136014819145203
    ],
    [
      0.1606261432170868,
      0.1606261432170868,
      0.25483936071395874,
      0.8947368264198303,
      0.938348114490509,
      0.6894325613975525
    ],
    [
      -0.044705070555210114,
      0.044705070555210114,
      0.04950816184282303,
      0.44736841320991516,
      0.7045391201972961,
      0.7196456789970398
    ],
    [
      -0.027396440505981445,
      0.027396440505981445,
      0.0668167918920517,
      0.5526315569877625,
      0.7188328504562378,
      0.7196456789970398
    ],
    [
      -0.023817839100956917,
      0.023817839100956917,
      0.07039539515972137,
      0.5789473652839661,
      0.7043699622154236,
      0.7180200815200806
    ],
    [
      -0.011292340233922005,
      0.011292340233922005,
      0.08292089402675629,
      0.6052631735801697,
      0.9402915239334106,
      0.6907199025154114
    ],
    [
      -0.02801794931292534,
      0.02801794931292534,
      0.0661952793598175,
      0.5,
      0.9266582131385803,
      0.6736622452735901
    ],
    [
      0.23998622596263885,
      0.23998622596263885,
      0.334199458360672,
      1.0,
      0.9536734819412231,
      0.8720885515213013
    ],
    [
      -0.41237878799438477,
      0.41237878799438477,
      -0.31816554069519043,
      0.15789473056793213,
      0.43604427576065063,
      0.8720885515213013
    ],
    [
      -0.04083811864256859,
      0.04083811864256859,
      0.053375113755464554,
      0.4736842215061188,
      0.9194391369819641,
      0.664707601070404
    ],
    [
      0.15383705496788025,
      0.15383705496788025,
      0.2480502873659134,
      0.8684210777282715,
      0.9390873312950134,
      0.664707601070404
    ],
    [
      -0.4289858341217041,
      0.4289858341217041,
      -0.33477258682250977,
      0.10526315867900848,
      0.2789090573787689,
      0.5578181147575378
    ],
    [
      -0.02777162939310074,
      0.02777162939310074,
      0.0664416030049324,
      0.5263158082962036,
      0.9280030131340027,
      0.7046245336532593
    ],
    [
      8.174999675247818e-05,
      8.174999675247818e-05,
      0.09429498016834259,
      0.6315789222717285,
      0.9337881803512573,
      0.7046245336532593
    ],
    [
      0.15035000443458557,
      0.15035000443458557,
      0.2445632368326187,
      0.8421052694320679,
      0.9367895722389221,
      0.6548751592636108
    ],
    [
      -0.42549726366996765,
      0.42549726366996765,
      -0.3312840461730957,
      0.1315789520740509,
      0.28196781873703003,
      0.5639356374740601
    ],
    [
      -0.05367632955312729,
      0.05367632955312729,
      0.04053690284490585,
      0.42105263471603394,
      0.9235982298851013,
      0.6547683477401733
    ],
    [
      0.22961004078388214,
      0.22961004078388214,
      0.3238232731819153,
      0.9473684430122375,
      0.9483001232147217,
      0.8328754305839539
    ],
    [
      -0.43782150745391846,
      0.43782150745391846,
      -0.3436082601547241,
      0.07894736528396606,
      0.41643771529197693,
      0.8328754305839539
    ],
    [
      -0.07238484174013138,
      0.07238484174013138,
      0.021828390657901764,
      0.3684210479259491,
      0.49082866311073303,
      0.5080766081809998
    ],
    [
      0.13187840580940247,
      0.13187840580940247,
      0.2260916382074356,
      0.8157894611358643,
      0.9627519249916077,
      0.4885612428188324
    ],
    [
      -0.5017752051353455,
      0.5017752051353455,
      -0.4075619578361511,
      0.02631578966975212,
      0.24410249292850494,
      0.4882049858570099
    ],
    [
      0.2156093269586563,
      0.2156093269586563,
      0.30982255935668945,
      0.9210526347160339,
      0.9425669312477112,
      0.9238970875740051
    ],
    [
      -0.3877478837966919,
      0.3877478837966919,
      -0.29353463649749756,
      0.21052631735801697,
      0.46194854378700256,
      0.9238970875740051
    ],
    [
      0.04672855883836746,
      0.04672855883836746,
      0.1409417986869812,
      0.6842105388641357,
      0.49237748980522156,
      0.4986751079559326
    ],
    [
      -0.48619455099105835,
      0.48619455099105835,
      -0.391981303691864,
      0.05263157933950424,
      0.2493375539779663,
      0.4986751079559326
    ],
    [
      -0.07063750922679901,
      0.07063750922679901,
      0.02357572317123413,
      0.3947368562221527,
      0.48943638801574707,
      0.49031153321266174
    ],
    [
      0.11670956760644913,
      0.11670956760644913,
      0.21092280745506287,
      0.7894737124443054,
      0.7310278415679932,
      0.4957325756549835
    ],
    [
      -0.34173640608787537,
      0.34173640608787537,
      -0.24752317368984222,
      0.2631579041481018,
      0.47506052255630493,
      0.4760115146636963
    ],
    [
      0.2376028150320053,
      0.2376028150320053,
      0.33181604743003845,
      0.9736841917037964,
      0.7263433337211609,
      0.49035486578941345
    ],
    [
      -0.08928491920232773,
      0.08928491920232773,
      0.004928313195705414,
      0.34210526943206787,
      0.49391642212867737,
      0.4974779784679413
    ],
    [
      0.0585758313536644,
      0.0585758313536644,
      0.15278905630111694,
      0.7105262875556946,
      0.7453294992446899,
      0.5058069229125977
    ],
    [
      -0.3963927626609802,
      0.3963927626609802,
      -0.3021795153617859,
      0.18421052396297455,
      0.25290346145629883,
      0.5058069229125977
    ],
    [
      0.08620932698249817,
      0.08620932698249817,
      0.1804225593805313,
      0.7368420958518982,
      0.7309797406196594,
      0.4911026954650879
    ],
    [
      -0.5113551616668701,
      0.5113551616668701,
      -0.4171419143676758,
      0.0,
      0.24555134773254395,
      0.4911026954650879
    ],
    [
      0.09685473889112473,
      0.09685473889112473,
      0.19106796383857727,
      0.7631579041481018,
      0.7304421663284302,
      0.5014570951461792
    ],
    [
      -0.12912927567958832,
      0.12912927567958832,
      -0.034916043281555176,
      0.31578946113586426,
      0.2507285475730896,
      0.5014570951461792
    ],
    [
      -0.3582308888435364,
      0.3582308888435364,
      -0.26401764154434204,
      0.2368421107530594,
      0.48208341002464294,
      0.48822227120399475
    ]
  ],
  "feature_names": [
    "charge",
    "abs_charge",
    "charge_centered",
    "charge_rank_norm",
    "wbo_sum",
    "wbo_max"
  ],
  "status": "ok",
  "error": null
}