{
  "canonical_smiles": "CN1CCCCC1CCN1c2ccccc2Sc2ccc(S(C)=O)cc21",
  "xtb_valid": true,
  "atom_valid_mask": [
    [
      1.0
    ],
    [
      1.0
    ],
    [
      1.0
    ],
    [
      1.0
    ],
    [
      1.0
    ],
    [
      1.0
    ],
    [
      1.0
    ],
    [
      1.0
    ],
    [
      1.0
    ],
    [
      1.0
    ],
    [
      1.0
    ],
    [
      1.0
    ],
    [
      1.0
    ],
    [
      1.0
    ],
    [
      1.0
    ],
    [
      1.0
    ],
    [
      1.0
    ],
    [
      1.0
    ],
    [
      1.0
    ],
    [
      1.0
    ],
    [
      1.0
    ],
    [
      1.0
    ],
    [
      1.0
    ],
    [
      1.0
    ],
    [
      1.0
    ],
    [
      1.0
    ]
  ],
  "atom_features": [
    [
      -0.032035429030656815,
      0.032035429030656815,
      0.015119943767786026,
      0.6399999856948853,
      0.25356245040893555,
      0.5071249008178711
    ],
    [
      -0.19695980846881866,
      0.19695980846881866,
      -0.14980444312095642,
      0.03999999910593033,
      0.7503399848937988,
      0.5071249008178711
    ],
    [
      0.0014383300440385938,
      0.0014383300440385938,
      0.04859370365738869,
      0.7599999904632568,
      0.49990394711494446,
      0.5011017322540283
    ],
    [
      -0.06163201108574867,
      0.06163201108574867,
      -0.014476638287305832,
      0.2800000011920929,
      0.501667857170105,
      0.5046295523643494
    ],
    [
      -0.0551338791847229,
      0.0551338791847229,
      -0.00797850638628006,
      0.4000000059604645,
      0.5046907067298889,
      0.5047518014907837
    ],
    [
      -0.059879690408706665,
      0.059879690408706665,
      -0.012724317610263824,
      0.3199999928474426,
      0.4991148114204407,
      0.5047518014907837
    ],
    [
      0.04311976954340935,
      0.04311976954340935,
      0.09027513861656189,
      0.8799999952316284,
      0.7405275702476501,
      0.495123952627182
    ],
    [
      -0.07592560350894928,
      0.07592560350894928,
      -0.02877023071050644,
      0.20000000298023224,
      0.4971182346343994,
      0.4991125464439392
    ],
    [
      -0.013409620150923729,
      0.013409620150923729,
      0.03374575078487396,
      0.7200000286102295,
      0.4923337697982788,
      0.4991125464439392
    ],
    [
      -0.08758793771266937,
      0.08758793771266937,
      -0.04043256491422653,
      0.1599999964237213,
      0.7872540354728699,
      0.5484639406204224
    ],
    [
      0.060001470148563385,
      0.060001470148563385,
      0.10715684294700623,
      0.9200000166893005,
      0.9449930787086487,
      0.682135820388794
    ],
    [
      -0.0571461096405983,
      0.0571461096405983,
      -0.009990736842155457,
      0.36000001430511475,
      0.7008529901504517,
      0.7195701599121094
    ],
    [
      -0.03935901075601578,
      0.03935901075601578,
      0.007796362042427063,
      0.5600000023841858,
      0.7178428173065186,
      0.7195701599121094
    ],
    [
      -0.042776789516210556,
      0.042776789516210556,
      0.0043785832822322845,
      0.5199999809265137,
      0.7158300280570984,
      0.7161154747009277
    ],
    [
      -0.04388583078980446,
      0.04388583078980446,
      0.003269542008638382,
      0.47999998927116394,
      0.7088866233825684,
      0.7155446410179138
    ],
    [
      0.030539879575371742,
      0.030539879575371742,
      0.07769525051116943,
      0.800000011920929,
      0.9379866123199463,
      0.7022286057472229
    ],
    [
      -0.16813087463378906,
      0.16813087463378906,
      -0.12097550183534622,
      0.07999999821186066,
      0.5101069211959839,
      0.5138303637504578
    ],
    [
      0.03326752036809921,
      0.03326752036809921,
      0.08042289316654205,
      0.8399999737739563,
      0.9385933876037598,
      0.7033022046089172
    ],
    [
      -0.04489045962691307,
      0.04489045962691307,
      0.00226491317152977,
      0.4399999976158142,
      0.7074686884880066,
      0.711635172367096
    ],
    [
      -0.03681764006614685,
      0.03681764006614685,
      0.01033773273229599,
      0.6000000238418579,
      0.7086262702941895,
      0.711635172367096
    ],
    [
      -0.023246219381690025,
      0.023246219381690025,
      0.023909153416752815,
      0.6800000071525574,
      0.9377098679542542,
      0.7056174278259277
    ],
    [
      0.42764991521835327,
      0.42764991521835327,
      0.4748052954673767,
      1.0,
      0.8952429294586182,
      0.8422974348068237
    ],
    [
      -0.14377789199352264,
      0.14377789199352264,
      -0.0966225191950798,
      0.11999999731779099,
      0.23979273438453674,
      0.4795854687690735
    ],
    [
      -0.6448808312416077,
      0.6448808312416077,
      -0.5977254509925842,
      0.0,
      0.42114871740341187,
      0.8422974348068237
    ],
    [
      -0.06354279816150665,
      0.06354279816150665,
      -0.016387425363063812,
      0.23999999463558197,
      0.6920596361160278,
      0.7011992931365967
    ],
    [
      0.06896194815635681,
      0.06896194815635681,
      0.11611732095479965,
      0.9599999785423279,
      0.9457190632820129,
      0.6829200387001038
    ]
  ],
  "feature_names": [
    "charge",
    "abs_charge",
    "charge_centered",
    "charge_rank_norm",
    "wbo_sum",
    "wbo_max"
  ],
  "status": "ok",
  "error": null
}