{
  "canonical_smiles": "CC(C(=O)O)c1ccc(C(=O)c2cccs2)cc1",
  "xtb_valid": true,
  "atom_valid_mask": [
    [
      1.0
    ],
    [
      1.0
    ],
    [
      1.0
    ],
    [
      1.0
    ],
    [
      1.0
    ],
    [
      1.0
    ],
    [
      1.0
    ],
    [
      1.0
    ],
    [
      1.0
    ],
    [
      1.0
    ],
    [
      1.0
    ],
    [
      1.0
    ],
    [
      1.0
    ],
    [
      1.0
    ],
    [
      1.0
    ],
    [
      1.0
    ],
    [
      1.0
    ],
    [
      1.0
    ]
  ],
  "atom_features": [
    [
      -0.11199717968702316,
      0.11199717968702316,
      -0.05015861988067627,
      0.1764705926179886,
      0.24762418866157532,
      0.49524837732315063
    ],
    [
      -0.04203537106513977,
      0.04203537106513977,
      0.019803188741207123,
      0.29411765933036804,
      0.7313967347145081,
      0.49524837732315063
    ],
    [
      0.3638535439968109,
      0.3638535439968109,
      0.4256921112537384,
      1.0,
      0.9611836075782776,
      0.8609229326248169
    ],
    [
      -0.46935394406318665,
      0.46935394406318665,
      -0.40751537680625916,
      0.0,
      0.47349813580513,
      0.8609229326248169
    ],
    [
      -0.4242195785045624,
      0.4242195785045624,
      -0.3623810112476349,
      0.11764705926179886,
      0.3334105908870697,
      0.5807478427886963
    ],
    [
      0.025781570002436638,
      0.025781570002436638,
      0.08762013167142868,
      0.8235294222831726,
      0.9458097219467163,
      0.7027766704559326
    ],
    [
      -0.033803898841142654,
      0.033803898841142654,
      0.02803466096520424,
      0.47058823704719543,
      0.7410151362419128,
      0.7266300320625305
    ],
    [
      -0.02088060975074768,
      0.02088060975074768,
      0.04095795005559921,
      0.5882353186607361,
      0.7360656261444092,
      0.7266300320625305
    ],
    [
      -0.011902210302650928,
      0.011902210302650928,
      0.04993635043501854,
      0.7058823704719543,
      0.9445111155509949,
      0.6925652027130127
    ],
    [
      0.22740525007247925,
      0.22740525007247925,
      0.28924381732940674,
      0.9411764740943909,
      0.9516322612762451,
      0.8509469032287598
    ],
    [
      -0.46248701214790344,
      0.46248701214790344,
      -0.40064844489097595,
      0.05882352963089943,
      0.4254734516143799,
      0.8509469032287598
    ],
    [
      -0.010981690138578415,
      0.010981690138578415,
      0.05085686966776848,
      0.7647058963775635,
      0.9336353540420532,
      0.744027316570282
    ],
    [
      -0.03889627009630203,
      0.03889627009630203,
      0.02294228971004486,
      0.3529411852359772,
      0.731025755405426,
      0.744027316570282
    ],
    [
      -0.04769635945558548,
      0.04769635945558548,
      0.014142200350761414,
      0.23529411852359772,
      0.723472535610199,
      0.78474360704422
    ],
    [
      -0.01996530033648014,
      0.01996530033648014,
      0.0418732613325119,
      0.6470588445663452,
      0.7048493027687073,
      0.78474360704422
    ],
    [
      0.03289971873164177,
      0.03289971873164177,
      0.09473827481269836,
      0.8823529481887817,
      0.6280139088630676,
      0.6249550580978394
    ],
    [
      -0.031335148960351944,
      0.031335148960351944,
      0.03050341084599495,
      0.529411792755127,
      0.7354702353477478,
      0.7249691486358643
    ],
    [
      -0.03747960925102234,
      0.03747960925102234,
      0.024358950555324554,
      0.4117647111415863,
      0.7405572533607483,
      0.7249691486358643
    ]
  ],
  "feature_names": [
    "charge",
    "abs_charge",
    "charge_centered",
    "charge_rank_norm",
    "wbo_sum",
    "wbo_max"
  ],
  "status": "ok",
  "error": null
}