{
  "canonical_smiles": "Cc1ncc([N+](=O)[O-])n1CCO",
  "xtb_valid": true,
  "atom_valid_mask": [
    [
      1.0
    ],
    [
      1.0
    ],
    [
      1.0
    ],
    [
      1.0
    ],
    [
      1.0
    ],
    [
      1.0
    ],
    [
      1.0
    ],
    [
      1.0
    ],
    [
      1.0
    ],
    [
      1.0
    ],
    [
      1.0
    ],
    [
      1.0
    ]
  ],
  "atom_features": [
    [
      -0.14750497043132782,
      0.14750497043132782,
      -0.06083457171916962,
      0.3636363744735718,
      0.2606320083141327,
      0.5212640166282654
    ],
    [
      0.14368468523025513,
      0.14368468523025513,
      0.23035508394241333,
      0.9090909361839294,
      0.9360334277153015,
      0.7327613234519958
    ],
    [
      -0.27464109659194946,
      0.27464109659194946,
      -0.18797069787979126,
      0.27272728085517883,
      0.7014454007148743,
      0.7327613234519958
    ],
    [
      0.02715476043522358,
      0.02715476043522358,
      0.11382515728473663,
      0.6363636255264282,
      0.6959215998649597,
      0.7217137813568115
    ],
    [
      0.03969353064894676,
      0.03969353064894676,
      0.12636393308639526,
      0.7272727489471436,
      0.9101828336715698,
      0.7217137813568115
    ],
    [
      0.5474833250045776,
      0.5474833250045776,
      0.6341537237167358,
      1.0,
      0.9576768279075623,
      0.7024407982826233
    ],
    [
      -0.43896064162254333,
      0.43896064162254333,
      -0.35229024291038513,
      0.1818181872367859,
      0.4304857850074768,
      0.7014485597610474
    ],
    [
      -0.4481496214866638,
      0.4481496214866638,
      -0.3614792227745056,
      0.09090909361839294,
      0.43098190426826477,
      0.7024407982826233
    ],
    [
      -0.01010563038289547,
      0.01010563038289547,
      0.07656476646661758,
      0.5454545617103577,
      0.8468400239944458,
      0.618041455745697
    ],
    [
      -0.022549180313944817,
      0.022549180313944817,
      0.06412121653556824,
      0.4545454680919647,
      0.4931076467037201,
      0.4977641701698303
    ],
    [
      0.07538004219532013,
      0.07538004219532013,
      0.16205044090747833,
      0.8181818127632141,
      0.49591317772865295,
      0.4977641701698303
    ],
    [
      -0.5315300822257996,
      0.5315300822257996,
      -0.44485968351364136,
      0.0,
      0.247031107544899,
      0.494062215089798
    ]
  ],
  "feature_names": [
    "charge",
    "abs_charge",
    "charge_centered",
    "charge_rank_norm",
    "wbo_sum",
    "wbo_max"
  ],
  "status": "ok",
  "error": null
}