{
  "canonical_smiles": "Fc1ccc(C(OCCN2CCN(CCCc3ccccc3)CC2)c2ccc(F)cc2)cc1",
  "xtb_valid": true,
  "atom_valid_mask": [
    [
      1.0
    ],
    [
      1.0
    ],
    [
      1.0
    ],
    [
      1.0
    ],
    [
      1.0
    ],
    [
      1.0
    ],
    [
      1.0
    ],
    [
      1.0
    ],
    [
      1.0
    ],
    [
      1.0
    ],
    [
      1.0
    ],
    [
      1.0
    ],
    [
      1.0
    ],
    [
      1.0
    ],
    [
      1.0
    ],
    [
      1.0
    ],
    [
      1.0
    ],
    [
      1.0
    ],
    [
      1.0
    ],
    [
      1.0
    ],
    [
      1.0
    ],
    [
      1.0
    ],
    [
      1.0
    ],
    [
      1.0
    ],
    [
      1.0
    ],
    [
      1.0
    ],
    [
      1.0
    ],
    [
      1.0
    ],
    [
      1.0
    ],
    [
      1.0
    ],
    [
      1.0
    ],
    [
      1.0
    ],
    [
      1.0
    ]
  ],
  "atom_features": [
    [
      -0.2616862952709198,
      0.2616862952709198,
      -0.219081312417984,
      0.0625,
      0.23329539597034454,
      0.4665907919406891
    ],
    [
      0.16904288530349731,
      0.16904288530349731,
      0.2116478681564331,
      1.0,
      0.9320347905158997,
      0.6991865038871765
    ],
    [
      -0.05597709119319916,
      0.05597709119319916,
      -0.013372112065553665,
      0.25,
      0.7378309369087219,
      0.7223649621009827
    ],
    [
      -0.030616499483585358,
      0.030616499483585358,
      0.011988479644060135,
      0.59375,
      0.7417576909065247,
      0.7223649621009827
    ],
    [
      0.008590079843997955,
      0.008590079843997955,
      0.05119505897164345,
      0.78125,
      0.9493626356124878,
      0.7063261866569519
    ],
    [
      0.09959737211465836,
      0.09959737211465836,
      0.14220234751701355,
      0.9375,
      0.7272429466247559,
      0.4878413677215576
    ],
    [
      -0.3409025967121124,
      0.3409025967121124,
      -0.29829761385917664,
      0.0,
      0.4849172532558441,
      0.48989158868789673
    ],
    [
      0.06647509336471558,
      0.06647509336471558,
      0.10908007621765137,
      0.90625,
      0.49276500940322876,
      0.4956384301185608
    ],
    [
      -0.0008209099760279059,
      0.0008209099760279059,
      0.04178407043218613,
      0.6875,
      0.49753087759017944,
      0.4994233548641205
    ],
    [
      -0.19658301770687103,
      0.19658301770687103,
      -0.15397803485393524,
      0.125,
      0.7498695254325867,
      0.5006186366081238
    ],
    [
      -0.003748849965631962,
      0.003748849965631962,
      0.038856130093336105,
      0.65625,
      0.4978526830673218,
      0.49969708919525146
    ],
    [
      0.007887830026447773,
      0.007887830026447773,
      0.05049280822277069,
      0.75,
      0.4978256821632385,
      0.4996430575847626
    ],
    [
      -0.19849428534507751,
      0.19849428534507751,
      -0.15588930249214172,
      0.09375,
      0.7493272423744202,
      0.5000861883163452
    ],
    [
      0.009038340300321579,
      0.009038340300321579,
      0.05164331942796707,
      0.84375,
      0.49912360310554504,
      0.49932193756103516
    ],
    [
      -0.05947539955377579,
      0.05947539955377579,
      -0.016870420426130295,
      0.1875,
      0.49781298637390137,
      0.49932193756103516
    ],
    [
      -0.06465548276901245,
      0.06465548276901245,
      -0.02205050364136696,
      0.15625,
      0.5006375312805176,
      0.5049710869789124
    ],
    [
      0.010850770398974419,
      0.010850770398974419,
      0.05345574766397476,
      0.875,
      0.9856942892074585,
      0.706678032875061
    ],
    [
      -0.04270054027438164,
      0.04270054027438164,
      -9.556114673614502e-05,
      0.375,
      0.7419216632843018,
      0.7230021357536316
    ],
    [
      -0.03721468895673752,
      0.03721468895673752,
      0.005390290170907974,
      0.5,
      0.7483917474746704,
      0.7230021357536316
    ],
    [
      -0.039641860872507095,
      0.039641860872507095,
      0.002963118255138397,
      0.4375,
      0.7463338971138,
      0.7196034789085388
    ],
    [
      -0.0374436192214489,
      0.0374436192214489,
      0.005161359906196594,
      0.46875,
      0.7483433485031128,
      0.7213128805160522
    ],
    [
      -0.04326539859175682,
      0.04326539859175682,
      -0.0006604194641113281,
      0.34375,
      0.7416882514953613,
      0.7213128805160522
    ],
    [
      0.008777589537203312,
      0.008777589537203312,
      0.05138256773352623,
      0.8125,
      0.4978715181350708,
      0.5000861883163452
    ],
    [
      -0.0046884301118552685,
      0.0046884301118552685,
      0.03791654855012894,
      0.625,
      0.4981377422809601,
      0.5006186366081238
    ],
    [
      0.0023251499515026808,
      0.0023251499515026808,
      0.04493013024330139,
      0.71875,
      0.9491446018218994,
      0.7069543600082397
    ],
    [
      -0.04148845002055168,
      0.04148845002055168,
      0.001116529107093811,
      0.40625,
      0.7413977980613708,
      0.7236363887786865
    ],
    [
      -0.05559195950627327,
      0.05559195950627327,
      -0.012986980378627777,
      0.3125,
      0.7378687858581543,
      0.7236363887786865
    ],
    [
      0.16851039230823517,
      0.16851039230823517,
      0.21111537516117096,
      0.96875,
      0.9318956732749939,
      0.7000144720077515
    ],
    [
      -0.2621806561946869,
      0.2621806561946869,
      -0.2195756733417511,
      0.03125,
      0.23317678272724152,
      0.46635356545448303
    ],
    [
      -0.05612289160490036,
      0.05612289160490036,
      -0.013517912477254868,
      0.21875,
      0.7377811074256897,
      0.7198820114135742
    ],
    [
      -0.03143395110964775,
      0.03143395110964775,
      0.011171028017997742,
      0.5625,
      0.7407571077346802,
      0.7198820114135742
    ],
    [
      -0.03654405102133751,
      0.03654405102133751,
      0.006060928106307983,
      0.53125,
      0.7410752773284912,
      0.7208197116851807
    ],
    [
      -0.05578279122710228,
      0.05578279122710228,
      -0.013177812099456787,
      0.28125,
      0.7377296090126038,
      0.7208197116851807
    ]
  ],
  "feature_names": [
    "charge",
    "abs_charge",
    "charge_centered",
    "charge_rank_norm",
    "wbo_sum",
    "wbo_max"
  ],
  "status": "ok",
  "error": null
}