{
  "canonical_smiles": "COC(=O)C1=C(C)NC(C)=C(C(=O)OC)C1c1ccccc1[N+](=O)[O-]",
  "xtb_valid": true,
  "atom_valid_mask": [
    [
      1.0
    ],
    [
      1.0
    ],
    [
      1.0
    ],
    [
      1.0
    ],
    [
      1.0
    ],
    [
      1.0
    ],
    [
      1.0
    ],
    [
      1.0
    ],
    [
      1.0
    ],
    [
      1.0
    ],
    [
      1.0
    ],
    [
      1.0
    ],
    [
      1.0
    ],
    [
      1.0
    ],
    [
      1.0
    ],
    [
      1.0
    ],
    [
      1.0
    ],
    [
      1.0
    ],
    [
      1.0
    ],
    [
      1.0
    ],
    [
      1.0
    ],
    [
      1.0
    ],
    [
      1.0
    ],
    [
      1.0
    ],
    [
      1.0
    ]
  ],
  "atom_features": [
    [
      0.017592620104551315,
      0.017592620104551315,
      0.07920984923839569,
      0.75,
      0.23687121272087097,
      0.47374242544174194
    ],
    [
      -0.2695443034172058,
      0.2695443034172058,
      -0.20792707800865173,
      0.1666666716337204,
      0.5629997849464417,
      0.5677410960197449
    ],
    [
      0.36269593238830566,
      0.36269593238830566,
      0.42431315779685974,
      0.9583333134651184,
      0.9559765458106995,
      0.8485648036003113
    ],
    [
      -0.4716877341270447,
      0.4716877341270447,
      -0.4100705087184906,
      0.0416666679084301,
      0.4665404260158539,
      0.8485648036003113
    ],
    [
      -0.07093168050050735,
      0.07093168050050735,
      -0.009314455091953278,
      0.4166666567325592,
      0.9108306169509888,
      0.8440156579017639
    ],
    [
      0.07884105294942856,
      0.07884105294942856,
      0.14045828580856323,
      0.8333333134651184,
      0.9616049528121948,
      0.8440156579017639
    ],
    [
      -0.1379765123128891,
      0.1379765123128891,
      -0.07635928690433502,
      0.2916666567325592,
      0.2558482587337494,
      0.5116965174674988
    ],
    [
      -0.12598873674869537,
      0.12598873674869537,
      -0.0643715113401413,
      0.3333333432674408,
      0.5745759010314941,
      0.5816540718078613
    ],
    [
      0.08628720790147781,
      0.08628720790147781,
      0.1479044258594513,
      0.875,
      0.9565345644950867,
      0.8191453814506531
    ],
    [
      -0.14238767325878143,
      0.14238767325878143,
      -0.08077044785022736,
      0.25,
      0.25613486766815186,
      0.5122697353363037
    ],
    [
      -0.07649389654397964,
      0.07649389654397964,
      -0.014876671135425568,
      0.375,
      0.9105654358863831,
      0.8191453814506531
    ],
    [
      0.3500928580760956,
      0.3500928580760956,
      0.41171008348464966,
      0.9166666865348816,
      0.9535543918609619,
      0.826829731464386
    ],
    [
      -0.5098404884338379,
      0.5098404884338379,
      -0.4482232630252838,
      0.0,
      0.4525011479854584,
      0.826829731464386
    ],
    [
      -0.26935264468193054,
      0.26935264468193054,
      -0.20773541927337646,
      0.2083333283662796,
      0.556115448474884,
      0.5590080618858337
    ],
    [
      0.016513990238308907,
      0.016513990238308907,
      0.07813121378421783,
      0.7083333134651184,
      0.23752515017986298,
      0.47505030035972595
    ],
    [
      6.648000271525234e-05,
      6.648000271525234e-05,
      0.06168370693922043,
      0.625,
      0.7257371544837952,
      0.488761305809021
    ],
    [
      0.026417119428515434,
      0.026417119428515434,
      0.08803434669971466,
      0.7916666865348816,
      0.9599486589431763,
      0.7015673518180847
    ],
    [
      -0.02892437018454075,
      0.02892437018454075,
      0.03269285708665848,
      0.4583333432674408,
      0.739761471748352,
      0.7231422066688538
    ],
    [
      -0.023140430450439453,
      0.023140430450439453,
      0.038476794958114624,
      0.5416666865348816,
      0.7173354625701904,
      0.7231422066688538
    ],
    [
      -0.028746919706463814,
      0.028746919706463814,
      0.03287030756473541,
      0.5,
      0.7443856000900269,
      0.7260320782661438
    ],
    [
      -0.021966759115457535,
      0.021966759115457535,
      0.03965046629309654,
      0.5833333134651184,
      0.7321524620056152,
      0.7260320782661438
    ],
    [
      0.01261083036661148,
      0.01261083036661148,
      0.07422805577516556,
      0.6666666865348816,
      0.9184369444847107,
      0.683459460735321
    ],
    [
      0.5477373003959656,
      0.5477373003959656,
      0.6093544960021973,
      1.0,
      0.9578147530555725,
      0.7229077816009521
    ],
    [
      -0.4357968866825104,
      0.4357968866825104,
      -0.3741796612739563,
      0.0833333358168602,
      0.4445691704750061,
      0.7176656126976013
    ],
    [
      -0.42650696635246277,
      0.42650696635246277,
      -0.3648897409439087,
      0.125,
      0.4471902549266815,
      0.7229077816009521
    ]
  ],
  "feature_names": [
    "charge",
    "abs_charge",
    "charge_centered",
    "charge_rank_norm",
    "wbo_sum",
    "wbo_max"
  ],
  "status": "ok",
  "error": null
}