{
  "canonical_smiles": "Cc1c(N(C)CS(=O)(=O)O)c(=O)n(-c2ccccc2)n1C",
  "xtb_valid": true,
  "atom_valid_mask": [
    [
      1.0
    ],
    [
      1.0
    ],
    [
      1.0
    ],
    [
      1.0
    ],
    [
      1.0
    ],
    [
      1.0
    ],
    [
      1.0
    ],
    [
      1.0
    ],
    [
      1.0
    ],
    [
      1.0
    ],
    [
      1.0
    ],
    [
      1.0
    ],
    [
      1.0
    ],
    [
      1.0
    ],
    [
      1.0
    ],
    [
      1.0
    ],
    [
      1.0
    ],
    [
      1.0
    ],
    [
      1.0
    ],
    [
      1.0
    ],
    [
      1.0
    ]
  ],
  "atom_features": [
    [
      -0.1390891671180725,
      0.1390891671180725,
      -0.06257620453834534,
      0.20000000298023224,
      0.25594329833984375,
      0.5118865966796875
    ],
    [
      0.03237583115696907,
      0.03237583115696907,
      0.10888879001140594,
      0.8500000238418579,
      0.9235804080963135,
      0.7864747047424316
    ],
    [
      -0.021492840722203255,
      0.021492840722203255,
      0.05502012372016907,
      0.800000011920929,
      0.9266013503074646,
      0.7864747047424316
    ],
    [
      -0.08349823206663132,
      0.08349823206663132,
      -0.006985269486904144,
      0.30000001192092896,
      0.7840606570243835,
      0.5512955188751221
    ],
    [
      -0.08064307272434235,
      0.08064307272434235,
      -0.004130110144615173,
      0.3499999940395355,
      0.24793365597724915,
      0.4958673119544983
    ],
    [
      -0.11540558189153671,
      0.11540558189153671,
      -0.03889261931180954,
      0.25,
      0.4832698404788971,
      0.5209585428237915
    ],
    [
      1.346496343612671,
      1.346496343612671,
      1.4230092763900757,
      1.0,
      1.1804109811782837,
      0.7634715437889099
    ],
    [
      -0.6845238208770752,
      0.6845238208770752,
      -0.6080108880996704,
      0.0,
      0.42916789650917053,
      0.7565790414810181
    ],
    [
      -0.674691379070282,
      0.674691379070282,
      -0.5981783866882324,
      0.05000000074505806,
      0.43310579657554626,
      0.7634715437889099
    ],
    [
      -0.5820438861846924,
      0.5820438861846924,
      -0.5055309534072876,
      0.10000000149011612,
      0.24815277755260468,
      0.49630555510520935
    ],
    [
      0.23868077993392944,
      0.23868077993392944,
      0.3151937425136566,
      0.949999988079071,
      0.9423305988311768,
      0.7898437976837158
    ],
    [
      -0.5372921824455261,
      0.5372921824455261,
      -0.46077921986579895,
      0.15000000596046448,
      0.432079553604126,
      0.7898437976837158
    ],
    [
      -0.04173263907432556,
      0.04173263907432556,
      0.03478032350540161,
      0.6000000238418579,
      0.8356636166572571,
      0.579384982585907
    ],
    [
      0.06586635857820511,
      0.06586635857820511,
      0.14237931370735168,
      0.8999999761581421,
      0.946784257888794,
      0.6886566877365112
    ],
    [
      -0.052355989813804626,
      0.052355989813804626,
      0.024156972765922546,
      0.5,
      0.731837272644043,
      0.7231581211090088
    ],
    [
      -0.03604656830430031,
      0.03604656830430031,
      0.040466394275426865,
      0.699999988079071,
      0.7477622628211975,
      0.7231581211090088
    ],
    [
      -0.03994853049516678,
      0.03994853049516678,
      0.036564432084560394,
      0.6499999761581421,
      0.7178718447685242,
      0.7181895971298218
    ],
    [
      -0.034348320215940475,
      0.034348320215940475,
      0.0421646423637867,
      0.75,
      0.7474940419197083,
      0.7222217917442322
    ],
    [
      -0.04633722081780434,
      0.04633722081780434,
      0.030175741761922836,
      0.550000011920929,
      0.7328453660011292,
      0.7222217917442322
    ],
    [
      -0.05410049110651016,
      0.05410049110651016,
      0.02241247147321701,
      0.44999998807907104,
      0.7648826837539673,
      0.548799455165863
    ],
    [
      -0.06664139032363892,
      0.06664139032363892,
      0.009871572256088257,
      0.4000000059604645,
      0.2411554902791977,
      0.4823109805583954
    ]
  ],
  "feature_names": [
    "charge",
    "abs_charge",
    "charge_centered",
    "charge_rank_norm",
    "wbo_sum",
    "wbo_max"
  ],
  "status": "ok",
  "error": null
}