{
  "canonical_smiles": "Cc1cccc(C)c1OCC(C)N",
  "xtb_valid": true,
  "atom_valid_mask": [
    [
      1.0
    ],
    [
      1.0
    ],
    [
      1.0
    ],
    [
      1.0
    ],
    [
      1.0
    ],
    [
      1.0
    ],
    [
      1.0
    ],
    [
      1.0
    ],
    [
      1.0
    ],
    [
      1.0
    ],
    [
      1.0
    ],
    [
      1.0
    ],
    [
      1.0
    ]
  ],
  "atom_features": [
    [
      -0.10908456146717072,
      0.10908456146717072,
      -0.03329623490571976,
      0.25,
      0.2570454478263855,
      0.514090895652771
    ],
    [
      -0.006600299850106239,
      0.006600299850106239,
      0.06918802857398987,
      0.75,
      0.9776888489723206,
      0.7059209942817688
    ],
    [
      -0.053793471306562424,
      0.053793471306562424,
      0.021994855254888535,
      0.5,
      0.7386693358421326,
      0.7193545699119568
    ],
    [
      -0.04718615114688873,
      0.04718615114688873,
      0.028602175414562225,
      0.5833333134651184,
      0.7452269792556763,
      0.7208748459815979
    ],
    [
      -0.054160840809345245,
      0.054160840809345245,
      0.021627485752105713,
      0.4166666567325592,
      0.7387785911560059,
      0.7208748459815979
    ],
    [
      -0.008949819952249527,
      0.008949819952249527,
      0.06683850288391113,
      0.6666666865348816,
      0.9778116941452026,
      0.7041976451873779
    ],
    [
      -0.10860785096883774,
      0.10860785096883774,
      -0.03281952440738678,
      0.3333333432674408,
      0.25672397017478943,
      0.5134479403495789
    ],
    [
      0.11694612354040146,
      0.11694612354040146,
      0.19273445010185242,
      1.0,
      0.9588130712509155,
      0.6859148144721985
    ],
    [
      -0.3358570337295532,
      0.3358570337295532,
      -0.26006871461868286,
      0.0833333358168602,
      0.48602592945098877,
      0.498605877161026
    ],
    [
      0.08067657053470612,
      0.08067657053470612,
      0.15646490454673767,
      0.9166666865348816,
      0.4832933247089386,
      0.49314069747924805
    ],
    [
      0.050206419080495834,
      0.050206419080495834,
      0.1259947419166565,
      0.8333333134651184,
      0.7499966621398926,
      0.5070791244506836
    ],
    [
      -0.1235581487417221,
      0.1235581487417221,
      -0.04776982218027115,
      0.1666666716337204,
      0.24988679587841034,
      0.4997735917568207
    ],
    [
      -0.3852790892124176,
      0.3852790892124176,
      -0.30949077010154724,
      0.0,
      0.2535395622253418,
      0.5070791244506836
    ]
  ],
  "feature_names": [
    "charge",
    "abs_charge",
    "charge_centered",
    "charge_rank_norm",
    "wbo_sum",
    "wbo_max"
  ],
  "status": "ok",
  "error": null
}