{
  "canonical_smiles": "Cc1nnc2n1-c1sc(Br)cc1C(c1ccccc1Cl)=NC2",
  "xtb_valid": true,
  "atom_valid_mask": [
    [
      1.0
    ],
    [
      1.0
    ],
    [
      1.0
    ],
    [
      1.0
    ],
    [
      1.0
    ],
    [
      1.0
    ],
    [
      1.0
    ],
    [
      1.0
    ],
    [
      1.0
    ],
    [
      1.0
    ],
    [
      1.0
    ],
    [
      1.0
    ],
    [
      1.0
    ],
    [
      1.0
    ],
    [
      1.0
    ],
    [
      1.0
    ],
    [
      1.0
    ],
    [
      1.0
    ],
    [
      1.0
    ],
    [
      1.0
    ],
    [
      1.0
    ],
    [
      1.0
    ]
  ],
  "atom_features": [
    [
      -0.14235126972198486,
      0.14235126972198486,
      -0.1072782576084137,
      0.2380952388048172,
      0.25987282395362854,
      0.5197456479072571
    ],
    [
      0.13486583530902863,
      0.13486583530902863,
      0.1699388474225998,
      1.0,
      0.940619945526123,
      0.792521595954895
    ],
    [
      -0.23019100725650787,
      0.23019100725650787,
      -0.1951179951429367,
      0.095238097012043,
      0.6979038715362549,
      0.792521595954895
    ],
    [
      -0.23940551280975342,
      0.23940551280975342,
      -0.20433250069618225,
      0.0476190485060215,
      0.6981793642044067,
      0.7930725812911987
    ],
    [
      0.12852352857589722,
      0.12852352857589722,
      0.16359654068946838,
      0.9523809552192688,
      0.9335310459136963,
      0.7930725812911987
    ],
    [
      -0.046874430030584335,
      0.046874430030584335,
      -0.01180141419172287,
      0.3333333432674408,
      0.8401689529418945,
      0.5729503631591797
    ],
    [
      0.0684622973203659,
      0.0684622973203659,
      0.10353530943393707,
      0.7142857313156128,
      0.9247259497642517,
      0.7227963209152222
    ],
    [
      0.07392574101686478,
      0.07392574101686478,
      0.10899876058101654,
      0.761904776096344,
      0.5883257985115051,
      0.5884110331535339
    ],
    [
      0.07705775648355484,
      0.07705775648355484,
      0.1121307760477066,
      0.8095238208770752,
      0.93913733959198,
      0.7884259223937988
    ],
    [
      -0.14821341633796692,
      0.14821341633796692,
      -0.11314040422439575,
      0.190476194024086,
      0.2507188618183136,
      0.5014377236366272
    ],
    [
      -0.056237321346998215,
      0.056237321346998215,
      -0.02116430550813675,
      0.2857142984867096,
      0.7011352181434631,
      0.7884259223937988
    ],
    [
      -0.026889070868492126,
      0.026889070868492126,
      0.008183944970369339,
      0.5714285969734192,
      0.9293801784515381,
      0.7227963209152222
    ],
    [
      0.12133839726448059,
      0.12133839726448059,
      0.15641140937805176,
      0.9047619104385376,
      0.9593520760536194,
      0.9002040028572083
    ],
    [
      0.0025761800352483988,
      0.0025761800352483988,
      0.03764919564127922,
      0.6190476417541504,
      0.9667497277259827,
      0.6976059675216675
    ],
    [
      -0.029026340693235397,
      0.029026340693235397,
      0.006046675145626068,
      0.523809552192688,
      0.7369814515113831,
      0.7209796905517578
    ],
    [
      -0.033132798969745636,
      0.033132798969745636,
      0.0019402168691158295,
      0.4285714328289032,
      0.7439912557601929,
      0.7209796905517578
    ],
    [
      -0.029643990099430084,
      0.029643990099430084,
      0.005429025739431381,
      0.4761904776096344,
      0.7450683116912842,
      0.7201054692268372
    ],
    [
      -0.04109691083431244,
      0.04109691083431244,
      -0.0060238949954509735,
      0.380952388048172,
      0.7382313013076782,
      0.7201054692268372
    ],
    [
      0.10276810824871063,
      0.10276810824871063,
      0.1378411203622818,
      0.8571428656578064,
      0.9588492512702942,
      0.7009798884391785
    ],
    [
      -0.202945277094841,
      0.202945277094841,
      -0.16787226498126984,
      0.1428571492433548,
      0.24011695384979248,
      0.48023390769958496
    ],
    [
      -0.2609439492225647,
      0.2609439492225647,
      -0.22587093710899353,
      0.0,
      0.7005996108055115,
      0.9002040028572083
    ],
    [
      0.00582708977162838,
      0.00582708977162838,
      0.040900103747844696,
      0.6666666865348816,
      0.5010172128677368,
      0.5010391473770142
    ]
  ],
  "feature_names": [
    "charge",
    "abs_charge",
    "charge_centered",
    "charge_rank_norm",
    "wbo_sum",
    "wbo_max"
  ],
  "status": "ok",
  "error": null
}