{
  "canonical_smiles": "CC(C)[C@@]1(NC(=O)[C@@H]2C[C@H]3c4cccc5[nH]cc(c45)C[C@@H]3N(C)C2)O[C@@]2(O)[C@@H]3CCCN3C(=O)CN2C1=O",
  "xtb_valid": true,
  "atom_valid_mask": [
    [
      1.0
    ],
    [
      1.0
    ],
    [
      1.0
    ],
    [
      1.0
    ],
    [
      1.0
    ],
    [
      1.0
    ],
    [
      1.0
    ],
    [
      1.0
    ],
    [
      1.0
    ],
    [
      1.0
    ],
    [
      1.0
    ],
    [
      1.0
    ],
    [
      1.0
    ],
    [
      1.0
    ],
    [
      1.0
    ],
    [
      1.0
    ],
    [
      1.0
    ],
    [
      1.0
    ],
    [
      1.0
    ],
    [
      1.0
    ],
    [
      1.0
    ],
    [
      1.0
    ],
    [
      1.0
    ],
    [
      1.0
    ],
    [
      1.0
    ],
    [
      1.0
    ],
    [
      1.0
    ],
    [
      1.0
    ],
    [
      1.0
    ],
    [
      1.0
    ],
    [
      1.0
    ],
    [
      1.0
    ],
    [
      1.0
    ],
    [
      1.0
    ],
    [
      1.0
    ],
    [
      1.0
    ],
    [
      1.0
    ],
    [
      1.0
    ]
  ],
  "atom_features": [
    [
      -0.12271826714277267,
      0.12271826714277267,
      -0.0567726194858551,
      0.2702702581882477,
      0.250853955745697,
      0.501707911491394
    ],
    [
      -0.018952619284391403,
      0.018952619284391403,
      0.04699302837252617,
      0.6756756901741028,
      0.737660825252533,
      0.5042030811309814
    ],
    [
      -0.1252305656671524,
      0.1252305656671524,
      -0.05928491801023483,
      0.2432432472705841,
      0.2521015405654907,
      0.5042030811309814
    ],
    [
      0.18855376541614532,
      0.18855376541614532,
      0.2544994056224823,
      0.8918918967247009,
      0.9433503746986389,
      0.4864733815193176
    ],
    [
      -0.20585577189922333,
      0.20585577189922333,
      -0.13991013169288635,
      0.13513512909412384,
      0.5938529372215271,
      0.6152020692825317
    ],
    [
      0.2845304608345032,
      0.2845304608345032,
      0.35047611594200134,
      0.9729729890823364,
      0.9609819054603577,
      0.8257655501365662
    ],
    [
      -0.48003923892974854,
      0.48003923892974854,
      -0.41409358382225037,
      0.054054055362939835,
      0.4558980166912079,
      0.8257655501365662
    ],
    [
      -0.04779975116252899,
      0.04779975116252899,
      0.01814589649438858,
      0.4864864945411682,
      0.7299169301986694,
      0.4948825538158417
    ],
    [
      -0.05483584851026535,
      0.05483584851026535,
      0.011109799146652222,
      0.45945945382118225,
      0.49706435203552246,
      0.49924615025520325
    ],
    [
      -0.021193670108914375,
      0.021193670108914375,
      0.044751979410648346,
      0.6486486196517944,
      0.741416335105896,
      0.4997040331363678
    ],
    [
      -0.004329639952629805,
      0.004329639952629805,
      0.06161600723862648,
      0.7297297120094299,
      0.9702000617980957,
      0.7332678437232971
    ],
    [
      -0.05602389946579933,
      0.05602389946579933,
      0.00992174819111824,
      0.4324324429035187,
      0.7124986052513123,
      0.7332678437232971
    ],
    [
      -0.04587636888027191,
      0.04587636888027191,
      0.02006927877664566,
      0.5135135054588318,
      0.7159897685050964,
      0.7402501702308655
    ],
    [
      -0.06502798944711685,
      0.06502798944711685,
      0.0009176582098007202,
      0.37837839126586914,
      0.7323201894760132,
      0.7402501702308655
    ],
    [
      0.044614359736442566,
      0.044614359736442566,
      0.11056000739336014,
      0.8648648858070374,
      0.9432502388954163,
      0.6654808521270752
    ],
    [
      -0.13008418679237366,
      0.13008418679237366,
      -0.06413853913545609,
      0.21621622145175934,
      0.5918949246406555,
      0.5958307981491089
    ],
    [
      -0.01522453036159277,
      0.01522453036159277,
      0.05072111636400223,
      0.7027027010917664,
      0.6923224329948425,
      0.7888140678405762
    ],
    [
      -0.03452393040060997,
      0.03452393040060997,
      0.0314217172563076,
      0.5675675868988037,
      0.9517255425453186,
      0.7888140678405762
    ],
    [
      -0.027875550091266632,
      0.027875550091266632,
      0.03807009756565094,
      0.5945945978164673,
      0.9441818594932556,
      0.6485187411308289
    ],
    [
      -0.06424438208341599,
      0.06424438208341599,
      0.001701265573501587,
      0.4054054021835327,
      0.498691201210022,
      0.5078524947166443
    ],
    [
      0.029452519491314888,
      0.029452519491314888,
      0.09539816528558731,
      0.837837815284729,
      0.7324540615081787,
      0.4914957284927368
    ],
    [
      -0.18959039449691772,
      0.18959039449691772,
      -0.12364474684000015,
      0.1621621549129486,
      0.7501205801963806,
      0.505984902381897
    ],
    [
      -0.040087971836328506,
      0.040087971836328506,
      0.025857675820589066,
      0.5405405163764954,
      0.2529924511909485,
      0.505984902381897
    ],
    [
      0.018225140869617462,
      0.018225140869617462,
      0.08417078852653503,
      0.7837837934494019,
      0.49335789680480957,
      0.5027605295181274
    ],
    [
      -0.3456834852695465,
      0.3456834852695465,
      -0.27973783016204834,
      0.10810811072587967,
      0.47455936670303345,
      0.47521650791168213
    ],
    [
      0.3357169032096863,
      0.3357169032096863,
      0.40166255831718445,
      1.0,
      0.9630963802337646,
      0.5015785694122314
    ],
    [
      -0.49031898379325867,
      0.49031898379325867,
      -0.4243733286857605,
      0.027027027681469917,
      0.2507892847061157,
      0.5015785694122314
    ],
    [
      0.028179919347167015,
      0.028179919347167015,
      0.09412556886672974,
      0.8108108043670654,
      0.7253100275993347,
      0.4953612983226776
    ],
    [
      -0.06884413212537766,
      0.06884413212537766,
      -0.002898484468460083,
      0.3513513505458832,
      0.4982679486274719,
      0.5011746287345886
    ],
    [
      -0.07493022829294205,
      0.07493022829294205,
      -0.008984580636024475,
      0.3243243098258972,
      0.5019254088401794,
      0.5026761293411255
    ],
    [
      -0.001665599993430078,
      0.001665599993430078,
      0.06428004801273346,
      0.7567567825317383,
      0.49347221851348877,
      0.5026761293411255
    ],
    [
      -0.09746196120977402,
      0.09746196120977402,
      -0.031516313552856445,
      0.29729729890823364,
      0.8555366396903992,
      0.6413620114326477
    ],
    [
      0.26150572299957275,
      0.26150572299957275,
      0.3274513781070709,
      0.9459459185600281,
      0.9663752913475037,
      0.8135895729064941
    ],
    [
      -0.4961841404438019,
      0.4961841404438019,
      -0.4302384853363037,
      0.0,
      0.4567185044288635,
      0.8135895729064941
    ],
    [
      -0.021582169458270073,
      0.021582169458270073,
      0.04436347633600235,
      0.6216216087341309,
      0.4824453592300415,
      0.48709172010421753
    ],
    [
      -0.14203180372714996,
      0.14203180372714996,
      -0.07608615607023239,
      0.18918919563293457,
      0.8444728851318359,
      0.6239071488380432
    ],
    [
      0.25725218653678894,
      0.25725218653678894,
      0.3231978416442871,
      0.9189189076423645,
      0.9557265639305115,
      0.83063143491745
    ],
    [
      -0.46574866771698,
      0.46574866771698,
      -0.3998030126094818,
      0.0810810774564743,
      0.464421808719635,
      0.83063143491745
    ]
  ],
  "feature_names": [
    "charge",
    "abs_charge",
    "charge_centered",
    "charge_rank_norm",
    "wbo_sum",
    "wbo_max"
  ],
  "status": "ok",
  "error": null
}