{
  "canonical_smiles": "CCc1nn(CCCN2CCN(c3cccc(Cl)c3)CC2)c(=O)n1CCOc1ccccc1",
  "xtb_valid": true,
  "atom_valid_mask": [
    [
      1.0
    ],
    [
      1.0
    ],
    [
      1.0
    ],
    [
      1.0
    ],
    [
      1.0
    ],
    [
      1.0
    ],
    [
      1.0
    ],
    [
      1.0
    ],
    [
      1.0
    ],
    [
      1.0
    ],
    [
      1.0
    ],
    [
      1.0
    ],
    [
      1.0
    ],
    [
      1.0
    ],
    [
      1.0
    ],
    [
      1.0
    ],
    [
      1.0
    ],
    [
      1.0
    ],
    [
      1.0
    ],
    [
      1.0
    ],
    [
      1.0
    ],
    [
      1.0
    ],
    [
      1.0
    ],
    [
      1.0
    ],
    [
      1.0
    ],
    [
      1.0
    ],
    [
      1.0
    ],
    [
      1.0
    ],
    [
      1.0
    ],
    [
      1.0
    ],
    [
      1.0
    ],
    [
      1.0
    ],
    [
      1.0
    ]
  ],
  "atom_features": [
    [
      -0.12120196223258972,
      0.12120196223258972,
      -0.0689552053809166,
      0.15625,
      0.25492599606513977,
      0.5098519921302795
    ],
    [
      -0.06996790319681168,
      0.06996790319681168,
      -0.01772114634513855,
      0.34375,
      0.5069952011108398,
      0.5098519921302795
    ],
    [
      0.13194923102855682,
      0.13194923102855682,
      0.18419599533081055,
      0.9375,
      0.9460974931716919,
      0.8000075817108154
    ],
    [
      -0.24261677265167236,
      0.24261677265167236,
      -0.19037002325057983,
      0.0625,
      0.6735911965370178,
      0.8000075817108154
    ],
    [
      -0.03251780942082405,
      0.03251780942082405,
      0.019728947430849075,
      0.59375,
      0.8511538505554199,
      0.5838817358016968
    ],
    [
      -0.0005698599852621555,
      0.0005698599852621555,
      0.05167689546942711,
      0.78125,
      0.49375244975090027,
      0.4977521002292633
    ],
    [
      -0.07065293937921524,
      0.07065293937921524,
      -0.018406182527542114,
      0.3125,
      0.498923659324646,
      0.5000952482223511
    ],
    [
      0.003878579940646887,
      0.003878579940646887,
      0.05612533539533615,
      0.8125,
      0.500558614730835,
      0.5010219216346741
    ],
    [
      -0.1914566457271576,
      0.1914566457271576,
      -0.13920989632606506,
      0.125,
      0.7491070032119751,
      0.5010219216346741
    ],
    [
      -0.0014061799738556147,
      0.0014061799738556147,
      0.050840575248003006,
      0.75,
      0.49878019094467163,
      0.5001175403594971
    ],
    [
      -0.007747869938611984,
      0.007747869938611984,
      0.04449888691306114,
      0.65625,
      0.4969470500946045,
      0.5001175403594971
    ],
    [
      -0.10615619271993637,
      0.10615619271993637,
      -0.053909435868263245,
      0.1875,
      0.7881537079811096,
      0.5899442434310913
    ],
    [
      0.06773208826780319,
      0.06773208826780319,
      0.11997884511947632,
      0.84375,
      0.9572105407714844,
      0.6623004078865051
    ],
    [
      -0.0690164566040039,
      0.0690164566040039,
      -0.01676969975233078,
      0.375,
      0.6965200304985046,
      0.7307397127151489
    ],
    [
      -0.03774074837565422,
      0.03774074837565422,
      0.014506008476018906,
      0.5,
      0.72042316198349,
      0.7307397127151489
    ],
    [
      -0.062429219484329224,
      0.062429219484329224,
      -0.010182462632656097,
      0.40625,
      0.7039294242858887,
      0.7101065516471863
    ],
    [
      0.09458217024803162,
      0.09458217024803162,
      0.14682891964912415,
      0.90625,
      0.9402585625648499,
      0.711577832698822
    ],
    [
      -0.23075450956821442,
      0.23075450956821442,
      -0.1785077452659607,
      0.09375,
      0.23559355735778809,
      0.47118711471557617
    ],
    [
      -0.07515808939933777,
      0.07515808939933777,
      -0.022911332547664642,
      0.25,
      0.6868770718574524,
      0.711577832698822
    ],
    [
      -0.004254819825291634,
      0.004254819825291634,
      0.04799193888902664,
      0.71875,
      0.49451887607574463,
      0.49645113945007324
    ],
    [
      -0.00833916012197733,
      0.00833916012197733,
      0.04390759766101837,
      0.625,
      0.4981001615524292,
      0.49974915385246277
    ],
    [
      0.301025390625,
      0.301025390625,
      0.35327214002609253,
      1.0,
      0.9583094120025635,
      0.7689762711524963
    ],
    [
      -0.5575945973396301,
      0.5575945973396301,
      -0.5053478479385376,
      0.0,
      0.45789408683776855,
      0.7689762711524963
    ],
    [
      -0.0861748531460762,
      0.0861748531460762,
      -0.033928096294403076,
      0.21875,
      0.8525898456573486,
      0.588049054145813
    ],
    [
      -0.006906670052558184,
      0.006906670052558184,
      0.04534008726477623,
      0.6875,
      0.49259206652641296,
      0.4971277117729187
    ],
    [
      0.0753026232123375,
      0.0753026232123375,
      0.12754938006401062,
      0.875,
      0.48897871375083923,
      0.4971277117729187
    ],
    [
      -0.3093477189540863,
      0.3093477189540863,
      -0.2571009695529938,
      0.03125,
      0.501828134059906,
      0.522826611995697
    ],
    [
      0.14145083725452423,
      0.14145083725452423,
      0.19369760155677795,
      0.96875,
      0.9457021951675415,
      0.6890100240707397
    ],
    [
      -0.057394929230213165,
      0.057394929230213165,
      -0.005148172378540039,
      0.4375,
      0.7326309680938721,
      0.7288572788238525
    ],
    [
      -0.03553878143429756,
      0.03553878143429756,
      0.016707975417375565,
      0.5625,
      0.7477667331695557,
      0.7288572788238525
    ],
    [
      -0.04639250040054321,
      0.04639250040054321,
      0.005854256451129913,
      0.46875,
      0.7180089354515076,
      0.7221665382385254
    ],
    [
      -0.03732581064105034,
      0.03732581064105034,
      0.014920946210622787,
      0.53125,
      0.7480476498603821,
      0.7221665382385254
    ],
    [
      -0.07140102982521057,
      0.07140102982521057,
      -0.019154272973537445,
      0.28125,
      0.7294633388519287,
      0.7170917987823486
    ]
  ],
  "feature_names": [
    "charge",
    "abs_charge",
    "charge_centered",
    "charge_rank_norm",
    "wbo_sum",
    "wbo_max"
  ],
  "status": "ok",
  "error": null
}