{
  "canonical_smiles": "CCCNC(=O)NS(=O)(=O)c1ccc(Cl)cc1",
  "xtb_valid": true,
  "atom_valid_mask": [
    [
      1.0
    ],
    [
      1.0
    ],
    [
      1.0
    ],
    [
      1.0
    ],
    [
      1.0
    ],
    [
      1.0
    ],
    [
      1.0
    ],
    [
      1.0
    ],
    [
      1.0
    ],
    [
      1.0
    ],
    [
      1.0
    ],
    [
      1.0
    ],
    [
      1.0
    ],
    [
      1.0
    ],
    [
      1.0
    ],
    [
      1.0
    ],
    [
      1.0
    ]
  ],
  "atom_features": [
    [
      -0.11769556254148483,
      0.11769556254148483,
      -0.04293159395456314,
      0.375,
      0.25472381711006165,
      0.5094476342201233
    ],
    [
      -0.06415688246488571,
      0.06415688246488571,
      0.01060708612203598,
      0.5,
      0.5037176012992859,
      0.5094476342201233
    ],
    [
      -0.0051948600448668,
      0.0051948600448668,
      0.06956911087036133,
      0.8125,
      0.494476854801178,
      0.4979875683784485
    ],
    [
      -0.20280961692333221,
      0.20280961692333221,
      -0.12804564833641052,
      0.25,
      0.5982967019081116,
      0.6196949481964111
    ],
    [
      0.34078288078308105,
      0.34078288078308105,
      0.41554683446884155,
      0.9375,
      0.977573573589325,
      0.7937135100364685
    ],
    [
      -0.5170212984085083,
      0.5170212984085083,
      -0.4422573447227478,
      0.125,
      0.468055784702301,
      0.7937135100364685
    ],
    [
      -0.37832382321357727,
      0.37832382321357727,
      -0.3035598397254944,
      0.1875,
      0.530319094657898,
      0.5417386889457703
    ],
    [
      1.1940157413482666,
      1.1940157413482666,
      1.2687797546386719,
      1.0,
      1.2054225206375122,
      0.7881370782852173
    ],
    [
      -0.6332955360412598,
      0.6332955360412598,
      -0.5585315823554993,
      0.0625,
      0.41862547397613525,
      0.78558349609375
    ],
    [
      -0.635924756526947,
      0.635924756526947,
      -0.5611608028411865,
      0.0,
      0.4199022650718689,
      0.7881370782852173
    ],
    [
      -0.08702532202005386,
      0.08702532202005386,
      -0.012261353433132172,
      0.4375,
      0.8927680850028992,
      0.7063499689102173
    ],
    [
      -0.017702370882034302,
      0.017702370882034302,
      0.05706159770488739,
      0.75,
      0.7401886582374573,
      0.7201874852180481
    ],
    [
      -0.036099061369895935,
      0.036099061369895935,
      0.03866490721702576,
      0.625,
      0.7370518445968628,
      0.7201874852180481
    ],
    [
      0.11183716356754303,
      0.11183716356754303,
      0.18660113215446472,
      0.875,
      0.9466020464897156,
      0.6999680399894714
    ],
    [
      -0.15633033215999603,
      0.15633033215999603,
      -0.08156636357307434,
      0.3125,
      0.2478478103876114,
      0.4956956207752228
    ],
    [
      -0.03812476992607117,
      0.03812476992607117,
      0.036639198660850525,
      0.5625,
      0.7368102073669434,
      0.7222402095794678
    ],
    [
      -0.02791908010840416,
      0.02791908010840416,
      0.04684488847851753,
      0.6875,
      0.7403419017791748,
      0.7222402095794678
    ]
  ],
  "feature_names": [
    "charge",
    "abs_charge",
    "charge_centered",
    "charge_rank_norm",
    "wbo_sum",
    "wbo_max"
  ],
  "status": "ok",
  "error": null
}