{
  "canonical_smiles": "O=C1NC(=O)C(c2ccccc2)(c2ccccc2)N1",
  "xtb_valid": true,
  "atom_valid_mask": [
    [
      1.0
    ],
    [
      1.0
    ],
    [
      1.0
    ],
    [
      1.0
    ],
    [
      1.0
    ],
    [
      1.0
    ],
    [
      1.0
    ],
    [
      1.0
    ],
    [
      1.0
    ],
    [
      1.0
    ],
    [
      1.0
    ],
    [
      1.0
    ],
    [
      1.0
    ],
    [
      1.0
    ],
    [
      1.0
    ],
    [
      1.0
    ],
    [
      1.0
    ],
    [
      1.0
    ],
    [
      1.0
    ]
  ],
  "atom_features": [
    [
      -0.5216447710990906,
      0.5216447710990906,
      -0.4697502851486206,
      0.0,
      0.4383332431316376,
      0.7913089990615845
    ],
    [
      0.3479653298854828,
      0.3479653298854828,
      0.39985981583595276,
      1.0,
      0.9772072434425354,
      0.7913089990615845
    ],
    [
      -0.18456335365772247,
      0.18456335365772247,
      -0.1326688677072525,
      0.1666666716337204,
      0.6148063540458679,
      0.5994021892547607
    ],
    [
      0.2899194061756134,
      0.2899194061756134,
      0.3418138921260834,
      0.9444444179534912,
      0.9564027786254883,
      0.8523253798484802
    ],
    [
      -0.4471351206302643,
      0.4471351206302643,
      -0.3952406346797943,
      0.0555555559694767,
      0.46382665634155273,
      0.8523253798484802
    ],
    [
      0.05727120861411095,
      0.05727120861411095,
      0.10916569828987122,
      0.8888888955116272,
      0.9467031359672546,
      0.48761415481567383
    ],
    [
      0.00680872006341815,
      0.00680872006341815,
      0.05870320647954941,
      0.8333333134651184,
      0.9697893261909485,
      0.7103455662727356
    ],
    [
      -0.034157440066337585,
      0.034157440066337585,
      0.017737045884132385,
      0.3333333432674408,
      0.7415991425514221,
      0.7178685069084167
    ],
    [
      -0.03179126977920532,
      0.03179126977920532,
      0.02010321617126465,
      0.6666666865348816,
      0.7480262517929077,
      0.7215644121170044
    ],
    [
      -0.03158837929368019,
      0.03158837929368019,
      0.02030610665678978,
      0.7222222089767456,
      0.7470983266830444,
      0.7215644121170044
    ],
    [
      -0.032030139118433,
      0.032030139118433,
      0.019864346832036972,
      0.5555555820465088,
      0.7481557726860046,
      0.7235257625579834
    ],
    [
      -0.034967970103025436,
      0.034967970103025436,
      0.016926515847444534,
      0.2777777910232544,
      0.7412247657775879,
      0.7235257625579834
    ],
    [
      0.00577695993706584,
      0.00577695993706584,
      0.0576714463531971,
      0.7777777910232544,
      0.9684150815010071,
      0.7065345048904419
    ],
    [
      -0.032350361347198486,
      0.032350361347198486,
      0.019544124603271484,
      0.5,
      0.741191565990448,
      0.7227616906166077
    ],
    [
      -0.03182835876941681,
      0.03182835876941681,
      0.02006612718105316,
      0.6111111044883728,
      0.7481646537780762,
      0.7227616906166077
    ],
    [
      -0.03281321004033089,
      0.03281321004033089,
      0.019081275910139084,
      0.4444444477558136,
      0.7465544939041138,
      0.720309317111969
    ],
    [
      -0.03341222181916237,
      0.03341222181916237,
      0.018482264131307602,
      0.3888888955116272,
      0.7480081915855408,
      0.720309317111969
    ],
    [
      -0.03830663859844208,
      0.03830663859844208,
      0.013587847352027893,
      0.2222222238779068,
      0.7405338287353516,
      0.7194313406944275
    ],
    [
      -0.20714764297008514,
      0.20714764297008514,
      -0.15525315701961517,
      0.1111111119389534,
      0.5905972719192505,
      0.6082228422164917
    ]
  ],
  "feature_names": [
    "charge",
    "abs_charge",
    "charge_centered",
    "charge_rank_norm",
    "wbo_sum",
    "wbo_max"
  ],
  "status": "ok",
  "error": null
}