{
  "canonical_smiles": "CC(=O)CC(c1ccccc1)c1c([O-])c2ccccc2oc1=O.[Na+]",
  "xtb_valid": true,
  "atom_valid_mask": [
    [
      1.0
    ],
    [
      1.0
    ],
    [
      1.0
    ],
    [
      1.0
    ],
    [
      1.0
    ],
    [
      1.0
    ],
    [
      1.0
    ],
    [
      1.0
    ],
    [
      1.0
    ],
    [
      1.0
    ],
    [
      1.0
    ],
    [
      1.0
    ],
    [
      1.0
    ],
    [
      1.0
    ],
    [
      1.0
    ],
    [
      1.0
    ],
    [
      1.0
    ],
    [
      1.0
    ],
    [
      1.0
    ],
    [
      1.0
    ],
    [
      1.0
    ],
    [
      1.0
    ],
    [
      1.0
    ],
    [
      1.0
    ]
  ],
  "atom_features": [
    [
      -0.16229185461997986,
      0.16229185461997986,
      -0.11424197256565094,
      0.21739129722118378,
      0.2568594515323639,
      0.5137189030647278
    ],
    [
      0.24103999137878418,
      0.24103999137878418,
      0.2890898883342743,
      0.9130434989929199,
      0.9572234153747559,
      0.8984261751174927
    ],
    [
      -0.44393330812454224,
      0.44393330812454224,
      -0.3958834111690521,
      0.1304347813129425,
      0.44921308755874634,
      0.8984261751174927
    ],
    [
      -0.10292328149080276,
      0.10292328149080276,
      -0.05487339571118355,
      0.30434781312942505,
      0.499482661485672,
      0.5023016929626465
    ],
    [
      -0.1217041015625,
      0.1217041015625,
      -0.07365421950817108,
      0.260869562625885,
      0.7436302900314331,
      0.4966636300086975
    ],
    [
      -0.03942272067070007,
      0.03942272067070007,
      0.008627165108919144,
      0.47826087474823,
      0.9839133620262146,
      0.712792158126831
    ],
    [
      -0.059368718415498734,
      0.059368718415498734,
      -0.011318832635879517,
      0.3478260934352875,
      0.7433282136917114,
      0.7243547439575195
    ],
    [
      -0.032536581158638,
      0.032536581158638,
      0.015513304620981216,
      0.695652186870575,
      0.748308002948761,
      0.7243547439575195
    ],
    [
      -0.034506019204854965,
      0.034506019204854965,
      0.013543866574764252,
      0.6086956262588501,
      0.7467381954193115,
      0.721916675567627
    ],
    [
      -0.03453240171074867,
      0.03453240171074867,
      0.013517484068870544,
      0.5652173757553101,
      0.7484828233718872,
      0.721916675567627
    ],
    [
      -0.03419690951704979,
      0.03419690951704979,
      0.013852976262569427,
      0.6521739363670349,
      0.7432616949081421,
      0.7186024785041809
    ],
    [
      -0.5873886346817017,
      0.5873886346817017,
      -0.5393387675285339,
      0.0,
      0.9376266598701477,
      0.6746869087219238
    ],
    [
      0.1576979160308838,
      0.1576979160308838,
      0.2057477980852127,
      0.8695651888847351,
      0.9786157011985779,
      0.7706122994422913
    ],
    [
      -0.5218186378479004,
      0.5218186378479004,
      -0.4737687408924103,
      0.043478261679410934,
      0.42187193036079407,
      0.7706122994422913
    ],
    [
      -0.056135840713977814,
      0.056135840713977814,
      -0.008085954934358597,
      0.3913043439388275,
      0.937690258026123,
      0.6857500672340393
    ],
    [
      -0.027351139113307,
      0.027351139113307,
      0.020698746666312218,
      0.739130437374115,
      0.7375500202178955,
      0.731339156627655
    ],
    [
      -0.038007210940122604,
      0.038007210940122604,
      0.010042674839496613,
      0.52173912525177,
      0.7199364304542542,
      0.731339156627655
    ],
    [
      -0.026115339249372482,
      0.026115339249372482,
      0.021934546530246735,
      0.782608687877655,
      0.7181870341300964,
      0.7278403043746948
    ],
    [
      -0.048986658453941345,
      0.048986658453941345,
      -0.0009367726743221283,
      0.43478259444236755,
      0.7346599698066711,
      0.7278403043746948
    ],
    [
      0.1234498992562294,
      0.1234498992562294,
      0.17149978876113892,
      0.8260869383811951,
      0.9318952560424805,
      0.683468759059906
    ],
    [
      -0.2601412236690521,
      0.2601412236690521,
      -0.2120913416147232,
      0.17391304671764374,
      0.5508777499198914,
      0.536573052406311
    ],
    [
      0.3099910020828247,
      0.3099910020828247,
      0.3580408990383148,
      0.95652174949646,
      0.969801127910614,
      0.8259924650192261
    ],
    [
      -0.47370344400405884,
      0.47370344400405884,
      -0.4256535470485687,
      0.08695652335882187,
      0.47155243158340454,
      0.8259924650192261
    ],
    [
      1.1196880340576172,
      1.1196880340576172,
      1.1677379608154297,
      1.0,
      0.0,
      0.0
    ]
  ],
  "feature_names": [
    "charge",
    "abs_charge",
    "charge_centered",
    "charge_rank_norm",
    "wbo_sum",
    "wbo_max"
  ],
  "status": "ok",
  "error": null
}