{
  "canonical_smiles": "CN(C)C(=S)SSC(=S)N(C)C",
  "xtb_valid": true,
  "atom_valid_mask": [
    [
      1.0
    ],
    [
      1.0
    ],
    [
      1.0
    ],
    [
      1.0
    ],
    [
      1.0
    ],
    [
      1.0
    ],
    [
      1.0
    ],
    [
      1.0
    ],
    [
      1.0
    ],
    [
      1.0
    ],
    [
      1.0
    ],
    [
      1.0
    ]
  ],
  "atom_features": [
    [
      -0.07168007642030716,
      0.07168007642030716,
      0.020153634250164032,
      0.6363636255264282,
      0.24769903719425201,
      0.49539807438850403
    ],
    [
      -0.014452770352363586,
      0.014452770352363586,
      0.0773809403181076,
      0.7272727489471436,
      0.8885402083396912,
      0.6720682978630066
    ],
    [
      -0.07360152900218964,
      0.07360152900218964,
      0.018232181668281555,
      0.4545454680919647,
      0.24746467173099518,
      0.49492934346199036
    ],
    [
      0.15136517584323883,
      0.15136517584323883,
      0.24319888651371002,
      1.0,
      0.9593954682350159,
      0.750349760055542
    ],
    [
      -0.4359534680843353,
      0.4359534680843353,
      -0.34411975741386414,
      0.09090909361839294,
      0.4325172007083893,
      0.750349760055542
    ],
    [
      -0.10672297328710556,
      0.10672297328710556,
      -0.014889262616634369,
      0.1818181872367859,
      0.5338090658187866,
      0.5712451934814453
    ],
    [
      -0.10651320219039917,
      0.10651320219039917,
      -0.014679491519927979,
      0.27272728085517883,
      0.5337095260620117,
      0.5712451934814453
    ],
    [
      0.15135115385055542,
      0.15135115385055542,
      0.2431848645210266,
      0.9090909361839294,
      0.9593990445137024,
      0.7502771019935608
    ],
    [
      -0.43598729372024536,
      0.43598729372024536,
      -0.34415358304977417,
      0.0,
      0.4324781000614166,
      0.7502771019935608
    ],
    [
      -0.014225490391254425,
      0.014225490391254425,
      0.07760822027921677,
      0.8181818127632141,
      0.8886515498161316,
      0.6723471879959106
    ],
    [
      -0.07371533662080765,
      0.07371533662080765,
      0.018118374049663544,
      0.3636363744735718,
      0.24748311936855316,
      0.4949662387371063
    ],
    [
      -0.07186870276927948,
      0.07186870276927948,
      0.01996500790119171,
      0.5454545617103577,
      0.24765528738498688,
      0.49531057476997375
    ]
  ],
  "feature_names": [
    "charge",
    "abs_charge",
    "charge_centered",
    "charge_rank_norm",
    "wbo_sum",
    "wbo_max"
  ],
  "status": "ok",
  "error": null
}