{
  "canonical_smiles": "Cc1nc2c(c(=O)n(C)c(=O)n2CC2CCCCC2)n1C",
  "xtb_valid": true,
  "atom_valid_mask": [
    [
      1.0
    ],
    [
      1.0
    ],
    [
      1.0
    ],
    [
      1.0
    ],
    [
      1.0
    ],
    [
      1.0
    ],
    [
      1.0
    ],
    [
      1.0
    ],
    [
      1.0
    ],
    [
      1.0
    ],
    [
      1.0
    ],
    [
      1.0
    ],
    [
      1.0
    ],
    [
      1.0
    ],
    [
      1.0
    ],
    [
      1.0
    ],
    [
      1.0
    ],
    [
      1.0
    ],
    [
      1.0
    ],
    [
      1.0
    ],
    [
      1.0
    ]
  ],
  "atom_features": [
    [
      -0.1429906189441681,
      0.1429906189441681,
      -0.0798821747303009,
      0.15000000596046448,
      0.2600274384021759,
      0.5200548768043518
    ],
    [
      0.1392090767621994,
      0.1392090767621994,
      0.2023175209760666,
      0.8999999761581421,
      0.9364109635353088,
      0.7256093621253967
    ],
    [
      -0.3169560730457306,
      0.3169560730457306,
      -0.2538476288318634,
      0.10000000149011612,
      0.6821445226669312,
      0.7256093621253967
    ],
    [
      0.12247379869222641,
      0.12247379869222641,
      0.1855822503566742,
      0.8500000238418579,
      0.9389035701751709,
      0.6788974404335022
    ],
    [
      -0.03179404139518738,
      0.03179404139518738,
      0.03131440281867981,
      0.6499999761581421,
      0.9112959504127502,
      0.6788974404335022
    ],
    [
      0.26469892263412476,
      0.26469892263412476,
      0.32780736684799194,
      0.949999988079071,
      0.9576665759086609,
      0.7947869896888733
    ],
    [
      -0.504673421382904,
      0.504673421382904,
      -0.44156497716903687,
      0.0,
      0.43237459659576416,
      0.7947869896888733
    ],
    [
      -0.11572834849357605,
      0.11572834849357605,
      -0.05261990427970886,
      0.20000000298023224,
      0.8657020926475525,
      0.5551033020019531
    ],
    [
      -0.04814580827951431,
      0.04814580827951431,
      0.014962635934352875,
      0.6000000238418579,
      0.2456413060426712,
      0.4912826120853424
    ],
    [
      0.311331570148468,
      0.311331570148468,
      0.3744400143623352,
      1.0,
      0.9614893794059753,
      0.7922596335411072
    ],
    [
      -0.5029122233390808,
      0.5029122233390808,
      -0.4398037791252136,
      0.05000000074505806,
      0.462749183177948,
      0.7922596335411072
    ],
    [
      -0.08267790079116821,
      0.08267790079116821,
      -0.019569456577301025,
      0.25,
      0.8451374769210815,
      0.5775465965270996
    ],
    [
      -0.005947129800915718,
      0.005947129800915718,
      0.05716131627559662,
      0.800000011920929,
      0.4857487380504608,
      0.4903544485569
    ],
    [
      -0.02114580012857914,
      0.02114580012857914,
      0.0419626459479332,
      0.75,
      0.7428774237632751,
      0.49870413541793823
    ],
    [
      -0.06518524140119553,
      0.06518524140119553,
      -0.0020767971873283386,
      0.3499999940395355,
      0.5004026293754578,
      0.5041089653968811
    ],
    [
      -0.06049266830086708,
      0.06049266830086708,
      0.002615775913000107,
      0.44999998807907104,
      0.5043792128562927,
      0.5046494603157043
    ],
    [
      -0.06111859902739525,
      0.06111859902739525,
      0.001989845186471939,
      0.4000000059604645,
      0.5046671628952026,
      0.5046848654747009
    ],
    [
      -0.057674989104270935,
      0.057674989104270935,
      0.0054334551095962524,
      0.5,
      0.5041090250015259,
      0.5046848654747009
    ],
    [
      -0.053802311420440674,
      0.053802311420440674,
      0.009306132793426514,
      0.550000011920929,
      0.5011186599731445,
      0.5035331845283508
    ],
    [
      -0.02186729945242405,
      0.02186729945242405,
      0.04124114662408829,
      0.699999988079071,
      0.8505218625068665,
      0.6271576285362244
    ],
    [
      -0.06987808644771576,
      0.06987808644771576,
      -0.006769642233848572,
      0.30000001192092896,
      0.2478172779083252,
      0.4956345558166504
    ]
  ],
  "feature_names": [
    "charge",
    "abs_charge",
    "charge_centered",
    "charge_rank_norm",
    "wbo_sum",
    "wbo_max"
  ],
  "status": "ok",
  "error": null
}