{
  "canonical_smiles": "Cn1c(=O)c2c(ncn2C)n(C)c1=O",
  "xtb_valid": true,
  "atom_valid_mask": [
    [
      1.0
    ],
    [
      1.0
    ],
    [
      1.0
    ],
    [
      1.0
    ],
    [
      1.0
    ],
    [
      1.0
    ],
    [
      1.0
    ],
    [
      1.0
    ],
    [
      1.0
    ],
    [
      1.0
    ],
    [
      1.0
    ],
    [
      1.0
    ],
    [
      1.0
    ],
    [
      1.0
    ]
  ],
  "atom_features": [
    [
      -0.051069751381874084,
      0.051069751381874084,
      0.01400429755449295,
      0.5384615659713745,
      0.24558469653129578,
      0.49116939306259155
    ],
    [
      -0.11117152124643326,
      0.11117152124643326,
      -0.04609747231006622,
      0.23076923191547394,
      0.867011308670044,
      0.5576285719871521
    ],
    [
      0.2675255239009857,
      0.2675255239009857,
      0.33259958028793335,
      0.9230769276618958,
      0.959145188331604,
      0.7988083958625793
    ],
    [
      -0.49696987867355347,
      0.49696987867355347,
      -0.43189582228660583,
      0.07692307978868484,
      0.43531617522239685,
      0.7988083958625793
    ],
    [
      -0.02738991007208824,
      0.02738991007208824,
      0.03768413886427879,
      0.6153846383094788,
      0.9118449091911316,
      0.6778827905654907
    ],
    [
      0.12093151360750198,
      0.12093151360750198,
      0.18600556254386902,
      0.8461538553237915,
      0.9400370121002197,
      0.6778827905654907
    ],
    [
      -0.29349270462989807,
      0.29349270462989807,
      -0.22841864824295044,
      0.1538461595773697,
      0.7173854112625122,
      0.7434981465339661
    ],
    [
      0.08002351224422455,
      0.08002351224422455,
      0.145097553730011,
      0.7692307829856873,
      0.6953275799751282,
      0.7434981465339661
    ],
    [
      0.006093540228903294,
      0.006093540228903294,
      0.07116758823394775,
      0.692307710647583,
      0.8893593549728394,
      0.6471569538116455
    ],
    [
      -0.07671447843313217,
      0.07671447843313217,
      -0.011640429496765137,
      0.3076923191547394,
      0.24788051843643188,
      0.49576103687286377
    ],
    [
      -0.06926027685403824,
      0.06926027685403824,
      -0.004186227917671204,
      0.38461539149284363,
      0.850874125957489,
      0.5788025856018066
    ],
    [
      -0.06880480796098709,
      0.06880480796098709,
      -0.003730759024620056,
      0.4615384638309479,
      0.24405020475387573,
      0.48810040950775146
    ],
    [
      0.31138935685157776,
      0.31138935685157776,
      0.3764634132385254,
      1.0,
      0.9618499875068665,
      0.7930712699890137
    ],
    [
      -0.5021268725395203,
      0.5021268725395203,
      -0.43705281615257263,
      0.0,
      0.46336275339126587,
      0.7930712699890137
    ]
  ],
  "feature_names": [
    "charge",
    "abs_charge",
    "charge_centered",
    "charge_rank_norm",
    "wbo_sum",
    "wbo_max"
  ],
  "status": "ok",
  "error": null
}