{
  "canonical_smiles": "CCN(CC)CCNC(=O)c1cc(Cl)c(N)cc1OC",
  "xtb_valid": true,
  "atom_valid_mask": [
    [
      1.0
    ],
    [
      1.0
    ],
    [
      1.0
    ],
    [
      1.0
    ],
    [
      1.0
    ],
    [
      1.0
    ],
    [
      1.0
    ],
    [
      1.0
    ],
    [
      1.0
    ],
    [
      1.0
    ],
    [
      1.0
    ],
    [
      1.0
    ],
    [
      1.0
    ],
    [
      1.0
    ],
    [
      1.0
    ],
    [
      1.0
    ],
    [
      1.0
    ],
    [
      1.0
    ],
    [
      1.0
    ],
    [
      1.0
    ]
  ],
  "atom_features": [
    [
      -0.11299514770507812,
      0.11299514770507812,
      -0.035698115825653076,
      0.3684210479259491,
      0.25413838028907776,
      0.5082767605781555
    ],
    [
      0.010241859592497349,
      0.010241859592497349,
      0.08753889054059982,
      0.7368420958518982,
      0.503764271736145,
      0.5082767605781555
    ],
    [
      -0.19359132647514343,
      0.19359132647514343,
      -0.11629429459571838,
      0.21052631735801697,
      0.7495691180229187,
      0.5009621977806091
    ],
    [
      -0.0001930599974002689,
      0.0001930599974002689,
      0.07710397243499756,
      0.6315789222717285,
      0.5018168687820435,
      0.5047093629837036
    ],
    [
      -0.11510153114795685,
      0.11510153114795685,
      -0.0378044992685318,
      0.31578946113586426,
      0.2523546814918518,
      0.5047093629837036
    ],
    [
      -0.0013579200021922588,
      0.0013579200021922588,
      0.0759391114115715,
      0.5789473652839661,
      0.4994750916957855,
      0.5009621977806091
    ],
    [
      0.004669730085879564,
      0.004669730085879564,
      0.08196676522493362,
      0.6842105388641357,
      0.4975728392601013,
      0.4979879856109619
    ],
    [
      -0.18176081776618958,
      0.18176081776618958,
      -0.10446378588676453,
      0.2631579041481018,
      0.6158525347709656,
      0.6369532346725464
    ],
    [
      0.27361738681793213,
      0.27361738681793213,
      0.3509144186973572,
      1.0,
      0.9686846137046814,
      0.7969654202461243
    ],
    [
      -0.5337433218955994,
      0.5337433218955994,
      -0.4564462900161743,
      0.0,
      0.44727975130081177,
      0.7969654202461243
    ],
    [
      -0.05497945100069046,
      0.05497945100069046,
      0.02231758087873459,
      0.4736842215061188,
      0.9283626079559326,
      0.6857628226280212
    ],
    [
      -0.037007689476013184,
      0.037007689476013184,
      0.040289342403411865,
      0.5263158082962036,
      0.7036626935005188,
      0.7215625643730164
    ],
    [
      0.06445048749446869,
      0.06445048749446869,
      0.14174751937389374,
      0.8421052694320679,
      0.923433780670166,
      0.7215625643730164
    ],
    [
      -0.20320898294448853,
      0.20320898294448853,
      -0.12591195106506348,
      0.15789473056793213,
      0.2379288524389267,
      0.4758577048778534
    ],
    [
      0.07760211080312729,
      0.07760211080312729,
      0.15489915013313293,
      0.8947368264198303,
      0.957445502281189,
      0.6718193888664246
    ],
    [
      -0.299414724111557,
      0.299414724111557,
      -0.22211769223213196,
      0.10526315867900848,
      0.29681211709976196,
      0.5936242341995239
    ],
    [
      -0.08414577692747116,
      0.08414577692747116,
      -0.006848745048046112,
      0.42105263471603394,
      0.6904280781745911,
      0.7090368270874023
    ],
    [
      0.13407176733016968,
      0.13407176733016968,
      0.21136879920959473,
      0.9473684430122375,
      0.9413713812828064,
      0.7090368270874023
    ],
    [
      -0.31760188937187195,
      0.31760188937187195,
      -0.2403048574924469,
      0.05263157933950424,
      0.4898696839809418,
      0.5061940550804138
    ],
    [
      0.024507740512490273,
      0.024507740512490273,
      0.10180477052927017,
      0.7894737124443054,
      0.23677265644073486,
      0.4735453128814697
    ]
  ],
  "feature_names": [
    "charge",
    "abs_charge",
    "charge_centered",
    "charge_rank_norm",
    "wbo_sum",
    "wbo_max"
  ],
  "status": "ok",
  "error": null
}