{
  "canonical_smiles": "CNC(=O)Cc1ccc2ccn(C3CCN(CCc4ccccc4F)CC3)c2c1",
  "xtb_valid": true,
  "atom_valid_mask": [
    [
      1.0
    ],
    [
      1.0
    ],
    [
      1.0
    ],
    [
      1.0
    ],
    [
      1.0
    ],
    [
      1.0
    ],
    [
      1.0
    ],
    [
      1.0
    ],
    [
      1.0
    ],
    [
      1.0
    ],
    [
      1.0
    ],
    [
      1.0
    ],
    [
      1.0
    ],
    [
      1.0
    ],
    [
      1.0
    ],
    [
      1.0
    ],
    [
      1.0
    ],
    [
      1.0
    ],
    [
      1.0
    ],
    [
      1.0
    ],
    [
      1.0
    ],
    [
      1.0
    ],
    [
      1.0
    ],
    [
      1.0
    ],
    [
      1.0
    ],
    [
      1.0
    ],
    [
      1.0
    ],
    [
      1.0
    ],
    [
      1.0
    ]
  ],
  "atom_features": [
    [
      -0.05073403939604759,
      0.05073403939604759,
      -0.00015873461961746216,
      0.4285714328289032,
      0.2511209547519684,
      0.5022419095039368
    ],
    [
      -0.189265176653862,
      0.189265176653862,
      -0.13868987560272217,
      0.1071428582072258,
      0.6182791590690613,
      0.6360837817192078
    ],
    [
      0.27537110447883606,
      0.27537110447883606,
      0.3259464204311371,
      1.0,
      0.9676939249038696,
      0.8187388181686401
    ],
    [
      -0.514189600944519,
      0.514189600944519,
      -0.463614284992218,
      0.0,
      0.4584857225418091,
      0.8187388181686401
    ],
    [
      -0.09549760073423386,
      0.09549760073423386,
      -0.044922295957803726,
      0.1428571492433548,
      0.48820793628692627,
      0.495850533246994
    ],
    [
      0.006254119798541069,
      0.006254119798541069,
      0.05682942271232605,
      0.8214285969734192,
      0.9506297707557678,
      0.7251326441764832
    ],
    [
      -0.056930940598249435,
      0.056930940598249435,
      -0.006355635821819305,
      0.3571428656578064,
      0.7140613794326782,
      0.7478464245796204
    ],
    [
      -0.04868752136826515,
      0.04868752136826515,
      0.001887783408164978,
      0.4642857015132904,
      0.7341635227203369,
      0.7478464245796204
    ],
    [
      -0.016053790226578712,
      0.016053790226578712,
      0.03452151268720627,
      0.6428571343421936,
      0.95195072889328,
      0.6599414348602295
    ],
    [
      -0.08356759697198868,
      0.08356759697198868,
      -0.03299229219555855,
      0.1785714328289032,
      0.706969678401947,
      0.7965775728225708
    ],
    [
      -0.006532059982419014,
      0.006532059982419014,
      0.04404324293136597,
      0.6785714030265808,
      0.6991493105888367,
      0.7965775728225708
    ],
    [
      -0.044138871133327484,
      0.044138871133327484,
      0.006436433643102646,
      0.5,
      0.8339508771896362,
      0.6017210483551025
    ],
    [
      0.03776295855641365,
      0.03776295855641365,
      0.08833826333284378,
      0.9285714030265808,
      0.7367443442344666,
      0.49490195512771606
    ],
    [
      -0.06510116159915924,
      0.06510116159915924,
      -0.01452585682272911,
      0.25,
      0.4951552748680115,
      0.4970594644546509
    ],
    [
      0.0005777300102636218,
      0.0005777300102636218,
      0.0511530339717865,
      0.7857142686843872,
      0.49956777691841125,
      0.5020760893821716
    ],
    [
      -0.19279265403747559,
      0.19279265403747559,
      -0.14221735298633575,
      0.0714285746216774,
      0.750910222530365,
      0.5020760893821716
    ],
    [
      0.014453760348260403,
      0.014453760348260403,
      0.06502906233072281,
      0.8571428656578064,
      0.49558597803115845,
      0.49849796295166016
    ],
    [
      -0.06507255882024765,
      0.06507255882024765,
      -0.01449725404381752,
      0.2857142984867096,
      0.4992292821407318,
      0.5057846307754517
    ],
    [
      -0.004662869963794947,
      0.004662869963794947,
      0.04591243341565132,
      0.7142857313156128,
      0.9749240279197693,
      0.7057636380195618
    ],
    [
      -0.042261090129613876,
      0.042261090129613876,
      0.008314214646816254,
      0.5357142686843872,
      0.7409178614616394,
      0.7210188508033752
    ],
    [
      -0.040743470191955566,
      0.040743470191955566,
      0.009831834584474564,
      0.5714285969734192,
      0.7201841473579407,
      0.7210188508033752
    ],
    [
      -0.0377788208425045,
      0.0377788208425045,
      0.012796483933925629,
      0.6071428656578064,
      0.7457412481307983,
      0.7193494439125061
    ],
    [
      -0.05692354962229729,
      0.05692354962229729,
      -0.006348244845867157,
      0.3928571343421936,
      0.737626850605011,
      0.7180496454238892
    ],
    [
      0.16005860269069672,
      0.16005860269069672,
      0.21063390374183655,
      0.9642857313156128,
      0.9269661903381348,
      0.7021509408950806
    ],
    [
      -0.25843051075935364,
      0.25843051075935364,
      -0.2078552097082138,
      0.0357142873108387,
      0.23378250002861023,
      0.46756500005722046
    ],
    [
      -0.0003140399930998683,
      0.0003140399930998683,
      0.05026126652956009,
      0.75,
      0.4993060231208801,
      0.501246452331543
    ],
    [
      -0.06645607203245163,
      0.06645607203245163,
      -0.0158807672560215,
      0.2142857164144516,
      0.4961337745189667,
      0.4973655939102173
    ],
    [
      0.03481705114245415,
      0.03481705114245415,
      0.08539235591888428,
      0.8928571343421936,
      0.9380383491516113,
      0.6686334609985352
    ],
    [
      -0.05984530970454216,
      0.05984530970454216,
      -0.00927000492811203,
      0.3214285671710968,
      0.7271526455879211,
      0.7251326441764832
    ]
  ],
  "feature_names": [
    "charge",
    "abs_charge",
    "charge_centered",
    "charge_rank_norm",
    "wbo_sum",
    "wbo_max"
  ],
  "status": "ok",
  "error": null
}