{
  "canonical_smiles": "CCc1cc2c(cc1CC)CC(NC[C@H](O)c1ccc(O)c3[nH]c(=O)ccc13)C2",
  "xtb_valid": true,
  "atom_valid_mask": [
    [
      1.0
    ],
    [
      1.0
    ],
    [
      1.0
    ],
    [
      1.0
    ],
    [
      1.0
    ],
    [
      1.0
    ],
    [
      1.0
    ],
    [
      1.0
    ],
    [
      1.0
    ],
    [
      1.0
    ],
    [
      1.0
    ],
    [
      1.0
    ],
    [
      1.0
    ],
    [
      1.0
    ],
    [
      1.0
    ],
    [
      1.0
    ],
    [
      1.0
    ],
    [
      1.0
    ],
    [
      1.0
    ],
    [
      1.0
    ],
    [
      1.0
    ],
    [
      1.0
    ],
    [
      1.0
    ],
    [
      1.0
    ],
    [
      1.0
    ],
    [
      1.0
    ],
    [
      1.0
    ],
    [
      1.0
    ],
    [
      1.0
    ]
  ],
  "atom_features": [
    [
      -0.09951607882976532,
      0.09951607882976532,
      -0.026274628937244415,
      0.2142857164144516,
      0.25151681900024414,
      0.5030336380004883
    ],
    [
      -0.05863000079989433,
      0.05863000079989433,
      0.014611449092626572,
      0.3928571343421936,
      0.5041749477386475,
      0.5053162574768066
    ],
    [
      -0.0036794201005250216,
      0.0036794201005250216,
      0.06956203281879425,
      0.7857142686843872,
      0.9765905141830444,
      0.6981679797172546
    ],
    [
      -0.05434989184141159,
      0.05434989184141159,
      0.018891558051109314,
      0.5,
      0.7356448769569397,
      0.7218541502952576
    ],
    [
      -0.00579641992226243,
      0.00579641992226243,
      0.06744503229856491,
      0.7142857313156128,
      0.9785534739494324,
      0.7218541502952576
    ],
    [
      -0.005944429896771908,
      0.005944429896771908,
      0.06729701906442642,
      0.6785714030265808,
      0.97834712266922,
      0.7212803363800049
    ],
    [
      -0.05553818866610527,
      0.05553818866610527,
      0.017703261226415634,
      0.4642857015132904,
      0.735410213470459,
      0.7212803363800049
    ],
    [
      -0.005422609858214855,
      0.005422609858214855,
      0.06781884282827377,
      0.75,
      0.9763071537017822,
      0.6981679797172546
    ],
    [
      -0.05685602128505707,
      0.05685602128505707,
      0.016385428607463837,
      0.4285714328289032,
      0.504126787185669,
      0.5052351951599121
    ],
    [
      -0.10063204914331436,
      0.10063204914331436,
      -0.027390599250793457,
      0.1785714328289032,
      0.2515091598033905,
      0.503018319606781
    ],
    [
      -0.0716937780380249,
      0.0716937780380249,
      0.0015476718544960022,
      0.3214285671710968,
      0.49921321868896484,
      0.50496506690979
    ],
    [
      0.0558120496571064,
      0.0558120496571064,
      0.1290535032749176,
      0.8928571343421936,
      0.7433894276618958,
      0.5010101199150085
    ],
    [
      -0.28570353984832764,
      0.28570353984832764,
      -0.21246209740638733,
      0.1071428582072258,
      0.5047798156738281,
      0.5085495114326477
    ],
    [
      -0.011509690433740616,
      0.011509690433740616,
      0.06173175945878029,
      0.6071428656578064,
      0.4961623549461365,
      0.5085495114326477
    ],
    [
      0.10712804645299911,
      0.10712804645299911,
      0.18036949634552002,
      0.9285714030265808,
      0.7313353419303894,
      0.4942687451839447
    ],
    [
      -0.5045920610427856,
      0.5045920610427856,
      -0.43135061860084534,
      0.0357142873108387,
      0.24231335520744324,
      0.4846267104148865
    ],
    [
      -0.007047430146485567,
      0.007047430146485567,
      0.06619402021169662,
      0.6428571343421936,
      0.9390236139297485,
      0.7230379581451416
    ],
    [
      -0.048234060406684875,
      0.048234060406684875,
      0.02500738948583603,
      0.5357142686843872,
      0.7131124138832092,
      0.7230379581451416
    ],
    [
      -0.07417301088571548,
      0.07417301088571548,
      -0.0009315609931945801,
      0.2857142984867096,
      0.7025381326675415,
      0.7031868100166321
    ],
    [
      0.13189172744750977,
      0.13189172744750977,
      0.20513316988945007,
      0.9642857313156128,
      0.9426627159118652,
      0.7018894553184509
    ],
    [
      -0.45130088925361633,
      0.45130088925361633,
      -0.378059446811676,
      0.0714285746216774,
      0.2687433362007141,
      0.5374866724014282
    ],
    [
      0.053092971444129944,
      0.053092971444129944,
      0.12633442878723145,
      0.8571428656578064,
      0.930454671382904,
      0.6535346508026123
    ],
    [
      -0.138021320104599,
      0.138021320104599,
      -0.0647798702120781,
      0.1428571492433548,
      0.6242125034332275,
      0.6050785779953003
    ],
    [
      0.2756359875202179,
      0.2756359875202179,
      0.3488774299621582,
      1.0,
      0.9653217196464539,
      0.7902848720550537
    ],
    [
      -0.544477641582489,
      0.544477641582489,
      -0.4712361991405487,
      0.0,
      0.4361029267311096,
      0.7902848720550537
    ],
    [
      -0.0704990029335022,
      0.0704990029335022,
      0.0027424469590187073,
      0.3571428656578064,
      0.7048476338386536,
      0.8744152784347534
    ],
    [
      -0.01789082959294319,
      0.01789082959294319,
      0.05535062029957771,
      0.5714285969734192,
      0.7233725190162659,
      0.8744152784347534
    ],
    [
      -0.00041050001163966954,
      0.00041050001163966954,
      0.07283095270395279,
      0.8214285969734192,
      0.9433024525642395,
      0.6607404351234436
    ],
    [
      -0.07564382255077362,
      0.07564382255077362,
      -0.002402372658252716,
      0.25,
      0.49885082244873047,
      0.5053942203521729
    ]
  ],
  "feature_names": [
    "charge",
    "abs_charge",
    "charge_centered",
    "charge_rank_norm",
    "wbo_sum",
    "wbo_max"
  ],
  "status": "ok",
  "error": null
}