{
  "canonical_smiles": "COc1ccc(-c2oc3cc(O)cc(O)c3c(=O)c2O)cc1",
  "xtb_valid": true,
  "atom_valid_mask": [
    [
      1.0
    ],
    [
      1.0
    ],
    [
      1.0
    ],
    [
      1.0
    ],
    [
      1.0
    ],
    [
      1.0
    ],
    [
      1.0
    ],
    [
      1.0
    ],
    [
      1.0
    ],
    [
      1.0
    ],
    [
      1.0
    ],
    [
      1.0
    ],
    [
      1.0
    ],
    [
      1.0
    ],
    [
      1.0
    ],
    [
      1.0
    ],
    [
      1.0
    ],
    [
      1.0
    ],
    [
      1.0
    ],
    [
      1.0
    ],
    [
      1.0
    ],
    [
      1.0
    ]
  ],
  "atom_features": [
    [
      0.016802910715341568,
      0.016802910715341568,
      0.0966302752494812,
      0.6666666865348816,
      0.24208427965641022,
      0.48416855931282043
    ],
    [
      -0.29214319586753845,
      0.29214319586753845,
      -0.21231582760810852,
      0.190476194024086,
      0.5092952251434326,
      0.5344218611717224
    ],
    [
      0.1498945653438568,
      0.1498945653438568,
      0.22972193360328674,
      0.8571428656578064,
      0.9462272524833679,
      0.683239221572876
    ],
    [
      -0.0674528181552887,
      0.0674528181552887,
      0.012374542653560638,
      0.4285714328289032,
      0.703791081905365,
      0.724342942237854
    ],
    [
      -0.03279915079474449,
      0.03279915079474449,
      0.04702821001410484,
      0.523809552192688,
      0.7352690100669861,
      0.724342942237854
    ],
    [
      8.813000022200868e-05,
      8.813000022200868e-05,
      0.07991549372673035,
      0.6190476417541504,
      0.9489568471908569,
      0.6927611827850342
    ],
    [
      0.1172746866941452,
      0.1172746866941452,
      0.19710204005241394,
      0.761904776096344,
      0.9119722247123718,
      0.777988076210022
    ],
    [
      -0.21528251469135284,
      0.21528251469135284,
      -0.1354551613330841,
      0.2380952388048172,
      0.5301417708396912,
      0.5332792401313782
    ],
    [
      0.13736219704151154,
      0.13736219704151154,
      0.21718955039978027,
      0.8095238208770752,
      0.9326926469802856,
      0.6859846711158752
    ],
    [
      -0.1095658615231514,
      0.1095658615231514,
      -0.029738500714302063,
      0.2857142984867096,
      0.6846957802772522,
      0.6859846711158752
    ],
    [
      0.1599275916814804,
      0.1599275916814804,
      0.23975494503974915,
      0.9047619104385376,
      0.9555551409721375,
      0.6834068894386292
    ],
    [
      -0.42831137776374817,
      0.42831137776374817,
      -0.34848400950431824,
      0.1428571492433548,
      0.27727389335632324,
      0.5545477867126465
    ],
    [
      -0.09219574183225632,
      0.09219574183225632,
      -0.012368381023406982,
      0.3333333432674408,
      0.6881439685821533,
      0.7031322717666626
    ],
    [
      0.16073335707187653,
      0.16073335707187653,
      0.24056071043014526,
      0.9523809552192688,
      0.9476896524429321,
      0.7031322717666626
    ],
    [
      -0.4295053780078888,
      0.4295053780078888,
      -0.34967800974845886,
      0.095238097012043,
      0.2797943651676178,
      0.5595887303352356
    ],
    [
      -0.08212924748659134,
      0.08212924748659134,
      -0.0023018866777420044,
      0.380952388048172,
      0.919420599937439,
      0.6461214423179626
    ],
    [
      0.2026967853307724,
      0.2026967853307724,
      0.28252413868904114,
      1.0,
      0.9458039999008179,
      0.7918009757995605
    ],
    [
      -0.5050095915794373,
      0.5050095915794373,
      -0.4251822233200073,
      0.0,
      0.3959004878997803,
      0.7918009757995605
    ],
    [
      0.08129502087831497,
      0.08129502087831497,
      0.1611223816871643,
      0.7142857313156128,
      0.927398145198822,
      0.777988076210022
    ],
    [
      -0.4403257668018341,
      0.4403257668018341,
      -0.3604983985424042,
      0.0476190485060215,
      0.26853132247924805,
      0.5370626449584961
    ],
    [
      -0.029637590050697327,
      0.029637590050697327,
      0.05018977075815201,
      0.5714285969734192,
      0.7107184529304504,
      0.7352365255355835
    ],
    [
      -0.057918958365917206,
      0.057918958365917206,
      0.02190840244293213,
      0.4761904776096344,
      0.7317319512367249,
      0.7352365255355835
    ]
  ],
  "feature_names": [
    "charge",
    "abs_charge",
    "charge_centered",
    "charge_rank_norm",
    "wbo_sum",
    "wbo_max"
  ],
  "status": "ok",
  "error": null
}