{
  "canonical_smiles": "CCOc1ccc(NC(C)=O)cc1",
  "xtb_valid": true,
  "atom_valid_mask": [
    [
      1.0
    ],
    [
      1.0
    ],
    [
      1.0
    ],
    [
      1.0
    ],
    [
      1.0
    ],
    [
      1.0
    ],
    [
      1.0
    ],
    [
      1.0
    ],
    [
      1.0
    ],
    [
      1.0
    ],
    [
      1.0
    ],
    [
      1.0
    ],
    [
      1.0
    ]
  ],
  "atom_features": [
    [
      -0.12355667352676392,
      0.12355667352676392,
      -0.05030178278684616,
      0.3333333432674408,
      0.2533358633518219,
      0.5066717267036438
    ],
    [
      0.07422070950269699,
      0.07422070950269699,
      0.14747560024261475,
      0.8333333134651184,
      0.49208688735961914,
      0.5066717267036438
    ],
    [
      -0.3073630928993225,
      0.3073630928993225,
      -0.23410820960998535,
      0.0833333358168602,
      0.5026453733444214,
      0.5277886986732483
    ],
    [
      0.1398025006055832,
      0.1398025006055832,
      0.21305739879608154,
      0.9166666865348816,
      0.9453614950180054,
      0.6847625970840454
    ],
    [
      -0.06188078969717026,
      0.06188078969717026,
      0.011374101042747498,
      0.5833333134651184,
      0.7312167286872864,
      0.728888213634491
    ],
    [
      -0.04892072081565857,
      0.04892072081565857,
      0.024334169924259186,
      0.6666666865348816,
      0.7325817942619324,
      0.728888213634491
    ],
    [
      0.06481251865625381,
      0.06481251865625381,
      0.13806740939617157,
      0.75,
      0.9523770809173584,
      0.6854395866394043
    ],
    [
      -0.17397072911262512,
      0.17397072911262512,
      -0.10071583837270737,
      0.1666666716337204,
      0.6137239933013916,
      0.6104083061218262
    ],
    [
      0.28360727429389954,
      0.28360727429389954,
      0.3568621575832367,
      1.0,
      0.9672428369522095,
      0.8266528844833374
    ],
    [
      -0.16392986476421356,
      0.16392986476421356,
      -0.0906749740242958,
      0.25,
      0.24871224164962769,
      0.49742448329925537
    ],
    [
      -0.5038194060325623,
      0.5038194060325623,
      -0.4305645227432251,
      0.0,
      0.4547312259674072,
      0.8266528844833374
    ],
    [
      -0.06213049963116646,
      0.06213049963116646,
      0.011124391108751297,
      0.5,
      0.7314382791519165,
      0.722418487071991
    ],
    [
      -0.06918486207723618,
      0.06918486207723618,
      0.00407002866268158,
      0.4166666567325592,
      0.7290084958076477,
      0.722418487071991
    ]
  ],
  "feature_names": [
    "charge",
    "abs_charge",
    "charge_centered",
    "charge_rank_norm",
    "wbo_sum",
    "wbo_max"
  ],
  "status": "ok",
  "error": null
}