{
  "canonical_smiles": "CC[C@@H]1CN2CCc3cc(OC)c(OC)cc3[C@@H]2C[C@@H]1C[C@H]1NCCc2cc(OC)c(OC)cc21",
  "xtb_valid": true,
  "atom_valid_mask": [
    [
      1.0
    ],
    [
      1.0
    ],
    [
      1.0
    ],
    [
      1.0
    ],
    [
      1.0
    ],
    [
      1.0
    ],
    [
      1.0
    ],
    [
      1.0
    ],
    [
      1.0
    ],
    [
      1.0
    ],
    [
      1.0
    ],
    [
      1.0
    ],
    [
      1.0
    ],
    [
      1.0
    ],
    [
      1.0
    ],
    [
      1.0
    ],
    [
      1.0
    ],
    [
      1.0
    ],
    [
      1.0
    ],
    [
      1.0
    ],
    [
      1.0
    ],
    [
      1.0
    ],
    [
      1.0
    ],
    [
      1.0
    ],
    [
      1.0
    ],
    [
      1.0
    ],
    [
      1.0
    ],
    [
      1.0
    ],
    [
      1.0
    ],
    [
      1.0
    ],
    [
      1.0
    ],
    [
      1.0
    ],
    [
      1.0
    ],
    [
      1.0
    ],
    [
      1.0
    ]
  ],
  "atom_features": [
    [
      -0.10812035202980042,
      0.10812035202980042,
      -0.054280687123537064,
      0.1764705926179886,
      0.25473034381866455,
      0.5094606876373291
    ],
    [
      -0.05773644894361496,
      0.05773644894361496,
      -0.0038967840373516083,
      0.44117647409439087,
      0.5032953023910522,
      0.5094606876373291
    ],
    [
      -0.02375013940036297,
      0.02375013940036297,
      0.030089525505900383,
      0.47058823704719543,
      0.7421443462371826,
      0.49712997674942017
    ],
    [
      0.007989809848368168,
      0.007989809848368168,
      0.061829473823308945,
      0.6470588445663452,
      0.4966122806072235,
      0.49672770500183105
    ],
    [
      -0.20284757018089294,
      0.20284757018089294,
      -0.1490079015493393,
      0.14705882966518402,
      0.7447420954704285,
      0.5004573464393616
    ],
    [
      0.01262552011758089,
      0.01262552011758089,
      0.06646518409252167,
      0.6764705777168274,
      0.50106281042099,
      0.5016682744026184
    ],
    [
      -0.07207217067480087,
      0.07207217067480087,
      -0.01823250576853752,
      0.3529411852359772,
      0.504438042640686,
      0.5072077512741089
    ],
    [
      0.001962050097063184,
      0.001962050097063184,
      0.055801715701818466,
      0.6176470518112183,
      0.9510765075683594,
      0.7009262442588806
    ],
    [
      -0.08638201653957367,
      0.08638201653957367,
      -0.03254235163331032,
      0.20588235557079315,
      0.7219996452331543,
      0.7009262442588806
    ],
    [
      0.11750371009111404,
      0.11750371009111404,
      0.1713433712720871,
      1.0,
      0.9376587867736816,
      0.6928001642227173
    ],
    [
      -0.29899054765701294,
      0.29899054765701294,
      -0.2451508790254593,
      0.0882352963089943,
      0.5057157874107361,
      0.5263748168945312
    ],
    [
      0.02271972969174385,
      0.02271972969174385,
      0.0765593945980072,
      0.7352941036224365,
      0.24252839386463165,
      0.4850567877292633
    ],
    [
      0.10818956047296524,
      0.10818956047296524,
      0.1620292216539383,
      0.9117646813392639,
      0.93128502368927,
      0.7070268392562866
    ],
    [
      -0.34011921286582947,
      0.34011921286582947,
      -0.286279559135437,
      0.0,
      0.48857197165489197,
      0.4994005560874939
    ],
    [
      0.033337999135255814,
      0.033337999135255814,
      0.08717766404151917,
      0.8235294222831726,
      0.23887167870998383,
      0.47774335741996765
    ],
    [
      -0.06681046634912491,
      0.06681046634912491,
      -0.012970801442861557,
      0.4117647111415863,
      0.729544997215271,
      0.7070268392562866
    ],
    [
      -0.012917499989271164,
      0.012917499989271164,
      0.04092216491699219,
      0.529411792755127,
      0.9450918436050415,
      0.7017902135848999
    ],
    [
      0.04990899935364723,
      0.04990899935364723,
      0.10374866425991058,
      0.8529411554336548,
      0.7413838505744934,
      0.49586308002471924
    ],
    [
      -0.07223357260227203,
      0.07223357260227203,
      -0.018393907696008682,
      0.3235294222831726,
      0.4952969253063202,
      0.49586308002471924
    ],
    [
      -0.021424390375614166,
      0.021424390375614166,
      0.032415274530649185,
      0.5,
      0.7408604621887207,
      0.496559202671051
    ],
    [
      -0.0729406327009201,
      0.0729406327009201,
      -0.019100967794656754,
      0.2647058963775635,
      0.492837518453598,
      0.496559202671051
    ],
    [
      0.05276456102728844,
      0.05276456102728844,
      0.10660422593355179,
      0.8823529481887817,
      0.7421448826789856,
      0.4995381832122803
    ],
    [
      -0.27978187799453735,
      0.27978187799453735,
      -0.2259422093629837,
      0.11764705926179886,
      0.503014862537384,
      0.506491482257843
    ],
    [
      0.01870799995958805,
      0.01870799995958805,
      0.07254766672849655,
      0.7058823704719543,
      0.5037649273872375,
      0.506491482257843
    ],
    [
      -0.0713753029704094,
      0.0713753029704094,
      -0.017535638064146042,
      0.38235294818878174,
      0.5039273500442505,
      0.5068163275718689
    ],
    [
      0.00019582000095397234,
      0.00019582000095397234,
      0.054035484790802,
      0.5882353186607361,
      0.951460599899292,
      0.7018139362335205
    ],
    [
      -0.07272282987833023,
      0.07272282987833023,
      -0.01888316497206688,
      0.29411765933036804,
      0.728775143623352,
      0.7036895155906677
    ],
    [
      0.11034110188484192,
      0.11034110188484192,
      0.16418077051639557,
      0.9411764740943909,
      0.9329099059104919,
      0.7036895155906677
    ],
    [
      -0.335602730512619,
      0.335602730512619,
      -0.28176307678222656,
      0.029411764815449715,
      0.4907187223434448,
      0.5024381279945374
    ],
    [
      0.03253750130534172,
      0.03253750130534172,
      0.08637716621160507,
      0.7941176295280457,
      0.23949965834617615,
      0.4789993166923523
    ],
    [
      0.11545100063085556,
      0.11545100063085556,
      0.1692906618118286,
      0.970588207244873,
      0.9373160004615784,
      0.6939799189567566
    ],
    [
      -0.3081527352333069,
      0.3081527352333069,
      -0.25431308150291443,
      0.05882352963089943,
      0.5019065737724304,
      0.5209597945213318
    ],
    [
      0.02491142973303795,
      0.02491142973303795,
      0.0787510946393013,
      0.7647058963775635,
      0.24142667651176453,
      0.48285335302352905
    ],
    [
      -0.08011896908283234,
      0.08011896908283234,
      -0.026279304176568985,
      0.23529411852359772,
      0.7237328886985779,
      0.701438844203949
    ],
    [
      -0.009435510262846947,
      0.009435510262846947,
      0.044404156506061554,
      0.5588235259056091,
      0.9456828236579895,
      0.701438844203949
    ]
  ],
  "feature_names": [
    "charge",
    "abs_charge",
    "charge_centered",
    "charge_rank_norm",
    "wbo_sum",
    "wbo_max"
  ],
  "status": "ok",
  "error": null
}