{
  "canonical_smiles": "[2H]C([2H])([2H])Oc1cc2c(cc1OC([2H])([2H])[2H])[C@@H]1CC(=O)[C@@H](CC(C)C)CN1CC2",
  "xtb_valid": true,
  "atom_valid_mask": [
    [
      1.0
    ],
    [
      1.0
    ],
    [
      1.0
    ],
    [
      1.0
    ],
    [
      1.0
    ],
    [
      1.0
    ],
    [
      1.0
    ],
    [
      1.0
    ],
    [
      1.0
    ],
    [
      1.0
    ],
    [
      1.0
    ],
    [
      1.0
    ],
    [
      1.0
    ],
    [
      1.0
    ],
    [
      1.0
    ],
    [
      1.0
    ],
    [
      1.0
    ],
    [
      1.0
    ],
    [
      1.0
    ],
    [
      1.0
    ],
    [
      1.0
    ],
    [
      1.0
    ],
    [
      1.0
    ],
    [
      1.0
    ],
    [
      1.0
    ],
    [
      1.0
    ],
    [
      1.0
    ],
    [
      1.0
    ],
    [
      1.0
    ]
  ],
  "atom_features": [
    [
      0.055642809718847275,
      0.055642809718847275,
      0.08912207186222076,
      0.7857142686843872,
      0.24405527114868164,
      0.4881105422973633
    ],
    [
      0.022105010226368904,
      0.022105010226368904,
      0.05558427423238754,
      0.6071428656578064,
      0.9755834937095642,
      0.48875224590301514
    ],
    [
      0.07604534178972244,
      0.07604534178972244,
      0.10952460765838623,
      0.8928571343421936,
      0.24437612295150757,
      0.48875224590301514
    ],
    [
      0.05624379962682724,
      0.05624379962682724,
      0.08972306549549103,
      0.8214285969734192,
      0.2441425323486328,
      0.4882850646972656
    ],
    [
      -0.30031663179397583,
      0.30031663179397583,
      -0.26683735847473145,
      0.0714285746216774,
      0.5052962899208069,
      0.5245735049247742
    ],
    [
      0.1154526099562645,
      0.1154526099562645,
      0.14893187582492828,
      0.9642857313156128,
      0.9330857396125793,
      0.700336217880249
    ],
    [
      -0.08545210212469101,
      0.08545210212469101,
      -0.05197283625602722,
      0.25,
      0.6969566941261292,
      0.700336217880249
    ],
    [
      -0.003087650053203106,
      0.003087650053203106,
      0.030391614884138107,
      0.5,
      0.9507263898849487,
      0.7008891701698303
    ],
    [
      -0.01657167077064514,
      0.01657167077064514,
      0.016907595098018646,
      0.4285714328289032,
      0.9447077512741089,
      0.7008891701698303
    ],
    [
      -0.08265791088342667,
      0.08265791088342667,
      -0.04917864501476288,
      0.2857142984867096,
      0.6973159909248352,
      0.7011629343032837
    ],
    [
      0.11368069797754288,
      0.11368069797754288,
      0.14715996384620667,
      0.9285714030265808,
      0.9325330257415771,
      0.7011629343032837
    ],
    [
      -0.302107036113739,
      0.302107036113739,
      -0.26862776279449463,
      0.0357142873108387,
      0.5043274164199829,
      0.5226414203643799
    ],
    [
      0.023326469585299492,
      0.023326469585299492,
      0.05680573731660843,
      0.6428571343421936,
      0.9757161736488342,
      0.48872214555740356
    ],
    [
      0.05500340089201927,
      0.05500340089201927,
      0.08848266303539276,
      0.75,
      0.24429376423358917,
      0.48858752846717834
    ],
    [
      0.07558243721723557,
      0.07558243721723557,
      0.10906170308589935,
      0.8571428656578064,
      0.24436107277870178,
      0.48872214555740356
    ],
    [
      0.053591128438711166,
      0.053591128438711166,
      0.08707039058208466,
      0.7142857313156128,
      0.24405469000339508,
      0.48810938000679016
    ],
    [
      0.04671981930732727,
      0.04671981930732727,
      0.08019908517599106,
      0.6785714030265808,
      0.7410264611244202,
      0.4950571656227112
    ],
    [
      -0.09008567780256271,
      0.09008567780256271,
      -0.056606411933898926,
      0.2142857164144516,
      0.497842401266098,
      0.5029667019844055
    ],
    [
      0.2489541471004486,
      0.2489541471004486,
      0.282433420419693,
      1.0,
      0.9484651684761047,
      0.9000558853149414
    ],
    [
      -0.4405443072319031,
      0.4405443072319031,
      -0.4070650339126587,
      0.0,
      0.4500279426574707,
      0.9000558853149414
    ],
    [
      -0.0412142314016819,
      0.0412142314016819,
      -0.007734965533018112,
      0.3928571343421936,
      0.7323257923126221,
      0.4939078390598297
    ],
    [
      -0.059120211750268936,
      0.059120211750268936,
      -0.02564094588160515,
      0.3571428656578064,
      0.48917075991630554,
      0.49687644839286804
    ],
    [
      -0.012462739832699299,
      0.012462739832699299,
      0.021016526967287064,
      0.4642857015132904,
      0.7528936266899109,
      0.5053200125694275
    ],
    [
      -0.11448214203119278,
      0.11448214203119278,
      -0.08100287616252899,
      0.1428571492433548,
      0.2517954111099243,
      0.5035908222198486
    ],
    [
      -0.10827445983886719,
      0.10827445983886719,
      -0.0747951939702034,
      0.1785714328289032,
      0.25266000628471375,
      0.5053200125694275
    ],
    [
      0.0027099899016320705,
      0.0027099899016320705,
      0.036189254373311996,
      0.5357142686843872,
      0.49440819025039673,
      0.4995376765727997
    ],
    [
      -0.19736318290233612,
      0.19736318290233612,
      -0.16388392448425293,
      0.1071428582072258,
      0.7465420365333557,
      0.4995376765727997
    ],
    [
      0.010600410401821136,
      0.010600410401821136,
      0.044079676270484924,
      0.5714285969734192,
      0.500264048576355,
      0.5012593865394592
    ],
    [
      -0.07281672209501266,
      0.07281672209501266,
      -0.03933745622634888,
      0.3214285671710968,
      0.5041229724884033,
      0.5069865584373474
    ]
  ],
  "feature_names": [
    "charge",
    "abs_charge",
    "charge_centered",
    "charge_rank_norm",
    "wbo_sum",
    "wbo_max"
  ],
  "status": "ok",
  "error": null
}