{
  "canonical_smiles": "COc1ccc(C[C@@H](C)N)cc1",
  "xtb_valid": true,
  "atom_valid_mask": [
    [
      1.0
    ],
    [
      1.0
    ],
    [
      1.0
    ],
    [
      1.0
    ],
    [
      1.0
    ],
    [
      1.0
    ],
    [
      1.0
    ],
    [
      1.0
    ],
    [
      1.0
    ],
    [
      1.0
    ],
    [
      1.0
    ],
    [
      1.0
    ]
  ],
  "atom_features": [
    [
      0.024421950802206993,
      0.024421950802206993,
      0.0986211970448494,
      0.8181818127632141,
      0.2430446892976761,
      0.4860893785953522
    ],
    [
      -0.309001088142395,
      0.309001088142395,
      -0.23480184376239777,
      0.09090909361839294,
      0.5050698518753052,
      0.5240503549575806
    ],
    [
      0.13708220422267914,
      0.13708220422267914,
      0.2112814486026764,
      1.0,
      0.9457301497459412,
      0.6888941526412964
    ],
    [
      -0.06343170255422592,
      0.06343170255422592,
      0.010767541825771332,
      0.4545454680919647,
      0.7323315739631653,
      0.7307950258255005
    ],
    [
      -0.043387461453676224,
      0.043387461453676224,
      0.03081178292632103,
      0.6363636255264282,
      0.7408658862113953,
      0.7307950258255005
    ],
    [
      0.0017076199874281883,
      0.0017076199874281883,
      0.07590686529874802,
      0.7272727489471436,
      0.9564762711524963,
      0.7072945833206177
    ],
    [
      -0.07690303772687912,
      0.07690303772687912,
      -0.0027037933468818665,
      0.27272728085517883,
      0.49437353014945984,
      0.5071154236793518
    ],
    [
      0.05747037008404732,
      0.05747037008404732,
      0.13166961073875427,
      0.9090909361839294,
      0.7470055818557739,
      0.5080270171165466
    ],
    [
      -0.11618714034557343,
      0.11618714034557343,
      -0.04198789596557617,
      0.1818181872367859,
      0.2521762251853943,
      0.5043524503707886
    ],
    [
      -0.38300520181655884,
      0.38300520181655884,
      -0.3088059425354004,
      0.0,
      0.2540135085582733,
      0.5080270171165466
    ],
    [
      -0.04567570984363556,
      0.04567570984363556,
      0.028523534536361694,
      0.5454545617103577,
      0.7400194406509399,
      0.7173919677734375
    ],
    [
      -0.07348176091909409,
      0.07348176091909409,
      0.0007174834609031677,
      0.3636363744735718,
      0.7293401956558228,
      0.7173919677734375
    ]
  ],
  "feature_names": [
    "charge",
    "abs_charge",
    "charge_centered",
    "charge_rank_norm",
    "wbo_sum",
    "wbo_max"
  ],
  "status": "ok",
  "error": null
}