{
  "canonical_smiles": "NC1C(O)OC(CO)C(O)C1O",
  "xtb_valid": true,
  "atom_valid_mask": [
    [
      1.0
    ],
    [
      1.0
    ],
    [
      1.0
    ],
    [
      1.0
    ],
    [
      1.0
    ],
    [
      1.0
    ],
    [
      1.0
    ],
    [
      1.0
    ],
    [
      1.0
    ],
    [
      1.0
    ],
    [
      1.0
    ],
    [
      1.0
    ]
  ],
  "atom_features": [
    [
      -0.3866380751132965,
      0.3866380751132965,
      -0.20579424500465393,
      0.3636363744735718,
      0.25501447916030884,
      0.5100289583206177
    ],
    [
      0.029297100380063057,
      0.029297100380063057,
      0.21014092862606049,
      0.5454545617103577,
      0.7389129996299744,
      0.5100289583206177
    ],
    [
      0.23239031434059143,
      0.23239031434059143,
      0.413234144449234,
      1.0,
      0.7305462956428528,
      0.497665137052536
    ],
    [
      -0.5123972296714783,
      0.5123972296714783,
      -0.3315533995628357,
      0.0,
      0.248832568526268,
      0.497665137052536
    ],
    [
      -0.3618967831134796,
      0.3618967831134796,
      -0.18105295300483704,
      0.4545454680919647,
      0.47885069251060486,
      0.48096728324890137
    ],
    [
      0.096267469227314,
      0.096267469227314,
      0.277111291885376,
      0.8181818127632141,
      0.7265546321868896,
      0.4914209246635437
    ],
    [
      0.06239825114607811,
      0.06239825114607811,
      0.243242084980011,
      0.6363636255264282,
      0.4954914152622223,
      0.4995619058609009
    ],
    [
      -0.505959153175354,
      0.505959153175354,
      -0.3251153230667114,
      0.1818181872367859,
      0.24978095293045044,
      0.4995619058609009
    ],
    [
      0.08903361111879349,
      0.08903361111879349,
      0.26987743377685547,
      0.7272727489471436,
      0.7313845753669739,
      0.49497222900390625
    ],
    [
      -0.4989297091960907,
      0.4989297091960907,
      -0.3180858790874481,
      0.27272728085517883,
      0.24748611450195312,
      0.49497222900390625
    ],
    [
      0.09704439342021942,
      0.09704439342021942,
      0.2778882384300232,
      0.9090909361839294,
      0.7296067476272583,
      0.49103397130966187
    ],
    [
      -0.5107361078262329,
      0.5107361078262329,
      -0.32989227771759033,
      0.09090909361839294,
      0.24551698565483093,
      0.49103397130966187
    ]
  ],
  "feature_names": [
    "charge",
    "abs_charge",
    "charge_centered",
    "charge_rank_norm",
    "wbo_sum",
    "wbo_max"
  ],
  "status": "ok",
  "error": null
}