{
  "canonical_smiles": "C=C(C)[C@H]1Cc2c(ccc3c2O[C@@H]2COc4cc(OC)c(OC)cc4[C@H]2C3=O)O1",
  "xtb_valid": true,
  "atom_valid_mask": [
    [
      1.0
    ],
    [
      1.0
    ],
    [
      1.0
    ],
    [
      1.0
    ],
    [
      1.0
    ],
    [
      1.0
    ],
    [
      1.0
    ],
    [
      1.0
    ],
    [
      1.0
    ],
    [
      1.0
    ],
    [
      1.0
    ],
    [
      1.0
    ],
    [
      1.0
    ],
    [
      1.0
    ],
    [
      1.0
    ],
    [
      1.0
    ],
    [
      1.0
    ],
    [
      1.0
    ],
    [
      1.0
    ],
    [
      1.0
    ],
    [
      1.0
    ],
    [
      1.0
    ],
    [
      1.0
    ],
    [
      1.0
    ],
    [
      1.0
    ],
    [
      1.0
    ],
    [
      1.0
    ],
    [
      1.0
    ],
    [
      1.0
    ]
  ],
  "atom_features": [
    [
      -0.11383356899023056,
      0.11383356899023056,
      -0.06398877501487732,
      0.25,
      0.4827256500720978,
      0.9654513001441956
    ],
    [
      0.009244520217180252,
      0.009244520217180252,
      0.059089310467243195,
      0.6071428656578064,
      0.9869564771652222,
      0.9654513001441956
    ],
    [
      -0.12182927131652832,
      0.12182927131652832,
      -0.07198448479175568,
      0.2142857164144516,
      0.25643908977508545,
      0.5128781795501709
    ],
    [
      0.10275626182556152,
      0.10275626182556152,
      0.15260104835033417,
      0.75,
      0.725338339805603,
      0.4955833852291107
    ],
    [
      -0.07169105112552643,
      0.07169105112552643,
      -0.021846260875463486,
      0.3571428656578064,
      0.5004734992980957,
      0.5071115493774414
    ],
    [
      -0.031889550387859344,
      0.031889550387859344,
      0.017955239862203598,
      0.5357142686843872,
      0.9318439960479736,
      0.6932083964347839
    ],
    [
      0.14916232228279114,
      0.14916232228279114,
      0.19900710880756378,
      0.9642857313156128,
      0.9413045644760132,
      0.6791955828666687
    ],
    [
      -0.06939200311899185,
      0.06939200311899185,
      -0.01954721286892891,
      0.3928571343421936,
      0.7062952518463135,
      0.7333948612213135
    ],
    [
      -0.025519300252199173,
      0.025519300252199173,
      0.02432548999786377,
      0.5714285969734192,
      0.7060912251472473,
      0.7333948612213135
    ],
    [
      -0.05934768170118332,
      0.05934768170118332,
      -0.009502891451120377,
      0.4285714328289032,
      0.9294775128364563,
      0.6787875294685364
    ],
    [
      0.13781288266181946,
      0.13781288266181946,
      0.1876576691865921,
      0.9285714030265808,
      0.9329434037208557,
      0.6932083964347839
    ],
    [
      -0.2873464524745941,
      0.2873464524745941,
      -0.23750166594982147,
      0.1785714328289032,
      0.5006701946258545,
      0.527201235294342
    ],
    [
      0.11300396919250488,
      0.11300396919250488,
      0.16284875571727753,
      0.8214285969734192,
      0.7266107201576233,
      0.49256911873817444
    ],
    [
      0.0610637404024601,
      0.0610637404024601,
      0.11090853065252304,
      0.7142857313156128,
      0.4884323477745056,
      0.49256911873817444
    ],
    [
      -0.2950548529624939,
      0.2950548529624939,
      -0.24521006643772125,
      0.0714285746216774,
      0.5015397071838379,
      0.5187838673591614
    ],
    [
      0.11964616179466248,
      0.11964616179466248,
      0.16949094831943512,
      0.8571428656578064,
      0.9389065504074097,
      0.6813058853149414
    ],
    [
      -0.0994914099574089,
      0.0994914099574089,
      -0.04964661970734596,
      0.2857142984867096,
      0.6884714365005493,
      0.6992194652557373
    ],
    [
      0.11996231973171234,
      0.11996231973171234,
      0.16980710625648499,
      0.8928571343421936,
      0.9354034662246704,
      0.6992194652557373
    ],
    [
      -0.2879950702190399,
      0.2879950702190399,
      -0.23815028369426727,
      0.1428571492433548,
      0.5078348517417908,
      0.5312732458114624
    ],
    [
      0.016739629209041595,
      0.016739629209041595,
      0.06658442318439484,
      0.6428571343421936,
      0.24219822883605957,
      0.48439645767211914
    ],
    [
      0.10956598073244095,
      0.10956598073244095,
      0.1594107747077942,
      0.7857142686843872,
      0.9325785040855408,
      0.7004472017288208
    ],
    [
      -0.2959347367286682,
      0.2959347367286682,
      -0.24608995020389557,
      0.0357142873108387,
      0.504730224609375,
      0.5243956446647644
    ],
    [
      0.021595319733023643,
      0.021595319733023643,
      0.07144010812044144,
      0.6785714030265808,
      0.2425323873758316,
      0.4850647747516632
    ],
    [
      -0.07488155364990234,
      0.07488155364990234,
      -0.0250367633998394,
      0.3214285671710968,
      0.696821391582489,
      0.7004472017288208
    ],
    [
      -0.03517616167664528,
      0.03517616167664528,
      0.014668628573417664,
      0.5,
      0.935501754283905,
      0.6931955814361572
    ],
    [
      -0.04378129914402962,
      0.04378129914402962,
      0.006063491106033325,
      0.4642857015132904,
      0.7331424951553345,
      0.4965020716190338
    ],
    [
      0.23010675609111786,
      0.23010675609111786,
      0.2799515426158905,
      1.0,
      0.9471803903579712,
      0.8764009475708008
    ],
    [
      -0.43499132990837097,
      0.43499132990837097,
      -0.38514652848243713,
      0.0,
      0.4382004737854004,
      0.8764009475708008
    ],
    [
      -0.2880036234855652,
      0.2880036234855652,
      -0.23815883696079254,
      0.1071428582072258,
      0.5006517171859741,
      0.5400454998016357
    ]
  ],
  "feature_names": [
    "charge",
    "abs_charge",
    "charge_centered",
    "charge_rank_norm",
    "wbo_sum",
    "wbo_max"
  ],
  "status": "ok",
  "error": null
}