{
  "canonical_smiles": "CO[C@H]1/C=C/O[C@@]2(C)Oc3c(C)c(O)c4c(c3C2=O)C2=NC3(CCN(CC(C)C)CC3)NC2=C(CC(=O)/C(C)=C\\C=C\\[C@H](C)[C@H](O)[C@H](C)[C@@H](O)[C@@H](C)[C@H](OC(C)=O)[C@@H]1C)C4=O",
  "xtb_valid": true,
  "atom_valid_mask": [
    [
      1.0
    ],
    [
      1.0
    ],
    [
      1.0
    ],
    [
      1.0
    ],
    [
      1.0
    ],
    [
      1.0
    ],
    [
      1.0
    ],
    [
      1.0
    ],
    [
      1.0
    ],
    [
      1.0
    ],
    [
      1.0
    ],
    [
      1.0
    ],
    [
      1.0
    ],
    [
      1.0
    ],
    [
      1.0
    ],
    [
      1.0
    ],
    [
      1.0
    ],
    [
      1.0
    ],
    [
      1.0
    ],
    [
      1.0
    ],
    [
      1.0
    ],
    [
      1.0
    ],
    [
      1.0
    ],
    [
      1.0
    ],
    [
      1.0
    ],
    [
      1.0
    ],
    [
      1.0
    ],
    [
      1.0
    ],
    [
      1.0
    ],
    [
      1.0
    ],
    [
      1.0
    ],
    [
      1.0
    ],
    [
      1.0
    ],
    [
      1.0
    ],
    [
      1.0
    ],
    [
      1.0
    ],
    [
      1.0
    ],
    [
      1.0
    ],
    [
      1.0
    ],
    [
      1.0
    ],
    [
      1.0
    ],
    [
      1.0
    ],
    [
      1.0
    ],
    [
      1.0
    ],
    [
      1.0
    ],
    [
      1.0
    ],
    [
      1.0
    ],
    [
      1.0
    ],
    [
      1.0
    ],
    [
      1.0
    ],
    [
      1.0
    ],
    [
      1.0
    ],
    [
      1.0
    ],
    [
      1.0
    ],
    [
      1.0
    ],
    [
      1.0
    ],
    [
      1.0
    ],
    [
      1.0
    ],
    [
      1.0
    ],
    [
      1.0
    ],
    [
      1.0
    ]
  ],
  "atom_features": [
    [
      0.026673950254917145,
      0.026673950254917145,
      0.09969376027584076,
      0.75,
      0.24530881643295288,
      0.49061763286590576
    ],
    [
      -0.35782793164253235,
      0.35782793164253235,
      -0.28480812907218933,
      0.11666666716337204,
      0.48746269941329956,
      0.49061763286590576
    ],
    [
      0.11191540956497192,
      0.11191540956497192,
      0.18493521213531494,
      0.8666666746139526,
      0.732986330986023,
      0.5049233436584473
    ],
    [
      -0.08813732862472534,
      0.08813732862472534,
      -0.015117518603801727,
      0.4000000059604645,
      0.7380156517028809,
      0.9199798703193665
    ],
    [
      0.10105717182159424,
      0.10105717182159424,
      0.17407697439193726,
      0.800000011920929,
      0.7180132269859314,
      0.9199798703193665
    ],
    [
      -0.30078640580177307,
      0.30078640580177307,
      -0.22776660323143005,
      0.13333334028720856,
      0.5191067457199097,
      0.5160466432571411
    ],
    [
      0.2522815465927124,
      0.2522815465927124,
      0.3253013491630554,
      0.9833333492279053,
      0.9452386498451233,
      0.4872104227542877
    ],
    [
      -0.1318933069705963,
      0.1318933069705963,
      -0.0588734969496727,
      0.25,
      0.24360521137714386,
      0.4872104227542877
    ],
    [
      -0.28468066453933716,
      0.28468066453933716,
      -0.21166086196899414,
      0.15000000596046448,
      0.5001193284988403,
      0.5312445759773254
    ],
    [
      0.1435096561908722,
      0.1435096561908722,
      0.2165294587612152,
      0.8833333253860474,
      0.9273537397384644,
      0.6807486414909363
    ],
    [
      -0.008185070008039474,
      0.008185070008039474,
      0.06483474373817444,
      0.6666666865348816,
      0.9296185970306396,
      0.6807486414909363
    ],
    [
      -0.11561766266822815,
      0.11561766266822815,
      -0.042597852647304535,
      0.3333333432674408,
      0.2580660879611969,
      0.5161321759223938
    ],
    [
      0.16025447845458984,
      0.16025447845458984,
      0.23327428102493286,
      0.9166666865348816,
      0.938226044178009,
      0.6623563170433044
    ],
    [
      -0.4087224006652832,
      0.4087224006652832,
      -0.3357025980949402,
      0.0833333358168602,
      0.2869572043418884,
      0.5739144086837769
    ],
    [
      -0.05953504145145416,
      0.05953504145145416,
      0.013484768569469452,
      0.46666666865348816,
      0.9203984141349792,
      0.6735761165618896
    ],
    [
      0.011777480132877827,
      0.011777480132877827,
      0.08479729294776917,
      0.7333333492279053,
      0.93511962890625,
      0.6735761165618896
    ],
    [
      -0.05158400908112526,
      0.05158400908112526,
      0.021435800939798355,
      0.5,
      0.9224494099617004,
      0.6562005877494812
    ],
    [
      0.2199562042951584,
      0.2199562042951584,
      0.2929760217666626,
      0.949999988079071,
      0.9482370615005493,
      0.8872562050819397
    ],
    [
      -0.3841328024864197,
      0.3841328024864197,
      -0.31111299991607666,
      0.10000000149011612,
      0.44362810254096985,
      0.8872562050819397
    ],
    [
      0.10028734058141708,
      0.10028734058141708,
      0.1733071506023407,
      0.7833333611488342,
      0.9588159918785095,
      0.8622318506240845
    ],
    [
      -0.24924877285957336,
      0.24924877285957336,
      -0.17622897028923035,
      0.18333333730697632,
      0.6802361011505127,
      0.8622318506240845
    ],
    [
      0.14623059332370758,
      0.14623059332370758,
      0.2192504107952118,
      0.8999999761581421,
      0.965685248374939,
      0.4982403814792633
    ],
    [
      -0.06744065135717392,
      0.06744065135717392,
      0.005579158663749695,
      0.4333333373069763,
      0.4872009754180908,
      0.4952174425125122
    ],
    [
      -0.007605600170791149,
      0.007605600170791149,
      0.06541421264410019,
      0.6833333373069763,
      0.49873894453048706,
      0.5022604465484619
    ],
    [
      -0.18201760947704315,
      0.18201760947704315,
      -0.10899779945611954,
      0.20000000298023224,
      0.7519140243530273,
      0.5040833950042725
    ],
    [
      -0.0036559300497174263,
      0.0036559300497174263,
      0.06936387717723846,
      0.699999988079071,
      0.4964517652988434,
      0.4974842071533203
    ],
    [
      -0.013890160247683525,
      0.013890160247683525,
      0.05912964791059494,
      0.6499999761581421,
      0.7520164847373962,
      0.5049894452095032
    ],
    [
      -0.11297178268432617,
      0.11297178268432617,
      -0.03995197266340256,
      0.3499999940395355,
      0.2518121302127838,
      0.5036242604255676
    ],
    [
      -0.11622209846973419,
      0.11622209846973419,
      -0.04320228844881058,
      0.3166666626930237,
      0.2524947226047516,
      0.5049894452095032
    ],
    [
      -0.002124760067090392,
      0.002124760067090392,
      0.07089505344629288,
      0.7166666388511658,
      0.49998950958251953,
      0.5040833950042725
    ],
    [
      -0.06648693233728409,
      0.06648693233728409,
      0.006532877683639526,
      0.44999998807907104,
      0.4855361878871918,
      0.4958956241607666
    ],
    [
      -0.1783827245235443,
      0.1783827245235443,
      -0.1053629145026207,
      0.21666666865348816,
      0.5687873363494873,
      0.606505811214447
    ],
    [
      0.06514211744070053,
      0.06514211744070053,
      0.13816192746162415,
      0.7666666507720947,
      0.9452183842658997,
      0.7689933776855469
    ],
    [
      -0.05422110855579376,
      0.05422110855579376,
      0.018798701465129852,
      0.4833333194255829,
      0.9336331486701965,
      0.7689933776855469
    ],
    [
      -0.07642938941717148,
      0.07642938941717148,
      -0.0034095793962478638,
      0.4166666567325592,
      0.4885025918483734,
      0.49518588185310364
    ],
    [
      0.2464628368616104,
      0.2464628368616104,
      0.3194826543331146,
      0.9666666388511658,
      0.942639946937561,
      0.9058753848075867
    ],
    [
      -0.42630237340927124,
      0.42630237340927124,
      -0.3532825708389282,
      0.06666667014360428,
      0.45293769240379333,
      0.9058753848075867
    ],
