{
  "canonical_smiles": "CN(C)CCO[C@]1(c2ccccc2)C[C@H]2CC[C@]1(C)C2(C)C",
  "xtb_valid": true,
  "atom_valid_mask": [
    [
      1.0
    ],
    [
      1.0
    ],
    [
      1.0
    ],
    [
      1.0
    ],
    [
      1.0
    ],
    [
      1.0
    ],
    [
      1.0
    ],
    [
      1.0
    ],
    [
      1.0
    ],
    [
      1.0
    ],
    [
      1.0
    ],
    [
      1.0
    ],
    [
      1.0
    ],
    [
      1.0
    ],
    [
      1.0
    ],
    [
      1.0
    ],
    [
      1.0
    ],
    [
      1.0
    ],
    [
      1.0
    ],
    [
      1.0
    ],
    [
      1.0
    ],
    [
      1.0
    ]
  ],
  "atom_features": [
    [
      -0.0385824516415596,
      0.0385824516415596,
      0.011810392141342163,
      0.4761904776096344,
      0.2532494366168976,
      0.5064988732337952
    ],
    [
      -0.19281987845897675,
      0.19281987845897675,
      -0.14242702722549438,
      0.0476190485060215,
      0.7560855150222778,
      0.5064988732337952
    ],
    [
      -0.04043110832571983,
      0.04043110832571983,
      0.00996173545718193,
      0.380952388048172,
      0.25261828303337097,
      0.5052365660667419
    ],
    [
      0.006636380217969418,
      0.006636380217969418,
      0.057029224932193756,
      0.8095238208770752,
      0.499089777469635,
      0.5004355907440186
    ],
    [
      0.08226785808801651,
      0.08226785808801651,
      0.13266070187091827,
      0.9523809552192688,
      0.49267861247062683,
      0.49774396419525146
    ],
    [
      -0.35314473509788513,
      0.35314473509788513,
      -0.30275189876556396,
      0.0,
      0.4807283580303192,
      0.4876132905483246
    ],
    [
      0.127716064453125,
      0.127716064453125,
      0.17810890078544617,
      1.0,
      0.9561079144477844,
      0.48964041471481323
    ],
    [
      -0.001409790012985468,
      0.001409790012985468,
      0.048983052372932434,
      0.761904776096344,
      0.9770340323448181,
      0.7081800103187561
    ],
    [
      -0.031614720821380615,
      0.031614720821380615,
      0.01877812296152115,
      0.6666666865348816,
      0.7407988905906677,
      0.7235406041145325
    ],
    [
      -0.036359671503305435,
      0.036359671503305435,
      0.014033172279596329,
      0.6190476417541504,
      0.7482253313064575,
      0.7235406041145325
    ],
    [
      -0.03649749979376793,
      0.03649749979376793,
      0.013895343989133835,
      0.5714285969734192,
      0.7467517852783203,
      0.7207581996917725
    ],
    [
      -0.037651509046554565,
      0.037651509046554565,
      0.012741334736347198,
      0.523809552192688,
      0.7479175925254822,
      0.7207581996917725
    ],
    [
      -0.03935994952917099,
      0.03935994952917099,
      0.011032894253730774,
      0.4285714328289032,
      0.7408061027526855,
      0.7186614274978638
    ],
    [
      -0.06905338913202286,
      0.06905338913202286,
      -0.018660545349121094,
      0.2380952388048172,
      0.4915008544921875,
      0.4970124363899231
    ],
    [
      -0.024969179183244705,
      0.024969179183244705,
      0.02542366459965706,
      0.7142857313156128,
      0.7405441403388977,
      0.4979553520679474
    ],
    [
      -0.06463906168937683,
      0.06463906168937683,
      -0.014246217906475067,
      0.3333333432674408,
      0.49966180324554443,
      0.5013682842254639
    ],
    [
      -0.06677497923374176,
      0.06677497923374176,
      -0.016382135450839996,
      0.2857142984867096,
      0.4965297281742096,
      0.5013682842254639
    ],
    [
      0.01242178026586771,
      0.01242178026586771,
      0.0628146231174469,
      0.8571428656578064,
      0.9680495858192444,
      0.5058976411819458
    ],
    [
      -0.10405523329973221,
      0.10405523329973221,
      -0.053662389516830444,
      0.1428571492433548,
      0.2529488205909729,
      0.5058976411819458
    ],
    [
      0.01391987968236208,
      0.01391987968236208,
      0.06431272625923157,
      0.9047619104385376,
      0.9806938767433167,
      0.5006496906280518
    ],
    [
      -0.10368248075246811,
      0.10368248075246811,
      -0.053289636969566345,
      0.190476194024086,
      0.2503248453140259,
      0.5006496906280518
    ],
    [
      -0.11055903136730194,
      0.11055903136730194,
      -0.06016618758440018,
      0.095238097012043,
      0.2494249790906906,
      0.4988499581813812
    ]
  ],
  "feature_names": [
    "charge",
    "abs_charge",
    "charge_centered",
    "charge_rank_norm",
    "wbo_sum",
    "wbo_max"
  ],
  "status": "ok",
  "error": null
}