{
  "canonical_smiles": "CCCCCC(O)C=CC1C(O)CC(=O)C1CC=CCCCC(=O)O",
  "xtb_valid": true,
  "atom_valid_mask": [
    [
      1.0
    ],
    [
      1.0
    ],
    [
      1.0
    ],
    [
      1.0
    ],
    [
      1.0
    ],
    [
      1.0
    ],
    [
      1.0
    ],
    [
      1.0
    ],
    [
      1.0
    ],
    [
      1.0
    ],
    [
      1.0
    ],
    [
      1.0
    ],
    [
      1.0
    ],
    [
      1.0
    ],
    [
      1.0
    ],
    [
      1.0
    ],
    [
      1.0
    ],
    [
      1.0
    ],
    [
      1.0
    ],
    [
      1.0
    ],
    [
      1.0
    ],
    [
      1.0
    ],
    [
      1.0
    ],
    [
      1.0
    ],
    [
      1.0
    ]
  ],
  "atom_features": [
    [
      -0.10960909724235535,
      0.10960909724235535,
      -0.009699642658233643,
      0.25,
      0.2549331486225128,
      0.5098662972450256
    ],
    [
      -0.05714502930641174,
      0.05714502930641174,
      0.04276442527770996,
      0.5,
      0.5071766972541809,
      0.5098662972450256
    ],
    [
      -0.06325092166662216,
      0.06325092166662216,
      0.03665853291749954,
      0.4166666567325592,
      0.5037465691566467,
      0.504487156867981
    ],
    [
      -0.06355453282594681,
      0.06355453282594681,
      0.036354921758174896,
      0.375,
      0.5034059882164001,
      0.503805935382843
    ],
    [
      -0.07224921137094498,
      0.07224921137094498,
      0.027660243213176727,
      0.3333333432674408,
      0.4955473244190216,
      0.503805935382843
    ],
    [
      0.11862917244434357,
      0.11862917244434357,
      0.21853862702846527,
      0.9166666865348816,
      0.7376576662063599,
      0.5043452382087708
    ],
    [
      -0.5228318572044373,
      0.5228318572044373,
      -0.42292240262031555,
      0.0,
      0.24184070527553558,
      0.48368141055107117
    ],
    [
      -0.048558078706264496,
      0.048558078706264496,
      0.05135137587785721,
      0.625,
      0.7326518893241882,
      0.9609586000442505
    ],
    [
      -0.04510442167520523,
      0.04510442167520523,
      0.05480503290891647,
      0.6666666865348816,
      0.7352626323699951,
      0.9609586000442505
    ],
    [
      -0.038153428584337234,
      0.038153428584337234,
      0.06175602599978447,
      0.8333333134651184,
      0.735185444355011,
      0.5095667243003845
    ],
    [
      0.11013709753751755,
      0.11013709753751755,
      0.21004655957221985,
      0.875,
      0.734886109828949,
      0.49645480513572693
    ],
    [
      -0.4918234348297119,
      0.4918234348297119,
      -0.3919139802455902,
      0.0416666679084301,
      0.24822740256786346,
      0.49645480513572693
    ],
    [
      -0.1130024790763855,
      0.1130024790763855,
      -0.013093024492263794,
      0.2083333283662796,
      0.49735721945762634,
      0.5014588832855225
    ],
    [
      0.2400388866662979,
      0.2400388866662979,
      0.3399483561515808,
      0.9583333134651184,
      0.950634777545929,
      0.9099236130714417
    ],
    [
      -0.4204498529434204,
      0.4204498529434204,
      -0.3205403983592987,
      0.1666666716337204,
      0.4549618065357208,
      0.9099236130714417
    ],
    [
      -0.0409662090241909,
      0.0409662090241909,
      0.0589432455599308,
      0.7916666865348816,
      0.7290508151054382,
      0.489886999130249
    ],
    [
      -0.05340313911437988,
      0.05340313911437988,
      0.04650631546974182,
      0.5416666865348816,
      0.49984386563301086,
      0.5122154355049133
    ],
    [
      -0.04473688825964928,
      0.04473688825964928,
      0.05517256632447243,
      0.7083333134651184,
      0.7370898127555847,
      0.9619641900062561
    ],
    [
      -0.04389172047376633,
      0.04389172047376633,
      0.05601773411035538,
      0.75,
      0.7369377017021179,
      0.9619641900062561
    ],
    [
      -0.057644251734018326,
      0.057644251734018326,
      0.04226520285010338,
      0.4583333432674408,
      0.5036476254463196,
      0.5119112133979797
    ],
    [
      -0.05016472935676575,
      0.05016472935676575,
      0.04974472522735596,
      0.5833333134651184,
      0.49227389693260193,
      0.4953840672969818
    ],
    [
      -0.09070701897144318,
      0.09070701897144318,
      0.009202435612678528,
      0.2916666567325592,
      0.4927070736885071,
      0.4962504208087921
    ],
    [
      0.3671202063560486,
      0.3671202063560486,
      0.4670296609401703,
      1.0,
      0.9660239219665527,
      0.8550413250923157
    ],
    [
      -0.4841265380382538,
      0.4841265380382538,
      -0.3842170834541321,
      0.0833333358168602,
      0.47018563747406006,
      0.8550413250923157
    ],
    [
      -0.4222888648509979,
      0.4222888648509979,
      -0.3223794102668762,
      0.125,
      0.3330429792404175,
      0.5807560086250305
    ]
  ],
  "feature_names": [
    "charge",
    "abs_charge",
    "charge_centered",
    "charge_rank_norm",
    "wbo_sum",
    "wbo_max"
  ],
  "status": "ok",
  "error": null
}