{
  "canonical_smiles": "OCCCOc1cccc(CN2CCCCC2)c1",
  "xtb_valid": true,
  "atom_valid_mask": [
    [
      1.0
    ],
    [
      1.0
    ],
    [
      1.0
    ],
    [
      1.0
    ],
    [
      1.0
    ],
    [
      1.0
    ],
    [
      1.0
    ],
    [
      1.0
    ],
    [
      1.0
    ],
    [
      1.0
    ],
    [
      1.0
    ],
    [
      1.0
    ],
    [
      1.0
    ],
    [
      1.0
    ],
    [
      1.0
    ],
    [
      1.0
    ],
    [
      1.0
    ],
    [
      1.0
    ]
  ],
  "atom_features": [
    [
      -0.5210429430007935,
      0.5210429430007935,
      -0.45486289262771606,
      0.0,
      0.24762322008609772,
      0.49524644017219543
    ],
    [
      0.07563669979572296,
      0.07563669979572296,
      0.14181675016880035,
      0.8823529481887817,
      0.49827924370765686,
      0.5013120770454407
    ],
    [
      -0.08092325925827026,
      0.08092325925827026,
      -0.014743208885192871,
      0.1764705926179886,
      0.5017510056495667,
      0.5021899342536926
    ],
    [
      0.07800044119358063,
      0.07800044119358063,
      0.14418049156665802,
      0.9411764740943909,
      0.4903274476528168,
      0.5021899342536926
    ],
    [
      -0.3034284710884094,
      0.3034284710884094,
      -0.23724842071533203,
      0.05882352963089943,
      0.5030825138092041,
      0.5277000665664673
    ],
    [
      0.14053089916706085,
      0.14053089916706085,
      0.20671094954013824,
      1.0,
      0.9478990435600281,
      0.6856293678283691
    ],
    [
      -0.07387483865022659,
      0.07387483865022659,
      -0.0076947882771492004,
      0.23529411852359772,
      0.7272617816925049,
      0.7180931568145752
    ],
    [
      -0.04045487940311432,
      0.04045487940311432,
      0.025725170969963074,
      0.5882353186607361,
      0.7477912306785583,
      0.7215515971183777
    ],
    [
      -0.05556255951523781,
      0.05556255951523781,
      0.010617490857839584,
      0.529411792755127,
      0.7115707397460938,
      0.7215515971183777
    ],
    [
      0.006214410066604614,
      0.006214410066604614,
      0.072394460439682,
      0.7058823704719543,
      0.9835903644561768,
      0.7132256031036377
    ],
    [
      0.005032970104366541,
      0.005032970104366541,
      0.0712130218744278,
      0.6470588445663452,
      0.49974000453948975,
      0.5015642046928406
    ],
    [
      -0.19631147384643555,
      0.19631147384643555,
      -0.13013142347335815,
      0.11764705926179886,
      0.7472763061523438,
      0.49843016266822815
    ],
    [
      0.01287722960114479,
      0.01287722960114479,
      0.07905727624893188,
      0.8235294222831726,
      0.5011855959892273,
      0.5039410591125488
    ],
    [
      -0.06318361312150955,
      0.06318361312150955,
      0.0029964372515678406,
      0.3529411852359772,
      0.5030876994132996,
      0.5039410591125488
    ],
    [
      -0.0588286891579628,
      0.0588286891579628,
      0.0073513612151145935,
      0.47058823704719543,
      0.5027921795845032,
      0.5033499598503113
    ],
    [
      -0.058985959738492966,
      0.058985959738492966,
      0.007194090634584427,
      0.4117647111415863,
      0.5022711157798767,
      0.5033499598503113
    ],
    [
      0.00719403987750411,
      0.00719403987750411,
      0.07337409257888794,
      0.7647058963775635,
      0.49969950318336487,
      0.5011922717094421
    ],
    [
      -0.06413091719150543,
      0.06413091719150543,
      0.0020491331815719604,
      0.29411765933036804,
      0.7258159518241882,
      0.7132256031036377
    ]
  ],
  "feature_names": [
    "charge",
    "abs_charge",
    "charge_centered",
    "charge_rank_norm",
    "wbo_sum",
    "wbo_max"
  ],
  "status": "ok",
  "error": null
}