{
  "canonical_smiles": "CN(C)CCOc1ccc(C(=C(CCCl)c2ccccc2)c2ccccc2)cc1",
  "xtb_valid": true,
  "atom_valid_mask": [
    [
      1.0
    ],
    [
      1.0
    ],
    [
      1.0
    ],
    [
      1.0
    ],
    [
      1.0
    ],
    [
      1.0
    ],
    [
      1.0
    ],
    [
      1.0
    ],
    [
      1.0
    ],
    [
      1.0
    ],
    [
      1.0
    ],
    [
      1.0
    ],
    [
      1.0
    ],
    [
      1.0
    ],
    [
      1.0
    ],
    [
      1.0
    ],
    [
      1.0
    ],
    [
      1.0
    ],
    [
      1.0
    ],
    [
      1.0
    ],
    [
      1.0
    ],
    [
      1.0
    ],
    [
      1.0
    ],
    [
      1.0
    ],
    [
      1.0
    ],
    [
      1.0
    ],
    [
      1.0
    ],
    [
      1.0
    ],
    [
      1.0
    ]
  ],
  "atom_features": [
    [
      -0.040575701743364334,
      0.040575701743364334,
      0.0006123147904872894,
      0.2142857164144516,
      0.25358375906944275,
      0.5071675181388855
    ],
    [
      -0.1835772544145584,
      0.1835772544145584,
      -0.1423892378807068,
      0.0714285746216774,
      0.7589266896247864,
      0.5071675181388855
    ],
    [
      -0.0356299988925457,
      0.0356299988925457,
      0.0055580176413059235,
      0.5357142686843872,
      0.2531728148460388,
      0.5063456296920776
    ],
    [
      -0.011512350291013718,
      0.011512350291013718,
      0.029675666242837906,
      0.7142857313156128,
      0.49862027168273926,
      0.5043402910232544
    ],
    [
      0.07441511750221252,
      0.07441511750221252,
      0.11560313403606415,
      0.9642857313156128,
      0.48568156361579895,
      0.4929002523422241
    ],
    [
      -0.3042965531349182,
      0.3042965531349182,
      -0.2631085515022278,
      0.0,
      0.5028576254844666,
      0.5272523760795593
    ],
    [
      0.1390804797410965,
      0.1390804797410965,
      0.18026849627494812,
      1.0,
      0.9461193084716797,
      0.6873838901519775
    ],
    [
      -0.07110337167978287,
      0.07110337167978287,
      -0.029915355145931244,
      0.1071428582072258,
      0.728519082069397,
      0.7175807952880859
    ],
    [
      -0.038531120866537094,
      0.038531120866537094,
      0.0026568956673145294,
      0.2857142984867096,
      0.7380062937736511,
      0.7175807952880859
    ],
    [
      0.005336089991033077,
      0.005336089991033077,
      0.046524107456207275,
      0.8214285969734192,
      0.9480460286140442,
      0.7026824951171875
    ],
    [
      -0.008003699593245983,
      0.008003699593245983,
      0.033184316009283066,
      0.75,
      0.9535041451454163,
      0.9064709544181824
    ],
    [
      -0.0065844301134347916,
      0.0065844301134347916,
      0.03460358828306198,
      0.7857142686843872,
      0.9563007354736328,
      0.9064709544181824
    ],
    [
      -0.06665576249361038,
      0.06665576249361038,
      -0.02546774595975876,
      0.1428571492433548,
      0.49926885962486267,
      0.5015960931777954
    ],
    [
      0.03294077143073082,
      0.03294077143073082,
      0.07412879168987274,
      0.9285714030265808,
      0.483058899641037,
      0.5015960931777954
    ],
    [
      -0.2522162199020386,
      0.2522162199020386,
      -0.21102820336818695,
      0.0357142873108387,
      0.23226085305213928,
      0.46452170610427856
    ],
    [
      0.015120290219783783,
      0.015120290219783783,
      0.056308306753635406,
      0.8571428656578064,
      0.9812251925468445,
      0.7003483772277832
    ],
    [
      -0.03279760107398033,
      0.03279760107398033,
      0.008390415459871292,
      0.6785714030265808,
      0.7385287284851074,
      0.7212660908699036
    ],
    [
      -0.03539758920669556,
      0.03539758920669556,
      0.005790427327156067,
      0.6071428656578064,
      0.748247504234314,
      0.7212660908699036
    ],
    [
      -0.0374680794775486,
      0.0374680794775486,
      0.0037199370563030243,
      0.3571428656578064,
      0.7459461092948914,
      0.7195467948913574
    ],
    [
      -0.03623272106051445,
      0.03623272106051445,
      0.0049552954733371735,
      0.4285714328289032,
      0.7481326460838318,
      0.7225337624549866
    ],
    [
      -0.03799226135015488,
      0.03799226135015488,
      0.003195755183696747,
      0.3214285671710968,
      0.7385361194610596,
      0.7225337624549866
    ],
    [
      0.016301440075039864,
      0.016301440075039864,
      0.05748945474624634,
      0.8928571343421936,
      0.9781169295310974,
      0.7009243369102478
    ],
    [
      -0.03557753935456276,
      0.03557753935456276,
      0.005610477179288864,
      0.5714285969734192,
      0.7390490174293518,
      0.7214853763580322
    ],
    [
      -0.03591037169098854,
      0.03591037169098854,
      0.005277644842863083,
      0.4642857015132904,
      0.7481134533882141,
      0.7214853763580322
    ],
    [
      -0.03702310100197792,
      0.03702310100197792,
      0.004164915531873703,
      0.3928571343421936,
      0.7462361454963684,
      0.719178318977356
    ],
    [
      -0.0352349616587162,
      0.0352349616587162,
      0.005953054875135422,
      0.6428571343421936,
      0.7482085227966309,
      0.7215502262115479
    ],
    [
      -0.03582283854484558,
      0.03582283854484558,
      0.0053651779890060425,
      0.5,
      0.7385469079017639,
      0.7215502262115479
    ],
    [
      -0.03914247825741768,
      0.03914247825741768,
      0.0020455382764339447,
      0.25,
      0.7381697297096252,
      0.7301800847053528
    ],
    [
      -0.06036077067255974,
      0.06036077067255974,
      -0.019172754138708115,
      0.1785714328289032,
      0.7317659258842468,
      0.7301800847053528
    ]
  ],
  "feature_names": [
    "charge",
    "abs_charge",
    "charge_centered",
    "charge_rank_norm",
    "wbo_sum",
    "wbo_max"
  ],
  "status": "ok",
  "error": null
}