{
  "canonical_smiles": "C[C@H](C(=O)O)c1ccc(-c2ccccc2)c(F)c1",
  "xtb_valid": true,
  "atom_valid_mask": [
    [
      1.0
    ],
    [
      1.0
    ],
    [
      1.0
    ],
    [
      1.0
    ],
    [
      1.0
    ],
    [
      1.0
    ],
    [
      1.0
    ],
    [
      1.0
    ],
    [
      1.0
    ],
    [
      1.0
    ],
    [
      1.0
    ],
    [
      1.0
    ],
    [
      1.0
    ],
    [
      1.0
    ],
    [
      1.0
    ],
    [
      1.0
    ],
    [
      1.0
    ],
    [
      1.0
    ]
  ],
  "atom_features": [
    [
      -0.1114732101559639,
      0.1114732101559639,
      -0.05195479467511177,
      0.1764705926179886,
      0.24317030608654022,
      0.48634061217308044
    ],
    [
      -0.04133952036499977,
      0.04133952036499977,
      0.018178895115852356,
      0.3529411852359772,
      0.7329450845718384,
      0.4978491961956024
    ],
    [
      0.36402466893196106,
      0.36402466893196106,
      0.4235430955886841,
      1.0,
      0.9613057374954224,
      0.8605330586433411
    ],
    [
      -0.47517216205596924,
      0.47517216205596924,
      -0.4156537353992462,
      0.0,
      0.47306960821151733,
      0.8605330586433411
    ],
    [
      -0.42069536447525024,
      0.42069536447525024,
      -0.3611769378185272,
      0.05882352963089943,
      0.3329921066761017,
      0.5803780555725098
    ],
    [
      0.015086029656231403,
      0.015086029656231403,
      0.07460444420576096,
      0.8823529481887817,
      0.9785942435264587,
      0.7048351764678955
    ],
    [
      -0.04836307838559151,
      0.04836307838559151,
      0.01115533709526062,
      0.29411765933036804,
      0.7145864367485046,
      0.7243376970291138
    ],
    [
      -0.039702609181404114,
      0.039702609181404114,
      0.019815806299448013,
      0.4117647111415863,
      0.7359849810600281,
      0.7243376970291138
    ],
    [
      -0.006051050033420324,
      0.006051050033420324,
      0.053467366844415665,
      0.7647058963775635,
      0.9697785973548889,
      0.6937673687934875
    ],
    [
      0.015057169832289219,
      0.015057169832289219,
      0.07457558810710907,
      0.8235294222831726,
      0.9821979999542236,
      0.6968503594398499
    ],
    [
      -0.032742150127887726,
      0.032742150127887726,
      0.0267762653529644,
      0.7058823704719543,
      0.7371432185173035,
      0.7223176956176758
    ],
    [
      -0.03507639095187187,
      0.03507639095187187,
      0.024442024528980255,
      0.529411792755127,
      0.7483574748039246,
      0.7223176956176758
    ],
    [
      -0.03438793122768402,
      0.03438793122768402,
      0.025130484253168106,
      0.6470588445663452,
      0.7446996569633484,
      0.7190353870391846
    ],
    [
      -0.03501548990607262,
      0.03501548990607262,
      0.02450292557477951,
      0.5882353186607361,
      0.7484223246574402,
      0.7237346768379211
    ],
    [
      -0.03789341077208519,
      0.03789341077208519,
      0.021625004708766937,
      0.47058823704719543,
      0.736963152885437,
      0.7237346768379211
    ],
    [
      0.1626129448413849,
      0.1626129448413849,
      0.22213135659694672,
      0.9411764740943909,
      0.9236932992935181,
      0.7037785649299622
    ],
    [
      -0.25723445415496826,
      0.25723445415496826,
      -0.19771604239940643,
      0.11764705926179886,
      0.23413169384002686,
      0.4682633876800537
    ],
    [
      -0.052965469658374786,
      0.052965469658374786,
      0.006552945822477341,
      0.23529411852359772,
      0.7310228943824768,
      0.7044022083282471
    ]
  ],
  "feature_names": [
    "charge",
    "abs_charge",
    "charge_centered",
    "charge_rank_norm",
    "wbo_sum",
    "wbo_max"
  ],
  "status": "ok",
  "error": null
}