{
  "canonical_smiles": "CC1(C)CCC(C)(C)c2cc(Cn3cccn3)c(/C=C/c3ccc(C(=O)O)cc3)cc21",
  "xtb_valid": true,
  "atom_valid_mask": [
    [
      1.0
    ],
    [
      1.0
    ],
    [
      1.0
    ],
    [
      1.0
    ],
    [
      1.0
    ],
    [
      1.0
    ],
    [
      1.0
    ],
    [
      1.0
    ],
    [
      1.0
    ],
    [
      1.0
    ],
    [
      1.0
    ],
    [
      1.0
    ],
    [
      1.0
    ],
    [
      1.0
    ],
    [
      1.0
    ],
    [
      1.0
    ],
    [
      1.0
    ],
    [
      1.0
    ],
    [
      1.0
    ],
    [
      1.0
    ],
    [
      1.0
    ],
    [
      1.0
    ],
    [
      1.0
    ],
    [
      1.0
    ],
    [
      1.0
    ],
    [
      1.0
    ],
    [
      1.0
    ],
    [
      1.0
    ],
    [
      1.0
    ],
    [
      1.0
    ],
    [
      1.0
    ]
  ],
  "atom_features": [
    [
      -0.10914284735918045,
      0.10914284735918045,
      -0.05612628161907196,
      0.10000000149011612,
      0.247470885515213,
      0.494941771030426
    ],
    [
      0.022448429837822914,
      0.022448429837822914,
      0.07546499371528625,
      0.8999999761581421,
      0.985543966293335,
      0.494941771030426
    ],
    [
      -0.10522756725549698,
      0.10522756725549698,
      -0.05221100151538849,
      0.20000000298023224,
      0.2460586428642273,
      0.4921172857284546
    ],
    [
      -0.06278812140226364,
      0.06278812140226364,
      -0.009771555662155151,
      0.2666666805744171,
      0.4989359378814697,
      0.5056560039520264
    ],
    [
      -0.06222924962639809,
      0.06222924962639809,
      -0.009212683886289597,
      0.30000001192092896,
      0.498964786529541,
      0.5056560039520264
    ],
    [
      0.02230186015367508,
      0.02230186015367508,
      0.07531842589378357,
      0.8666666746139526,
      0.9857096076011658,
      0.494835764169693
    ],
    [
      -0.10739800333976746,
      0.10739800333976746,
      -0.054381437599658966,
      0.13333334028720856,
      0.2474178820848465,
      0.494835764169693
    ],
    [
      -0.10648910701274872,
      0.10648910701274872,
      -0.05347254127264023,
      0.1666666716337204,
      0.24618098139762878,
      0.49236196279525757
    ],
    [
      0.0019389400258660316,
      0.0019389400258660316,
      0.05495550483465195,
      0.7333333492279053,
      0.9465336203575134,
      0.7068156599998474
    ],
    [
      -0.045773159712553024,
      0.045773159712553024,
      0.007243406027555466,
      0.36666667461395264,
      0.7349379062652588,
      0.7077276706695557
    ],
    [
      -0.004651269875466824,
      0.004651269875466824,
      0.04836529493331909,
      0.699999988079071,
      0.9705505967140198,
      0.7077276706695557
    ],
    [
      -0.021365219727158546,
      0.021365219727158546,
      0.03165134787559509,
      0.6333333253860474,
      0.49075040221214294,
      0.49619680643081665
    ],
    [
      0.0741577222943306,
      0.0741577222943306,
      0.1271742880344391,
      0.9666666388511658,
      0.8645225167274475,
      0.6407559514045715
    ],
    [
      -0.01715780980885029,
      0.01715780980885029,
      0.03585875779390335,
      0.6666666865348816,
      0.7357949614524841,
      0.7540220618247986
    ],
    [
      -0.07698599994182587,
      0.07698599994182587,
      -0.023969434201717377,
      0.23333333432674408,
      0.7200324535369873,
      0.7540220618247986
    ],
    [
      0.0201552901417017,
      0.0201552901417017,
      0.07317185401916504,
      0.8333333134651184,
      0.7183609008789062,
      0.7506790161132812
    ],
    [
      -0.26212045550346375,
      0.26212045550346375,
      -0.20910388231277466,
      0.06666667014360428,
      0.7152379751205444,
      0.7506790161132812
    ],
    [
      0.003765000030398369,
      0.003765000030398369,
      0.05678156763315201,
      0.800000011920929,
      0.9513224363327026,
      0.7000094056129456
    ],
    [
      -0.030426889657974243,
      0.030426889657974243,
      0.022589676082134247,
      0.5,
      0.7217890620231628,
      0.9278112053871155
    ],
    [
      -0.04502851143479347,
      0.04502851143479347,
      0.007988054305315018,
      0.4000000059604645,
      0.7321571111679077,
      0.9278112053871155
    ],
    [
      0.02937988005578518,
      0.02937988005578518,
      0.08239644765853882,
      0.9333333373069763,
      0.9548215866088867,
      0.6869676113128662
    ],
    [
      -0.03813033923506737,
      0.03813033923506737,
      0.014886226505041122,
      0.4333333373069763,
      0.734937310218811,
      0.7330581545829773
    ],
    [
      -0.024262940511107445,
      0.024262940511107445,
      0.028753625229001045,
      0.5666666626930237,
      0.7348402142524719,
      0.7330581545829773
    ],
    [
      -0.024592330679297447,
      0.024592330679297447,
      0.028424235060811043,
      0.5333333611488342,
      0.9427473545074463,
      0.6862566471099854
    ],
    [
      0.35562795400619507,
      0.35562795400619507,
      0.40864452719688416,
      1.0,
      0.9611450433731079,
      0.8363263010978699
    ],
    [
      -0.49683165550231934,
      0.49683165550231934,
      -0.44381508231163025,
      0.0,
      0.45904892683029175,
      0.8363263010978699
    ],
    [
      -0.4280267357826233,
      0.4280267357826233,
      -0.3750101625919342,
      0.03333333507180214,
      0.3269720673561096,
      0.5721725821495056
    ],
    [
      -0.02405701018869877,
      0.02405701018869877,
      0.02895955555140972,
      0.6000000238418579,
      0.7343621253967285,
      0.732633650302887
    ],
    [
      -0.03597788140177727,
      0.03597788140177727,
      0.017038684338331223,
      0.46666666865348816,
      0.7349834442138672,
      0.732633650302887
    ],
    [
      -0.04736851155757904,
      0.04736851155757904,
      0.0056480541825294495,
      0.3333333432674408,
      0.7301643490791321,
      0.7049867510795593
    ],
    [
      0.0027430099435150623,
      0.0027430099435150623,
      0.055759575217962265,
      0.7666666507720947,
      0.9707059264183044,
      0.7049867510795593
    ]
  ],
  "feature_names": [
    "charge",
    "abs_charge",
    "charge_centered",
    "charge_rank_norm",
    "wbo_sum",
    "wbo_max"
  ],
  "status": "ok",
  "error": null
}