{
  "canonical_smiles": "Cc1cn2nc(-c3cc(=O)n4cc(N5CCNC6(CC6)C5)ccc4n3)cc(C)c2n1",
  "xtb_valid": true,
  "atom_valid_mask": [
    [
      1.0
    ],
    [
      1.0
    ],
    [
      1.0
    ],
    [
      1.0
    ],
    [
      1.0
    ],
    [
      1.0
    ],
    [
      1.0
    ],
    [
      1.0
    ],
    [
      1.0
    ],
    [
      1.0
    ],
    [
      1.0
    ],
    [
      1.0
    ],
    [
      1.0
    ],
    [
      1.0
    ],
    [
      1.0
    ],
    [
      1.0
    ],
    [
      1.0
    ],
    [
      1.0
    ],
    [
      1.0
    ],
    [
      1.0
    ],
    [
      1.0
    ],
    [
      1.0
    ],
    [
      1.0
    ],
    [
      1.0
    ],
    [
      1.0
    ],
    [
      1.0
    ],
    [
      1.0
    ],
    [
      1.0
    ],
    [
      1.0
    ],
    [
      1.0
    ]
  ],
  "atom_features": [
    [
      -0.1264663189649582,
      0.1264663189649582,
      -0.07532055675983429,
      0.2068965584039688,
      0.25935783982276917,
      0.5187156796455383
    ],
    [
      0.07171104103326797,
      0.07171104103326797,
      0.12285681068897247,
      0.7931034564971924,
      0.9556366801261902,
      0.7496799230575562
    ],
    [
      -0.05360313132405281,
      0.05360313132405281,
      -0.002457365393638611,
      0.4137931168079376,
      0.6758365035057068,
      0.7496799230575562
    ],
    [
      0.07924959063529968,
      0.07924959063529968,
      0.13039535284042358,
      0.8620689511299133,
      0.8631777167320251,
      0.6019930243492126
    ],
    [
      -0.22036108374595642,
      0.22036108374595642,
      -0.16921532154083252,
      0.13793103396892548,
      0.677931010723114,
      0.787400484085083
    ],
    [
      0.07529009133577347,
      0.07529009133577347,
      0.12643586099147797,
      0.8275862336158752,
      0.9424676895141602,
      0.787400484085083
    ],
    [
      0.08364619314670563,
      0.08364619314670563,
      0.13479195535182953,
      0.8965517282485962,
      0.9533947110176086,
      0.7770314812660217
    ],
    [
      -0.09790761768817902,
      0.09790761768817902,
      -0.046761851757764816,
      0.27586206793785095,
      0.6758021116256714,
      0.7770314812660217
    ],
    [
      0.2622629404067993,
      0.2622629404067993,
      0.3134087026119232,
      1.0,
      0.9545761942863464,
      0.7870194315910339
    ],
    [
      -0.5382869839668274,
      0.5382869839668274,
      -0.4871412217617035,
      0.0,
      0.42236757278442383,
      0.7870194315910339
    ],
    [
      -0.022586559876799583,
      0.022586559876799583,
      0.028559206053614616,
      0.517241358757019,
      0.8703470826148987,
      0.5685884356498718
    ],
    [
      -0.011523880064487457,
      0.011523880064487457,
      0.03962188586592674,
      0.5862069129943848,
      0.6854177713394165,
      0.7516684532165527
    ],
    [
      0.06546290963888168,
      0.06546290963888168,
      0.11660867929458618,
      0.7241379022598267,
      0.9573199152946472,
      0.7516684532165527
    ],
    [
      -0.10250692814588547,
      0.10250692814588547,
      -0.05136116221547127,
      0.24137930572032928,
      0.8117323517799377,
      0.5910820960998535
    ],
    [
      -0.012755819596350193,
      0.012755819596350193,
      0.03838994726538658,
      0.5517241358757019,
      0.4957933723926544,
      0.5019961595535278
    ],
    [
      0.008670340292155743,
      0.008670340292155743,
      0.05981610715389252,
      0.6551724076271057,
      0.5027419328689575,
      0.5034877061843872
    ],
    [
      -0.28647688031196594,
      0.28647688031196594,
      -0.23533111810684204,
      0.06896551698446274,
      0.5002521276473999,
      0.5034877061843872
    ],
    [
      0.0709138810634613,
      0.0709138810634613,
      0.1220596432685852,
      0.7586206793785095,
      0.9732328057289124,
      0.4970165491104126
    ],
    [
      -0.08339609950780869,
      0.08339609950780869,
      -0.032250333577394485,
      0.3448275923728943,
      0.4849109947681427,
      0.48951467871665955
    ],
    [
      -0.08367648720741272,
      0.08367648720741272,
      -0.03253072127699852,
      0.3103448152542114,
      0.48347723484039307,
      0.48951467871665955
    ],
    [
      -0.0076924702152609825,
      0.0076924702152609825,
      0.04345329478383064,
      0.6206896305084229,
      0.49107828736305237,
      0.49170202016830444
    ],
    [
      -0.031595371663570404,
      0.031595371663570404,
      0.019550394266843796,
      0.48275861144065857,
      0.7145135402679443,
      0.8571377992630005
    ],
    [
      -0.05018644034862518,
      0.05018644034862518,
      0.0009593255817890167,
      0.4482758641242981,
      0.7117501497268677,
      0.8571377992630005
    ],
    [
      0.14981943368911743,
      0.14981943368911743,
      0.20096519589424133,
      0.9655172228813171,
      0.9382534027099609,
      0.74155592918396
    ],
    [
      -0.28151464462280273,
      0.28151464462280273,
      -0.23036888241767883,
      0.1034482792019844,
      0.6800909042358398,
      0.74155592918396
    ],
    [
      -0.06775923818349838,
      0.06775923818349838,
      -0.016613472253084183,
      0.37931033968925476,
      0.6943989992141724,
      0.802395224571228
    ],
    [
      0.020605670288205147,
      0.020605670288205147,
      0.0717514380812645,
      0.6896551847457886,
      0.9542840719223022,
      0.802395224571228
    ],
    [
      -0.12852518260478973,
      0.12852518260478973,
      -0.07737942039966583,
      0.17241379618644714,
      0.2570233643054962,
      0.5140467286109924
    ],
    [
      0.11087117344141006,
      0.11087117344141006,
      0.16201694309711456,
      0.931034505367279,
      0.9332762360572815,
      0.7185254693031311
    ],
    [
      -0.32605504989624023,
      0.32605504989624023,
      -0.27490928769111633,
      0.03448275849223137,
      0.6807015538215637,
      0.7185254693031311
    ]
  ],
  "feature_names": [
    "charge",
    "abs_charge",
    "charge_centered",
    "charge_rank_norm",
    "wbo_sum",
    "wbo_max"
  ],
  "status": "ok",
  "error": null
}