{
  "canonical_smiles": "CC(C)[C@@H](C)[C@@]1(C)CC[C@]2(C)[C@H]3CC[C@@H]4[C@@]5(COC[C@@]4(C)[C@@H](OC[C@](C)(N)C(C)(C)C)[C@H](n4ncnc4-c4ccncc4)C5)C3=CC[C@@]2(C)[C@@H]1C(=O)O",
  "xtb_valid": true,
  "atom_valid_mask": [
    [
      1.0
    ],
    [
      1.0
    ],
    [
      1.0
    ],
    [
      1.0
    ],
    [
      1.0
    ],
    [
      1.0
    ],
    [
      1.0
    ],
    [
      1.0
    ],
    [
      1.0
    ],
    [
      1.0
    ],
    [
      1.0
    ],
    [
      1.0
    ],
    [
      1.0
    ],
    [
      1.0
    ],
    [
      1.0
    ],
    [
      1.0
    ],
    [
      1.0
    ],
    [
      1.0
    ],
    [
      1.0
    ],
    [
      1.0
    ],
    [
      1.0
    ],
    [
      1.0
    ],
    [
      1.0
    ],
    [
      1.0
    ],
    [
      1.0
    ],
    [
      1.0
    ],
    [
      1.0
    ],
    [
      1.0
    ],
    [
      1.0
    ],
    [
      1.0
    ],
    [
      1.0
    ],
    [
      1.0
    ],
    [
      1.0
    ],
    [
      1.0
    ],
    [
      1.0
    ],
    [
      1.0
    ],
    [
      1.0
    ],
    [
      1.0
    ],
    [
      1.0
    ],
    [
      1.0
    ],
    [
      1.0
    ],
    [
      1.0
    ],
    [
      1.0
    ],
    [
      1.0
    ],
    [
      1.0
    ],
    [
      1.0
    ],
    [
      1.0
    ],
    [
      1.0
    ],
    [
      1.0
    ],
    [
      1.0
    ],
    [
      1.0
    ],
    [
      1.0
    ],
    [
      1.0
    ]
  ],
  "atom_features": [
    [
      -0.10399103909730911,
      0.10399103909730911,
      -0.040553972125053406,
      0.3461538553237915,
      0.25261202454566956,
      0.5052240490913391
    ],
    [
      -0.018864290788769722,
      0.018864290788769722,
      0.044572778046131134,
      0.6153846383094788,
      0.7488676309585571,
      0.5052240490913391
    ],
    [
      -0.10757891088724136,
      0.10757891088724136,
      -0.04414184391498566,
      0.26923078298568726,
      0.2520180642604828,
      0.5040361285209656
    ],
    [
      -0.0377039797604084,
      0.0377039797604084,
      0.025733087211847305,
      0.5384615659713745,
      0.7371906638145447,
      0.5062494277954102
    ],
    [
      -0.10620280355215073,
      0.10620280355215073,
      -0.04276573657989502,
      0.3076923191547394,
      0.2531247138977051,
      0.5062494277954102
    ],
    [
      0.017545759677886963,
      0.017545759677886963,
      0.08098282665014267,
      0.7307692170143127,
      0.9754082560539246,
      0.501061201095581
    ],
    [
      -0.10832595825195312,
      0.10832595825195312,
      -0.04488889127969742,
      0.25,
      0.2505306005477905,
      0.501061201095581
    ],
    [
      -0.06854820251464844,
      0.06854820251464844,
      -0.005111135542392731,
      0.36538460850715637,
      0.4969749450683594,
      0.5033607482910156
    ],
    [
      -0.062296539545059204,
      0.062296539545059204,
      0.0011405274271965027,
      0.42307692766189575,
      0.4989375174045563,
      0.5033607482910156
    ],
    [
      0.013028250075876713,
      0.013028250075876713,
      0.07646531611680984,
      0.7115384340286255,
      0.9760952591896057,
      0.4984814524650574
    ],
    [
      -0.11390908807516098,
      0.11390908807516098,
      -0.05047202110290527,
      0.17307692766189575,
      0.2492407262325287,
      0.4984814524650574
    ],
    [
      -0.026546020060777664,
      0.026546020060777664,
      0.03689104691147804,
      0.5769230723381042,
      0.7374861836433411,
      0.49843305349349976
    ],
    [
      -0.06058695167303085,
      0.06058695167303085,
      0.0028501152992248535,
      0.4423076808452606,
      0.49786707758903503,
      0.5006294846534729
    ],
    [
      -0.06274458020925522,
      0.06274458020925522,
      0.0006924867630004883,
      0.38461539149284363,
      0.49854838848114014,
      0.5006294846534729
    ],
    [
      -0.025948069989681244,
      0.025948069989681244,
      0.03748899698257446,
      0.5961538553237915,
      0.7342439889907837,
      0.496467262506485
    ],
    [
      0.0049868798814713955,
      0.0049868798814713955,
      0.06842394918203354,
      0.6730769276618958,
      0.9719637632369995,
      0.4873308539390564
    ],
    [
      0.0761217325925827,
      0.0761217325925827,
      0.1395587921142578,
      0.8846153616905212,
      0.4856704771518707,
      0.4878142774105072
    ],
    [
      -0.3531474173069,
      0.3531474173069,
      -0.2897103428840637,
      0.057692307978868484,
      0.4877849519252777,
      0.4878142774105072
    ],
    [
      0.07210829854011536,
      0.07210829854011536,
      0.13554537296295166,
      0.8653846383094788,
      0.48851996660232544,
      0.48928433656692505
    ],
    [
      0.0030861101113259792,
      0.0030861101113259792,
      0.06652317941188812,
      0.6538461446762085,
      0.9751423001289368,
      0.4982399642467499
    ],
    [
      -0.1168733537197113,
      0.1168733537197113,
      -0.0534362867474556,
      0.1538461595773697,
      0.24911998212337494,
      0.4982399642467499
    ],
    [
      0.11110643297433853,
      0.11110643297433853,
      0.17454349994659424,
      0.942307710647583,
      0.7226064205169678,
      0.4836936295032501
    ],
    [
      -0.3476637005805969,
      0.3476637005805969,
      -0.2842266261577606,
      0.07692307978868484,
      0.48428428173065186,
      0.484874963760376
    ],
    [
      0.08422516286373138,
      0.08422516286373138,
      0.1476622223854065,
      0.9230769276618958,
      0.4853292405605316,
      0.48578354716300964
    ],
    [
      0.07678212970495224,
      0.07678212970495224,
      0.14021919667720795,
      0.9038461446762085,
      0.979313850402832,
      0.5053659677505493
    ],
    [
      -0.10576728731393814,
      0.10576728731393814,
      -0.042330220341682434,
      0.32692307233810425,
      0.24959397315979004,
      0.4991879463195801
    ],
    [
      -0.3754180371761322,
      0.3754180371761322,
      -0.3119809627532959,
      0.03846153989434242,
      0.25268298387527466,
      0.5053659677505493
    ],
    [
      0.008352420292794704,
      0.008352420292794704,
      0.07178948819637299,
      0.692307710647583,
      0.983242928981781,
      0.49952399730682373
    ],
    [
      -0.1095215231180191,
      0.1095215231180191,
      -0.0460844561457634,
      0.23076923191547394,
      0.249751016497612,
      0.499502032995224
    ],
    [
      -0.1099499836564064,
      0.1099499836564064,
      -0.046512916684150696,
      0.19230769574642181,
      0.24976199865341187,
      0.49952399730682373
    ],
    [
      -0.10993687808513641,
      0.10993687808513641,
      -0.04649981111288071,
      0.21153846383094788,
      0.24958479404449463,
      0.49916958808898926
    ],
    [
      0.029898639768362045,
      0.029898639768362045,
      0.09333570301532745,
      0.7884615659713745,
      0.7263161540031433,
      0.49016156792640686
    ],
    [
      0.04688410088419914,
      0.04688410088419914,
      0.11032116413116455,
      0.807692289352417,
      0.852368950843811,
      0.6309219002723694
    ],
    [
      -0.25958412885665894,
      0.25958412885665894,
      -0.19614705443382263,
      0.11538461595773697,
      0.7091359496116638,
      0.7640174031257629
    ],
    [
      0.11293608695268631,
      0.11293608695268631,
      0.17637315392494202,
      0.9615384340286255,
      0.7180845737457275,
      0.7640174031257629
    ],
    [
      -0.3212363123893738,
      0.3212363123893738,
      -0.2577992379665375,
      0.09615384787321091,
      0.6971077919006348,
      0.7220638394355774
    ],
    [
      0.12810340523719788,
      0.12810340523719788,
      0.19154047966003418,
      0.9807692170143127,
      0.965905487537384,
      0.7220638394355774
    ],
    [
      0.024904679507017136,
      0.024904679507017136,
      0.08834174275398254,
      0.7692307829856873,
      0.9788833856582642,
