{
  "canonical_smiles": "COC(=O)c1cc(OC)c2c(c1-c1c(C(=O)OC)cc(OC)c3c1OCO3)OCO2",
  "xtb_valid": true,
  "atom_valid_mask": [
    [
      1.0
    ],
    [
      1.0
    ],
    [
      1.0
    ],
    [
      1.0
    ],
    [
      1.0
    ],
    [
      1.0
    ],
    [
      1.0
    ],
    [
      1.0
    ],
    [
      1.0
    ],
    [
      1.0
    ],
    [
      1.0
    ],
    [
      1.0
    ],
    [
      1.0
    ],
    [
      1.0
    ],
    [
      1.0
    ],
    [
      1.0
    ],
    [
      1.0
    ],
    [
      1.0
    ],
    [
      1.0
    ],
    [
      1.0
    ],
    [
      1.0
    ],
    [
      1.0
    ],
    [
      1.0
    ],
    [
      1.0
    ],
    [
      1.0
    ],
    [
      1.0
    ],
    [
      1.0
    ],
    [
      1.0
    ],
    [
      1.0
    ],
    [
      1.0
    ]
  ],
  "atom_features": [
    [
      0.011391179636120796,
      0.011391179636120796,
      0.06072882562875748,
      0.6206896305084229,
      0.23601312935352325,
      0.4720262587070465
    ],
    [
      -0.26255136728286743,
      0.26255136728286743,
      -0.213213711977005,
      0.3103448152542114,
      0.5626951456069946,
      0.5675259828567505
    ],
    [
      0.362084299325943,
      0.362084299325943,
      0.4114219546318054,
      0.9655172228813171,
      0.9603885412216187,
      0.8513743281364441
    ],
    [
      -0.45931029319763184,
      0.45931029319763184,
      -0.4099726378917694,
      0.0,
      0.46860623359680176,
      0.8513743281364441
    ],
    [
      -0.030869970098137856,
      0.030869970098137856,
      0.018467677757143974,
      0.4482758641242981,
      0.9310633540153503,
      0.6891223192214966
    ],
    [
      -0.0743149071931839,
      0.0743149071931839,
      -0.02497725933790207,
      0.3448275923728943,
      0.6870805621147156,
      0.6891223192214966
    ],
    [
      0.12909798324108124,
      0.12909798324108124,
      0.17843562364578247,
      0.8620689511299133,
      0.9391555190086365,
      0.6850388050079346
    ],
    [
      -0.2713669240474701,
      0.2713669240474701,
      -0.22202926874160767,
      0.27586206793785095,
      0.5102857947349548,
      0.5405784845352173
    ],
    [
      0.007506330031901598,
      0.007506330031901598,
      0.05684397742152214,
      0.5517241358757019,
      0.2399965524673462,
      0.4799931049346924
    ],
    [
      0.10919777303934097,
      0.10919777303934097,
      0.1585354208946228,
      0.7241379022598267,
      0.9197288155555725,
      0.6679558753967285
    ],
    [
      0.12114384025335312,
      0.12114384025335312,
      0.17048148810863495,
      0.7931034564971924,
      0.9290633201599121,
      0.6732393503189087
    ],
    [
      -0.004403240047395229,
      0.004403240047395229,
      0.044934406876564026,
      0.48275861144065857,
      0.9280593991279602,
      0.6732393503189087
    ],
    [
      -0.0038175599183887243,
      0.0038175599183887243,
      0.04552008956670761,
      0.517241358757019,
      0.9284136891365051,
      0.6741645336151123
    ],
    [
      -0.03115089051425457,
      0.03115089051425457,
      0.01818675734102726,
      0.4137931168079376,
      0.9313581585884094,
      0.6883145570755005
    ],
    [
      0.362618088722229,
      0.362618088722229,
      0.41195574402809143,
      1.0,
      0.9597104787826538,
      0.8468486666679382
    ],
    [
      -0.45796212553977966,
      0.45796212553977966,
      -0.40862447023391724,
      0.03448275849223137,
      0.4659772217273712,
      0.8468486666679382
    ],
    [
      -0.27139192819595337,
      0.27139192819595337,
      -0.22205427289009094,
      0.24137930572032928,
      0.5625962615013123,
      0.569081723690033
    ],
    [
      0.014616520144045353,
      0.014616520144045353,
      0.06395416706800461,
      0.6551724076271057,
      0.23550252616405487,
      0.47100505232810974
    ],
    [
      -0.07206960022449493,
      0.07206960022449493,
      -0.022731952369213104,
      0.37931033968925476,
      0.6869261264801025,
      0.6883145570755005
    ],
    [
      0.1278376430273056,
      0.1278376430273056,
      0.17717528343200684,
      0.8275862336158752,
      0.9393017888069153,
      0.6855376958847046
    ],
    [
      -0.27160170674324036,
      0.27160170674324036,
      -0.22226405143737793,
      0.2068965584039688,
      0.5101411938667297,
      0.539850652217865
    ],
    [
      0.009189410135149956,
      0.009189410135149956,
      0.058527059853076935,
      0.5862069129943848,
      0.24021583795547485,
      0.4804316759109497
    ],
    [
      0.10892871767282486,
      0.10892871767282486,
      0.1582663655281067,
      0.6896551847457886,
      0.920207142829895,
      0.6678637266159058
    ],
    [
      0.12022116780281067,
      0.12022116780281067,
      0.1695588231086731,
      0.7586206793785095,
      0.9296162128448486,
      0.6741645336151123
    ],
    [
      -0.2957726716995239,
      0.2957726716995239,
      -0.2464350163936615,
      0.1034482792019844,
      0.49870559573173523,
      0.5172041058540344
    ],
    [
      0.19974131882190704,
      0.19974131882190704,
      0.24907895922660828,
      0.8965517282485962,
      0.48125243186950684,
      0.48229774832725525
    ],
    [
      -0.27904942631721497,
      0.27904942631721497,
      -0.22971177101135254,
      0.13793103396892548,
      0.5008165240287781,
      0.5193353295326233
    ],
    [
      -0.29954230785369873,
      0.29954230785369873,
      -0.2502046525478363,
      0.06896551698446274,
      0.4985898733139038,
      0.5169313549995422
    ],
    [
      0.20008595287799835,
      0.20008595287799835,
      0.24942359328269958,
      0.931034505367279,
      0.48143038153648376,
      0.4826123118400574
    ],
    [
      -0.27861493825912476,
      0.27861493825912476,
      -0.22927728295326233,
      0.17241379618644714,
      0.5007101893424988,
      0.5188080668449402
    ]
  ],
  "feature_names": [
    "charge",
    "abs_charge",
    "charge_centered",
    "charge_rank_norm",
    "wbo_sum",
    "wbo_max"
  ],
  "status": "ok",
  "error": null
}