{
  "canonical_smiles": "CCO[C@H]1O[C@@H]2O[C@]3(C)CCC[C@H]4[C@H](C)CC[C@@H]([C@H]1C)[C@]24OO3",
  "xtb_valid": true,
  "atom_valid_mask": [
    [
      1.0
    ],
    [
      1.0
    ],
    [
      1.0
    ],
    [
      1.0
    ],
    [
      1.0
    ],
    [
      1.0
    ],
    [
      1.0
    ],
    [
      1.0
    ],
    [
      1.0
    ],
    [
      1.0
    ],
    [
      1.0
    ],
    [
      1.0
    ],
    [
      1.0
    ],
    [
      1.0
    ],
    [
      1.0
    ],
    [
      1.0
    ],
    [
      1.0
    ],
    [
      1.0
    ],
    [
      1.0
    ],
    [
      1.0
    ],
    [
      1.0
    ],
    [
      1.0
    ],
    [
      1.0
    ]
  ],
  "atom_features": [
    [
      -0.12784577906131744,
      0.12784577906131744,
      -0.05998785048723221,
      0.27272728085517883,
      0.25367143750190735,
      0.5073428750038147
    ],
    [
      0.07648664712905884,
      0.07648664712905884,
      0.14434456825256348,
      0.8181818127632141,
      0.49210241436958313,
      0.5073428750038147
    ],
    [
      -0.35256725549697876,
      0.35256725549697876,
      -0.2847093343734741,
      0.09090909361839294,
      0.4854128360748291,
      0.49396371841430664
    ],
    [
      0.23422780632972717,
      0.23422780632972717,
      0.3020857274532318,
      0.9090909361839294,
      0.7201448678970337,
      0.49396371841430664
    ],
    [
      -0.3726150095462799,
      0.3726150095462799,
      -0.30475708842277527,
      0.0,
      0.47680166363716125,
      0.485371857881546
    ],
    [
      0.27324962615966797,
      0.27324962615966797,
      0.3411075472831726,
      0.9545454382896423,
      0.7210307121276855,
      0.485371857881546
    ],
    [
      -0.36100730299949646,
      0.36100730299949646,
      -0.2931493818759918,
      0.04545454680919647,
      0.4735809862613678,
      0.48331254720687866
    ],
    [
      0.27941522002220154,
      0.27941522002220154,
      0.3472731411457062,
      1.0,
      0.9549337029457092,
      0.48659008741378784
    ],
    [
      -0.13553720712661743,
      0.13553720712661743,
      -0.0676792785525322,
      0.22727273404598236,
      0.24297703802585602,
      0.48595407605171204
    ],
    [
      -0.08309047669172287,
      0.08309047669172287,
      -0.015232548117637634,
      0.40909090638160706,
      0.4950697720050812,
      0.5035494565963745
    ],
    [
      -0.06139146164059639,
      0.06139146164059639,
      0.006466466933488846,
      0.5909090638160706,
      0.5042150020599365,
      0.5048805475234985
    ],
    [
      -0.06222334876656532,
      0.06222334876656532,
      0.005634579807519913,
      0.5,
      0.5016338229179382,
      0.5048805475234985
    ],
    [
      -0.03317262977361679,
      0.03317262977361679,
      0.034685298800468445,
      0.6818181872367859,
      0.7294101119041443,
      0.49838706851005554
    ],
    [
      -0.027907390147447586,
      0.027907390147447586,
      0.03995053842663765,
      0.7727272510528564,
      0.7448922991752625,
      0.5054525136947632
    ],
    [
      -0.11506673693656921,
      0.11506673693656921,
      -0.04720880836248398,
      0.3181818127632141,
      0.2527262568473816,
      0.5054525136947632
    ],
    [
      -0.06780154258012772,
      0.06780154258012772,
      5.638599395751953e-05,
      0.4545454680919647,
      0.5004397034645081,
      0.5008201599121094
    ],
    [
      -0.06199691817164421,
      0.06199691817164421,
      0.005861010402441025,
      0.5454545617103577,
      0.49998393654823303,
      0.5008201599121094
    ],
    [
      -0.03097951039671898,
      0.03097951039671898,
      0.03687841817736626,
      0.7272727489471436,
      0.7338365912437439,
      0.4991477131843567
    ],
    [
      -0.04026221111416817,
      0.04026221111416817,
      0.02759571745991707,
      0.6363636255264282,
      0.7377253174781799,
      0.5057389140129089
    ],
    [
      -0.10951884090900421,
      0.10951884090900421,
      -0.041660912334918976,
      0.3636363744735718,
      0.25286945700645447,
      0.5057389140129089
    ],
    [
      0.12262780964374542,
      0.12262780964374542,
      0.19048574566841125,
      0.8636363744735718,
      0.9503025412559509,
      0.47690829634666443
    ],
    [
      -0.22573795914649963,
      0.22573795914649963,
      -0.157880038022995,
      0.1818181872367859,
      0.47023776173591614,
      0.4741593897342682
    ],
    [
      -0.2780178487300873,
      0.2780178487300873,
      -0.21015992760658264,
      0.13636364042758942,
      0.4698949456214905,
      0.47347375750541687
    ]
  ],
  "feature_names": [
    "charge",
    "abs_charge",
    "charge_centered",
    "charge_rank_norm",
    "wbo_sum",
    "wbo_max"
  ],
  "status": "ok",
  "error": null
}