{
  "canonical_smiles": "COCCCOc1ccnc(CSc2nc3ccccc3[nH]2)c1C",
  "xtb_valid": true,
  "atom_valid_mask": [
    [
      1.0
    ],
    [
      1.0
    ],
    [
      1.0
    ],
    [
      1.0
    ],
    [
      1.0
    ],
    [
      1.0
    ],
    [
      1.0
    ],
    [
      1.0
    ],
    [
      1.0
    ],
    [
      1.0
    ],
    [
      1.0
    ],
    [
      1.0
    ],
    [
      1.0
    ],
    [
      1.0
    ],
    [
      1.0
    ],
    [
      1.0
    ],
    [
      1.0
    ],
    [
      1.0
    ],
    [
      1.0
    ],
    [
      1.0
    ],
    [
      1.0
    ],
    [
      1.0
    ],
    [
      1.0
    ],
    [
      1.0
    ]
  ],
  "atom_features": [
    [
      0.027968019247055054,
      0.027968019247055054,
      0.0835978090763092,
      0.6521739363670349,
      0.24658147990703583,
      0.49316295981407166
    ],
    [
      -0.35653719305992126,
      0.35653719305992126,
      -0.3009074032306671,
      0.0,
      0.4894829988479614,
      0.49316295981407166
    ],
    [
      0.08075132966041565,
      0.08075132966041565,
      0.1363811194896698,
      0.8695651888847351,
      0.4943992793560028,
      0.502995491027832
    ],
    [
      -0.07584335654973984,
      0.07584335654973984,
      -0.020213566720485687,
      0.30434781312942505,
      0.502928614616394,
      0.502995491027832
    ],
    [
      0.08301927149295807,
      0.08301927149295807,
      0.13864906132221222,
      0.9130434989929199,
      0.4848119914531708,
      0.502861738204956
    ],
    [
      -0.3256753087043762,
      0.3256753087043762,
      -0.27004551887512207,
      0.08695652335882187,
      0.4881550967693329,
      0.509548008441925
    ],
    [
      0.1521827131509781,
      0.1521827131509781,
      0.20781250298023224,
      0.95652174949646,
      0.939480185508728,
      0.6910799145698547
    ],
    [
      -0.06510315090417862,
      0.06510315090417862,
      -0.009473361074924469,
      0.3478260934352875,
      0.7077999711036682,
      0.7245200872421265
    ],
    [
      0.04433995112776756,
      0.04433995112776756,
      0.09996974468231201,
      0.739130437374115,
      0.7152704000473022,
      0.7245200872421265
    ],
    [
      -0.27187392115592957,
      0.27187392115592957,
      -0.21624413132667542,
      0.1304347813129425,
      0.6977275013923645,
      0.7060206532478333
    ],
    [
      0.07925152778625488,
      0.07925152778625488,
      0.13488131761550903,
      0.8260869383811951,
      0.9436453580856323,
      0.6909183263778687
    ],
    [
      -0.02400089055299759,
      0.02400089055299759,
      0.03162889927625656,
      0.5652173757553101,
      0.4935488700866699,
      0.5069379806518555
    ],
    [
      -0.153749480843544,
      0.153749480843544,
      -0.09811969101428986,
      0.17391304671764374,
      0.5024122595787048,
      0.5246648192405701
    ],
    [
      0.1827676147222519,
      0.1827676147222519,
      0.23839740455150604,
      1.0,
      0.9458373188972473,
      0.7558651566505432
    ],
    [
      -0.3465023636817932,
      0.3465023636817932,
      -0.29087257385253906,
      0.043478261679410934,
      0.7062374949455261,
      0.7558651566505432
    ],
    [
      0.06453487277030945,
      0.06453487277030945,
      0.1201646625995636,
      0.782608687877655,
      0.9478811621665955,
      0.6630343794822693
    ],
    [
      -0.053197771310806274,
      0.053197771310806274,
      0.002432018518447876,
      0.43478259444236755,
      0.7335177063941956,
      0.7425251603126526
    ],
    [
      -0.045724041759967804,
      0.045724041759967804,
      0.009905748069286346,
      0.47826087474823,
      0.7202808856964111,
      0.7425251603126526
    ],
    [
      -0.0418727807700634,
      0.0418727807700634,
      0.01375700905919075,
      0.52173912525177,
      0.7175531983375549,
      0.7370697855949402
    ],
    [
      -0.059640541672706604,
      0.059640541672706604,
      -0.004010751843452454,
      0.3913043439388275,
      0.7340870499610901,
      0.7370697855949402
    ],
    [
      0.04406867176294327,
      0.04406867176294327,
      0.09969846159219742,
      0.695652186870575,
      0.940054714679718,
      0.6696285605430603
    ],
    [
      -0.14583691954612732,
      0.14583691954612732,
      -0.09020712971687317,
      0.21739129722118378,
      0.6227537989616394,
      0.6111446619033813
    ],
    [
      -0.008104690350592136,
      0.008104690350592136,
      0.04752510040998459,
      0.6086956262588501,
      0.9420416355133057,
      0.6909183263778687
    ],
    [
      -0.12033645808696747,
      0.12033645808696747,
      -0.06470666825771332,
      0.260869562625885,
      0.2574162185192108,
      0.5148324370384216
    ]
  ],
  "feature_names": [
    "charge",
    "abs_charge",
    "charge_centered",
    "charge_rank_norm",
    "wbo_sum",
    "wbo_max"
  ],
  "status": "ok",
  "error": null
}