{
  "canonical_smiles": "CC(=O)C1CCC2C3CCC4=CC(=O)CCC4(C)C3CCC12C",
  "xtb_valid": true,
  "atom_valid_mask": [
    [
      1.0
    ],
    [
      1.0
    ],
    [
      1.0
    ],
    [
      1.0
    ],
    [
      1.0
    ],
    [
      1.0
    ],
    [
      1.0
    ],
    [
      1.0
    ],
    [
      1.0
    ],
    [
      1.0
    ],
    [
      1.0
    ],
    [
      1.0
    ],
    [
      1.0
    ],
    [
      1.0
    ],
    [
      1.0
    ],
    [
      1.0
    ],
    [
      1.0
    ],
    [
      1.0
    ],
    [
      1.0
    ],
    [
      1.0
    ],
    [
      1.0
    ],
    [
      1.0
    ],
    [
      1.0
    ]
  ],
  "atom_features": [
    [
      -0.1450832486152649,
      0.1450832486152649,
      -0.08052710443735123,
      0.09090909361839294,
      0.25557366013526917,
      0.5111473202705383
    ],
    [
      0.24431470036506653,
      0.24431470036506653,
      0.3088708519935608,
      1.0,
      0.9507561922073364,
      0.8985162377357483
    ],
    [
      -0.45283225178718567,
      0.45283225178718567,
      -0.3882761001586914,
      0.04545454680919647,
      0.44925811886787415,
      0.8985162377357483
    ],
    [
      -0.0472998283803463,
      0.0472998283803463,
      0.017256315797567368,
      0.6363636255264282,
      0.7254199981689453,
      0.4918488562107086
    ],
    [
      -0.06074938923120499,
      0.06074938923120499,
      0.003806754946708679,
      0.5454545617103577,
      0.49348554015159607,
      0.49982577562332153
    ],
    [
      -0.06333328038454056,
      0.06333328038454056,
      0.001222863793373108,
      0.4545454680919647,
      0.4990350902080536,
      0.49982577562332153
    ],
    [
      -0.031502868980169296,
      0.031502868980169296,
      0.03305327519774437,
      0.6818181872367859,
      0.7391114830970764,
      0.49824437499046326
    ],
    [
      -0.02290618047118187,
      0.02290618047118187,
      0.041649963706731796,
      0.7727272510528564,
      0.7383179068565369,
      0.4952608048915863
    ],
    [
      -0.05865496024489403,
      0.05865496024489403,
      0.005901183933019638,
      0.5909090638160706,
      0.4929138720035553,
      0.4952608048915863
    ],
    [
      -0.06428162753582001,
      0.06428162753582001,
      0.00027451664209365845,
      0.3636363744735718,
      0.5020268559455872,
      0.5134867429733276
    ],
    [
      0.04214147850871086,
      0.04214147850871086,
      0.10669761896133423,
      0.9090909361839294,
      0.9444965124130249,
      0.8776775598526001
    ],
    [
      -0.08522979170084,
      0.08522979170084,
      -0.02067364752292633,
      0.27272728085517883,
      0.7108334302902222,
      0.8776775598526001
    ],
    [
      0.23521003127098083,
      0.23521003127098083,
      0.2997661828994751,
      0.9545454382896423,
      0.9524874091148376,
      0.8619919419288635
    ],
    [
      -0.4829385280609131,
      0.4829385280609131,
      -0.4183823764324188,
      0.0,
      0.43099597096443176,
      0.8619919419288635
    ],
    [
      -0.08822532743215561,
      0.08822532743215561,
      -0.023669183254241943,
      0.22727273404598236,
      0.5011904239654541,
      0.5033872723579407
    ],
    [
      -0.0664660707116127,
      0.0664660707116127,
      -0.0019099265336990356,
      0.3181818127632141,
      0.49587830901145935,
      0.5033872723579407
    ],
    [
      0.016814859583973885,
      0.016814859583973885,
      0.0813710018992424,
      0.8181818127632141,
      0.9764492511749268,
      0.49782872200012207
    ],
    [
      -0.10905613750219345,
      0.10905613750219345,
      -0.044499993324279785,
      0.1818181872367859,
      0.24410437047481537,
      0.48820874094963074
    ],
    [
      -0.030808450654149055,
      0.030808450654149055,
      0.03374769538640976,
      0.7272727489471436,
      0.7331952452659607,
      0.4995952546596527
    ],
    [
      -0.061633411794900894,
      0.061633411794900894,
      0.0029227323830127716,
      0.5,
      0.49960508942604065,
      0.4996149241924286
    ],
    [
      -0.06390032172203064,
      0.06390032172203064,
      0.0006558224558830261,
      0.40909090638160706,
      0.4966295063495636,
      0.4996149241924286
    ],
    [
      0.02384888008236885,
      0.02384888008236885,
      0.08840502798557281,
      0.8636363744735718,
      0.9746410846710205,
      0.4968850910663605
    ],
    [
      -0.11221955716609955,
      0.11221955716609955,
      -0.04766341298818588,
      0.13636364042758942,
      0.24844254553318024,
      0.4968850910663605
    ]
  ],
  "feature_names": [
    "charge",
    "abs_charge",
    "charge_centered",
    "charge_rank_norm",
    "wbo_sum",
    "wbo_max"
  ],
  "status": "ok",
  "error": null
}