{
  "canonical_smiles": "CCCCN1CCCC[C@H]1C(=O)Nc1c(C)cccc1C",
  "xtb_valid": true,
  "atom_valid_mask": [
    [
      1.0
    ],
    [
      1.0
    ],
    [
      1.0
    ],
    [
      1.0
    ],
    [
      1.0
    ],
    [
      1.0
    ],
    [
      1.0
    ],
    [
      1.0
    ],
    [
      1.0
    ],
    [
      1.0
    ],
    [
      1.0
    ],
    [
      1.0
    ],
    [
      1.0
    ],
    [
      1.0
    ],
    [
      1.0
    ],
    [
      1.0
    ],
    [
      1.0
    ],
    [
      1.0
    ],
    [
      1.0
    ],
    [
      1.0
    ],
    [
      1.0
    ]
  ],
  "atom_features": [
    [
      -0.10789550840854645,
      0.10789550840854645,
      -0.04618999361991882,
      0.20000000298023224,
      0.2553021013736725,
      0.510604202747345
    ],
    [
      -0.05789969861507416,
      0.05789969861507416,
      0.003805816173553467,
      0.44999998807907104,
      0.5067917108535767,
      0.510604202747345
    ],
    [
      -0.0662640929222107,
      0.0662640929222107,
      -0.004558578133583069,
      0.30000001192092896,
      0.5022760033607483,
      0.5029792189598083
    ],
    [
      0.008756100200116634,
      0.008756100200116634,
      0.07046161592006683,
      0.8500000238418579,
      0.49930769205093384,
      0.5015727877616882
    ],
    [
      -0.20519259572029114,
      0.20519259572029114,
      -0.1434870809316635,
      0.05000000074505806,
      0.7428592443466187,
      0.49727290868759155
    ],
    [
      0.0017223700415343046,
      0.0017223700415343046,
      0.0634278878569603,
      0.75,
      0.4993264079093933,
      0.5013799071311951
    ],
    [
      -0.06214651092886925,
      0.06214651092886925,
      -0.0004409961402416229,
      0.3499999940395355,
      0.5020961761474609,
      0.5028124451637268
    ],
    [
      -0.05945945903658867,
      0.05945945903658867,
      0.0022460557520389557,
      0.4000000059604645,
      0.5019925832748413,
      0.5028124451637268
    ],
    [
      -0.05420520156621933,
      0.05420520156621933,
      0.007500313222408295,
      0.5,
      0.49608665704727173,
      0.5011727213859558
    ],
    [
      0.0183503907173872,
      0.0183503907173872,
      0.08005590736865997,
      0.8999999761581421,
      0.72601318359375,
      0.4914030134677887
    ],
    [
      0.2629569470882416,
      0.2629569470882416,
      0.324662446975708,
      1.0,
      0.9591622352600098,
      0.825804591178894
    ],
    [
      -0.49706345796585083,
      0.49706345796585083,
      -0.435357928276062,
      0.0,
      0.45705974102020264,
      0.825804591178894
    ],
    [
      -0.16151687502861023,
      0.16151687502861023,
      -0.0998113602399826,
      0.10000000149011612,
      0.6215775609016418,
      0.6228971481323242
    ],
    [
      0.05689368024468422,
      0.05689368024468422,
      0.11859919130802155,
      0.949999988079071,
      0.9405248165130615,
      0.6816565990447998
    ],
    [
      0.004286270122975111,
      0.004286270122975111,
      0.06599178165197372,
      0.800000011920929,
      0.9730259776115417,
      0.7004631757736206
    ],
    [
      -0.10267987847328186,
      0.10267987847328186,
      -0.040974363684654236,
      0.25,
      0.2568674683570862,
      0.5137349367141724
    ],
    [
      -0.050957970321178436,
      0.050957970321178436,
      0.010747544467449188,
      0.550000011920929,
      0.7386991381645203,
      0.7239512801170349
    ],
    [
      -0.046041131019592285,
      0.046041131019592285,
      0.01566438376903534,
      0.6499999761581421,
      0.7191049456596375,
      0.7239512801170349
    ],
    [
      -0.05080435052514076,
      0.05080435052514076,
      0.010901164263486862,
      0.6000000238418579,
      0.738640546798706,
      0.71425861120224
    ],
    [
      -0.004410739988088608,
      0.004410739988088608,
      0.05729477480053902,
      0.699999988079071,
      0.9733274579048157,
      0.7128251791000366
    ],
    [
      -0.12224417179822922,
      0.12224417179822922,
      -0.06053865700960159,
      0.15000000596046448,
      0.2566979229450226,
      0.5133958458900452
    ]
  ],
  "feature_names": [
    "charge",
    "abs_charge",
    "charge_centered",
    "charge_rank_norm",
    "wbo_sum",
    "wbo_max"
  ],
  "status": "ok",
  "error": null
}