{
  "canonical_smiles": "C1CCN2C[C@@H]3C[C@@H](CN4CCCC[C@@H]34)[C@H]2C1",
  "xtb_valid": true,
  "atom_valid_mask": [
    [
      1.0
    ],
    [
      1.0
    ],
    [
      1.0
    ],
    [
      1.0
    ],
    [
      1.0
    ],
    [
      1.0
    ],
    [
      1.0
    ],
    [
      1.0
    ],
    [
      1.0
    ],
    [
      1.0
    ],
    [
      1.0
    ],
    [
      1.0
    ],
    [
      1.0
    ],
    [
      1.0
    ],
    [
      1.0
    ],
    [
      1.0
    ],
    [
      1.0
    ]
  ],
  "atom_features": [
    [
      -0.058883070945739746,
      0.058883070945739746,
      -0.015361811965703964,
      0.4375,
      0.5022900700569153,
      0.5023781061172485
    ],
    [
      -0.06380538642406464,
      0.06380538642406464,
      -0.020284127444028854,
      0.25,
      0.5029810070991516,
      0.5037598609924316
    ],
    [
      0.01648792065680027,
      0.01648792065680027,
      0.0600091814994812,
      0.875,
      0.5018924474716187,
      0.5037598609924316
    ],
    [
      -0.20287398993968964,
      0.20287398993968964,
      -0.15935273468494415,
      0.0,
      0.7466822862625122,
      0.5016523599624634
    ],
    [
      0.01461974997073412,
      0.01461974997073412,
      0.05814100801944733,
      0.6875,
      0.496870756149292,
      0.5016523599624634
    ],
    [
      -0.02708319015800953,
      0.02708319015800953,
      0.016438068822026253,
      0.5625,
      0.7412087321281433,
      0.5009019374847412
    ],
    [
      -0.06193624064326286,
      0.06193624064326286,
      -0.01841498166322708,
      0.3125,
      0.49960097670555115,
      0.5009019374847412
    ],
    [
      -0.02682044915854931,
      0.02682044915854931,
      0.016700809821486473,
      0.625,
      0.7405372262001038,
      0.4983000159263611
    ],
    [
      0.015754269436001778,
      0.015754269436001778,
      0.05927553027868271,
      0.75,
      0.49678534269332886,
      0.5016785264015198
    ],
    [
      -0.19368502497673035,
      0.19368502497673035,
      -0.15016376972198486,
      0.0625,
      0.748412549495697,
      0.5021036267280579
    ],
    [
      0.015903059393167496,
      0.015903059393167496,
      0.05942431837320328,
      0.8125,
      0.5017542243003845,
      0.5021036267280579
    ],
    [
      -0.06560186296701431,
      0.06560186296701431,
      -0.02208060398697853,
      0.1875,
      0.5029857754707336,
      0.5045667886734009
    ],
    [
      -0.057586949318647385,
      0.057586949318647385,
      -0.014065690338611603,
      0.5,
      0.5040175914764404,
      0.5045667886734009
    ],
    [
      -0.06676498055458069,
      0.06676498055458069,
      -0.023243721574544907,
      0.125,
      0.5003262162208557,
      0.50346839427948
    ],
    [
      0.04545028880238533,
      0.04545028880238533,
      0.08897154778242111,
      1.0,
      0.7398266792297363,
      0.49718400835990906
    ],
    [
      0.03722640126943588,
      0.03722640126943588,
      0.08074766397476196,
      0.9375,
      0.7388919591903687,
      0.49521446228027344
    ],
    [
      -0.060262009501457214,
      0.060262009501457214,
      -0.016740750521421432,
      0.375,
      0.498796284198761,
      0.5023781061172485
    ]
  ],
  "feature_names": [
    "charge",
    "abs_charge",
    "charge_centered",
    "charge_rank_norm",
    "wbo_sum",
    "wbo_max"
  ],
  "status": "ok",
  "error": null
}