{
  "canonical_smiles": "CC(C)(C)c1ccc([C@@H](O)CCCN2CCC(C(O)(c3ccccc3)c3ccccc3)CC2)cc1",
  "xtb_valid": true,
  "atom_valid_mask": [
    [
      1.0
    ],
    [
      1.0
    ],
    [
      1.0
    ],
    [
      1.0
    ],
    [
      1.0
    ],
    [
      1.0
    ],
    [
      1.0
    ],
    [
      1.0
    ],
    [
      1.0
    ],
    [
      1.0
    ],
    [
      1.0
    ],
    [
      1.0
    ],
    [
      1.0
    ],
    [
      1.0
    ],
    [
      1.0
    ],
    [
      1.0
    ],
    [
      1.0
    ],
    [
      1.0
    ],
    [
      1.0
    ],
    [
      1.0
    ],
    [
      1.0
    ],
    [
      1.0
    ],
    [
      1.0
    ],
    [
      1.0
    ],
    [
      1.0
    ],
    [
      1.0
    ],
    [
      1.0
    ],
    [
      1.0
    ],
    [
      1.0
    ],
    [
      1.0
    ],
    [
      1.0
    ],
    [
      1.0
    ],
    [
      1.0
    ],
    [
      1.0
    ],
    [
      1.0
    ]
  ],
  "atom_features": [
    [
      -0.1085304468870163,
      0.1085304468870163,
      -0.049663443118333817,
      0.11764705926179886,
      0.2469615787267685,
      0.493923157453537
    ],
    [
      0.025708600878715515,
      0.025708600878715515,
      0.0845756083726883,
      0.9411764740943909,
      0.9889113306999207,
      0.499316930770874
    ],
    [
      -0.11041176319122314,
      0.11041176319122314,
      -0.051544759422540665,
      0.0882352963089943,
      0.249658465385437,
      0.499316930770874
    ],
    [
      -0.10842031240463257,
      0.10842031240463257,
      -0.04955330863595009,
      0.14705882966518402,
      0.246783047914505,
      0.49356609582901
    ],
    [
      0.00709062023088336,
      0.00709062023088336,
      0.06595762073993683,
      0.8823529481887817,
      0.9775410294532776,
      0.7083120346069336
    ],
    [
      -0.03923710063099861,
      0.03923710063099861,
      0.01962990313768387,
      0.38235294818878174,
      0.7417864203453064,
      0.7253885269165039
    ],
    [
      -0.0444197915494442,
      0.0444197915494442,
      0.014447212219238281,
      0.29411765933036804,
      0.7413559556007385,
      0.7253885269165039
    ],
    [
      -0.010218160226941109,
      0.010218160226941109,
      0.04864884167909622,
      0.7352941036224365,
      0.9795687794685364,
      0.7071171402931213
    ],
    [
      0.10997142642736435,
      0.10997142642736435,
      0.16883842647075653,
      0.970588207244873,
      0.7344826459884644,
      0.4950079619884491
    ],
    [
      -0.5207051634788513,
      0.5207051634788513,
      -0.46183815598487854,
      0.0,
      0.24001537263393402,
      0.48003074526786804
    ],
    [
      -0.061849359422922134,
      0.061849359422922134,
      -0.0029823556542396545,
      0.20588235557079315,
      0.4984748959541321,
      0.5030231475830078
    ],
    [
      -0.06353189796209335,
      0.06353189796209335,
      -0.004664894193410873,
      0.1764705926179886,
      0.5019879341125488,
      0.5030231475830078
    ],
    [
      0.008999230340123177,
      0.008999230340123177,
      0.0678662359714508,
      0.9117646813392639,
      0.5005273222923279,
      0.5009527802467346
    ],
    [
      -0.19380144774913788,
      0.19380144774913788,
      -0.1349344402551651,
      0.05882352963089943,
      0.7507231831550598,
      0.5013567805290222
    ],
    [
      0.006495079956948757,
      0.006495079956948757,
      0.06536208093166351,
      0.8529411554336548,
      0.5001325607299805,
      0.500277578830719
    ],
    [
      -0.06022721901535988,
      0.06022721901535988,
      -0.0013602152466773987,
      0.2647058963775635,
      0.4985535442829132,
      0.500277578830719
    ],
    [
      -0.018826069310307503,
      0.018826069310307503,
      0.04004093259572983,
      0.7058823704719543,
      0.7326133847236633,
      0.4976368844509125
    ],
    [
      0.12764345109462738,
      0.12764345109462738,
      0.18651045858860016,
      1.0,
      0.9606696963310242,
      0.48568516969680786
    ],
    [
      -0.49621260166168213,
      0.49621260166168213,
      -0.43734559416770935,
      0.029411764815449715,
      0.2415716052055359,
      0.4831432104110718
    ],
    [
      -0.0036121199373155832,
      0.0036121199373155832,
      0.05525488406419754,
      0.7941176295280457,
      0.9750264286994934,
      0.7054076790809631
    ],
    [
      -0.035778481513261795,
      0.035778481513261795,
      0.023088522255420685,
      0.5882353186607361,
      0.7400291562080383,
      0.7200257778167725
    ],
    [
      -0.03619198128581047,
      0.03619198128581047,
      0.02267502248287201,
      0.5588235259056091,
      0.747636079788208,
      0.7200257778167725
    ],
    [
      -0.034811221063137054,
      0.034811221063137054,
      0.024055782705545425,
      0.6176470518112183,
      0.7468907237052917,
      0.7197167277336121
    ],
    [
      -0.034711599349975586,
      0.034711599349975586,
      0.024155404418706894,
      0.6470588445663452,
      0.7481290698051453,
      0.7211208939552307
    ],
    [
      -0.037736229598522186,
      0.037736229598522186,
      0.021130774170160294,
      0.4117647111415863,
      0.7410291433334351,
      0.7211208939552307
    ],
    [
      -0.0036718000192195177,
      0.0036718000192195177,
      0.05519520491361618,
      0.7647058963775635,
      0.9755839705467224,
      0.7070005536079407
    ],
    [
      -0.03389143943786621,
      0.03389143943786621,
      0.02497556433081627,
      0.6764705777168274,
      0.7422065734863281,
      0.7215399146080017
    ],
    [
      -0.03651706874370575,
      0.03651706874370575,
      0.02234993502497673,
      0.529411792755127,
      0.7480996251106262,
      0.7215399146080017
    ],
    [
      -0.03672794997692108,
      0.03672794997692108,
      0.0221390537917614,
      0.5,
      0.7471883893013,
      0.7196424007415771
    ],
    [
      -0.03726692870259285,
      0.03726692870259285,
      0.02160007506608963,
      0.47058823704719543,
      0.7478846311569214,
      0.7207814455032349
    ],
    [
      -0.04212389141321182,
      0.04212389141321182,
      0.016743112355470657,
      0.3529411852359772,
      0.7412979006767273,
      0.7207814455032349
    ],
    [
      -0.06160745024681091,
      0.06160745024681091,
      -0.0027404464781284332,
      0.23529411852359772,
      0.4978080987930298,
      0.4979793131351471
    ],
    [
      0.006001530215144157,
      0.006001530215144157,
      0.06486853212118149,
      0.8235294222831726,
      0.49966803193092346,
      0.5013567805290222
    ],
    [
      -0.037498440593481064,
      0.037498440593481064,
      0.021368563175201416,
      0.44117647409439087,
      0.7417117953300476,
      0.7206951975822449
    ],
    [
      -0.04371710866689682,
      0.04371710866689682,
      0.01514989510178566,
      0.3235294222831726,
      0.7412493228912354,
      0.7206951975822449
    ]
  ],
  "feature_names": [
    "charge",
    "abs_charge",
    "charge_centered",
    "charge_rank_norm",
    "wbo_sum",
    "wbo_max"
  ],
  "status": "ok",
  "error": null
}