{
  "canonical_smiles": "CNCC[C@@H](Oc1ccccc1C)c1ccccc1",
  "xtb_valid": true,
  "atom_valid_mask": [
    [
      1.0
    ],
    [
      1.0
    ],
    [
      1.0
    ],
    [
      1.0
    ],
    [
      1.0
    ],
    [
      1.0
    ],
    [
      1.0
    ],
    [
      1.0
    ],
    [
      1.0
    ],
    [
      1.0
    ],
    [
      1.0
    ],
    [
      1.0
    ],
    [
      1.0
    ],
    [
      1.0
    ],
    [
      1.0
    ],
    [
      1.0
    ],
    [
      1.0
    ],
    [
      1.0
    ],
    [
      1.0
    ]
  ],
  "atom_features": [
    [
      -0.032026950269937515,
      0.032026950269937515,
      0.01826329529285431,
      0.7222222089767456,
      0.25590696930885315,
      0.5118139386177063
    ],
    [
      -0.2899636924266815,
      0.2899636924266815,
      -0.23967345058918,
      0.0555555559694767,
      0.5078073740005493,
      0.5118139386177063
    ],
    [
      0.017627989873290062,
      0.017627989873290062,
      0.06791823357343674,
      0.8888888955116272,
      0.5028349757194519,
      0.5038008689880371
    ],
    [
      -0.06976477801799774,
      0.06976477801799774,
      -0.019474532455205917,
      0.1666666716337204,
      0.49525150656700134,
      0.5018690824508667
    ],
    [
      0.1141008734703064,
      0.1141008734703064,
      0.16439111530780792,
      0.9444444179534912,
      0.7228115797042847,
      0.49221113324165344
    ],
    [
      -0.33637741208076477,
      0.33637741208076477,
      -0.28608715534210205,
      0.0,
      0.48447635769844055,
      0.5041745901107788
    ],
    [
      0.12795427441596985,
      0.12795427441596985,
      0.17824451625347137,
      1.0,
      0.9662759304046631,
      0.6965960264205933
    ],
    [
      -0.058719128370285034,
      0.058719128370285034,
      -0.00842888280749321,
      0.2222222238779068,
      0.7360213994979858,
      0.7207462191581726
    ],
    [
      -0.042433951050043106,
      0.042433951050043106,
      0.007856294512748718,
      0.3888888955116272,
      0.7459060549736023,
      0.7207462191581726
    ],
    [
      -0.044344380497932434,
      0.044344380497932434,
      0.00594586506485939,
      0.3333333432674408,
      0.7448267340660095,
      0.7210213541984558
    ],
    [
      -0.04800508916378021,
      0.04800508916378021,
      0.002285156399011612,
      0.2777777910232544,
      0.7408047914505005,
      0.7210213541984558
    ],
    [
      -0.003707329975441098,
      0.003707329975441098,
      0.046582914888858795,
      0.8333333134651184,
      0.9769195318222046,
      0.7058876752853394
    ],
    [
      -0.10714265704154968,
      0.10714265704154968,
      -0.05685241147875786,
      0.1111111119389534,
      0.25686824321746826,
      0.5137364864349365
    ],
    [
      -0.0038910498842597008,
      0.0038910498842597008,
      0.04639919474720955,
      0.7777777910232544,
      0.9797898530960083,
      0.7063602805137634
    ],
    [
      -0.032116468995809555,
      0.032116468995809555,
      0.01817377656698227,
      0.6666666865348816,
      0.7420834898948669,
      0.7219484448432922
    ],
    [
      -0.03518788143992424,
      0.03518788143992424,
      0.015102364122867584,
      0.5555555820465088,
      0.7482860684394836,
      0.7219484448432922
    ],
    [
      -0.03594053164124489,
      0.03594053164124489,
      0.014349713921546936,
      0.5,
      0.7466510534286499,
      0.719550371170044
    ],
    [
      -0.034520119428634644,
      0.034520119428634644,
      0.01577012613415718,
      0.6111111044883728,
      0.7484235167503357,
      0.7214384078979492
    ],
    [
      -0.041056420654058456,
      0.041056420654058456,
      0.009233824908733368,
      0.4444444477558136,
      0.7416592240333557,
      0.7214384078979492
    ]
  ],
  "feature_names": [
    "charge",
    "abs_charge",
    "charge_centered",
    "charge_rank_norm",
    "wbo_sum",
    "wbo_max"
  ],
  "status": "ok",
  "error": null
}