{
  "canonical_smiles": "COC(=O)C1=C(C)NC(C)=C(C(=O)OC/C=C/c2ccccc2)[C@H]1c1cccc([N+](=O)[O-])c1",
  "xtb_valid": true,
  "atom_valid_mask": [
    [
      1.0
    ],
    [
      1.0
    ],
    [
      1.0
    ],
    [
      1.0
    ],
    [
      1.0
    ],
    [
      1.0
    ],
    [
      1.0
    ],
    [
      1.0
    ],
    [
      1.0
    ],
    [
      1.0
    ],
    [
      1.0
    ],
    [
      1.0
    ],
    [
      1.0
    ],
    [
      1.0
    ],
    [
      1.0
    ],
    [
      1.0
    ],
    [
      1.0
    ],
    [
      1.0
    ],
    [
      1.0
    ],
    [
      1.0
    ],
    [
      1.0
    ],
    [
      1.0
    ],
    [
      1.0
    ],
    [
      1.0
    ],
    [
      1.0
    ],
    [
      1.0
    ],
    [
      1.0
    ],
    [
      1.0
    ],
    [
      1.0
    ],
    [
      1.0
    ],
    [
      1.0
    ],
    [
      1.0
    ],
    [
      1.0
    ]
  ],
  "atom_features": [
    [
      0.0179428793489933,
      0.0179428793489933,
      0.07092393934726715,
      0.78125,
      0.23757551610469818,
      0.47515103220939636
    ],
    [
      -0.2829417288303375,
      0.2829417288303375,
      -0.22996068000793457,
      0.125,
      0.5542633533477783,
      0.5547565221786499
    ],
    [
      0.3496527373790741,
      0.3496527373790741,
      0.40263378620147705,
      0.9375,
      0.9544067978858948,
      0.8353049159049988
    ],
    [
      -0.4824228882789612,
      0.4824228882789612,
      -0.4294418394565582,
      0.03125,
      0.4569620192050934,
      0.8353049159049988
    ],
    [
      -0.07189080119132996,
      0.07189080119132996,
      -0.018909744918346405,
      0.3125,
      0.9123851656913757,
      0.8220648765563965
    ],
    [
      0.08528223633766174,
      0.08528223633766174,
      0.1382632851600647,
      0.875,
      0.9565471410751343,
      0.8220648765563965
    ],
    [
      -0.13711243867874146,
      0.13711243867874146,
      -0.0841313824057579,
      0.21875,
      0.2563108503818512,
      0.5126217007637024
    ],
    [
      -0.12134567648172379,
      0.12134567648172379,
      -0.06836462020874023,
      0.25,
      0.5782471895217896,
      0.5784076452255249
    ],
    [
      0.08588992804288864,
      0.08588992804288864,
      0.1388709843158722,
      0.90625,
      0.9569686651229858,
      0.8234460353851318
    ],
    [
      -0.14007560908794403,
      0.14007560908794403,
      -0.08709455281496048,
      0.1875,
      0.25620225071907043,
      0.5124045014381409
    ],
    [
      -0.0725753903388977,
      0.0725753903388977,
      -0.019594334065914154,
      0.28125,
      0.9117650389671326,
      0.8234460353851318
    ],
    [
      0.35270071029663086,
      0.35270071029663086,
      0.4056817591190338,
      0.96875,
      0.9544041156768799,
      0.8334950804710388
    ],
    [
      -0.4913713335990906,
      0.4913713335990906,
      -0.4383902847766876,
      0.0,
      0.4569496810436249,
      0.8334950804710388
    ],
    [
      -0.27226513624191284,
      0.27226513624191284,
      -0.2192840874195099,
      0.15625,
      0.5522711873054504,
      0.5602139830589294
    ],
    [
      0.06972546130418777,
      0.06972546130418777,
      0.12270651757717133,
      0.84375,
      0.4850199818611145,
      0.5061158537864685
    ],
    [
      -0.04691828042268753,
      0.04691828042268753,
      0.0060627758502960205,
      0.34375,
      0.7217708826065063,
      0.9374259114265442
    ],
    [
      -0.041598498821258545,
      0.041598498821258545,
      0.011382557451725006,
      0.375,
      0.7362944483757019,
      0.9374259114265442
    ],
    [
      0.01561546977609396,
      0.01561546977609396,
      0.06859652698040009,
      0.71875,
      0.9851278066635132,
      0.6923620700836182
    ],
    [
      -0.03888970986008644,
      0.03888970986008644,
      0.01409134641289711,
      0.40625,
      0.735712468624115,
      0.7243810296058655
    ],
    [
      -0.035554561764001846,
      0.035554561764001846,
      0.017426494508981705,
      0.46875,
      0.7482451796531677,
      0.7243810296058655
    ],
    [
      -0.035499658435583115,
      0.035499658435583115,
      0.017481397837400436,
      0.5,
      0.7428678870201111,
      0.7175792455673218
    ],
    [
      -0.035278428345918655,
      0.035278428345918655,
      0.017702627927064896,
      0.53125,
      0.7482881546020508,
      0.7244202494621277
    ],
    [
      -0.03735737130045891,
      0.03735737130045891,
      0.015623684972524643,
      0.4375,
      0.7354992032051086,
      0.7244202494621277
    ],
    [
      -0.010238549672067165,
      0.010238549672067165,
      0.04274250566959381,
      0.6875,
      0.7283133268356323,
      0.4876883625984192
    ],
    [
      0.02638836018741131,
      0.02638836018741131,
      0.07936941832304001,
      0.8125,
      0.948386013507843,
      0.7119436264038086
    ],
    [
      -0.016101159155368805,
      0.016101159155368805,
      0.036879897117614746,
      0.65625,
      0.7056589722633362,
      0.7141778469085693
    ],
    [
      -0.027139099314808846,
      0.027139099314808846,
      0.025841956958174706,
      0.5625,
      0.7206695079803467,
      0.727161169052124
    ],
    [
      -0.021769210696220398,
      0.021769210696220398,
      0.031211845576763153,
      0.59375,
      0.7038913369178772,
      0.727161169052124
    ],
    [
      0.01569109968841076,
      0.01569109968841076,
      0.06867215782403946,
      0.75,
      0.9258379340171814,
      0.6848646998405457
    ],
    [
      0.5445504784584045,
      0.5445504784584045,
      0.5975315570831299,
      1.0,
      0.9582020044326782,
      0.7151558995246887
    ],
    [
      -0.4371696710586548,
      0.4371696710586548,
      -0.38418862223625183,
      0.0625,
      0.43999090790748596,
      0.7150583267211914
    ],
    [
      -0.43461012840270996,
      0.43461012840270996,
      -0.381629079580307,
      0.09375,
      0.4400396943092346,
      0.7151558995246887
    ],
    [
      -0.02168877050280571,
      0.02168877050280571,
      0.03129228577017784,
      0.625,
      0.6984041333198547,
      0.7119436264038086
    ]
  ],
  "feature_names": [
    "charge",
    "abs_charge",
    "charge_centered",
    "charge_rank_norm",
    "wbo_sum",
    "wbo_max"
  ],
  "status": "ok",
  "error": null
}