{
  "canonical_smiles": "COc1ccc2c3c1OC1C(=O)CCC4C(C2)N(C)CCC314",
  "xtb_valid": true,
  "atom_valid_mask": [
    [
      1.0
    ],
    [
      1.0
    ],
    [
      1.0
    ],
    [
      1.0
    ],
    [
      1.0
    ],
    [
      1.0
    ],
    [
      1.0
    ],
    [
      1.0
    ],
    [
      1.0
    ],
    [
      1.0
    ],
    [
      1.0
    ],
    [
      1.0
    ],
    [
      1.0
    ],
    [
      1.0
    ],
    [
      1.0
    ],
    [
      1.0
    ],
    [
      1.0
    ],
    [
      1.0
    ],
    [
      1.0
    ],
    [
      1.0
    ],
    [
      1.0
    ],
    [
      1.0
    ]
  ],
  "atom_features": [
    [
      0.022145770490169525,
      0.022145770490169525,
      0.07392480969429016,
      0.761904776096344,
      0.24195295572280884,
      0.4839059114456177
    ],
    [
      -0.30200740694999695,
      0.30200740694999695,
      -0.2502283751964569,
      0.095238097012043,
      0.5051103234291077,
      0.5263147354125977
    ],
    [
      0.11808151006698608,
      0.11808151006698608,
      0.16986055672168732,
      0.9523809552192688,
      0.9366338849067688,
      0.678883969783783
    ],
    [
      -0.08206617832183838,
      0.08206617832183838,
      -0.030287135392427444,
      0.2380952388048172,
      0.7223433256149292,
      0.7155671715736389
    ],
    [
      -0.05953430011868477,
      0.05953430011868477,
      -0.007755257189273834,
      0.380952388048172,
      0.7091657519340515,
      0.7155671715736389
    ],
    [
      -0.0025234799832105637,
      0.0025234799832105637,
      0.04925556480884552,
      0.6190476417541504,
      0.9526386260986328,
      0.7027642726898193
    ],
    [
      -0.03022426925599575,
      0.03022426925599575,
      0.021554773673415184,
      0.5714285969734192,
      0.95823073387146,
      0.6968832612037659
    ],
    [
      0.10705871134996414,
      0.10705871134996414,
      0.15883775055408478,
      0.9047619104385376,
      0.9237271547317505,
      0.6762547492980957
    ],
    [
      -0.32048070430755615,
      0.32048070430755615,
      -0.2687016725540161,
      0.0476190485060215,
      0.4896242916584015,
      0.5031305551528931
    ],
    [
      0.09699515253305435,
      0.09699515253305435,
      0.148774191737175,
      0.8571428656578064,
      0.7166428565979004,
      0.48917025327682495
    ],
    [
      0.23156093060970306,
      0.23156093060970306,
      0.2833399772644043,
      1.0,
      0.9455766081809998,
      0.9084230661392212
    ],
    [
      -0.42090684175491333,
      0.42090684175491333,
      -0.3691278100013733,
      0.0,
      0.4542115330696106,
      0.9084230661392212
    ],
    [
      -0.09455753862857819,
      0.09455753862857819,
      -0.04277849569916725,
      0.190476194024086,
      0.4943494200706482,
      0.49513906240463257
    ],
    [
      -0.07355175167322159,
      0.07355175167322159,
      -0.021772708743810654,
      0.3333333432674408,
      0.4962075650691986,
      0.49727609753608704
    ],
    [
      -0.031243110075592995,
      0.031243110075592995,
      0.02053593285381794,
      0.523809552192688,
      0.7364184260368347,
      0.49727609753608704
    ],
    [
      0.030825890600681305,
      0.030825890600681305,
      0.08260492980480194,
      0.8095238208770752,
      0.7353764772415161,
      0.4994867146015167
    ],
    [
      -0.07748313248157501,
      0.07748313248157501,
      -0.025704089552164078,
      0.2857142984867096,
      0.49455946683883667,
      0.5056297183036804
    ],
    [
      -0.18197886645793915,
      0.18197886645793915,
      -0.13019981980323792,
      0.1428571492433548,
      0.7535155415534973,
      0.5063896179199219
    ],
    [
      -0.04361078143119812,
      0.04361078143119812,
      0.008168261498212814,
      0.4761904776096344,
      0.25319480895996094,
      0.5063896179199219
    ],
    [
      0.010815620422363281,
      0.010815620422363281,
      0.06259466707706451,
      0.6666666865348816,
      0.5012444853782654,
      0.5013341903686523
    ],
    [
      -0.055276889353990555,
      0.055276889353990555,
      -0.0034978464245796204,
      0.4285714328289032,
      0.49183979630470276,
      0.5013341903686523
    ],
    [
      0.018822679296135902,
      0.018822679296135902,
      0.07060172408819199,
      0.7142857313156128,
      0.965607225894928,
      0.4930879771709442
    ]
  ],
  "feature_names": [
    "charge",
    "abs_charge",
    "charge_centered",
    "charge_rank_norm",
    "wbo_sum",
    "wbo_max"
  ],
  "status": "ok",
  "error": null
}