{
  "canonical_smiles": "COc1ccc2c3c1O[C@H]1C[C@@H](O)C=C[C@@]31CCN(C)C2",
  "xtb_valid": true,
  "atom_valid_mask": [
    [
      1.0
    ],
    [
      1.0
    ],
    [
      1.0
    ],
    [
      1.0
    ],
    [
      1.0
    ],
    [
      1.0
    ],
    [
      1.0
    ],
    [
      1.0
    ],
    [
      1.0
    ],
    [
      1.0
    ],
    [
      1.0
    ],
    [
      1.0
    ],
    [
      1.0
    ],
    [
      1.0
    ],
    [
      1.0
    ],
    [
      1.0
    ],
    [
      1.0
    ],
    [
      1.0
    ],
    [
      1.0
    ],
    [
      1.0
    ],
    [
      1.0
    ]
  ],
  "atom_features": [
    [
      0.02194111980497837,
      0.02194111980497837,
      0.08226171880960464,
      0.800000011920929,
      0.2422596961259842,
      0.4845193922519684
    ],
    [
      -0.30062738060951233,
      0.30062738060951233,
      -0.2403067797422409,
      0.10000000149011612,
      0.5048987865447998,
      0.5252782106399536
    ],
    [
      0.11563316732645035,
      0.11563316732645035,
      0.17595376074314117,
      0.949999988079071,
      0.9358043670654297,
      0.6845171451568604
    ],
    [
      -0.07935460656881332,
      0.07935460656881332,
      -0.0190340094268322,
      0.25,
      0.7011784911155701,
      0.717839777469635
    ],
    [
      -0.06168777868151665,
      0.06168777868151665,
      -0.0013671815395355225,
      0.30000001192092896,
      0.7087475061416626,
      0.717839777469635
    ],
    [
      -0.007396399974822998,
      0.007396399974822998,
      0.05292419716715813,
      0.6000000238418579,
      0.9499103426933289,
      0.6996552348136902
    ],
    [
      -0.023437529802322388,
      0.023437529802322388,
      0.03688306733965874,
      0.550000011920929,
      0.9309293627738953,
      0.6984442472457886
    ],
    [
      0.10647860169410706,
      0.10647860169410706,
      0.16679920256137848,
      0.8500000238418579,
      0.926365077495575,
      0.6766691207885742
    ],
    [
      -0.32149237394332886,
      0.32149237394332886,
      -0.26117178797721863,
      0.05000000074505806,
      0.49018770456314087,
      0.5142475962638855
    ],
    [
      0.11042073369026184,
      0.11042073369026184,
      0.17074133455753326,
      0.8999999761581421,
      0.7226849794387817,
      0.4997301399707794
    ],
    [
      -0.08246096223592758,
      0.08246096223592758,
      -0.022140365093946457,
      0.20000000298023224,
      0.49720802903175354,
      0.4997301399707794
    ],
    [
      0.11815106868743896,
      0.11815106868743896,
      0.1784716695547104,
      1.0,
      0.7404506802558899,
      0.50104820728302
    ],
    [
      -0.5042302012443542,
      0.5042302012443542,
      -0.443909615278244,
      0.0,
      0.24258361756801605,
      0.4851672351360321
    ],
    [
      -0.059906501322984695,
      0.059906501322984695,
      0.00041409581899642944,
      0.4000000059604645,
      0.7328129410743713,
      0.9645776748657227
    ],
    [
      -0.041767168790102005,
      0.041767168790102005,
      0.01855342835187912,
      0.44999998807907104,
      0.7284306287765503,
      0.9645776748657227
    ],
    [
      0.01662570983171463,
      0.01662570983171463,
      0.07694630324840546,
      0.75,
      0.9721620082855225,
      0.4922836124897003
    ],
    [
      -0.061032749712467194,
      0.061032749712467194,
      -0.0007121525704860687,
      0.3499999940395355,
      0.49300992488861084,
      0.5002368688583374
    ],
    [
      0.009086290374398232,
      0.009086290374398232,
      0.0694068893790245,
      0.699999988079071,
      0.5002427101135254,
      0.5002484917640686
    ],
    [
      -0.18521222472190857,
      0.18521222472190857,
      -0.12489162385463715,
      0.15000000596046448,
      0.7527405023574829,
      0.5054397583007812
    ],
    [
      -0.04162823036313057,
      0.04162823036313057,
      0.018692366778850555,
      0.5,
      0.2527198791503906,
      0.5054397583007812
    ],
    [
      0.0051649101078510284,
      0.0051649101078510284,
      0.06548550724983215,
      0.6499999761581421,
      0.5007569789886475,
      0.501721203327179
    ]
  ],
  "feature_names": [
    "charge",
    "abs_charge",
    "charge_centered",
    "charge_rank_norm",
    "wbo_sum",
    "wbo_max"
  ],
  "status": "ok",
  "error": null
}