{
  "canonical_smiles": "Cc1nnc2n1-c1ccc(Cl)cc1C(c1ccccc1Cl)=NC2",
  "xtb_valid": true,
  "atom_valid_mask": [
    [
      1.0
    ],
    [
      1.0
    ],
    [
      1.0
    ],
    [
      1.0
    ],
    [
      1.0
    ],
    [
      1.0
    ],
    [
      1.0
    ],
    [
      1.0
    ],
    [
      1.0
    ],
    [
      1.0
    ],
    [
      1.0
    ],
    [
      1.0
    ],
    [
      1.0
    ],
    [
      1.0
    ],
    [
      1.0
    ],
    [
      1.0
    ],
    [
      1.0
    ],
    [
      1.0
    ],
    [
      1.0
    ],
    [
      1.0
    ],
    [
      1.0
    ],
    [
      1.0
    ],
    [
      1.0
    ]
  ],
  "atom_features": [
    [
      -0.135846346616745,
      0.135846346616745,
      -0.09614542126655579,
      0.22727273404598236,
      0.25901222229003906,
      0.5180244445800781
    ],
    [
      0.13438987731933594,
      0.13438987731933594,
      0.17409080266952515,
      1.0,
      0.9435253739356995,
      0.7896693348884583
    ],
    [
      -0.24290867149829865,
      0.24290867149829865,
      -0.20320774614810944,
      0.09090909361839294,
      0.6969544887542725,
      0.7896693348884583
    ],
    [
      -0.2536110579967499,
      0.2536110579967499,
      -0.21391013264656067,
      0.04545454680919647,
      0.6961880922317505,
      0.7881364226341248
    ],
    [
      0.13032972812652588,
      0.13032972812652588,
      0.1700306534767151,
      0.9545454382896423,
      0.9369688034057617,
      0.7881364226341248
    ],
    [
      -0.047528818249702454,
      0.047528818249702454,
      -0.007827889174222946,
      0.27272728085517883,
      0.8410704731941223,
      0.5851399302482605
    ],
    [
      0.06577561050653458,
      0.06577561050653458,
      0.10547654330730438,
      0.7727272510528564,
      0.9374255537986755,
      0.688617467880249
    ],
    [
      -0.0410715714097023,
      0.0410715714097023,
      -0.0013706423342227936,
      0.3636363744735718,
      0.7329692244529724,
      0.7241547703742981
    ],
    [
      -0.03899015113711357,
      0.03899015113711357,
      0.0007107779383659363,
      0.40909090638160706,
      0.7094040513038635,
      0.7241547703742981
    ],
    [
      0.1055670902132988,
      0.1055670902132988,
      0.1452680230140686,
      0.8636363744735718,
      0.9438544511795044,
      0.7061440348625183
    ],
    [
      -0.18430784344673157,
      0.18430784344673157,
      -0.14460691809654236,
      0.1818181872367859,
      0.24345573782920837,
      0.48691147565841675
    ],
    [
      -0.03733659163117409,
      0.03733659163117409,
      0.00236433744430542,
      0.4545454680919647,
      0.7261250019073486,
      0.7061440348625183
    ],
    [
      -0.005089220125228167,
      0.005089220125228167,
      0.03461170941591263,
      0.6363636255264282,
      0.9347314238548279,
      0.692939817905426
    ],
    [
      0.11666654795408249,
      0.11666654795408249,
      0.1563674807548523,
      0.9090909361839294,
      0.9587468504905701,
      0.9104511141777039
    ],
    [
      0.002887059934437275,
      0.002887059934437275,
      0.04258798807859421,
      0.6818181872367859,
      0.9670403003692627,
      0.6969955563545227
    ],
    [
      -0.028850089758634567,
      0.028850089758634567,
      0.01085083931684494,
      0.5909090638160706,
      0.7366897463798523,
      0.7212353944778442
    ],
    [
      -0.0335988812148571,
      0.0335988812148571,
      0.006102047860622406,
      0.5,
      0.7439345717430115,
      0.7212353944778442
    ],
    [
      -0.02979009971022606,
      0.02979009971022606,
      0.009910829365253448,
      0.5454545617103577,
      0.7446322441101074,
      0.719912052154541
    ],
    [
      -0.041133951395750046,
      0.041133951395750046,
      -0.0014330223202705383,
      0.3181818127632141,
      0.7382680177688599,
      0.719912052154541
    ],
    [
      0.10352464020252228,
      0.10352464020252228,
      0.1432255655527115,
      0.8181818127632141,
      0.9586973786354065,
      0.7014754414558411
    ],
    [
      -0.20219342410564423,
      0.20219342410564423,
      -0.16249249875545502,
      0.13636364042758942,
      0.24033097922801971,
      0.48066195845603943
    ],
    [
      -0.2596527338027954,
      0.2596527338027954,
      -0.2199518084526062,
      0.0,
      0.705473005771637,
      0.9104511141777039
    ],
    [
      0.009647619910538197,
      0.009647619910538197,
      0.04934854805469513,
      0.7272727489471436,
      0.5005780458450317,
      0.5006611943244934
    ]
  ],
  "feature_names": [
    "charge",
    "abs_charge",
    "charge_centered",
    "charge_rank_norm",
    "wbo_sum",
    "wbo_max"
  ],
  "status": "ok",
  "error": null
}