{
  "canonical_smiles": "COc1ccc(CCOC2CCCCC2N2CCC(O)C2)cc1OC.Cl",
  "xtb_valid": true,
  "atom_valid_mask": [
    [
      1.0
    ],
    [
      1.0
    ],
    [
      1.0
    ],
    [
      1.0
    ],
    [
      1.0
    ],
    [
      1.0
    ],
    [
      1.0
    ],
    [
      1.0
    ],
    [
      1.0
    ],
    [
      1.0
    ],
    [
      1.0
    ],
    [
      1.0
    ],
    [
      1.0
    ],
    [
      1.0
    ],
    [
      1.0
    ],
    [
      1.0
    ],
    [
      1.0
    ],
    [
      1.0
    ],
    [
      1.0
    ],
    [
      1.0
    ],
    [
      1.0
    ],
    [
      1.0
    ],
    [
      1.0
    ],
    [
      1.0
    ],
    [
      1.0
    ],
    [
      1.0
    ]
  ],
  "atom_features": [
    [
      -0.012881919741630554,
      0.012881919741630554,
      0.1882363110780716,
      0.5199999809265137,
      0.24359211325645447,
      0.48718422651290894
    ],
    [
      -0.16692304611206055,
      0.16692304611206055,
      0.0341951847076416,
      0.11999999731779099,
      0.534436047077179,
      0.581687867641449
    ],
    [
      0.17530715465545654,
      0.17530715465545654,
      0.3764253854751587,
      0.8399999737739563,
      0.9141095876693726,
      0.6719362735748291
    ],
    [
      -0.05039481818675995,
      0.05039481818675995,
      0.1507234126329422,
      0.3199999928474426,
      0.7336108088493347,
      0.7438066601753235
    ],
    [
      0.07022848725318909,
      0.07022848725318909,
      0.27134671807289124,
      0.6800000071525574,
      0.678961455821991,
      0.7438066601753235
    ],
    [
      0.2085649073123932,
      0.2085649073123932,
      0.40968313813209534,
      0.8799999952316284,
      0.9070936441421509,
      0.7052697539329529
    ],
    [
      0.9033111333847046,
      0.9033111333847046,
      1.1044293642044067,
      0.9599999785423279,
      0.36766088008880615,
      0.49480122327804565
    ],
    [
      3.557223081588745,
      3.557223081588745,
      3.7583413124084473,
      1.0,
      0.08886950463056564,
      0.12188319116830826
    ],
    [
      0.3652004897594452,
      0.3652004897594452,
      0.5663187503814697,
      0.9200000166893005,
      0.3968394100666046,
      0.45763957500457764
    ],
    [
      0.09897472709417343,
      0.09897472709417343,
      0.3000929653644562,
      0.7200000286102295,
      0.712689220905304,
      0.48585519194602966
    ],
    [
      -0.04750166833400726,
      0.04750166833400726,
      0.15361656248569489,
      0.36000001430511475,
      0.4958938956260681,
      0.5059325695037842
    ],
    [
      -0.05867442861199379,
      0.05867442861199379,
      0.14244380593299866,
      0.2800000011920929,
      0.5064956545829773,
      0.5070586800575256
    ],
    [
      -0.07529281079769135,
      0.07529281079769135,
      0.1258254200220108,
      0.20000000298023224,
      0.5027399063110352,
      0.5070586800575256
    ],
    [
      -0.06736750900745392,
      0.06736750900745392,
      0.13375072181224823,
      0.23999999463558197,
      0.49613356590270996,
      0.4984211027622223
    ],
    [
      0.02883622981607914,
      0.02883622981607914,
      0.22995446622371674,
      0.6399999856948853,
      0.735299289226532,
      0.4948688745498657
    ],
    [
      -0.022407909855246544,
      0.022407909855246544,
      0.17871032655239105,
      0.47999998927116394,
      0.7480802536010742,
      0.5021750330924988
    ],
    [
      -0.0017479700036346912,
      0.0017479700036346912,
      0.19937026500701904,
      0.5600000023841858,
      0.5004958510398865,
      0.5021750330924988
    ],
    [
      -0.08131995797157288,
      0.08131995797157288,
      0.11979827284812927,
      0.1599999964237213,
      0.4978661835193634,
      0.49881669878959656
    ],
    [
      0.12069731950759888,
      0.12069731950759888,
      0.321815550327301,
      0.7599999904632568,
      0.7376932501792908,
      0.49691566824913025
    ],
    [
      -0.4618569612503052,
      0.4618569612503052,
      -0.260738730430603,
      0.03999999910593033,
      0.24781470000743866,
      0.4956294000148773
    ],
    [
      -0.02709813043475151,
      0.02709813043475151,
      0.17402009665966034,
      0.4399999976158142,
      0.49097901582717896,
      0.4991166293621063
    ],
    [
      -0.03192828968167305,
      0.03192828968167305,
      0.1691899448633194,
      0.4000000059604645,
      0.7252624034881592,
      0.7052697539329529
    ],
    [
      0.16783463954925537,
      0.16783463954925537,
      0.3689528703689575,
      0.800000011920929,
      0.9203932285308838,
      0.6937764883041382
    ],
    [
      -0.1781318634748459,
      0.1781318634748459,
      0.022986367344856262,
      0.07999999821186066,
      0.5307996869087219,
      0.5724149942398071
    ],
    [
      0.00676159979775548,
      0.00676159979775548,
      0.20787982642650604,
      0.6000000238418579,
      0.24459217488765717,
      0.48918434977531433
    ],
    [
      -9.648486137390137,
      9.648486137390137,
      -9.447367668151855,
      0.0,
      0.32129359245300293,
      0.3360392153263092
    ]
  ],
  "feature_names": [
    "charge",
    "abs_charge",
    "charge_centered",
    "charge_rank_norm",
    "wbo_sum",
    "wbo_max"
  ],
  "status": "ok",
  "error": null
}