{
  "canonical_smiles": "Oc1ccccc1-c1ccccc1",
  "xtb_valid": true,
  "atom_valid_mask": [
    [
      1.0
    ],
    [
      1.0
    ],
    [
      1.0
    ],
    [
      1.0
    ],
    [
      1.0
    ],
    [
      1.0
    ],
    [
      1.0
    ],
    [
      1.0
    ],
    [
      1.0
    ],
    [
      1.0
    ],
    [
      1.0
    ],
    [
      1.0
    ],
    [
      1.0
    ]
  ],
  "atom_features": [
    [
      -0.44931671023368835,
      0.44931671023368835,
      -0.3955081105232239,
      0.0,
      0.2659553289413452,
      0.5319106578826904
    ],
    [
      0.13894975185394287,
      0.13894975185394287,
      0.19275836646556854,
      1.0,
      0.9445868134498596,
      0.6887339949607849
    ],
    [
      -0.061053741723299026,
      0.061053741723299026,
      -0.007245127111673355,
      0.0833333358168602,
      0.7331255078315735,
      0.7233682870864868
    ],
    [
      -0.039262719452381134,
      0.039262719452381134,
      0.014545895159244537,
      0.4166666567325592,
      0.7458817958831787,
      0.7233682870864868
    ],
    [
      -0.04875393956899643,
      0.04875393956899643,
      0.005054675042629242,
      0.1666666716337204,
      0.7179555296897888,
      0.7195296883583069
    ],
    [
      -0.04067461937665939,
      0.04067461937665939,
      0.013133995234966278,
      0.25,
      0.7376552820205688,
      0.7195296883583069
    ],
    [
      -0.025537600740790367,
      0.025537600740790367,
      0.028271013870835304,
      0.8333333134651184,
      0.9663709402084351,
      0.7016322612762451
    ],
    [
      0.010415780358016491,
      0.010415780358016491,
      0.06422439217567444,
      0.9166666865348816,
      0.9808281660079956,
      0.6986916661262512
    ],
    [
      -0.04017116129398346,
      0.04017116129398346,
      0.013637453317642212,
      0.3333333432674408,
      0.7377126812934875,
      0.7212353348731995
    ],
    [
      -0.0352843701839447,
      0.0352843701839447,
      0.01852424442768097,
      0.6666666865348816,
      0.7483989000320435,
      0.7212353348731995
    ],
    [
      -0.035474758595228195,
      0.035474758595228195,
      0.018333856016397476,
      0.5833333134651184,
      0.7461822032928467,
      0.7195534110069275
    ],
    [
      -0.0348389707505703,
      0.0348389707505703,
      0.018969643861055374,
      0.75,
      0.7484191656112671,
      0.7222352623939514
    ],
    [
      -0.038508981466293335,
      0.038508981466293335,
      0.015299633145332336,
      0.5,
      0.7384679913520813,
      0.7222352623939514
    ]
  ],
  "feature_names": [
    "charge",
    "abs_charge",
    "charge_centered",
    "charge_rank_norm",
    "wbo_sum",
    "wbo_max"
  ],
  "status": "ok",
  "error": null
}