{
  "canonical_smiles": "COC(=O)[C@H]1[C@H](OC(=O)c2ccccc2)C[C@H]2CC[C@@H]1N2C",
  "xtb_valid": true,
  "atom_valid_mask": [
    [
      1.0
    ],
    [
      1.0
    ],
    [
      1.0
    ],
    [
      1.0
    ],
    [
      1.0
    ],
    [
      1.0
    ],
    [
      1.0
    ],
    [
      1.0
    ],
    [
      1.0
    ],
    [
      1.0
    ],
    [
      1.0
    ],
    [
      1.0
    ],
    [
      1.0
    ],
    [
      1.0
    ],
    [
      1.0
    ],
    [
      1.0
    ],
    [
      1.0
    ],
    [
      1.0
    ],
    [
      1.0
    ],
    [
      1.0
    ],
    [
      1.0
    ],
    [
      1.0
    ]
  ],
  "atom_features": [
    [
      0.01131752971559763,
      0.01131752971559763,
      0.06628699600696564,
      0.761904776096344,
      0.23611998558044434,
      0.47223997116088867
    ],
    [
      -0.2677885890007019,
      0.2677885890007019,
      -0.21281912922859192,
      0.1428571492433548,
      0.5639522075653076,
      0.5704342126846313
    ],
    [
      0.3568536043167114,
      0.3568536043167114,
      0.4118230640888214,
      1.0,
      0.9579284191131592,
      0.8594991564750671
    ],
    [
      -0.4603663980960846,
      0.4603663980960846,
      -0.4053969383239746,
      0.0476190485060215,
      0.4723646938800812,
      0.8594991564750671
    ],
    [
      -0.0550151988863945,
      0.0550151988863945,
      -4.573538899421692e-05,
      0.380952388048172,
      0.7250111103057861,
      0.4901377856731415
    ],
    [
      0.12191087007522583,
      0.12191087007522583,
      0.17688032984733582,
      0.9047619104385376,
      0.721558690071106,
      0.4922877848148346
    ],
    [
      -0.283216267824173,
      0.283216267824173,
      -0.228246808052063,
      0.095238097012043,
      0.5521981120109558,
      0.5623751282691956
    ],
    [
      0.35535454750061035,
      0.35535454750061035,
      0.41032400727272034,
      0.9523809552192688,
      0.9549688696861267,
      0.8409435749053955
    ],
    [
      -0.47884851694107056,
      0.47884851694107056,
      -0.42387905716896057,
      0.0,
      0.46113649010658264,
      0.8409435749053955
    ],
    [
      -0.02097824029624462,
      0.02097824029624462,
      0.03399122506380081,
      0.6666666865348816,
      0.9436966776847839,
      0.690614640712738
    ],
    [
      -0.022577280178666115,
      0.022577280178666115,
      0.03239218145608902,
      0.6190476417541504,
      0.7354881167411804,
      0.7268401384353638
    ],
    [
      -0.030571909621357918,
      0.030571909621357918,
      0.024397553876042366,
      0.4761904776096344,
      0.7479045987129211,
      0.7268401384353638
    ],
    [
      -0.023656100034713745,
      0.023656100034713745,
      0.03131336346268654,
      0.5714285969734192,
      0.7161320447921753,
      0.7168116569519043
    ],
    [
      -0.030335690826177597,
      0.030335690826177597,
      0.024633772671222687,
      0.523809552192688,
      0.7481361031532288,
      0.7254840135574341
    ],
    [
      -0.02066407911479473,
      0.02066407911479473,
      0.0343053862452507,
      0.7142857313156128,
      0.7348076701164246,
      0.7254840135574341
    ],
    [
      -0.07262060046195984,
      0.07262060046195984,
      -0.017651136964559555,
      0.2380952388048172,
      0.4940211772918701,
      0.495754599571228
    ],
    [
      0.035728570073843,
      0.035728570073843,
      0.09069803357124329,
      0.8095238208770752,
      0.7413805723190308,
      0.495754599571228
    ],
    [
      -0.06838551163673401,
      0.06838551163673401,
      -0.013416048139333725,
      0.2857142984867096,
      0.4979243576526642,
      0.5024953484535217
    ],
    [
      -0.06541454046964645,
      0.06541454046964645,
      -0.01044507697224617,
      0.3333333432674408,
      0.4978210926055908,
      0.5024953484535217
    ],
    [
      0.04473775997757912,
      0.04473775997757912,
      0.0997072234749794,
      0.8571428656578064,
      0.7309125661849976,
      0.49471741914749146
    ],
    [
      -0.18828065693378448,
      0.18828065693378448,
      -0.1333111971616745,
      0.190476194024086,
      0.7462679743766785,
      0.5041652917861938
    ],
    [
      -0.046511489897966385,
      0.046511489897966385,
      0.008457973599433899,
      0.4285714328289032,
      0.2520826458930969,
      0.5041652917861938
    ]
  ],
  "feature_names": [
    "charge",
    "abs_charge",
    "charge_centered",
    "charge_rank_norm",
    "wbo_sum",
    "wbo_max"
  ],
  "status": "ok",
  "error": null
}