{
  "canonical_smiles": "Fc1cccc(CCN2CCN(CCCc3cc4cc(-n5cnnc5)ccc4[nH]3)CC2)c1",
  "xtb_valid": true,
  "atom_valid_mask": [
    [
      1.0
    ],
    [
      1.0
    ],
    [
      1.0
    ],
    [
      1.0
    ],
    [
      1.0
    ],
    [
      1.0
    ],
    [
      1.0
    ],
    [
      1.0
    ],
    [
      1.0
    ],
    [
      1.0
    ],
    [
      1.0
    ],
    [
      1.0
    ],
    [
      1.0
    ],
    [
      1.0
    ],
    [
      1.0
    ],
    [
      1.0
    ],
    [
      1.0
    ],
    [
      1.0
    ],
    [
      1.0
    ],
    [
      1.0
    ],
    [
      1.0
    ],
    [
      1.0
    ],
    [
      1.0
    ],
    [
      1.0
    ],
    [
      1.0
    ],
    [
      1.0
    ],
    [
      1.0
    ],
    [
      1.0
    ],
    [
      1.0
    ],
    [
      1.0
    ],
    [
      1.0
    ],
    [
      1.0
    ]
  ],
  "atom_features": [
    [
      -0.2644323706626892,
      0.2644323706626892,
      -0.22040295600891113,
      0.0,
      0.23285216093063354,
      0.4657043218612671
    ],
    [
      0.16760167479515076,
      0.16760167479515076,
      0.21163108944892883,
      1.0,
      0.9328961968421936,
      0.7016668319702148
    ],
    [
      -0.06009763851761818,
      0.06009763851761818,
      -0.016068223863840103,
      0.35483869910240173,
      0.7345740795135498,
      0.7174978852272034
    ],
    [
      -0.035222139209508896,
      0.035222139209508896,
      0.00880727544426918,
      0.5161290168762207,
      0.7475683093070984,
      0.7230801582336426
    ],
    [
      -0.04720782861113548,
      0.04720782861113548,
      -0.0031784139573574066,
      0.4838709533214569,
      0.7130117416381836,
      0.7230801582336426
    ],
    [
      0.01538906991481781,
      0.01538906991481781,
      0.059418484568595886,
      0.8064516186714172,
      0.9832640290260315,
      0.7031881809234619
    ],
    [
      -0.06882552802562714,
      0.06882552802562714,
      -0.02479611337184906,
      0.25806450843811035,
      0.4962540864944458,
      0.5071676969528198
    ],
    [
      0.003462279913946986,
      0.003462279913946986,
      0.04749169573187828,
      0.6774193644523621,
      0.4949154853820801,
      0.5044904947280884
    ],
    [
      -0.1950475573539734,
      0.1950475573539734,
      -0.1510181427001953,
      0.12903225421905518,
      0.7510187029838562,
      0.5044904947280884
    ],
    [
      0.0049911001697182655,
      0.0049911001697182655,
      0.04902051389217377,
      0.7419354915618896,
      0.5003142952919006,
      0.5017980933189392
    ],
    [
      0.004208109807223082,
      0.004208109807223082,
      0.048237524926662445,
      0.7096773982048035,
      0.4995383024215698,
      0.5017980933189392
    ],
    [
      -0.20396724343299866,
      0.20396724343299866,
      -0.15993782877922058,
      0.09677419066429138,
      0.7480428218841553,
      0.4997406601905823
    ],
    [
      0.007569650188088417,
      0.007569650188088417,
      0.051599062979221344,
      0.774193525314331,
      0.5002974271774292,
      0.5008541941642761
    ],
    [
      -0.06343109905719757,
      0.06343109905719757,
      -0.019401684403419495,
      0.32258063554763794,
      0.4971911311149597,
      0.5008541941642761
    ],
    [
      -0.06973870098590851,
      0.06973870098590851,
      -0.025709286332130432,
      0.22580644488334656,
      0.5018205046653748,
      0.5101129412651062
    ],
    [
      0.05403381958603859,
      0.05403381958603859,
      0.09806323051452637,
      0.9032257795333862,
      0.9442682862281799,
      0.7798421382904053
    ],
    [
      -0.08971565216779709,
      0.08971565216779709,
      -0.04568623751401901,
      0.19354838132858276,
      0.6991804242134094,
      0.7798421382904053
    ],
    [
      -0.00841997005045414,
      0.00841997005045414,
      0.035609446465969086,
      0.5806451439857483,
      0.952501654624939,
      0.6635026335716248
    ],
    [
      -0.05624788999557495,
      0.05624788999557495,
      -0.012218475341796875,
      0.4193548262119293,
      0.7164027690887451,
      0.7132882475852966
    ],
    [
      0.04324397072196007,
      0.04324397072196007,
      0.08727338910102844,
      0.8387096524238586,
      0.9446192979812622,
      0.7132882475852966
    ],
    [
      -0.016199149191379547,
      0.016199149191379547,
      0.02783026546239853,
      0.5483871102333069,
      0.8625160455703735,
      0.6087606549263
    ],
    [
      0.0886787697672844,
      0.0886787697672844,
      0.13270819187164307,
      0.9354838728904724,
      0.7043948769569397,
      0.8000638484954834
    ],
    [
      -0.23167763650417328,
      0.23167763650417328,
      -0.1876482218503952,
      0.032258063554763794,
      0.7066421508789062,
      0.8000638484954834
    ],
    [
      -0.23146791756153107,
      0.23146791756153107,
      -0.187438502907753,
      0.06451612710952759,
      0.7068142890930176,
      0.8004081845283508
    ],
    [
      0.08868779242038727,
      0.08868779242038727,
      0.13271720707416534,
      0.9677419066429138,
      0.7045844197273254,
      0.8004081845283508
    ],
    [
      -0.054264821112155914,
      0.054264821112155914,
      -0.010235406458377838,
      0.4516128897666931,
      0.7047294974327087,
      0.7410538792610168
    ],
    [
      -0.056682851165533066,
      0.056682851165533066,
      -0.01265343651175499,
      0.3870967626571655,
      0.7334069609642029,
      0.7410538792610168
    ],
    [
      0.046908900141716,
      0.046908900141716,
      0.09093831479549408,
      0.8709677457809448,
      0.9418855309486389,
      0.6697453856468201
    ],
    [
      -0.1186731830239296,
      0.1186731830239296,
      -0.07464376837015152,
      0.16129031777381897,
      0.5948126912117004,
      0.5985814929008484
    ],
    [
      -0.00037269998574629426,
      0.00037269998574629426,
      0.043656714260578156,
      0.6129032373428345,
      0.49720534682273865,
      0.49906647205352783
    ],
    [
      0.0014337899629026651,
      0.0014337899629026651,
      0.0454632043838501,
      0.6451612710952759,
      0.4970303177833557,
      0.49871641397476196
    ],
    [
      -0.06345830857753754,
      0.06345830857753754,
      -0.01942889392375946,
      0.29032257199287415,
      0.7297068238258362,
      0.7031881809234619
    ]
  ],
  "feature_names": [
    "charge",
    "abs_charge",
    "charge_centered",
    "charge_rank_norm",
    "wbo_sum",
    "wbo_max"
  ],
  "status": "ok",
  "error": null
}