{
  "canonical_smiles": "CCc1cccc2c3c([nH]c12)[C@@](CC)(CC(=O)O)OCC3",
  "xtb_valid": true,
  "atom_valid_mask": [
    [
      1.0
    ],
    [
      1.0
    ],
    [
      1.0
    ],
    [
      1.0
    ],
    [
      1.0
    ],
    [
      1.0
    ],
    [
      1.0
    ],
    [
      1.0
    ],
    [
      1.0
    ],
    [
      1.0
    ],
    [
      1.0
    ],
    [
      1.0
    ],
    [
      1.0
    ],
    [
      1.0
    ],
    [
      1.0
    ],
    [
      1.0
    ],
    [
      1.0
    ],
    [
      1.0
    ],
    [
      1.0
    ],
    [
      1.0
    ],
    [
      1.0
    ]
  ],
  "atom_features": [
    [
      -0.10510960966348648,
      0.10510960966348648,
      -0.03613431751728058,
      0.25,
      0.2511003315448761,
      0.5022006630897522
    ],
    [
      -0.05941044166684151,
      0.05941044166684151,
      0.009564850479364395,
      0.44999998807907104,
      0.5038259625434875,
      0.5054513216018677
    ],
    [
      -0.011837819591164589,
      0.011837819591164589,
      0.05713747441768646,
      0.75,
      0.9737944006919861,
      0.724875807762146
    ],
    [
      -0.05228416994214058,
      0.05228416994214058,
      0.016691122204065323,
      0.5,
      0.7104023098945618,
      0.724875807762146
    ],
    [
      -0.049230411648750305,
      0.049230411648750305,
      0.019744880497455597,
      0.6000000238418579,
      0.7209838032722473,
      0.7460387349128723
    ],
    [
      -0.049809690564870834,
      0.049809690564870834,
      0.019165601581335068,
      0.550000011920929,
      0.7326023578643799,
      0.7460387349128723
    ],
    [
      -0.021872220560908318,
      0.021872220560908318,
      0.047103069722652435,
      0.699999988079071,
      0.9479575753211975,
      0.6587785482406616
    ],
    [
      -0.03804478049278259,
      0.03804478049278259,
      0.03093051165342331,
      0.6499999761581421,
      0.9423162937164307,
      0.7686339616775513
    ],
    [
      0.014715120196342468,
      0.014715120196342468,
      0.08369041234254837,
      0.800000011920929,
      0.9257956743240356,
      0.7686339616775513
    ],
    [
      -0.12288589030504227,
      0.12288589030504227,
      -0.053910598158836365,
      0.15000000596046448,
      0.5880643129348755,
      0.5942942500114441
    ],
    [
      0.03721591830253601,
      0.03721591830253601,
      0.10619121044874191,
      0.8500000238418579,
      0.9344117045402527,
      0.6568742990493774
    ],
    [
      0.147973895072937,
      0.147973895072937,
      0.2169491946697235,
      0.949999988079071,
      0.960785984992981,
      0.48866304755210876
    ],
    [
      -0.0661136582493782,
      0.0661136582493782,
      0.0028616338968276978,
      0.4000000059604645,
      0.4966617822647095,
      0.5100122690200806
    ],
    [
      -0.10531719774007797,
      0.10531719774007797,
      -0.03634190559387207,
      0.20000000298023224,
      0.2550061345100403,
      0.5100122690200806
    ],
    [
      -0.09681802988052368,
      0.09681802988052368,
      -0.02784273773431778,
      0.30000001192092896,
      0.4834537208080292,
      0.4969940483570099
    ],
    [
      0.36969804763793945,
      0.36969804763793945,
      0.43867334723472595,
      1.0,
      0.9655435681343079,
      0.8570743203163147
    ],
    [
      -0.4772619605064392,
      0.4772619605064392,
      -0.4082866609096527,
      0.0,
      0.47133591771125793,
      0.8570743203163147
    ],
    [
      -0.41687461733818054,
      0.41687461733818054,
      -0.34789931774139404,
      0.05000000074505806,
      0.33130812644958496,
      0.5770187377929688
    ],
    [
      -0.35091421008110046,
      0.35091421008110046,
      -0.28193891048431396,
      0.10000000149011612,
      0.48260432481765747,
      0.485524445772171
    ],
    [
      0.07454056292772293,
      0.07454056292772293,
      0.14351585507392883,
      0.8999999761581421,
      0.4915769696235657,
      0.4976294934749603
    ],
    [
      -0.06883987784385681,
      0.06883987784385681,
      0.00013541430234909058,
      0.3499999940395355,
      0.5033032298088074,
      0.508976936340332
    ]
  ],
  "feature_names": [
    "charge",
    "abs_charge",
    "charge_centered",
    "charge_rank_norm",
    "wbo_sum",
    "wbo_max"
  ],
  "status": "ok",
  "error": null
}