{
  "canonical_smiles": "CC(C)(C)NC(=O)[C@@H]1C[C@@H]2CCCC[C@@H]2CN1C[C@@H](O)[C@H](Cc1ccccc1)NC(=O)[C@H](CC(N)=O)NC(=O)c1ccc2ccccc2n1",
  "xtb_valid": true,
  "atom_valid_mask": [
    [
      1.0
    ],
    [
      1.0
    ],
    [
      1.0
    ],
    [
      1.0
    ],
    [
      1.0
    ],
    [
      1.0
    ],
    [
      1.0
    ],
    [
      1.0
    ],
    [
      1.0
    ],
    [
      1.0
    ],
    [
      1.0
    ],
    [
      1.0
    ],
    [
      1.0
    ],
    [
      1.0
    ],
    [
      1.0
    ],
    [
      1.0
    ],
    [
      1.0
    ],
    [
      1.0
    ],
    [
      1.0
    ],
    [
      1.0
    ],
    [
      1.0
    ],
    [
      1.0
    ],
    [
      1.0
    ],
    [
      1.0
    ],
    [
      1.0
    ],
    [
      1.0
    ],
    [
      1.0
    ],
    [
      1.0
    ],
    [
      1.0
    ],
    [
      1.0
    ],
    [
      1.0
    ],
    [
      1.0
    ],
    [
      1.0
    ],
    [
      1.0
    ],
    [
      1.0
    ],
    [
      1.0
    ],
    [
      1.0
    ],
    [
      1.0
    ],
    [
      1.0
    ],
    [
      1.0
    ],
    [
      1.0
    ],
    [
      1.0
    ],
    [
      1.0
    ],
    [
      1.0
    ],
    [
      1.0
    ],
    [
      1.0
    ],
    [
      1.0
    ],
    [
      1.0
    ],
    [
      1.0
    ]
  ],
  "atom_features": [
    [
      -0.11429160833358765,
      0.11429160833358765,
      -0.04250851273536682,
      0.2708333432674408,
      0.24704761803150177,
      0.49409523606300354
    ],
    [
      0.09847123920917511,
      0.09847123920917511,
      0.17025433480739594,
      0.875,
      0.9840953350067139,
      0.49740365147590637
    ],
    [
      -0.1322164237499237,
      0.1322164237499237,
      -0.06043332815170288,
      0.2291666716337204,
      0.24870182573795319,
      0.49740365147590637
    ],
    [
      -0.11768417805433273,
      0.11768417805433273,
      -0.04590108245611191,
      0.25,
      0.2482808530330658,
      0.4965617060661316
    ],
    [
      -0.2053840458393097,
      0.2053840458393097,
      -0.13360095024108887,
      0.1458333283662796,
      0.6056461930274963,
      0.635233998298645
    ],
    [
      0.2685946822166443,
      0.2685946822166443,
      0.3403777778148651,
      0.9375,
      0.9652951955795288,
      0.825835108757019
    ],
    [
      -0.5027222633361816,
      0.5027222633361816,
      -0.4309391677379608,
      0.02083333395421505,
      0.460881769657135,
      0.825835108757019
    ],
    [
      0.01199360005557537,
      0.01199360005557537,
      0.08377669751644135,
      0.7916666865348816,
      0.72774338722229,
      0.4937465488910675
    ],
    [
      -0.05790245905518532,
      0.05790245905518532,
      0.013880636543035507,
      0.3958333432674408,
      0.4955369830131531,
      0.49732741713523865
    ],
    [
      -0.01690134033560753,
      0.01690134033560753,
      0.054881755262613297,
      0.6875,
      0.7442498803138733,
      0.4983446002006531
    ],
    [
      -0.054052360355854034,
      0.054052360355854034,
      0.01773073524236679,
      0.4166666567325592,
      0.5011427998542786,
      0.5039409399032593
    ],
    [
      -0.05842939019203186,
      0.05842939019203186,
      0.013353705406188965,
      0.375,
      0.5042879581451416,
      0.5046349763870239
    ],
    [
      -0.05906270071864128,
      0.05906270071864128,
      0.012720394879579544,
      0.3541666567325592,
      0.5047313570976257,
      0.5048277974128723
    ],
    [
      -0.0638822466135025,
      0.0638822466135025,
      0.007900848984718323,
      0.3333333432674408,
      0.5007257461547852,
      0.5048277974128723
    ],
    [
      -0.0242451298981905,
      0.0242451298981905,
      0.047537967562675476,
      0.6458333134651184,
      0.7418839931488037,
      0.496623694896698
    ],
    [
      -0.0014409699942916632,
      0.0014409699942916632,
      0.07034212350845337,
      0.7291666865348816,
      0.4953068494796753,
      0.49629706144332886
    ],
    [
      -0.1980656534433365,
      0.1980656534433365,
      -0.12628255784511566,
      0.1666666716337204,
      0.7430121302604675,
      0.49750828742980957
    ],
    [
      -0.008241900242865086,
      0.008241900242865086,
      0.06354119628667831,
      0.7083333134651184,
      0.49436163902282715,
      0.49750828742980957
    ],
    [
      0.09976567327976227,
      0.09976567327976227,
      0.1715487688779831,
      0.9166666865348816,
      0.7341651320457458,
      0.49299803376197815
    ],
    [
      -0.48325762152671814,
      0.48325762152671814,
      -0.4114745259284973,
      0.0625,
      0.24649901688098907,
      0.49299803376197815
    ],
    [
      0.045758169144392014,
      0.045758169144392014,
      0.11754126846790314,
      0.8333333134651184,
      0.7301319241523743,
      0.48814332485198975
    ],
    [
      -0.07851265370845795,
      0.07851265370845795,
      -0.006729558110237122,
      0.3125,
      0.49608322978019714,
      0.5040231347084045
    ],
    [
      0.011831279844045639,
      0.011831279844045639,
      0.08361437916755676,
      0.7708333134651184,
      0.9859864711761475,
      0.7071678638458252
    ],
    [
      -0.04090872034430504,
      0.04090872034430504,
      0.030874375253915787,
      0.5,
      0.7424174547195435,
      0.7224354147911072
    ],
    [
      -0.03630303964018822,
      0.03630303964018822,
      0.03548005595803261,
      0.5833333134651184,
      0.7484201788902283,
      0.7224354147911072
    ],
    [
      -0.03899481147527695,
      0.03899481147527695,
      0.03278828412294388,
      0.5416666865348816,
      0.7466605305671692,
      0.7197811007499695
    ],
    [
      -0.037310078740119934,
      0.037310078740119934,
      0.03447301685810089,
      0.5625,
      0.7484758496284485,
      0.7209834456443787
    ],
    [
      -0.04428255930542946,
      0.04428255930542946,
      0.027500536292791367,
      0.4583333432674408,
      0.7417930364608765,
      0.7209834456443787
    ],
    [
      -0.17082977294921875,
      0.17082977294921875,
      -0.09904667735099792,
      0.2083333283662796,
      0.61862713098526,
      0.650123119354248
    ],
    [
      0.26879069209098816,
      0.26879069209098816,
      0.340573787689209,
      0.9583333134651184,
      0.9696587920188904,
      0.8170137405395508
    ],
    [
      -0.49516409635543823,
      0.49516409635543823,
      -0.4233810007572174,
      0.0416666679084301,
      0.4580708146095276,
      0.8170137405395508
    ],
    [
      0.03259216994047165,
      0.03259216994047165,
      0.10437526553869247,
      0.8125,
      0.7244081497192383,
      0.493511825799942
    ],
    [
      -0.09870334714651108,
      0.09870334714651108,
      -0.026920251548290253,
      0.2916666567325592,
      0.48557430505752563,
      0.48802483081817627
    ],
    [
      0.2897815406322479,
      0.2897815406322479,
      0.36156463623046875,
      1.0,
      0.979027271270752,
      0.8184091448783875
    ],
    [
      -0.2953312397003174,
      0.2953312397003174,
      -0.22354814410209656,
      0.1041666641831398,
      0.3759554326534271,
      0.6516204476356506
    ],
    [
      -0.5153782963752747,
      0.5153782963752747,
      -0.44359520077705383,
      0.0,
      0.45934978127479553,
      0.8184091448783875
    ],
    [
      -0.18881213665008545,
      0.18881213665008545,
      -0.11702904105186462,
      0.1875,
      0.6073856353759766,
      0.622352659702301
    ],
    [
      0.2694551646709442,
      0.2694551646709442,
      0.34123826026916504,
      0.9791666865348816,
      0.968029797077179,
      0.8250260353088379
    ],
    [
      -0.47894254326820374,
      0.47894254326820374,
      -0.4071594476699829,
      0.0833333358168602,
      0.4619663655757904,
      0.8250260353088379
    ],
    [
      0.06363427639007568,
      0.06363427639007568,
      0.1354173719882965,
      0.8541666865348816,
