{
  "canonical_smiles": "CC(C)(C)c1ccc(C(=O)CCN2CCC(OC(c3ccccc3)c3ccccc3)CC2)cc1",
  "xtb_valid": true,
  "atom_valid_mask": [
    [
      1.0
    ],
    [
      1.0
    ],
    [
      1.0
    ],
    [
      1.0
    ],
    [
      1.0
    ],
    [
      1.0
    ],
    [
      1.0
    ],
    [
      1.0
    ],
    [
      1.0
    ],
    [
      1.0
    ],
    [
      1.0
    ],
    [
      1.0
    ],
    [
      1.0
    ],
    [
      1.0
    ],
    [
      1.0
    ],
    [
      1.0
    ],
    [
      1.0
    ],
    [
      1.0
    ],
    [
      1.0
    ],
    [
      1.0
    ],
    [
      1.0
    ],
    [
      1.0
    ],
    [
      1.0
    ],
    [
      1.0
    ],
    [
      1.0
    ],
    [
      1.0
    ],
    [
      1.0
    ],
    [
      1.0
    ],
    [
      1.0
    ],
    [
      1.0
    ],
    [
      1.0
    ],
    [
      1.0
    ],
    [
      1.0
    ],
    [
      1.0
    ]
  ],
  "atom_features": [
    [
      -0.11153271794319153,
      0.11153271794319153,
      -0.06632344424724579,
      0.12121212482452393,
      0.24627132713794708,
      0.49254265427589417
    ],
    [
      0.027465540915727615,
      0.027465540915727615,
      0.07267481088638306,
      0.9090909361839294,
      0.9883817434310913,
      0.4993327856063843
    ],
    [
      -0.11313184350728989,
      0.11313184350728989,
      -0.06792257726192474,
      0.09090909361839294,
      0.24966639280319214,
      0.4993327856063843
    ],
    [
      -0.11132519692182541,
      0.11132519692182541,
      -0.06611593067646027,
      0.1515151560306549,
      0.24643637239933014,
      0.4928727447986603
    ],
    [
      0.02177388034760952,
      0.02177388034760952,
      0.06698314845561981,
      0.8787878751754761,
      0.9465667605400085,
      0.7044183611869812
    ],
    [
      -0.03523635119199753,
      0.03523635119199753,
      0.009972918778657913,
      0.5151515007019043,
      0.7407389879226685,
      0.7324677109718323
    ],
    [
      -0.03489818051457405,
      0.03489818051457405,
      0.01031108945608139,
      0.5454545617103577,
      0.7349346280097961,
      0.7324677109718323
    ],
    [
      -0.019360439851880074,
      0.019360439851880074,
      0.025848830118775368,
      0.6969696879386902,
      0.946971595287323,
      0.6889428496360779
    ],
    [
      0.230652317404747,
      0.230652317404747,
      0.27586159110069275,
      1.0,
      0.9488595724105835,
      0.8797203898429871
    ],
    [
      -0.4515257775783539,
      0.4515257775783539,
      -0.40631651878356934,
      0.0,
      0.43986019492149353,
      0.8797203898429871
    ],
    [
      -0.09352508932352066,
      0.09352508932352066,
      -0.04831581935286522,
      0.1818181872367859,
      0.4997791349887848,
      0.5001537203788757
    ],
    [
      0.015592440031468868,
      0.015592440031468868,
      0.060801710933446884,
      0.8484848737716675,
      0.49969717860221863,
      0.5001537203788757
    ],
    [
      -0.19355735182762146,
      0.19355735182762146,
      -0.14834807813167572,
      0.06060606241226196,
      0.7506371140480042,
      0.5014976263046265
    ],
    [
      0.0014944300055503845,
      0.0014944300055503845,
      0.046703699976205826,
      0.7575757503509521,
      0.49975377321243286,
      0.5005359649658203
    ],
    [
      -0.06761738657951355,
      0.06761738657951355,
      -0.02240811660885811,
      0.24242424964904785,
      0.4970332384109497,
      0.4989715814590454
    ],
    [
      0.12222053855657578,
      0.12222053855657578,
      0.16742980480194092,
      0.9696969985961914,
      0.7355989217758179,
      0.4950948655605316
    ],
    [
      -0.3514886200428009,
      0.3514886200428009,
      -0.30627936124801636,
      0.03030303120613098,
      0.48023584485054016,
      0.4813934564590454
    ],
    [
      0.10987679660320282,
      0.10987679660320282,
      0.15508607029914856,
      0.939393937587738,
      0.7262161374092102,
      0.4870153069496155
    ],
    [
      -0.0004930500290356576,
      0.0004930500290356576,
      0.04471622034907341,
      0.7272727489471436,
      0.9768105149269104,
      0.7068313360214233
    ],
    [
      -0.03148265182971954,
      0.03148265182971954,
      0.013726618140935898,
      0.6060606241226196,
      0.741447389125824,
      0.720870852470398
    ],
    [
      -0.035733021795749664,
      0.035733021795749664,
      0.009476248174905777,
      0.42424243688583374,
      0.7482472062110901,
      0.720870852470398
    ],
    [
      -0.037084851413965225,
      0.037084851413965225,
      0.008124418556690216,
      0.3636363744735718,
      0.7465291619300842,
      0.7195712327957153
    ],
    [
      -0.035383690148591995,
      0.035383690148591995,
      0.009825579822063446,
      0.4848484992980957,
      0.7483163475990295,
      0.7227826118469238
    ],
    [
      -0.04205818846821785,
      0.04205818846821785,
      0.0031510815024375916,
      0.27272728085517883,
      0.7418898344039917,
      0.7227826118469238
    ],
    [
      0.001706389943137765,
      0.001706389943137765,
      0.04691566154360771,
      0.7878788113594055,
      0.9767264127731323,
      0.7064881324768066
    ],
    [
      -0.04092869162559509,
      0.04092869162559509,
      0.0042805783450603485,
      0.3030303120613098,
      0.7414069771766663,
      0.7210487723350525
    ],
    [
      -0.035702191293239594,
      0.035702191293239594,
      0.009507078677415848,
      0.4545454680919647,
      0.7482146620750427,
      0.7210487723350525
    ],
    [
      -0.036036938428878784,
      0.036036938428878784,
      0.009172331541776657,
      0.39393940567970276,
      0.7466239333152771,
      0.7193630933761597
    ],
    [
      -0.03466254100203514,
      0.03466254100203514,
      0.0105467289686203,
      0.5757575631141663,
      0.7482808828353882,
      0.722252607345581
    ],
    [
      -0.03007045015692711,
      0.03007045015692711,
      0.015138819813728333,
      0.6363636255264282,
      0.7420217394828796,
      0.722252607345581
    ],
    [
      -0.06799443066120148,
      0.06799443066120148,
      -0.022785160690546036,
      0.21212121844291687,
      0.4964110851287842,
      0.49811261892318726
    ],
    [
      0.00463096983730793,
      0.00463096983730793,
      0.04984024167060852,
      0.8181818127632141,
      0.49980512261390686,
      0.5014976263046265
    ],
    [
      -0.022458020597696304,
      0.022458020597696304,
      0.022751249372959137,
      0.6666666865348816,
      0.733446478843689,
      0.7256397008895874
    ],
    [
      -0.039240799844264984,
      0.039240799844264984,
      0.005968470126390457,
      0.3333333432674408,
      0.7405267953872681,
      0.7256397008895874
    ]
  ],
  "feature_names": [
    "charge",
    "abs_charge",
    "charge_centered",
    "charge_rank_norm",
    "wbo_sum",
    "wbo_max"
  ],
  "status": "ok",
  "error": null
}