{
  "canonical_smiles": "CCOc1ccc2c3c1O[C@H]1[C@@H](O)C=C[C@H]4[C@@H](C2)N(C)CC[C@@]341",
  "xtb_valid": true,
  "atom_valid_mask": [
    [
      1.0
    ],
    [
      1.0
    ],
    [
      1.0
    ],
    [
      1.0
    ],
    [
      1.0
    ],
    [
      1.0
    ],
    [
      1.0
    ],
    [
      1.0
    ],
    [
      1.0
    ],
    [
      1.0
    ],
    [
      1.0
    ],
    [
      1.0
    ],
    [
      1.0
    ],
    [
      1.0
    ],
    [
      1.0
    ],
    [
      1.0
    ],
    [
      1.0
    ],
    [
      1.0
    ],
    [
      1.0
    ],
    [
      1.0
    ],
    [
      1.0
    ],
    [
      1.0
    ],
    [
      1.0
    ]
  ],
  "atom_features": [
    [
      -0.12252257019281387,
      0.12252257019281387,
      -0.06264931708574295,
      0.1818181872367859,
      0.2531984746456146,
      0.5063969492912292
    ],
    [
      0.07726875692605972,
      0.07726875692605972,
      0.13714200258255005,
      0.8181818127632141,
      0.4918982684612274,
      0.5063969492912292
    ],
    [
      -0.30743110179901123,
      0.30743110179901123,
      -0.2475578486919403,
      0.09090909361839294,
      0.5010743737220764,
      0.5247491002082825
    ],
    [
      0.1146884486079216,
      0.1146884486079216,
      0.17456170916557312,
      0.9545454382896423,
      0.9335046410560608,
      0.6858426332473755
    ],
    [
      -0.08092979341745377,
      0.08092979341745377,
      -0.021056540310382843,
      0.22727273404598236,
      0.6995199918746948,
      0.7131973505020142
    ],
    [
      -0.06528299301862717,
      0.06528299301862717,
      -0.005409739911556244,
      0.3636363744735718,
      0.7085155248641968,
      0.7131973505020142
    ],
    [
      -0.005508290138095617,
      0.005508290138095617,
      0.05436496436595917,
      0.6363636255264282,
      0.951849639415741,
      0.7038336992263794
    ],
    [
      -0.02797809988260269,
      0.02797809988260269,
      0.03189515322446823,
      0.5909090638160706,
      0.9336445331573486,
      0.6935492753982544
    ],
    [
      0.11334189772605896,
      0.11334189772605896,
      0.17321515083312988,
      0.9090909361839294,
      0.928337037563324,
      0.6813685894012451
    ],
    [
      -0.3129981756210327,
      0.3129981756210327,
      -0.2531249225139618,
      0.04545454680919647,
      0.49525949358940125,
      0.5188878774642944
    ],
    [
      0.10050597041845322,
      0.10050597041845322,
      0.16037923097610474,
      0.8636363744735718,
      0.7167478799819946,
      0.4830973148345947
    ],
    [
      0.11497599631547928,
      0.11497599631547928,
      0.1748492419719696,
      1.0,
      0.7374516725540161,
      0.5038039684295654
    ],
    [
      -0.5164759159088135,
      0.5164759159088135,
      -0.45660266280174255,
      0.0,
      0.24616599082946777,
      0.49233198165893555
    ],
    [
      -0.0729617327451706,
      0.0729617327451706,
      -0.01308847963809967,
      0.27272728085517883,
      0.7318480014801025,
      0.9598919749259949
    ],
    [
      -0.049552928656339645,
      0.049552928656339645,
      0.010320324450731277,
      0.4545454680919647,
      0.7336163520812988,
      0.9598919749259949
    ],
    [
      -0.029384199529886246,
      0.029384199529886246,
      0.030489053577184677,
      0.5454545617103577,
      0.7380980253219604,
      0.5073407888412476
    ],
    [
      0.03392298147082329,
      0.03392298147082329,
      0.09379623830318451,
      0.7727272510528564,
      0.7354372143745422,
      0.4956730008125305
    ],
    [
      -0.0706273764371872,
      0.0706273764371872,
      -0.010754123330116272,
      0.3181818127632141,
      0.49765488505363464,
      0.5063163042068481
    ],
    [
      -0.18959079682826996,
      0.18959079682826996,
      -0.12971754372119904,
      0.13636364042758942,
      0.7518569827079773,
      0.5069579482078552
    ],
    [
      -0.04079833999276161,
      0.04079833999276161,
      0.01907491311430931,
      0.5,
      0.2534789741039276,
      0.5069579482078552
    ],
    [
      0.010803010314702988,
      0.010803010314702988,
      0.07067626714706421,
      0.6818181872367859,
      0.5013537406921387,
      0.5016244649887085
    ],
    [
      -0.0639362633228302,
      0.0639362633228302,
      -0.004063010215759277,
      0.40909090638160706,
      0.4931623339653015,
      0.5016244649887085
    ],
    [
      0.013386609964072704,
      0.013386609964072704,
      0.0732598602771759,
      0.7272727489471436,
      0.9714080095291138,
      0.49237117171287537
    ]
  ],
  "feature_names": [
    "charge",
    "abs_charge",
    "charge_centered",
    "charge_rank_norm",
    "wbo_sum",
    "wbo_max"
  ],
  "status": "ok",
  "error": null
}