{
  "canonical_smiles": "CC(=O)c1cc2cccc(OCC(O)CNC(C)C)c2o1",
  "xtb_valid": true,
  "atom_valid_mask": [
    [
      1.0
    ],
    [
      1.0
    ],
    [
      1.0
    ],
    [
      1.0
    ],
    [
      1.0
    ],
    [
      1.0
    ],
    [
      1.0
    ],
    [
      1.0
    ],
    [
      1.0
    ],
    [
      1.0
    ],
    [
      1.0
    ],
    [
      1.0
    ],
    [
      1.0
    ],
    [
      1.0
    ],
    [
      1.0
    ],
    [
      1.0
    ],
    [
      1.0
    ],
    [
      1.0
    ],
    [
      1.0
    ],
    [
      1.0
    ],
    [
      1.0
    ]
  ],
  "atom_features": [
    [
      -0.16151686012744904,
      0.16151686012744904,
      -0.08535974472761154,
      0.25,
      0.2531772553920746,
      0.5063545107841492
    ],
    [
      0.23756228387355804,
      0.23756228387355804,
      0.31371939182281494,
      1.0,
      0.9568581581115723,
      0.8686758875846863
    ],
    [
      -0.44402602314949036,
      0.44402602314949036,
      -0.36786890029907227,
      0.05000000074505806,
      0.43433794379234314,
      0.8686758875846863
    ],
    [
      0.09649161249399185,
      0.09649161249399185,
      0.17264872789382935,
      0.800000011920929,
      0.9199089407920837,
      0.7669978141784668
    ],
    [
      -0.05744975060224533,
      0.05744975060224533,
      0.018707364797592163,
      0.4000000059604645,
      0.6939228177070618,
      0.7669978141784668
    ],
    [
      -0.004211579915136099,
      0.004211579915136099,
      0.07194553315639496,
      0.6000000238418579,
      0.9547431468963623,
      0.6486932635307312
    ],
    [
      -0.049083080142736435,
      0.049083080142736435,
      0.02707403525710106,
      0.5,
      0.7278715372085571,
      0.750379204750061
    ],
    [
      -0.04032864049077034,
      0.04032864049077034,
      0.035828474909067154,
      0.550000011920929,
      0.7231260538101196,
      0.750379204750061
    ],
    [
      -0.05588449910283089,
      0.05588449910283089,
      0.020272616297006607,
      0.44999998807907104,
      0.7012355923652649,
      0.7065982222557068
    ],
    [
      0.12185698002576828,
      0.12185698002576828,
      0.19801409542560577,
      0.949999988079071,
      0.9620882272720337,
      0.7065982222557068
    ],
    [
      -0.3150980770587921,
      0.3150980770587921,
      -0.23894095420837402,
      0.10000000149011612,
      0.49472808837890625,
      0.514059841632843
    ],
    [
      0.07564777880907059,
      0.07564777880907059,
      0.15180489420890808,
      0.75,
      0.4844297766685486,
      0.4934632480144501
    ],
    [
      0.10424590110778809,
      0.10424590110778809,
      0.18040302395820618,
      0.8500000238418579,
      0.7400913834571838,
      0.49457985162734985
    ],
    [
      -0.5134451389312744,
      0.5134451389312744,
      -0.4372880160808563,
      0.0,
      0.24728992581367493,
      0.49457985162734985
    ],
    [
      -0.00349742011167109,
      0.00349742011167109,
      0.0726596936583519,
      0.6499999761581421,
      0.498768150806427,
      0.5053966641426086
    ],
    [
      -0.2895413935184479,
      0.2895413935184479,
      -0.21338427066802979,
      0.15000000596046448,
      0.5008962750434875,
      0.5053966641426086
    ],
    [
      0.0484563410282135,
      0.0484563410282135,
      0.124613456428051,
      0.699999988079071,
      0.7498512268066406,
      0.5041866302490234
    ],
    [
      -0.11823047697544098,
      0.11823047697544098,
      -0.042073361575603485,
      0.30000001192092896,
      0.2520933151245117,
      0.5041866302490234
    ],
    [
      -0.11744272708892822,
      0.11744272708892822,
      -0.04128561168909073,
      0.3499999940395355,
      0.24956001341342926,
      0.4991200268268585
    ],
    [
      0.1106891930103302,
      0.1106891930103302,
      0.1868463158607483,
      0.8999999761581421,
      0.9140102863311768,
      0.6468477249145508
    ],
    [
      -0.22449368238449097,
      0.22449368238449097,
      -0.14833655953407288,
      0.20000000298023224,
      0.5376808643341064,
      0.5412276387214661
    ]
  ],
  "feature_names": [
    "charge",
    "abs_charge",
    "charge_centered",
    "charge_rank_norm",
    "wbo_sum",
    "wbo_max"
  ],
  "status": "ok",
  "error": null
}