{
  "canonical_smiles": "C[C@]12CC[C@H]3[C@@H](CCC4=CC(=O)CC[C@]43C)[C@@H]1CC[C@@H]2O",
  "xtb_valid": true,
  "atom_valid_mask": [
    [
      1.0
    ],
    [
      1.0
    ],
    [
      1.0
    ],
    [
      1.0
    ],
    [
      1.0
    ],
    [
      1.0
    ],
    [
      1.0
    ],
    [
      1.0
    ],
    [
      1.0
    ],
    [
      1.0
    ],
    [
      1.0
    ],
    [
      1.0
    ],
    [
      1.0
    ],
    [
      1.0
    ],
    [
      1.0
    ],
    [
      1.0
    ],
    [
      1.0
    ],
    [
      1.0
    ],
    [
      1.0
    ],
    [
      1.0
    ],
    [
      1.0
    ]
  ],
  "atom_features": [
    [
      -0.10514626652002335,
      0.10514626652002335,
      -0.033704958856105804,
      0.15000000596046448,
      0.24919277429580688,
      0.49838554859161377
    ],
    [
      0.0015667700208723545,
      0.0015667700208723545,
      0.07300807535648346,
      0.800000011920929,
      0.9790988564491272,
      0.49838554859161377
    ],
    [
      -0.06338024139404297,
      0.06338024139404297,
      0.008061066269874573,
      0.550000011920929,
      0.4983282685279846,
      0.5017189979553223
    ],
    [
      -0.06420093029737473,
      0.06420093029737473,
      0.007240377366542816,
      0.44999998807907104,
      0.4999171495437622,
      0.5017189979553223
    ],
    [
      -0.03158177062869072,
      0.03158177062869072,
      0.03985953703522682,
      0.6499999761581421,
      0.7341559529304504,
      0.49811527132987976
    ],
    [
      -0.02203983999788761,
      0.02203983999788761,
      0.04940146952867508,
      0.75,
      0.7405835390090942,
      0.4952930212020874
    ],
    [
      -0.0605686791241169,
      0.0605686791241169,
      0.010872628539800644,
      0.6000000238418579,
      0.49286577105522156,
      0.4952930212020874
    ],
    [
      -0.06725812703371048,
      0.06725812703371048,
      0.004183180630207062,
      0.3499999940395355,
      0.5021145343780518,
      0.5137905478477478
    ],
    [
      0.040348879992961884,
      0.040348879992961884,
      0.11179018765687943,
      0.8999999761581421,
      0.9448392391204834,
      0.8804898262023926
    ],
    [
      -0.08296536654233932,
      0.08296536654233932,
      -0.011524058878421783,
      0.25,
      0.7119966149330139,
      0.8804898262023926
    ],
    [
      0.23562541604042053,
      0.23562541604042053,
      0.30706673860549927,
      1.0,
      0.9528301358222961,
      0.8624719977378845
    ],
    [
      -0.4808899760246277,
      0.4808899760246277,
      -0.40944868326187134,
      0.05000000074505806,
      0.43123599886894226,
      0.8624719977378845
    ],
    [
      -0.08786725252866745,
      0.08786725252866745,
      -0.01642594486474991,
      0.20000000298023224,
      0.500990092754364,
      0.5022954344749451
    ],
    [
      -0.0637810006737709,
      0.0637810006737709,
      0.007660306990146637,
      0.5,
      0.49654752016067505,
      0.5022954344749451
    ],
    [
      0.015847839415073395,
      0.015847839415073395,
      0.08728914707899094,
      0.8500000238418579,
      0.9767672419548035,
      0.4953981637954712
    ],
    [
      -0.10942079871892929,
      0.10942079871892929,
      -0.03797949105501175,
      0.10000000149011612,
      0.2440880686044693,
      0.4881761372089386
    ],
    [
      -0.02754216082394123,
      0.02754216082394123,
      0.04389914870262146,
      0.699999988079071,
      0.7384946942329407,
      0.4975300431251526
    ],
    [
      -0.06610392034053802,
      0.06610392034053802,
      0.005337387323379517,
      0.4000000059604645,
      0.4988417625427246,
      0.5001534819602966
    ],
    [
      -0.06916727870702744,
      0.06916727870702744,
      0.002274028956890106,
      0.30000001192092896,
      0.4969290494918823,
      0.5001534819602966
    ],
    [
      0.11457706987857819,
      0.11457706987857819,
      0.18601837754249573,
      0.949999988079071,
      0.7335343956947327,
      0.4937046468257904
    ],
    [
      -0.5063198208808899,
      0.5063198208808899,
      -0.43487852811813354,
      0.0,
      0.24655550718307495,
      0.4931110143661499
    ]
  ],
  "feature_names": [
    "charge",
    "abs_charge",
    "charge_centered",
    "charge_rank_norm",
    "wbo_sum",
    "wbo_max"
  ],
  "status": "ok",
  "error": null
}