{
  "canonical_smiles": "COc1ccc(NC(C)=O)cc1",
  "xtb_valid": true,
  "atom_valid_mask": [
    [
      1.0
    ],
    [
      1.0
    ],
    [
      1.0
    ],
    [
      1.0
    ],
    [
      1.0
    ],
    [
      1.0
    ],
    [
      1.0
    ],
    [
      1.0
    ],
    [
      1.0
    ],
    [
      1.0
    ],
    [
      1.0
    ],
    [
      1.0
    ]
  ],
  "atom_features": [
    [
      0.020920569077134132,
      0.020920569077134132,
      0.09435699135065079,
      0.7272727489471436,
      0.24263706803321838,
      0.48527413606643677
    ],
    [
      -0.3047812879085541,
      0.3047812879085541,
      -0.23134486377239227,
      0.09090909361839294,
      0.5057569742202759,
      0.526239812374115
    ],
    [
      0.13755148649215698,
      0.13755148649215698,
      0.2109879106283188,
      0.9090909361839294,
      0.9452852010726929,
      0.6849864721298218
    ],
    [
      -0.06154422089457512,
      0.06154422089457512,
      0.011892203241586685,
      0.5454545617103577,
      0.7318762540817261,
      0.7288612127304077
    ],
    [
      -0.048935890197753906,
      0.048935890197753906,
      0.024500533938407898,
      0.6363636255264282,
      0.7325320839881897,
      0.7288612127304077
    ],
    [
      0.06524092704057693,
      0.06524092704057693,
      0.13867735862731934,
      0.8181818127632141,
      0.9525657892227173,
      0.6853446960449219
    ],
    [
      -0.17372512817382812,
      0.17372512817382812,
      -0.10028870403766632,
      0.1818181872367859,
      0.6137412786483765,
      0.6102610230445862
    ],
    [
      0.28369152545928955,
      0.28369152545928955,
      0.35712796449661255,
      1.0,
      0.9672843217849731,
      0.8268532752990723
    ],
    [
      -0.16403412818908691,
      0.16403412818908691,
      -0.09059770405292511,
      0.27272728085517883,
      0.24872717261314392,
      0.49745434522628784
    ],
    [
      -0.5035883188247681,
      0.5035883188247681,
      -0.43015187978744507,
      0.0,
      0.45479023456573486,
      0.8268532752990723
    ],
    [
      -0.061658959835767746,
      0.061658959835767746,
      0.011777464300394058,
      0.4545454680919647,
      0.7316055297851562,
      0.7223712205886841
    ],
    [
      -0.07037367671728134,
      0.07037367671728134,
      0.0030627474188804626,
      0.3636363744735718,
      0.7291079759597778,
      0.7223712205886841
    ]
  ],
  "feature_names": [
    "charge",
    "abs_charge",
    "charge_centered",
    "charge_rank_norm",
    "wbo_sum",
    "wbo_max"
  ],
  "status": "ok",
  "error": null
}