{
  "canonical_smiles": "COc1cccc([C@@H](C)NCCCc2ccccc2Cl)c1",
  "xtb_valid": true,
  "atom_valid_mask": [
    [
      1.0
    ],
    [
      1.0
    ],
    [
      1.0
    ],
    [
      1.0
    ],
    [
      1.0
    ],
    [
      1.0
    ],
    [
      1.0
    ],
    [
      1.0
    ],
    [
      1.0
    ],
    [
      1.0
    ],
    [
      1.0
    ],
    [
      1.0
    ],
    [
      1.0
    ],
    [
      1.0
    ],
    [
      1.0
    ],
    [
      1.0
    ],
    [
      1.0
    ],
    [
      1.0
    ],
    [
      1.0
    ],
    [
      1.0
    ],
    [
      1.0
    ]
  ],
  "atom_features": [
    [
      0.02251400053501129,
      0.02251400053501129,
      0.07490479946136475,
      0.8500000238418579,
      0.2429221123456955,
      0.485844224691391
    ],
    [
      -0.30412864685058594,
      0.30412864685058594,
      -0.2517378330230713,
      0.0,
      0.5060112476348877,
      0.5261783003807068
    ],
    [
      0.14087310433387756,
      0.14087310433387756,
      0.19326390326023102,
      1.0,
      0.9474195837974548,
      0.6879704594612122
    ],
    [
      -0.07289180904626846,
      0.07289180904626846,
      -0.02050100639462471,
      0.20000000298023224,
      0.7280533313751221,
      0.7167662382125854
    ],
    [
      -0.0402592308819294,
      0.0402592308819294,
      0.012131571769714355,
      0.550000011920929,
      0.7477537393569946,
      0.7234994769096375
    ],
    [
      -0.0486881397664547,
      0.0486881397664547,
      0.0037026628851890564,
      0.4000000059604645,
      0.7121475338935852,
      0.7234994769096375
    ],
    [
      0.004234639927744865,
      0.004234639927744865,
      0.05662544071674347,
      0.699999988079071,
      0.9809834957122803,
      0.7159221768379211
    ],
    [
      0.04451765865087509,
      0.04451765865087509,
      0.09690846502780914,
      0.8999999761581421,
      0.7426435351371765,
      0.4967343509197235
    ],
    [
      -0.11062762886285782,
      0.11062762886285782,
      -0.058236826211214066,
      0.15000000596046448,
      0.2473367303609848,
      0.4946734607219696
    ],
    [
      -0.2825213074684143,
      0.2825213074684143,
      -0.23013050854206085,
      0.05000000074505806,
      0.500586748123169,
      0.5044391751289368
    ],
    [
      0.01660275086760521,
      0.01660275086760521,
      0.06899355351924896,
      0.800000011920929,
      0.5024868249893188,
      0.5044391751289368
    ],
    [
      -0.05870060995221138,
      0.05870060995221138,
      -0.006309807300567627,
      0.3499999940395355,
      0.49757152795791626,
      0.5005344748497009
    ],
    [
      -0.0630577802658081,
      0.0630577802658081,
      -0.010666977614164352,
      0.30000001192092896,
      0.5003500580787659,
      0.5060915946960449
    ],
    [
      0.0075151799246668816,
      0.0075151799246668816,
      0.05990598350763321,
      0.75,
      0.9757543206214905,
      0.702008068561554
    ],
    [
      -0.04053813964128494,
      0.04053813964128494,
      0.01185266301035881,
      0.5,
      0.7399210333824158,
      0.7225659489631653
    ],
    [
      -0.038407549262046814,
      0.038407549262046814,
      0.013983253389596939,
      0.6000000238418579,
      0.7198070287704468,
      0.7225659489631653
    ],
    [
      -0.036773718893527985,
      0.036773718893527985,
      0.015617083758115768,
      0.6499999761581421,
      0.7448668479919434,
      0.7195295095443726
    ],
    [
      -0.0454719215631485,
      0.0454719215631485,
      0.0069188810884952545,
      0.44999998807907104,
      0.739107072353363,
      0.7195295095443726
    ],
    [
      0.09011416137218475,
      0.09011416137218475,
      0.1425049602985382,
      0.949999988079071,
      0.9339364767074585,
      0.7034165859222412
    ],
    [
      -0.21832478046417236,
      0.21832478046417236,
      -0.1659339815378189,
      0.10000000149011612,
      0.23710167407989502,
      0.47420334815979004
    ],
    [
      -0.06618709862232208,
      0.06618709862232208,
      -0.01379629597067833,
      0.25,
      0.7259271740913391,
      0.7159221768379211
    ]
  ],
  "feature_names": [
    "charge",
    "abs_charge",
    "charge_centered",
    "charge_rank_norm",
    "wbo_sum",
    "wbo_max"
  ],
  "status": "ok",
  "error": null
}