{
  "canonical_smiles": "COc1cc(C)c2c(Oc3cccc(C(F)(F)F)c3)c(OC)cc(NC(C)CCCN)c2n1",
  "xtb_valid": true,
  "atom_valid_mask": [
    [
      1.0
    ],
    [
      1.0
    ],
    [
      1.0
    ],
    [
      1.0
    ],
    [
      1.0
    ],
    [
      1.0
    ],
    [
      1.0
    ],
    [
      1.0
    ],
    [
      1.0
    ],
    [
      1.0
    ],
    [
      1.0
    ],
    [
      1.0
    ],
    [
      1.0
    ],
    [
      1.0
    ],
    [
      1.0
    ],
    [
      1.0
    ],
    [
      1.0
    ],
    [
      1.0
    ],
    [
      1.0
    ],
    [
      1.0
    ],
    [
      1.0
    ],
    [
      1.0
    ],
    [
      1.0
    ],
    [
      1.0
    ],
    [
      1.0
    ],
    [
      1.0
    ],
    [
      1.0
    ],
    [
      1.0
    ],
    [
      1.0
    ],
    [
      1.0
    ],
    [
      1.0
    ],
    [
      1.0
    ],
    [
      1.0
    ]
  ],
  "atom_features": [
    [
      0.023056870326399803,
      0.023056870326399803,
      0.0809004157781601,
      0.71875,
      0.2410517781972885,
      0.482103556394577
    ],
    [
      -0.3018883466720581,
      0.3018883466720581,
      -0.24404481053352356,
      0.0625,
      0.5068390965461731,
      0.5315746068954468
    ],
    [
      0.21867774426937103,
      0.21867774426937103,
      0.2765212953090668,
      0.96875,
      0.9439939856529236,
      0.7049305438995361
    ],
    [
      -0.07839331775903702,
      0.07839331775903702,
      -0.020549774169921875,
      0.375,
      0.7002745866775513,
      0.7490663528442383
    ],
    [
      0.03411031886935234,
      0.03411031886935234,
      0.09195385873317719,
      0.75,
      0.9702154397964478,
      0.7490663528442383
    ],
    [
      -0.11846528202295303,
      0.11846528202295303,
      -0.06062173843383789,
      0.28125,
      0.2587055265903473,
      0.5174110531806946
    ],
    [
      -0.03289249166846275,
      0.03289249166846275,
      0.02495105192065239,
      0.5625,
      0.9369535446166992,
      0.6319130659103394
    ],
    [
      0.0839153379201889,
      0.0839153379201889,
      0.14175888895988464,
      0.875,
      0.8997440338134766,
      0.6782057285308838
    ],
    [
      -0.2719147205352783,
      0.2719147205352783,
      -0.21407118439674377,
      0.125,
      0.5042148232460022,
      0.5190603733062744
    ],
    [
      0.15803776681423187,
      0.15803776681423187,
      0.2158813178539276,
      0.9375,
      0.9440317153930664,
      0.6852084398269653
    ],
    [
      -0.048375070095062256,
      0.048375070095062256,
      0.009468473494052887,
      0.46875,
      0.7297294735908508,
      0.7231575846672058
    ],
    [
      -0.029452970251441002,
      0.029452970251441002,
      0.02839057333767414,
      0.59375,
      0.7473915219306946,
      0.7231575846672058
    ],
    [
      -0.03576603904366493,
      0.03576603904366493,
      0.02207750454545021,
      0.53125,
      0.7088175415992737,
      0.7182547450065613
    ],
    [
      -0.023446500301361084,
      0.023446500301361084,
      0.03439704328775406,
      0.625,
      0.9680782556533813,
      0.7095372676849365
    ],
    [
      0.49213120341300964,
      0.49213120341300964,
      0.5499747395515442,
      1.0,
      0.9386546015739441,
      0.4761458933353424
    ],
    [
      -0.22786247730255127,
      0.22786247730255127,
      -0.17001894116401672,
      0.15625,
      0.2323799580335617,
      0.4647599160671234
    ],
    [
      -0.2251511961221695,
      0.2251511961221695,
      -0.16730764508247375,
      0.1875,
      0.23417779803276062,
      0.46835559606552124
    ],
    [
      -0.22433188557624817,
      0.22433188557624817,
      -0.16648834943771362,
      0.21875,
      0.23402385413646698,
      0.46804770827293396
    ],
    [
      -0.045587070286273956,
      0.045587070286273956,
      0.012256473302841187,
      0.5,
      0.723351240158081,
      0.7095372676849365
    ],
    [
      0.12145870178937912,
      0.12145870178937912,
      0.17930224537849426,
      0.90625,
      0.9378640055656433,
      0.6782057285308838
    ],
    [
      -0.297171026468277,
      0.297171026468277,
      -0.23932749032974243,
      0.09375,
      0.5066161751747131,
      0.5295904874801636
    ],
    [
      0.0196356400847435,
      0.0196356400847435,
      0.07747918367385864,
      0.6875,
      0.24182094633579254,
      0.4836418926715851
    ],
    [
      -0.09250771254301071,
      0.09250771254301071,
      -0.03466416895389557,
      0.34375,
      0.6882821917533875,
      0.7086326479911804
    ],
    [
      0.0510592982172966,
      0.0510592982172966,
      0.10890284180641174,
      0.8125,
      0.9428451061248779,
      0.7086326479911804
    ],
    [
      -0.2210087925195694,
      0.2210087925195694,
      -0.16316524147987366,
      0.25,
      0.524896502494812,
      0.5616796016693115
    ],
    [
      0.045828208327293396,
      0.045828208327293396,
      0.10367175191640854,
      0.78125,
      0.7414506077766418,
      0.499601811170578
    ],
    [
      -0.1167309582233429,
      0.1167309582233429,
      -0.05888741463422775,
      0.3125,
      0.249800905585289,
      0.499601811170578
    ],
    [
      -0.06866639852523804,
      0.06866639852523804,
      -0.010822854936122894,
      0.4375,
      0.4994834363460541,
      0.5037809610366821
    ],
    [
      -0.07267741858959198,
      0.07267741858959198,
      -0.014833875000476837,
      0.40625,
      0.5009285807609558,
      0.5037809610366821
    ],
    [
      0.012258600443601608,
      0.012258600443601608,
      0.07010214030742645,
      0.65625,
      0.5056837797164917,
      0.5132912993431091
    ],
    [
      -0.3904087245464325,
      0.3904087245464325,
      -0.33256518840789795,
      0.0,
      0.25664564967155457,
      0.5132912993431091
    ],
    [
      0.06310056895017624,
      0.06310056895017624,
      0.12094411253929138,
      0.84375,
      0.9384929537773132,
      0.6435544490814209
    ],
    [
      -0.3094087541103363,
      0.3094087541103363,
      -0.25156521797180176,
      0.03125,
      0.6992489695549011,
      0.7049305438995361
    ]
  ],
  "feature_names": [
    "charge",
    "abs_charge",
    "charge_centered",
    "charge_rank_norm",
    "wbo_sum",
    "wbo_max"
  ],
  "status": "ok",
  "error": null
}