{
  "canonical_smiles": "CNC(=O)Oc1cccc2ccccc12",
  "xtb_valid": true,
  "atom_valid_mask": [
    [
      1.0
    ],
    [
      1.0
    ],
    [
      1.0
    ],
    [
      1.0
    ],
    [
      1.0
    ],
    [
      1.0
    ],
    [
      1.0
    ],
    [
      1.0
    ],
    [
      1.0
    ],
    [
      1.0
    ],
    [
      1.0
    ],
    [
      1.0
    ],
    [
      1.0
    ],
    [
      1.0
    ],
    [
      1.0
    ]
  ],
  "atom_features": [
    [
      -0.05794471874833107,
      0.05794471874833107,
      -0.002904195338487625,
      0.2142857164144516,
      0.24969927966594696,
      0.4993985593318939
    ],
    [
      -0.2005033940076828,
      0.2005033940076828,
      -0.14546287059783936,
      0.1428571492433548,
      0.6075233817100525,
      0.6278320550918579
    ],
    [
      0.39899522066116333,
      0.39899522066116333,
      0.45403575897216797,
      1.0,
      0.9683168530464172,
      0.7995017766952515
    ],
    [
      -0.5291808247566223,
      0.5291808247566223,
      -0.4741402864456177,
      0.0,
      0.4744015038013458,
      0.7995017766952515
    ],
    [
      -0.32165250182151794,
      0.32165250182151794,
      -0.2666119933128357,
      0.0714285746216774,
      0.5228620767593384,
      0.5092999339103699
    ],
    [
      0.1305590271949768,
      0.1305590271949768,
      0.18559955060482025,
      0.9285714030265808,
      0.9536327123641968,
      0.7394912838935852
    ],
    [
      -0.046725768595933914,
      0.046725768595933914,
      0.00831475481390953,
      0.2857142984867096,
      0.7098401784896851,
      0.7394912838935852
    ],
    [
      -0.03725196048617363,
      0.03725196048617363,
      0.017788562923669815,
      0.5,
      0.7196853160858154,
      0.759181559085846
    ],
    [
      -0.045148808509111404,
      0.045148808509111404,
      0.00989171490073204,
      0.3571428656578064,
      0.7338652610778809,
      0.759181559085846
    ],
    [
      0.018030069768428802,
      0.018030069768428802,
      0.07307059317827225,
      0.8571428656578064,
      0.9553082585334778,
      0.6484355926513672
    ],
    [
      -0.038552068173885345,
      0.038552068173885345,
      0.0164884552359581,
      0.4285714328289032,
      0.7369030117988586,
      0.7594894170761108
    ],
    [
      -0.03319371119141579,
      0.03319371119141579,
      0.021846812218427658,
      0.5714285969734192,
      0.7199166417121887,
      0.7594894170761108
    ],
    [
      -0.033086489886045456,
      0.033086489886045456,
      0.02195403352379799,
      0.6428571343421936,
      0.7199811935424805,
      0.7596184611320496
    ],
    [
      -0.032549720257520676,
      0.032549720257520676,
      0.02249080315232277,
      0.7142857313156128,
      0.7367688417434692,
      0.7596184611320496
    ],
    [
      0.002597799990326166,
      0.002597799990326166,
      0.05763832479715347,
      0.7857142686843872,
      0.9472525119781494,
      0.6480381488800049
    ]
  ],
  "feature_names": [
    "charge",
    "abs_charge",
    "charge_centered",
    "charge_rank_norm",
    "wbo_sum",
    "wbo_max"
  ],
  "status": "ok",
  "error": null
}