{
  "canonical_smiles": "CCCNC(=O)NS(=O)(=O)c1ccc(C)cc1",
  "xtb_valid": true,
  "atom_valid_mask": [
    [
      1.0
    ],
    [
      1.0
    ],
    [
      1.0
    ],
    [
      1.0
    ],
    [
      1.0
    ],
    [
      1.0
    ],
    [
      1.0
    ],
    [
      1.0
    ],
    [
      1.0
    ],
    [
      1.0
    ],
    [
      1.0
    ],
    [
      1.0
    ],
    [
      1.0
    ],
    [
      1.0
    ],
    [
      1.0
    ],
    [
      1.0
    ],
    [
      1.0
    ]
  ],
  "atom_features": [
    [
      -0.11876873672008514,
      0.11876873672008514,
      -0.036485351622104645,
      0.375,
      0.25514355301856995,
      0.5102871060371399
    ],
    [
      -0.06534992903470993,
      0.06534992903470993,
      0.01693345606327057,
      0.5,
      0.5041760206222534,
      0.5102871060371399
    ],
    [
      -0.0033245300874114037,
      0.0033245300874114037,
      0.07895885407924652,
      0.8125,
      0.49478742480278015,
      0.49806487560272217
    ],
    [
      -0.20049458742141724,
      0.20049458742141724,
      -0.11821120232343674,
      0.25,
      0.5972378849983215,
      0.6186689138412476
    ],
    [
      0.34486573934555054,
      0.34486573934555054,
      0.42714911699295044,
      0.9375,
      0.9771462678909302,
      0.789202094078064
    ],
    [
      -0.5381466150283813,
      0.5381466150283813,
      -0.45586323738098145,
      0.125,
      0.4661947786808014,
      0.789202094078064
    ],
    [
      -0.38813892006874084,
      0.38813892006874084,
      -0.30585554242134094,
      0.1875,
      0.5244121551513672,
      0.5464215874671936
    ],
    [
      1.2068610191345215,
      1.2068610191345215,
      1.2891443967819214,
      1.0,
      1.190886378288269,
      0.7822470664978027
    ],
    [
      -0.6451282501220703,
      0.6451282501220703,
      -0.5628448724746704,
      0.0625,
      0.4177347719669342,
      0.7822470664978027
    ],
    [
      -0.6467426419258118,
      0.6467426419258118,
      -0.5644592642784119,
      0.0,
      0.4174066483974457,
      0.7815908193588257
    ],
    [
      -0.10296492278575897,
      0.10296492278575897,
      -0.020681537687778473,
      0.4375,
      0.8893471956253052,
      0.7021370530128479
    ],
    [
      -0.03243102878332138,
      0.03243102878332138,
      0.04985235631465912,
      0.75,
      0.7396048903465271,
      0.7248268723487854
    ],
    [
      -0.038409750908613205,
      0.038409750908613205,
      0.043873634189367294,
      0.625,
      0.7380329966545105,
      0.7248268723487854
    ],
    [
      0.03978816047310829,
      0.03978816047310829,
      0.12207154929637909,
      0.875,
      0.9578359127044678,
      0.6990029215812683
    ],
    [
      -0.13949181139469147,
      0.13949181139469147,
      -0.05720842629671097,
      0.3125,
      0.2588368058204651,
      0.5176736116409302
    ],
    [
      -0.03849231079220772,
      0.03849231079220772,
      0.04379107430577278,
      0.5625,
      0.7380363345146179,
      0.7248215079307556
    ],
    [
      -0.03244838863611221,
      0.03244838863611221,
      0.049834996461868286,
      0.6875,
      0.739601194858551,
      0.7248215079307556
    ]
  ],
  "feature_names": [
    "charge",
    "abs_charge",
    "charge_centered",
    "charge_rank_norm",
    "wbo_sum",
    "wbo_max"
  ],
  "status": "ok",
  "error": null
}