{
  "canonical_smiles": "Cc1cccc(Nc2ccncc2S(=O)(=O)NC(=O)NC(C)C)c1",
  "xtb_valid": true,
  "atom_valid_mask": [
    [
      1.0
    ],
    [
      1.0
    ],
    [
      1.0
    ],
    [
      1.0
    ],
    [
      1.0
    ],
    [
      1.0
    ],
    [
      1.0
    ],
    [
      1.0
    ],
    [
      1.0
    ],
    [
      1.0
    ],
    [
      1.0
    ],
    [
      1.0
    ],
    [
      1.0
    ],
    [
      1.0
    ],
    [
      1.0
    ],
    [
      1.0
    ],
    [
      1.0
    ],
    [
      1.0
    ],
    [
      1.0
    ],
    [
      1.0
    ],
    [
      1.0
    ],
    [
      1.0
    ],
    [
      1.0
    ],
    [
      1.0
    ]
  ],
  "atom_features": [
    [
      -0.12646107375621796,
      0.12646107375621796,
      -0.054603688418865204,
      0.43478259444236755,
      0.2572903335094452,
      0.5145806670188904
    ],
    [
      0.023148909211158752,
      0.023148909211158752,
      0.0950062945485115,
      0.695652186870575,
      0.9881800413131714,
      0.7062673568725586
    ],
    [
      -0.047891028225421906,
      0.047891028225421906,
      0.023966357111930847,
      0.6086956262588501,
      0.7378510236740112,
      0.7217689156532288
    ],
    [
      -0.03714419901371002,
      0.03714419901371002,
      0.03471318632364273,
      0.6521739363670349,
      0.7476017475128174,
      0.7217689156532288
    ],
    [
      -0.05582423135638237,
      0.05582423135638237,
      0.016033153980970383,
      0.5652173757553101,
      0.733912467956543,
      0.719292163848877
    ],
    [
      0.06780169904232025,
      0.06780169904232025,
      0.1396590769290924,
      0.8695651888847351,
      0.9752206802368164,
      0.6988357305526733
    ],
    [
      -0.1983972042798996,
      0.1983972042798996,
      -0.12653982639312744,
      0.260869562625885,
      0.5468125343322754,
      0.5889734029769897
    ],
    [
      0.09409534186124802,
      0.09409534186124802,
      0.16595272719860077,
      0.9130434989929199,
      0.9515150785446167,
      0.6630018353462219
    ],
    [
      -0.05670816823840141,
      0.05670816823840141,
      0.01514921709895134,
      0.52173912525177,
      0.7265332341194153,
      0.7381014823913574
    ],
    [
      0.0505807101726532,
      0.0505807101726532,
      0.12243809551000595,
      0.739130437374115,
      0.7165756821632385,
      0.7381014823913574
    ],
    [
      -0.23961618542671204,
      0.23961618542671204,
      -0.1677587926387787,
      0.17391304671764374,
      0.7049116492271423,
      0.7147733569145203
    ],
    [
      0.051443129777908325,
      0.051443129777908325,
      0.12330051511526108,
      0.782608687877655,
      0.740395724773407,
      0.7147733569145203
    ],
    [
      -0.13957339525222778,
      0.13957339525222778,
      -0.06771600991487503,
      0.30434781312942505,
      0.8736324310302734,
      0.7140550017356873
    ],
    [
      1.2398711442947388,
      1.2398711442947388,
      1.3117284774780273,
      1.0,
      1.1868747472763062,
      0.7860443592071533
    ],
    [
      -0.6425400972366333,
      0.6425400972366333,
      -0.5706827044487,
      0.043478261679410934,
      0.4189370572566986,
      0.7860443592071533
    ],
    [
      -0.650715172290802,
      0.650715172290802,
      -0.5788577795028687,
      0.0,
      0.40705606341362,
      0.7622823715209961
    ],
    [
      -0.3909517824649811,
      0.3909517824649811,
      -0.31909438967704773,
      0.1304347813129425,
      0.5221421122550964,
      0.5428873300552368
    ],
    [
      0.34575390815734863,
      0.34575390815734863,
      0.417611300945282,
      0.95652174949646,
      0.9769891500473022,
      0.7914571166038513
    ],
    [
      -0.5354641675949097,
      0.5354641675949097,
      -0.4636067748069763,
      0.08695652335882187,
      0.46705561876296997,
      0.7914571166038513
    ],
    [
      -0.2069535106420517,
      0.2069535106420517,
      -0.13509613275527954,
      0.21739129722118378,
      0.5931838750839233,
      0.6196338534355164
    ],
    [
      0.05496152862906456,
      0.05496152862906456,
      0.12681891024112701,
      0.8260869383811951,
      0.7422603964805603,
      0.5030627250671387
    ],
    [
      -0.1269017457962036,
      0.1269017457962036,
      -0.05504436045885086,
      0.3913043439388275,
      0.24962453544139862,
      0.49924907088279724
    ],
    [
      -0.13659711182117462,
      0.13659711182117462,
      -0.06473972648382187,
      0.3478260934352875,
      0.25153136253356934,
      0.5030627250671387
    ],
    [
      -0.06049472093582153,
      0.06049472093582153,
      0.01136266440153122,
      0.47826087474823,
      0.7296227812767029,
      0.7062673568725586
    ]
  ],
  "feature_names": [
    "charge",
    "abs_charge",
    "charge_centered",
    "charge_rank_norm",
    "wbo_sum",
    "wbo_max"
  ],
  "status": "ok",
  "error": null
}