{
  "canonical_smiles": "CCO[C@H](COc1ccc(C(F)(F)F)cc1)CSc1ccc(OCC(=O)O)c(C)c1",
  "xtb_valid": true,
  "atom_valid_mask": [
    [
      1.0
    ],
    [
      1.0
    ],
    [
      1.0
    ],
    [
      1.0
    ],
    [
      1.0
    ],
    [
      1.0
    ],
    [
      1.0
    ],
    [
      1.0
    ],
    [
      1.0
    ],
    [
      1.0
    ],
    [
      1.0
    ],
    [
      1.0
    ],
    [
      1.0
    ],
    [
      1.0
    ],
    [
      1.0
    ],
    [
      1.0
    ],
    [
      1.0
    ],
    [
      1.0
    ],
    [
      1.0
    ],
    [
      1.0
    ],
    [
      1.0
    ],
    [
      1.0
    ],
    [
      1.0
    ],
    [
      1.0
    ],
    [
      1.0
    ],
    [
      1.0
    ],
    [
      1.0
    ],
    [
      1.0
    ],
    [
      1.0
    ],
    [
      1.0
    ]
  ],
  "atom_features": [
    [
      -0.12398100644350052,
      0.12398100644350052,
      -0.06337815523147583,
      0.3103448152542114,
      0.2542416453361511,
      0.5084832906723022
    ],
    [
      0.08661145716905594,
      0.08661145716905594,
      0.14721430838108063,
      0.8275862336158752,
      0.4949449300765991,
      0.5084832906723022
    ],
    [
      -0.3498211205005646,
      0.3498211205005646,
      -0.2892182767391205,
      0.06896551698446274,
      0.48410195112228394,
      0.4867973029613495
    ],
    [
      0.11422181874513626,
      0.11422181874513626,
      0.17482466995716095,
      0.8620689511299133,
      0.7354984879493713,
      0.4972591996192932
    ],
    [
      0.06379172950983047,
      0.06379172950983047,
      0.12439458072185516,
      0.7931034564971924,
      0.4830552041530609,
      0.4869404435157776
    ],
    [
      -0.2836377024650574,
      0.2836377024650574,
      -0.22303485870361328,
      0.1034482792019844,
      0.5082430839538574,
      0.5373161435127258
    ],
    [
      0.16005556285381317,
      0.16005556285381317,
      0.22065840661525726,
      0.931034505367279,
      0.947060227394104,
      0.682561457157135
    ],
    [
      -0.06063370034098625,
      0.06063370034098625,
      -3.085285425186157e-05,
      0.4137931168079376,
      0.7036396861076355,
      0.7247179746627808
    ],
    [
      -0.025705739855766296,
      0.025705739855766296,
      0.034897107630968094,
      0.6206896305084229,
      0.7400363087654114,
      0.7247179746627808
    ],
    [
      -0.03537818044424057,
      0.03537818044424057,
      0.02522466704249382,
      0.5517241358757019,
      0.9363781213760376,
      0.7016274333000183
    ],
    [
      0.4912113547325134,
      0.4912113547325134,
      0.5518141984939575,
      1.0,
      0.9374641180038452,
      0.4759090542793274
    ],
    [
      -0.2281307727098465,
      0.2281307727098465,
      -0.1675279289484024,
      0.2068965584039688,
      0.23327483236789703,
      0.46654966473579407
    ],
    [
      -0.2262270450592041,
      0.2262270450592041,
      -0.16562420129776,
      0.24137930572032928,
      0.23412121832370758,
      0.46824243664741516
    ],
    [
      -0.2298726588487625,
      0.2298726588487625,
      -0.16926981508731842,
      0.17241379618644714,
      0.2321135401725769,
      0.4642270803451538
    ],
    [
      -0.026260139420628548,
      0.026260139420628548,
      0.03434270620346069,
      0.5862069129943848,
      0.7150043249130249,
      0.7347888946533203
    ],
    [
      -0.05182167887687683,
      0.05182167887687683,
      0.00878116860985756,
      0.4482758641242981,
      0.731379508972168,
      0.7347888946533203
    ],
    [
      -0.01903356984257698,
      0.01903356984257698,
      0.04156927764415741,
      0.6551724076271057,
      0.49224191904067993,
      0.4972591996192932
    ],
    [
      -0.2186933010816574,
      0.2186933010816574,
      -0.15809045732021332,
      0.27586206793785095,
      0.4938479959964752,
      0.5004713535308838
    ],
    [
      0.04001108929514885,
      0.04001108929514885,
      0.10061393678188324,
      0.7241379022598267,
      0.9527562856674194,
      0.7044457197189331
    ],
    [
      -0.043267130851745605,
      0.043267130851745605,
      0.017335716634988785,
      0.517241358757019,
      0.7372256517410278,
      0.7180512547492981
    ],
    [
      -0.06531640887260437,
      0.06531640887260437,
      -0.00471356138586998,
      0.37931033968925476,
      0.7303614020347595,
      0.7180512547492981
    ],
    [
      0.129649356007576,
      0.129649356007576,
      0.19025219976902008,
      0.8965517282485962,
      0.938151478767395,
      0.6923452019691467
    ],
    [
      -0.27927273511886597,
      0.27927273511886597,
      -0.21866989135742188,
      0.13793103396892548,
      0.5008744597434998,
      0.515437126159668
    ],
    [
      0.04264172166585922,
      0.04264172166585922,
      0.10324457287788391,
      0.7586206793785095,
      0.4849488437175751,
      0.48631176352500916
    ],
    [
      0.3576135039329529,
      0.3576135039329529,
      0.418216347694397,
      0.9655172228813171,
      0.9675867557525635,
      0.858895480632782
    ],
    [
      -0.4650263786315918,
      0.4650263786315918,
      -0.4044235348701477,
      0.0,
      0.47472044825553894,
      0.858895480632782
    ],
    [
      -0.4042171835899353,
      0.4042171835899353,
      -0.3436143398284912,
      0.03448275849223137,
      0.34161877632141113,
      0.5926921367645264
    ],
    [
      0.002183109987527132,
      0.002183109987527132,
      0.06278596073389053,
      0.6896551847457886,
      0.9728140234947205,
      0.7106356620788574
    ],
    [
      -0.1211979016661644,
      0.1211979016661644,
      -0.06059505417943001,
      0.3448275923728943,
      0.25725868344306946,
      0.5145173668861389
    ],
    [
      -0.04858176037669182,
      0.04858176037669182,
      0.012021087110042572,
      0.48275861144065857,
      0.7307787537574768,
      0.7106356620788574
    ]
  ],
  "feature_names": [
    "charge",
    "abs_charge",
    "charge_centered",
    "charge_rank_norm",
    "wbo_sum",
    "wbo_max"
  ],
  "status": "ok",
  "error": null
}