{
  "canonical_smiles": "COc1ccsc1CNCC[C@@]1(c2ccccn2)CCOC2(CCCC2)C1",
  "xtb_valid": true,
  "atom_valid_mask": [
    [
      1.0
    ],
    [
      1.0
    ],
    [
      1.0
    ],
    [
      1.0
    ],
    [
      1.0
    ],
    [
      1.0
    ],
    [
      1.0
    ],
    [
      1.0
    ],
    [
      1.0
    ],
    [
      1.0
    ],
    [
      1.0
    ],
    [
      1.0
    ],
    [
      1.0
    ],
    [
      1.0
    ],
    [
      1.0
    ],
    [
      1.0
    ],
    [
      1.0
    ],
    [
      1.0
    ],
    [
      1.0
    ],
    [
      1.0
    ],
    [
      1.0
    ],
    [
      1.0
    ],
    [
      1.0
    ],
    [
      1.0
    ],
    [
      1.0
    ],
    [
      1.0
    ],
    [
      1.0
    ]
  ],
  "atom_features": [
    [
      0.025460919365286827,
      0.025460919365286827,
      0.07749268412590027,
      0.807692289352417,
      0.24188534915447235,
      0.4837706983089447
    ],
    [
      -0.30426591634750366,
      0.30426591634750366,
      -0.25223416090011597,
      0.03846153989434242,
      0.5042583346366882,
      0.5247460007667542
    ],
    [
      0.12093012779951096,
      0.12093012779951096,
      0.17296189069747925,
      0.9615384340286255,
      0.9458239078521729,
      0.7500486373901367
    ],
    [
      -0.08238568156957626,
      0.08238568156957626,
      -0.03035391867160797,
      0.1538461595773697,
      0.7360957860946655,
      0.8022668361663818
    ],
    [
      -0.034941911697387695,
      0.034941911697387695,
      0.017089851200580597,
      0.5769230723381042,
      0.7341905236244202,
      0.8022668361663818
    ],
    [
      -0.036141108721494675,
      0.036141108721494675,
      0.015890654176473618,
      0.5384615659713745,
      0.6186712980270386,
      0.6034805178642273
    ],
    [
      -0.02614923007786274,
      0.02614923007786274,
      0.025882532820105553,
      0.6153846383094788,
      0.9510103464126587,
      0.7500486373901367
    ],
    [
      0.021211309358477592,
      0.021211309358477592,
      0.07324307411909103,
      0.7692307829856873,
      0.5036694407463074,
      0.5085480213165283
    ],
    [
      -0.28820598125457764,
      0.28820598125457764,
      -0.23617422580718994,
      0.07692307978868484,
      0.5006704926490784,
      0.5025501251220703
    ],
    [
      0.019686149433255196,
      0.019686149433255196,
      0.07171791046857834,
      0.7307692170143127,
      0.5023391246795654,
      0.5025501251220703
    ],
    [
      -0.06911352276802063,
      0.06911352276802063,
      -0.017081759870052338,
      0.3076923191547394,
      0.4916723966598511,
      0.5021281242370605
    ],
    [
      0.018845999613404274,
      0.018845999613404274,
      0.07087776064872742,
      0.692307710647583,
      0.9771788716316223,
      0.49202069640159607
    ],
    [
      0.09931080043315887,
      0.09931080043315887,
      0.15134257078170776,
      0.9230769276618958,
      0.9731140732765198,
      0.7016258239746094
    ],
    [
      -0.045934561640024185,
      0.045934561640024185,
      0.006097201257944107,
      0.5,
      0.7407124042510986,
      0.7234680652618408
    ],
    [
      -0.017540449276566505,
      0.017540449276566505,
      0.034491315484046936,
      0.6538461446762085,
      0.7460898160934448,
      0.7234680652618408
    ],
    [
      -0.0463377982378006,
      0.0463377982378006,
      0.005693964660167694,
      0.4615384638309479,
      0.7446696758270264,
      0.7203955054283142
    ],
    [
      0.0518173910677433,
      0.0518173910677433,
      0.10384915769100189,
      0.8461538553237915,
      0.7451274991035461,
      0.7203955054283142
    ],
    [
      -0.26121336221694946,
      0.26121336221694946,
      -0.20918160676956177,
      0.11538461595773697,
      0.7336801886558533,
      0.713528573513031
    ],
    [
      -0.07092899084091187,
      0.07092899084091187,
      -0.018897227942943573,
      0.23076923191547394,
      0.4942106008529663,
      0.49783894419670105
    ],
    [
      0.08156213909387589,
      0.08156213909387589,
      0.13359390199184418,
      0.8846153616905212,
      0.4933689832687378,
      0.49783894419670105
    ],
    [
      -0.3593948185443878,
      0.3593948185443878,
      -0.3073630630970001,
      0.0,
      0.48365798592567444,
      0.48889899253845215
    ],
    [
      0.14419473707675934,
      0.14419473707675934,
      0.19622650742530823,
      1.0,
      0.9703837633132935,
      0.48931849002838135
    ],
    [
      -0.06869585812091827,
      0.06869585812091827,
      -0.01666409522294998,
      0.3461538553237915,
      0.49647200107574463,
      0.5036255121231079
    ],
    [
      -0.06504747271537781,
      0.06504747271537781,
      -0.013015709817409515,
      0.38461539149284363,
      0.5021767020225525,
      0.5036255121231079
    ],
    [
      -0.06479638814926147,
      0.06479638814926147,
      -0.012764625251293182,
      0.42307692766189575,
      0.5020734667778015,
      0.5034191012382507
    ],
    [
      -0.06960549205541611,
      0.06960549205541611,
      -0.017573729157447815,
      0.26923078298568726,
      0.4952794313430786,
      0.5034191012382507
    ],
    [
      -0.07717861235141754,
      0.07717861235141754,
      -0.02514684945344925,
      0.19230769574642181,
      0.4889565110206604,
      0.49202069640159607
    ]
  ],
  "feature_names": [
    "charge",
    "abs_charge",
    "charge_centered",
    "charge_rank_norm",
    "wbo_sum",
    "wbo_max"
  ],
  "status": "ok",
  "error": null
}