{
  "canonical_smiles": "CCNC1CN(CCCOC)S(=O)(=O)c2sc(S(N)(=O)=O)cc21",
  "xtb_valid": true,
  "atom_valid_mask": [
    [
      1.0
    ],
    [
      1.0
    ],
    [
      1.0
    ],
    [
      1.0
    ],
    [
      1.0
    ],
    [
      1.0
    ],
    [
      1.0
    ],
    [
      1.0
    ],
    [
      1.0
    ],
    [
      1.0
    ],
    [
      1.0
    ],
    [
      1.0
    ],
    [
      1.0
    ],
    [
      1.0
    ],
    [
      1.0
    ],
    [
      1.0
    ],
    [
      1.0
    ],
    [
      1.0
    ],
    [
      1.0
    ],
    [
      1.0
    ],
    [
      1.0
    ],
    [
      1.0
    ],
    [
      1.0
    ]
  ],
  "atom_features": [
    [
      -0.12700720131397247,
      0.12700720131397247,
      -0.04773204028606415,
      0.3636363744735718,
      0.25433778762817383,
      0.5086755752563477
    ],
    [
      0.003366329940035939,
      0.003366329940035939,
      0.08264148980379105,
      0.6363636255264282,
      0.5046426057815552,
      0.5086755752563477
    ],
    [
      -0.25624457001686096,
      0.25624457001686096,
      -0.17696940898895264,
      0.3181818127632141,
      0.503581702709198,
      0.5065538287162781
    ],
    [
      0.025918640196323395,
      0.025918640196323395,
      0.10519380122423172,
      0.8181818127632141,
      0.7423413395881653,
      0.5065538287162781
    ],
    [
      -0.021093860268592834,
      0.021093860268592834,
      0.05818130075931549,
      0.5909090638160706,
      0.48341289162635803,
      0.48370328545570374
    ],
    [
      -0.31296834349632263,
      0.31296834349632263,
      -0.2336931824684143,
      0.27272728085517883,
      0.7017833590507507,
      0.48312249779701233
    ],
    [
      0.0040870001539587975,
      0.0040870001539587975,
      0.0833621621131897,
      0.6818181872367859,
      0.4928947389125824,
      0.5034940242767334
    ],
    [
      -0.08051551133394241,
      0.08051551133394241,
      -0.0012403503060340881,
      0.5,
      0.5011164546012878,
      0.5034940242767334
    ],
    [
      0.06633415073156357,
      0.06633415073156357,
      0.1456093192100525,
      0.8636363744735718,
      0.49379104375839233,
      0.4987388551235199
    ],
    [
      -0.3524198830127716,
      0.3524198830127716,
      -0.2731447219848633,
      0.22727273404598236,
      0.4908858835697174,
      0.49292853474617004
    ],
    [
      0.025378869846463203,
      0.025378869846463203,
      0.10465402901172638,
      0.7727272510528564,
      0.24646426737308502,
      0.49292853474617004
    ],
    [
      1.195204496383667,
      1.195204496383667,
      1.274479627609253,
      1.0,
      1.1937488317489624,
      0.7888970375061035
    ],
    [
      -0.6550431251525879,
      0.6550431251525879,
      -0.575767993927002,
      0.0,
      0.4122719466686249,
      0.7711278200149536
    ],
    [
      -0.626605212688446,
      0.626605212688446,
      -0.5473300218582153,
      0.13636364042758942,
      0.42115655541419983,
      0.7888970375061035
    ],
    [
      -0.11040984094142914,
      0.11040984094142914,
      -0.031134679913520813,
      0.40909090638160706,
      0.9031263589859009,
      0.7591938376426697
    ],
    [
      0.10182224214076996,
      0.10182224214076996,
      0.18109740316867828,
      0.9090909361839294,
      0.6561478972434998,
      0.6050706505775452
    ],
    [
      -0.09761116653680801,
      0.09761116653680801,
      -0.01833600550889969,
      0.4545454680919647,
      0.9088746905326843,
      0.7816755175590515
    ],
    [
      1.1863768100738525,
      1.1863768100738525,
      1.2656519412994385,
      0.9545454382896423,
      1.2314488887786865,
      0.7842898964881897
    ],
    [
      -0.47707733511924744,
      0.47707733511924744,
      -0.3978021740913391,
      0.1818181872367859,
      0.2568688988685608,
      0.5137377977371216
    ],
    [
      -0.6362717151641846,
      0.6362717151641846,
      -0.5569965839385986,
      0.04545454680919647,
      0.4183048903942108,
      0.7838393449783325
    ],
    [
      -0.6353054046630859,
      0.6353054046630859,
      -0.5560302734375,
      0.09090909361839294,
      0.4185301661491394,
      0.7842898964881897
    ],
    [
      -0.049140140414237976,
      0.049140140414237976,
      0.03013502061367035,
      0.5454545617103577,
      0.733418345451355,
      0.7816755175590515
    ],
    [
      0.005896150134503841,
      0.005896150134503841,
      0.08517131209373474,
      0.7272727489471436,
      0.9692721366882324,
      0.7591938376426697
    ]
  ],
  "feature_names": [
    "charge",
    "abs_charge",
    "charge_centered",
    "charge_rank_norm",
    "wbo_sum",
    "wbo_max"
  ],
  "status": "ok",
  "error": null
}