{
  "canonical_smiles": "COc1ccc(-c2cc(=O)c3c(O)c(OC)c(O)cc3o2)cc1OC",
  "xtb_valid": true,
  "atom_valid_mask": [
    [
      1.0
    ],
    [
      1.0
    ],
    [
      1.0
    ],
    [
      1.0
    ],
    [
      1.0
    ],
    [
      1.0
    ],
    [
      1.0
    ],
    [
      1.0
    ],
    [
      1.0
    ],
    [
      1.0
    ],
    [
      1.0
    ],
    [
      1.0
    ],
    [
      1.0
    ],
    [
      1.0
    ],
    [
      1.0
    ],
    [
      1.0
    ],
    [
      1.0
    ],
    [
      1.0
    ],
    [
      1.0
    ],
    [
      1.0
    ],
    [
      1.0
    ],
    [
      1.0
    ],
    [
      1.0
    ],
    [
      1.0
    ],
    [
      1.0
    ]
  ],
  "atom_features": [
    [
      0.015539259649813175,
      0.015539259649813175,
      0.0847741961479187,
      0.5833333134651184,
      0.24213750660419464,
      0.4842750132083893
    ],
    [
      -0.2840265929698944,
      0.2840265929698944,
      -0.2147916555404663,
      0.2083333283662796,
      0.5095847249031067,
      0.5348944067955017
    ],
    [
      0.1286340355873108,
      0.1286340355873108,
      0.1978689730167389,
      0.7916666865348816,
      0.9321386814117432,
      0.6928637027740479
    ],
    [
      -0.06970874965190887,
      0.06970874965190887,
      -0.0004738122224807739,
      0.4166666567325592,
      0.7041114568710327,
      0.7153592109680176
    ],
    [
      -0.047280170023441315,
      0.047280170023441315,
      0.021954767405986786,
      0.5,
      0.7050822377204895,
      0.7153592109680176
    ],
    [
      -0.008154979906976223,
      0.008154979906976223,
      0.0610799565911293,
      0.5416666865348816,
      0.9484038352966309,
      0.6948052644729614
    ],
    [
      0.15450279414653778,
      0.15450279414653778,
      0.22373773157596588,
      0.9583333134651184,
      0.9372915029525757,
      0.8186051249504089
    ],
    [
      -0.10295946896076202,
      0.10295946896076202,
      -0.03372453153133392,
      0.3333333432674408,
      0.6888507008552551,
      0.8186051249504089
    ],
    [
      0.22895963490009308,
      0.22895963490009308,
      0.2981945872306824,
      1.0,
      0.9548743963241577,
      0.8021920919418335
    ],
    [
      -0.5022944808006287,
      0.5022944808006287,
      -0.43305954337120056,
      0.0,
      0.40109604597091675,
      0.8021920919418335
    ],
    [
      -0.08153609931468964,
      0.08153609931468964,
      -0.012301161885261536,
      0.375,
      0.91912442445755,
      0.651268720626831
    ],
    [
      0.1376199573278427,
      0.1376199573278427,
      0.2068548947572708,
      0.9166666865348816,
      0.937977135181427,
      0.6768984794616699
    ],
    [
      -0.4264492988586426,
      0.4264492988586426,
      -0.3572143614292145,
      0.0416666679084301,
      0.2802680730819702,
      0.5605361461639404
    ],
    [
      0.0933552086353302,
      0.0933552086353302,
      0.1625901460647583,
      0.7083333134651184,
      0.918940544128418,
      0.6768984794616699
    ],
    [
      -0.31619706749916077,
      0.31619706749916077,
      -0.24696213006973267,
      0.125,
      0.49174436926841736,
      0.5075294375419617
    ],
    [
      0.029845500364899635,
      0.029845500364899635,
      0.09908043593168259,
      0.6666666865348816,
      0.23797966539859772,
      0.47595933079719543
    ],
    [
      0.13721002638339996,
      0.13721002638339996,
      0.20644496381282806,
      0.875,
      0.9466350674629211,
      0.685249924659729
    ],
    [
      -0.4229670763015747,
      0.4229670763015747,
      -0.3537321388721466,
      0.0833333358168602,
      0.27728357911109924,
      0.5545671582221985
    ],
    [
      -0.11265561729669571,
      0.11265561729669571,
      -0.04342067986726761,
      0.2916666567325592,
      0.6855179667472839,
      0.6857859492301941
    ],
    [
      0.1354999840259552,
      0.1354999840259552,
      0.2047349214553833,
      0.8333333134651184,
      0.9342527389526367,
      0.6857859492301941
    ],
    [
      -0.2052001953125,
      0.2052001953125,
      -0.1359652578830719,
      0.25,
      0.5328755974769592,
      0.5343003869056702
    ],
    [
      -0.06751123815774918,
      0.06751123815774918,
      0.0017236992716789246,
      0.4583333432674408,
      0.6912964582443237,
      0.7022678852081299
    ],
    [
      0.12532763183116913,
      0.12532763183116913,
      0.19456256926059723,
      0.75,
      0.9352144598960876,
      0.7022678852081299
    ],
    [
      -0.2873621881008148,
      0.2873621881008148,
      -0.21812725067138672,
      0.1666666716337204,
      0.5082311034202576,
      0.5316416621208191
    ],
    [
      0.01693582907319069,
      0.01693582907319069,
      0.08617076277732849,
      0.625,
      0.24241024255752563,
      0.48482048511505127
    ]
  ],
  "feature_names": [
    "charge",
    "abs_charge",
    "charge_centered",
    "charge_rank_norm",
    "wbo_sum",
    "wbo_max"
  ],
  "status": "ok",
  "error": null
}