{
  "canonical_smiles": "COc1ccc(-c2cc(C(F)(F)F)nn2-c2ccc(S(N)(=O)=O)c(CO)c2)cc1",
  "xtb_valid": true,
  "atom_valid_mask": [
    [
      1.0
    ],
    [
      1.0
    ],
    [
      1.0
    ],
    [
      1.0
    ],
    [
      1.0
    ],
    [
      1.0
    ],
    [
      1.0
    ],
    [
      1.0
    ],
    [
      1.0
    ],
    [
      1.0
    ],
    [
      1.0
    ],
    [
      1.0
    ],
    [
      1.0
    ],
    [
      1.0
    ],
    [
      1.0
    ],
    [
      1.0
    ],
    [
      1.0
    ],
    [
      1.0
    ],
    [
      1.0
    ],
    [
      1.0
    ],
    [
      1.0
    ],
    [
      1.0
    ],
    [
      1.0
    ],
    [
      1.0
    ],
    [
      1.0
    ],
    [
      1.0
    ],
    [
      1.0
    ],
    [
      1.0
    ],
    [
      1.0
    ]
  ],
  "atom_features": [
    [
      0.016886379569768906,
      0.016886379569768906,
      0.0778731107711792,
      0.7142857313156128,
      0.24223975837230682,
      0.48447951674461365
    ],
    [
      -0.29408878087997437,
      0.29408878087997437,
      -0.23310205340385437,
      0.1428571492433548,
      0.5090969800949097,
      0.5337144136428833
    ],
    [
      0.14907027781009674,
      0.14907027781009674,
      0.21005700528621674,
      0.9285714030265808,
      0.9466659426689148,
      0.6844019889831543
    ],
    [
      -0.06681902706623077,
      0.06681902706623077,
      -0.00583229586482048,
      0.3928571343421936,
      0.7285280823707581,
      0.722015380859375
    ],
    [
      -0.038302190601825714,
      0.038302190601825714,
      0.02268454059958458,
      0.4642857015132904,
      0.7358478903770447,
      0.722015380859375
    ],
    [
      -0.0004381900071166456,
      0.0004381900071166456,
      0.06054854020476341,
      0.6428571343421936,
      0.9500337243080139,
      0.6955081224441528
    ],
    [
      0.04757526144385338,
      0.04757526144385338,
      0.10856199264526367,
      0.7857142686843872,
      0.9645490050315857,
      0.7420892119407654
    ],
    [
      -0.07112257182598114,
      0.07112257182598114,
      -0.010135840624570847,
      0.3571428656578064,
      0.703719973564148,
      0.7420892119407654
    ],
    [
      0.03500876948237419,
      0.03500876948237419,
      0.09599550068378448,
      0.75,
      0.9382728934288025,
      0.7362105250358582
    ],
    [
      0.4931337535381317,
      0.4931337535381317,
      0.5541204810142517,
      0.9642857313156128,
      0.9406276941299438,
      0.4749845266342163
    ],
    [
      -0.22048121690750122,
      0.22048121690750122,
      -0.15949448943138123,
      0.25,
      0.23427468538284302,
      0.46854937076568604
    ],
    [
      -0.22233465313911438,
      0.22233465313911438,
      -0.16134792566299438,
      0.2142857164144516,
      0.23452644050121307,
      0.46905288100242615
    ],
    [
      -0.21990594267845154,
      0.21990594267845154,
      -0.15891921520233154,
      0.2857142984867096,
      0.2343343049287796,
      0.4686686098575592
    ],
    [
      -0.2239217460155487,
      0.2239217460155487,
      -0.1629350185394287,
      0.1785714328289032,
      0.7008307576179504,
      0.7362105250358582
    ],
    [
      0.09109748154878616,
      0.09109748154878616,
      0.15208421647548676,
      0.8928571343421936,
      0.858760416507721,
      0.6010966300964355
    ],
    [
      0.07534360140562057,
      0.07534360140562057,
      0.13633033633232117,
      0.8571428656578064,
      0.949280321598053,
      0.6917749047279358
    ],
    [
      -0.035674531012773514,
      0.035674531012773514,
      0.02531220018863678,
      0.5714285969734192,
      0.7315494418144226,
      0.7207789421081543
    ],
    [
      -0.02937820926308632,
      0.02937820926308632,
      0.031608521938323975,
      0.6071428656578064,
      0.7407476902008057,
      0.7207789421081543
    ],
    [
      -0.0924265906214714,
      0.0924265906214714,
      -0.03143985942006111,
      0.3214285671710968,
      0.8872713446617126,
      0.7068661451339722
    ],
    [
      1.1936641931533813,
      1.1936641931533813,
      1.2546509504318237,
      1.0,
      1.2038098573684692,
      0.7791756987571716
    ],
    [
      -0.49667346477508545,
      0.49667346477508545,
      -0.43568673729896545,
      0.0714285746216774,
      0.23784536123275757,
      0.47569072246551514
    ],
    [
      -0.65170818567276,
      0.65170818567276,
      -0.5907214283943176,
      0.0357142873108387,
      0.41500794887542725,
      0.7791756987571716
    ],
    [
      -0.6549843549728394,
      0.6549843549728394,
      -0.593997597694397,
      0.0,
      0.4137115776538849,
      0.7765829563140869
    ],
    [
      0.016660049557685852,
      0.016660049557685852,
      0.07764677703380585,
      0.6785714030265808,
      0.9763381481170654,
      0.7101532220840454
    ],
    [
      0.05618391931056976,
      0.05618391931056976,
      0.11717064678668976,
      0.8214285969734192,
      0.49776986241340637,
      0.5004718899726868
    ],
    [
      -0.4933699667453766,
      0.4933699667453766,
      -0.4323832392692566,
      0.1071428582072258,
      0.247533917427063,
      0.495067834854126
    ],
    [
      -0.037805069237947464,
      0.037805069237947464,
      0.02318166196346283,
      0.5,
      0.7259039878845215,
      0.7101532220840454
    ],
    [
      -0.036084938794374466,
      0.036084938794374466,
      0.024901792407035828,
      0.5357142686843872,
      0.7355732917785645,
      0.7338523268699646
    ],
    [
      -0.05771951004862785,
      0.05771951004862785,
      0.00326722115278244,
      0.4285714328289032,
      0.7316200733184814,
      0.7338523268699646
    ]
  ],
  "feature_names": [
    "charge",
    "abs_charge",
    "charge_centered",
    "charge_rank_norm",
    "wbo_sum",
    "wbo_max"
  ],
  "status": "ok",
  "error": null
}