{
  "canonical_smiles": "C1CCC(C(C[C@H]2CCCCN2)C2CCCCC2)CC1",
  "xtb_valid": true,
  "atom_valid_mask": [
    [
      1.0
    ],
    [
      1.0
    ],
    [
      1.0
    ],
    [
      1.0
    ],
    [
      1.0
    ],
    [
      1.0
    ],
    [
      1.0
    ],
    [
      1.0
    ],
    [
      1.0
    ],
    [
      1.0
    ],
    [
      1.0
    ],
    [
      1.0
    ],
    [
      1.0
    ],
    [
      1.0
    ],
    [
      1.0
    ],
    [
      1.0
    ],
    [
      1.0
    ],
    [
      1.0
    ],
    [
      1.0
    ],
    [
      1.0
    ]
  ],
  "atom_features": [
    [
      -0.0584845207631588,
      0.0584845207631588,
      -0.0018670037388801575,
      0.3684210479259491,
      0.5046744346618652,
      0.5047124028205872
    ],
    [
      -0.05609472095966339,
      0.05609472095966339,
      0.0005227960646152496,
      0.6315789222717285,
      0.5040371417999268,
      0.5046365261077881
    ],
    [
      -0.05823247879743576,
      0.05823247879743576,
      -0.0016149617731571198,
      0.42105263471603394,
      0.500669538974762,
      0.5034377574920654
    ],
    [
      -0.02239982970058918,
      0.02239982970058918,
      0.03421768546104431,
      0.8421052694320679,
      0.743231475353241,
      0.4993428885936737
    ],
    [
      -0.031235240399837494,
      0.031235240399837494,
      0.025382276624441147,
      0.7894737124443054,
      0.7376685738563538,
      0.49625346064567566
    ],
    [
      -0.069880910217762,
      0.069880910217762,
      -0.013263393193483353,
      0.05263157933950424,
      0.49691852927207947,
      0.49758362770080566
    ],
    [
      0.04450568929314613,
      0.04450568929314613,
      0.10112320631742477,
      1.0,
      0.7437107563018799,
      0.4992331266403198
    ],
    [
      -0.06506872922182083,
      0.06506872922182083,
      -0.00845121219754219,
      0.15789473056793213,
      0.4981985092163086,
      0.5057922601699829
    ],
    [
      -0.051565658301115036,
      0.051565658301115036,
      0.005051858723163605,
      0.7368420958518982,
      0.5035334229469299,
      0.5057922601699829
    ],
    [
      -0.06451596319675446,
      0.06451596319675446,
      -0.007898446172475815,
      0.21052631735801697,
      0.49972131848335266,
      0.501274585723877
    ],
    [
      0.012268579564988613,
      0.012268579564988613,
      0.06888609379529953,
      0.9473684430122375,
      0.502785861492157,
      0.5074036717414856
    ],
    [
      -0.279389351606369,
      0.279389351606369,
      -0.22277183830738068,
      0.0,
      0.5033183693885803,
      0.5074036717414856
    ],
    [
      -0.022046390920877457,
      0.022046390920877457,
      0.034571126103401184,
      0.8947368264198303,
      0.7427150011062622,
      0.4991491436958313
    ],
    [
      -0.05898014083504677,
      0.05898014083504677,
      -0.0023626238107681274,
      0.31578946113586426,
      0.5002375245094299,
      0.5013258457183838
    ],
    [
      -0.05709512159228325,
      0.05709512159228325,
      -0.00047760456800460815,
      0.4736842215061188,
      0.5021234154701233,
      0.5029209852218628
    ],
    [
      -0.05650857836008072,
      0.05650857836008072,
      0.00010893866419792175,
      0.5263158082962036,
      0.5043207406997681,
      0.5057204365730286
    ],
    [
      -0.05632508173584938,
      0.05632508173584938,
      0.00029243528842926025,
      0.5789473652839661,
      0.5034970641136169,
      0.5057204365730286
    ],
    [
      -0.05900727957487106,
      0.05900727957487106,
      -0.0023897625505924225,
      0.2631579041481018,
      0.4988447427749634,
      0.5012736320495605
    ],
    [
      -0.06622370332479477,
      0.06622370332479477,
      -0.009606186300516129,
      0.10526315867900848,
      0.5012155771255493,
      0.5030882954597473
    ],
    [
      -0.05607074871659279,
      0.05607074871659279,
      0.000546768307685852,
      0.6842105388641357,
      0.5039003491401672,
      0.5047124028205872
    ]
  ],
  "feature_names": [
    "charge",
    "abs_charge",
    "charge_centered",
    "charge_rank_norm",
    "wbo_sum",
    "wbo_max"
  ],
  "status": "ok",
  "error": null
}