{
  "canonical_smiles": "O=c1[nH]c(=O)n([C@@H]2CCCO2)cc1F",
  "xtb_valid": true,
  "atom_valid_mask": [
    [
      1.0
    ],
    [
      1.0
    ],
    [
      1.0
    ],
    [
      1.0
    ],
    [
      1.0
    ],
    [
      1.0
    ],
    [
      1.0
    ],
    [
      1.0
    ],
    [
      1.0
    ],
    [
      1.0
    ],
    [
      1.0
    ],
    [
      1.0
    ],
    [
      1.0
    ],
    [
      1.0
    ]
  ],
  "atom_features": [
    [
      -0.4686519205570221,
      0.4686519205570221,
      -0.4041842222213745,
      0.07692307978868484,
      0.4476965665817261,
      0.8215652108192444
    ],
    [
      0.2787233889102936,
      0.2787233889102936,
      0.34319108724594116,
      0.9230769276618958,
      0.9639122486114502,
      0.8215652108192444
    ],
    [
      -0.17512720823287964,
      0.17512720823287964,
      -0.11065950244665146,
      0.3076923191547394,
      0.6442888975143433,
      0.5775485038757324
    ],
    [
      0.3280315101146698,
      0.3280315101146698,
      0.3924992084503174,
      1.0,
      0.9695194959640503,
      0.8042105436325073
    ],
    [
      -0.479663610458374,
      0.479663610458374,
      -0.41519591212272644,
      0.0,
      0.46811443567276,
      0.8042105436325073
    ],
    [
      -0.049586448818445206,
      0.049586448818445206,
      0.014881256967782974,
      0.5384615659713745,
      0.8449617028236389,
      0.5901287794113159
    ],
    [
      0.16726815700531006,
      0.16726815700531006,
      0.23173585534095764,
      0.8461538553237915,
      0.7264334559440613,
      0.49419787526130676
    ],
    [
      -0.07596571743488312,
      0.07596571743488312,
      -0.011498011648654938,
      0.38461539149284363,
      0.4962541460990906,
      0.5039884448051453
    ],
    [
      -0.07410880923271179,
      0.07410880923271179,
      -0.009641103446483612,
      0.4615384638309479,
      0.503838837146759,
      0.5039884448051453
    ],
    [
      0.0639660581946373,
      0.0639660581946373,
      0.12843376398086548,
      0.692307710647583,
      0.4903317391872406,
      0.5036892890930176
    ],
    [
      -0.34154248237609863,
      0.34154248237609863,
      -0.27707478404045105,
      0.1538461595773697,
      0.485586017370224,
      0.49419787526130676
    ],
    [
      0.020823270082473755,
      0.020823270082473755,
      0.08529097586870193,
      0.6153846383094788,
      0.704283595085144,
      0.8184384703636169
    ],
    [
      0.1258682757616043,
      0.1258682757616043,
      0.19033598899841309,
      0.7692307829856873,
      0.9130269289016724,
      0.8184384703636169
    ],
    [
      -0.2225823551416397,
      0.2225823551416397,
      -0.15811464190483093,
      0.23076923191547394,
      0.2394523173570633,
      0.4789046347141266
    ]
  ],
  "feature_names": [
    "charge",
    "abs_charge",
    "charge_centered",
    "charge_rank_norm",
    "wbo_sum",
    "wbo_max"
  ],
  "status": "ok",
  "error": null
}