{
  "canonical_smiles": "O=C(c1ccc(OCCN2CCCCC2)cc1)c1c(-c2ccc(O)cc2)sc2cc(O)ccc12",
  "xtb_valid": true,
  "atom_valid_mask": [
    [
      1.0
    ],
    [
      1.0
    ],
    [
      1.0
    ],
    [
      1.0
    ],
    [
      1.0
    ],
    [
      1.0
    ],
    [
      1.0
    ],
    [
      1.0
    ],
    [
      1.0
    ],
    [
      1.0
    ],
    [
      1.0
    ],
    [
      1.0
    ],
    [
      1.0
    ],
    [
      1.0
    ],
    [
      1.0
    ],
    [
      1.0
    ],
    [
      1.0
    ],
    [
      1.0
    ],
    [
      1.0
    ],
    [
      1.0
    ],
    [
      1.0
    ],
    [
      1.0
    ],
    [
      1.0
    ],
    [
      1.0
    ],
    [
      1.0
    ],
    [
      1.0
    ],
    [
      1.0
    ],
    [
      1.0
    ],
    [
      1.0
    ],
    [
      1.0
    ],
    [
      1.0
    ],
    [
      1.0
    ],
    [
      1.0
    ],
    [
      1.0
    ]
  ],
  "atom_features": [
    [
      -0.45644912123680115,
      0.45644912123680115,
      -0.40213993191719055,
      0.0,
      0.43075448274612427,
      0.8615089654922485
    ],
    [
      0.2341228872537613,
      0.2341228872537613,
      0.2884320616722107,
      1.0,
      0.9465728402137756,
      0.8615089654922485
    ],
    [
      -0.025120940059423447,
      0.025120940059423447,
      0.02918824553489685,
      0.5757575631141663,
      0.9427487254142761,
      0.689369797706604
    ],
    [
      -0.029363790526986122,
      0.029363790526986122,
      0.024945395067334175,
      0.5454545617103577,
      0.7106302380561829,
      0.7389118671417236
    ],
    [
      -0.056218188256025314,
      0.056218188256025314,
      -0.001909002661705017,
      0.39393940567970276,
      0.7312273383140564,
      0.7389118671417236
    ],
    [
      0.15324008464813232,
      0.15324008464813232,
      0.20754927396774292,
      0.9696969985961914,
      0.9454403519630432,
      0.680975615978241
    ],
    [
      -0.2783145010471344,
      0.2783145010471344,
      -0.2240053117275238,
      0.09090909361839294,
      0.5082967281341553,
      0.538202166557312
    ],
    [
      0.07183001190423965,
      0.07183001190423965,
      0.12613919377326965,
      0.8787878751754761,
      0.48856648802757263,
      0.4987417459487915
    ],
    [
      -0.00018031000217888504,
      0.00018031000217888504,
      0.054128874093294144,
      0.7272727489471436,
      0.5001735687255859,
      0.5016054511070251
    ],
    [
      -0.18899184465408325,
      0.18899184465408325,
      -0.13468265533447266,
      0.12121212482452393,
      0.7501966953277588,
      0.5016852617263794
    ],
    [
      0.013915839605033398,
      0.013915839605033398,
      0.06822502613067627,
      0.7878788113594055,
      0.5010154247283936,
      0.5016852617263794
    ],
    [
      -0.0634479820728302,
      0.0634479820728302,
      -0.009138796478509903,
      0.27272728085517883,
      0.5011884570121765,
      0.5020313858985901
    ],
    [
      -0.059497520327568054,
      0.059497520327568054,
      -0.005188334733247757,
      0.3333333432674408,
      0.5039602518081665,
      0.5058891177177429
    ],
    [
      -0.059987980872392654,
      0.059987980872392654,
      -0.005678795278072357,
      0.3030303120613098,
      0.503527820110321,
      0.5058891177177429
    ],
    [
      0.006827670149505138,
      0.006827670149505138,
      0.06113685667514801,
      0.7575757503509521,
      0.4991346597671509,
      0.501166582107544
    ],
    [
      -0.06633640080690384,
      0.06633640080690384,
      -0.012027215212583542,
      0.24242424964904785,
      0.7042935490608215,
      0.7276115417480469
    ],
    [
      -0.02224073000252247,
      0.02224073000252247,
      0.03206845372915268,
      0.6363636255264282,
      0.7344105839729309,
      0.7276115417480469
    ],
    [
      -0.044224511831998825,
      0.044224511831998825,
      0.010084673762321472,
      0.42424243688583374,
      0.9279904961585999,
      0.7626122236251831
    ],
    [
      0.028665639460086823,
      0.028665639460086823,
      0.08297482132911682,
      0.8484848737716675,
      0.9306446313858032,
      0.7626122236251831
    ],
    [
      -0.004818430170416832,
      0.004818430170416832,
      0.049490757286548615,
      0.6969696879386902,
      0.9528055787086487,
      0.6924704313278198
    ],
    [
      -0.03561142086982727,
      0.03561142086982727,
      0.018697764724493027,
      0.4848484992980957,
      0.7360729575157166,
      0.7263267636299133
    ],
    [
      -0.07336916029453278,
      0.07336916029453278,
      -0.01905997470021248,
      0.21212121844291687,
      0.7312894463539124,
      0.7263267636299133
    ],
    [
      0.14998961985111237,
      0.14998961985111237,
      0.20429880917072296,
      0.939393937587738,
      0.9535356760025024,
      0.68410724401474
    ],
    [
      -0.4532328248023987,
      0.4532328248023987,
      -0.3989236354827881,
      0.03030303120613098,
      0.27001747488975525,
      0.5400349497795105
    ],
    [
      -0.05883022025227547,
      0.05883022025227547,
      -0.00452103465795517,
      0.3636363744735718,
      0.7321749925613403,
      0.7280721068382263
    ],
    [
      -0.035527441650629044,
      0.035527441650629044,
      0.018781743943691254,
      0.5151515007019043,
      0.7352736592292786,
      0.7280721068382263
    ],
    [
      -0.023830020800232887,
      0.023830020800232887,
      0.03047916479408741,
      0.6060606241226196,
      0.5664500594139099,
      0.57586669921875
    ],
    [
      0.028318999335169792,
      0.028318999335169792,
      0.08262818306684494,
      0.8181818127632141,
      0.944658100605011,
      0.680917501449585
    ],
    [
      -0.07391685247421265,
      0.07391685247421265,
      -0.01960766687989235,
      0.1818181872367859,
      0.7199103236198425,
      0.6995905041694641
    ],
    [
      0.14887629449367523,
      0.14887629449367523,
      0.20318548381328583,
      0.9090909361839294,
      0.9528653025627136,
      0.6995905041694641
    ],
    [
      -0.4524817168712616,
      0.4524817168712616,
      -0.398172527551651,
      0.06060606241226196,
      0.2693064212799072,
      0.5386128425598145
    ],
    [
      -0.07547623664140701,
      0.07547623664140701,
      -0.021167051047086716,
      0.1515151560306549,
      0.7074818015098572,
      0.7474363446235657
    ],
    [
      -0.037026550620794296,
      0.037026550620794296,
      0.017282634973526,
      0.4545454680919647,
      0.7331857681274414,
      0.7474363446235657
    ],
    [
      -0.007804759778082371,
      0.007804759778082371,
      0.0465044267475605,
      0.6666666865348816,
      0.9432494640350342,
      0.6596224904060364
    ]
  ],
  "feature_names": [
    "charge",
    "abs_charge",
    "charge_centered",
    "charge_rank_norm",
    "wbo_sum",
    "wbo_max"
  ],
  "status": "ok",
  "error": null
}