{
  "canonical_smiles": "C=CCC1(O)CCC2C3CCC4=CCCCC4C3CCC21C",
  "xtb_valid": true,
  "atom_valid_mask": [
    [
      1.0
    ],
    [
      1.0
    ],
    [
      1.0
    ],
    [
      0.0
    ],
    [
      0.0
    ],
    [
      1.0
    ],
    [
      1.0
    ],
    [
      1.0
    ],
    [
      1.0
    ],
    [
      1.0
    ],
    [
      1.0
    ],
    [
      0.0
    ],
    [
      1.0
    ],
    [
      1.0
    ],
    [
      1.0
    ],
    [
      1.0
    ],
    [
      1.0
    ],
    [
      1.0
    ],
    [
      1.0
    ],
    [
      1.0
    ],
    [
      0.0
    ],
    [
      1.0
    ]
  ],
  "atom_features": [
    [
      0.6919999718666077,
      0.002358490601181984,
      0.6919999718666077,
      0.6919999718666077,
      0.0,
      1.0,
      0.5,
      0.7429999709129333
    ],
    [
      0.6499999761581421,
      0.0024183797650039196,
      0.6499999761581421,
      0.6499999761581421,
      0.0,
      1.0,
      0.5,
      0.7429999709129333
    ],
    [
      0.4860000014305115,
      0.0026845638640224934,
      0.4860000014305115,
      0.4860000014305115,
      0.0,
      0.0,
      0.5,
      0.7429999709129333
    ],
    [
      0.0,
      0.0,
      0.0,
      0.0,
      0.0,
      0.0,
      0.0,
      0.0
    ],
    [
      0.0,
      0.0,
      0.0,
      0.0,
      0.0,
      0.0,
      0.0,
      0.0
    ],
    [
      0.6499999761581421,
      0.0024183797650039196,
      0.6499999761581421,
      0.6499999761581421,
      0.0,
      1.0,
      0.5,
      0.7429999709129333
    ],
    [
      0.6499999761581421,
      0.0024183797650039196,
      0.6499999761581421,
      0.6499999761581421,
      0.0,
      1.0,
      0.5,
      0.7429999709129333
    ],
    [
      0.6151999831199646,
      0.002470355713739991,
      0.6151999831199646,
      0.6151999831199646,
      0.0,
      1.0,
      0.5,
      0.7429999709129333
    ],
    [
      0.6151999831199646,
      0.002470355713739991,
      0.6151999831199646,
      0.6151999831199646,
      0.0,
      1.0,
      0.5,
      0.7429999709129333
    ],
    [
      0.6499999761581421,
      0.0024183797650039196,
      0.6499999761581421,
      0.6499999761581421,
      0.0,
      1.0,
      0.5,
      0.7429999709129333
    ],
    [
      0.4860000014305115,
      0.0026845638640224934,
      0.4860000014305115,
      0.4860000014305115,
      0.0,
      0.0,
      0.5,
      0.7429999709129333
    ],
    [
      0.0,
      0.0,
      0.0,
      0.0,
      0.0,
      0.0,
      0.0,
      0.0
    ],
    [
      0.6499999761581421,
      0.0024183797650039196,
      0.6499999761581421,
      0.6499999761581421,
      0.0,
      1.0,
      0.5,
      0.7429999709129333
    ],
    [
      0.4860000014305115,
      0.0026845638640224934,
      0.4860000014305115,
      0.4860000014305115,
      0.0,
      0.0,
      0.5,
      0.7429999709129333
    ],
    [
      0.6499999761581421,
      0.0024183797650039196,
      0.6499999761581421,
      0.6499999761581421,
      0.0,
      1.0,
      0.5,
      0.7429999709129333
    ],
    [
      0.6499999761581421,
      0.0024183797650039196,
      0.6499999761581421,
      0.6499999761581421,
      0.0,
      1.0,
      0.5,
      0.7429999709129333
    ],
    [
      0.4860000014305115,
      0.0026845638640224934,
      0.4860000014305115,
      0.4860000014305115,
      0.0,
      0.0,
      0.5,
      0.7429999709129333
    ],
    [
      0.6151999831199646,
      0.002470355713739991,
      0.6151999831199646,
      0.6151999831199646,
      0.0,
      1.0,
      0.5,
      0.7429999709129333
    ],
    [
      0.6499999761581421,
      0.0024183797650039196,
      0.6499999761581421,
      0.6499999761581421,
      0.0,
      1.0,
      0.5,
      0.7429999709129333
    ],
    [
      0.6499999761581421,
      0.0024183797650039196,
      0.6499999761581421,
      0.6499999761581421,
      0.0,
      1.0,
      0.5,
      0.7429999709129333
    ],
    [
      0.0,
      0.0,
      0.0,
      0.0,
      0.0,
      0.0,
      0.0,
      0.0
    ],
    [
      0.6919999718666077,
      0.002358490601181984,
      0.6919999718666077,
      0.6919999718666077,
      0.0,
      1.0,
      0.5,
      0.7429999709129333
    ]
  ],
  "feature_names": [
    "bde_corrected_norm",
    "bde_inverse",
    "bde_vertical_norm",
    "bde_adiabatic_norm",
    "relaxation_energy_norm",
    "bde_deviation_norm",
    "xtb_confidence",
    "lookup_bde_norm"
  ],
  "status": "ok",
  "error": null
}