{
  "canonical_smiles": "C[C@@H](Cc1ccccc1)NCCC#N",
  "xtb_valid": true,
  "atom_valid_mask": [
    [
      1.0
    ],
    [
      1.0
    ],
    [
      1.0
    ],
    [
      1.0
    ],
    [
      1.0
    ],
    [
      1.0
    ],
    [
      1.0
    ],
    [
      1.0
    ],
    [
      1.0
    ],
    [
      1.0
    ],
    [
      1.0
    ],
    [
      1.0
    ],
    [
      1.0
    ],
    [
      1.0
    ]
  ],
  "atom_features": [
    [
      -0.1160263866186142,
      0.1160263866186142,
      -0.057745788246393204,
      0.1538461595773697,
      0.2501842677593231,
      0.5003685355186462
    ],
    [
      0.053088441491127014,
      0.053088441491127014,
      0.1113690435886383,
      0.9230769276618958,
      0.7426274418830872,
      0.5003685355186462
    ],
    [
      -0.07751114666461945,
      0.07751114666461945,
      -0.019230548292398453,
      0.23076923191547394,
      0.49597758054733276,
      0.5057960152626038
    ],
    [
      0.01146882027387619,
      0.01146882027387619,
      0.06974941492080688,
      0.7692307829856873,
      0.9860367178916931,
      0.7066041231155396
    ],
    [
      -0.03832260146737099,
      0.03832260146737099,
      0.019957996904850006,
      0.6153846383094788,
      0.7420254349708557,
      0.7227145433425903
    ],
    [
      -0.03581935167312622,
      0.03581935167312622,
      0.022461246699094772,
      0.692307710647583,
      0.7484186291694641,
      0.7227145433425903
    ],
    [
      -0.039535440504550934,
      0.039535440504550934,
      0.01874515786767006,
      0.4615384638309479,
      0.7463343739509583,
      0.7194739580154419
    ],
    [
      -0.038467489182949066,
      0.038467489182949066,
      0.019813109189271927,
      0.5384615659713745,
      0.7483322024345398,
      0.7211333513259888
    ],
    [
      -0.044958680868148804,
      0.044958680868148804,
      0.01332191750407219,
      0.38461539149284363,
      0.7415297031402588,
      0.7211333513259888
    ],
    [
      -0.2878645360469818,
      0.2878645360469818,
      -0.22958393394947052,
      0.0,
      0.502990186214447,
      0.5072531700134277
    ],
    [
      0.0264428798109293,
      0.0264428798109293,
      0.08472348004579544,
      0.8461538553237915,
      0.4981689453125,
      0.5072531700134277
    ],
    [
      -0.06832557171583176,
      0.06832557171583176,
      -0.010044973343610764,
      0.3076923191547394,
      0.5072512626647949,
      0.5254178643226624
    ],
    [
      0.1272282749414444,
      0.1272282749414444,
      0.1855088770389557,
      1.0,
      0.9716575741767883,
      1.417897343635559
    ],
    [
      -0.2873256206512451,
      0.2873256206512451,
      -0.22904501855373383,
      0.07692307978868484,
      0.7089486718177795,
      1.417897343635559
    ]
  ],
  "feature_names": [
    "charge",
    "abs_charge",
    "charge_centered",
    "charge_rank_norm",
    "wbo_sum",
    "wbo_max"
  ],
  "status": "ok",
  "error": null
}