{
  "canonical_smiles": "CCNCCc1ccc(CN(CC)c2cc(OC)ccc2[C@@H]2CCc3cc(O)ccc3C2)cc1",
  "xtb_valid": true,
  "atom_valid_mask": [
    [
      1.0
    ],
    [
      1.0
    ],
    [
      1.0
    ],
    [
      1.0
    ],
    [
      1.0
    ],
    [
      1.0
    ],
    [
      1.0
    ],
    [
      1.0
    ],
    [
      1.0
    ],
    [
      1.0
    ],
    [
      1.0
    ],
    [
      1.0
    ],
    [
      1.0
    ],
    [
      1.0
    ],
    [
      1.0
    ],
    [
      1.0
    ],
    [
      1.0
    ],
    [
      1.0
    ],
    [
      1.0
    ],
    [
      1.0
    ],
    [
      1.0
    ],
    [
      1.0
    ],
    [
      1.0
    ],
    [
      1.0
    ],
    [
      1.0
    ],
    [
      1.0
    ],
    [
      1.0
    ],
    [
      1.0
    ],
    [
      1.0
    ],
    [
      1.0
    ],
    [
      1.0
    ],
    [
      1.0
    ],
    [
      1.0
    ],
    [
      1.0
    ]
  ],
  "atom_features": [
    [
      -0.11152607202529907,
      0.11152607202529907,
      -0.05506737902760506,
      0.12121212482452393,
      0.2545647621154785,
      0.509129524230957
    ],
    [
      0.019800100475549698,
      0.019800100475549698,
      0.07625879347324371,
      0.8484848737716675,
      0.5069448351860046,
      0.509129524230957
    ],
    [
      -0.2916887104511261,
      0.2916887104511261,
      -0.23523001372814178,
      0.06060606241226196,
      0.5044459700584412,
      0.5047601461410522
    ],
    [
      0.023359389975667,
      0.023359389975667,
      0.07981808483600616,
      0.8787878751754761,
      0.49840155243873596,
      0.5041317343711853
    ],
    [
      -0.07251455634832382,
      0.07251455634832382,
      -0.016055863350629807,
      0.3030303120613098,
      0.49880847334861755,
      0.5049455761909485
    ],
    [
      0.006059220060706139,
      0.006059220060706139,
      0.062517911195755,
      0.7878788113594055,
      0.9836049675941467,
      0.7049557566642761
    ],
    [
      -0.04411112889647484,
      0.04411112889647484,
      0.012347564101219177,
      0.5151515007019043,
      0.7413424253463745,
      0.7238326072692871
    ],
    [
      -0.03925817832350731,
      0.03925817832350731,
      0.017200514674186707,
      0.5757575631141663,
      0.7412453293800354,
      0.7238326072692871
    ],
    [
      -0.004137749783694744,
      0.004137749783694744,
      0.0523209422826767,
      0.6969696879386902,
      0.9796989560127258,
      0.7047100067138672
    ],
    [
      -0.0006754400092177093,
      0.0006754400092177093,
      0.05578325316309929,
      0.7272727489471436,
      0.49128082394599915,
      0.49822360277175903
    ],
    [
      -0.1724034547805786,
      0.1724034547805786,
      -0.1159447580575943,
      0.09090909361839294,
      0.7457667589187622,
      0.5139482617378235
    ],
    [
      0.017002450302243233,
      0.017002450302243233,
      0.0734611451625824,
      0.8181818127632141,
      0.5004506707191467,
      0.5076541900634766
    ],
    [
      -0.11007867753505707,
      0.11007867753505707,
      -0.05361998453736305,
      0.1515151560306549,
      0.2538270950317383,
      0.5076541900634766
    ],
    [
      0.06271277368068695,
      0.06271277368068695,
      0.11917147040367126,
      0.939393937587738,
      0.9494048357009888,
      0.7036623954772949
    ],
    [
      -0.07611061632633209,
      0.07611061632633209,
      -0.019651923328638077,
      0.24242424964904785,
      0.7201420068740845,
      0.7036623954772949
    ],
    [
      0.13482296466827393,
      0.13482296466827393,
      0.19128166139125824,
      0.9696969985961914,
      0.9462000131607056,
      0.6875174045562744
    ],
    [
      -0.3093439042568207,
      0.3093439042568207,
      -0.25288522243499756,
      0.03030303120613098,
      0.5045548677444458,
      0.5230507850646973
    ],
    [
      0.024749649688601494,
      0.024749649688601494,
      0.08120834082365036,
      0.9090909361839294,
      0.24302947521209717,
      0.48605895042419434
    ],
    [
      -0.07756467163562775,
      0.07756467163562775,
      -0.02110597863793373,
      0.21212121844291687,
      0.703069806098938,
      0.7186222076416016
    ],
    [
      -0.049548130482435226,
      0.049548130482435226,
      0.006910562515258789,
      0.4545454680919647,
      0.7401161789894104,
      0.7186222076416016
    ],
    [
      -0.016453420743346214,
      0.016453420743346214,
      0.04000527411699295,
      0.6363636255264282,
      0.9431408643722534,
      0.7068204283714294
    ],
    [
      -0.019493060186505318,
      0.019493060186505318,
      0.03696563094854355,
      0.6060606241226196,
      0.7421808838844299,
      0.49826231598854065
    ],
    [
      -0.05716067925095558,
      0.05716067925095558,
      -0.0007019862532615662,
      0.39393940567970276,
      0.498017281293869,
      0.5023546814918518
    ],
    [
      -0.06388094276189804,
      0.06388094276189804,
      -0.007422249764204025,
      0.3636363744735718,
      0.5043973922729492,
      0.5064401030540466
    ],
    [
      0.0040140300989151,
      0.0040140300989151,
      0.060472723096609116,
      0.7575757503509521,
      0.9784037470817566,
      0.7072059512138367
    ],
    [
      -0.07423046231269836,
      0.07423046231269836,
      -0.01777176931500435,
      0.27272728085517883,
      0.7261277437210083,
      0.7072059512138367
    ],
    [
      0.13609862327575684,
      0.13609862327575684,
      0.19255731999874115,
      1.0,
      0.9525035619735718,
      0.6907998919487
    ],
    [
      -0.4678364396095276,
      0.4678364396095276,
      -0.41137775778770447,
      0.0,
      0.2649250328540802,
      0.5298500657081604
    ],
    [
      -0.08322087675333023,
      0.08322087675333023,
      -0.026762183755636215,
      0.1818181872367859,
      0.7298274636268616,
      0.7241536378860474
    ],
    [
      -0.050014249980449677,
      0.050014249980449677,
      0.006444443017244339,
      0.42424243688583374,
      0.7409340143203735,
      0.7241536378860474
    ],
    [
      -0.00534621998667717,
      0.00534621998667717,
      0.051112473011016846,
      0.6666666865348816,
      0.9500149488449097,
      0.703464686870575
    ],
    [
      -0.06502558290958405,
      0.06502558290958405,
      -0.00856688991189003,
      0.3333333432674408,
      0.4984838366508484,
      0.5045481324195862
    ],
    [
      -0.041832469403743744,
      0.041832469403743744,
      0.014626223593950272,
      0.5454545617103577,
      0.7409411668777466,
      0.723275899887085
    ],
    [
      -0.04475919157266617,
      0.04475919157266617,
      0.011699501425027847,
      0.4848484992980957,
      0.7413890361785889,
      0.723275899887085
    ]
  ],
  "feature_names": [
    "charge",
    "abs_charge",
    "charge_centered",
    "charge_rank_norm",
    "wbo_sum",
    "wbo_max"
  ],
  "status": "ok",
  "error": null
}