{
  "canonical_smiles": "FC(F)(F)c1cccc(N2CCN(CCc3nnc4n3C[C@@H]3CCC[C@H]43)CC2)c1",
  "xtb_valid": true,
  "atom_valid_mask": [
    [
      1.0
    ],
    [
      1.0
    ],
    [
      1.0
    ],
    [
      1.0
    ],
    [
      1.0
    ],
    [
      1.0
    ],
    [
      1.0
    ],
    [
      1.0
    ],
    [
      1.0
    ],
    [
      1.0
    ],
    [
      1.0
    ],
    [
      1.0
    ],
    [
      1.0
    ],
    [
      1.0
    ],
    [
      1.0
    ],
    [
      1.0
    ],
    [
      1.0
    ],
    [
      1.0
    ],
    [
      1.0
    ],
    [
      1.0
    ],
    [
      1.0
    ],
    [
      1.0
    ],
    [
      1.0
    ],
    [
      1.0
    ],
    [
      1.0
    ],
    [
      1.0
    ],
    [
      1.0
    ],
    [
      1.0
    ],
    [
      1.0
    ]
  ],
  "atom_features": [
    [
      -0.23007382452487946,
      0.23007382452487946,
      -0.18428221344947815,
      0.1071428582072258,
      0.2332032024860382,
      0.4664064049720764
    ],
    [
      0.49102166295051575,
      0.49102166295051575,
      0.5368132591247559,
      1.0,
      0.9356891512870789,
      0.47497183084487915
    ],
    [
      -0.22965069115161896,
      0.22965069115161896,
      -0.18385908007621765,
      0.1428571492433548,
      0.23340710997581482,
      0.46681421995162964
    ],
    [
      -0.23363813757896423,
      0.23363813757896423,
      -0.18784651160240173,
      0.0714285746216774,
      0.23159292340278625,
      0.4631858468055725
    ],
    [
      -0.032861460000276566,
      0.032861460000276566,
      0.012930158525705338,
      0.5357142686843872,
      0.9658135771751404,
      0.7036460041999817
    ],
    [
      -0.037763811647892,
      0.037763811647892,
      0.008027806878089905,
      0.5,
      0.7064105272293091,
      0.7115261554718018
    ],
    [
      -0.03125546872615814,
      0.03125546872615814,
      0.014536149799823761,
      0.5714285969734192,
      0.7217998504638672,
      0.7320735454559326
    ],
    [
      -0.04651600122451782,
      0.04651600122451782,
      -0.0007243826985359192,
      0.4285714328289032,
      0.7280159592628479,
      0.7320735454559326
    ],
    [
      0.07732558250427246,
      0.07732558250427246,
      0.12311720103025436,
      0.8928571343421936,
      0.9581121802330017,
      0.6814497709274292
    ],
    [
      -0.1338948756456375,
      0.1338948756456375,
      -0.08810325711965561,
      0.2142857164144516,
      0.7708525657653809,
      0.5625305771827698
    ],
    [
      -0.011321860365569592,
      0.011321860365569592,
      0.03446975722908974,
      0.6785714030265808,
      0.49773862957954407,
      0.49966612458229065
    ],
    [
      0.004035539925098419,
      0.004035539925098419,
      0.04982715845108032,
      0.8214285969734192,
      0.4976547956466675,
      0.49966612458229065
    ],
    [
      -0.1974238157272339,
      0.1974238157272339,
      -0.1516321897506714,
      0.1785714328289032,
      0.747555673122406,
      0.5002670288085938
    ],
    [
      0.016639500856399536,
      0.016639500856399536,
      0.06243111938238144,
      0.8571428656578064,
      0.49617457389831543,
      0.5002670288085938
    ],
    [
      -0.07486812770366669,
      0.07486812770366669,
      -0.029076509177684784,
      0.25,
      0.4997006356716156,
      0.5073191523551941
    ],
    [
      0.1251039355993271,
      0.1251039355993271,
      0.1708955466747284,
      0.9285714030265808,
      0.9467825293540955,
      0.772622287273407
    ],
    [
      -0.27892428636550903,
      0.27892428636550903,
      -0.23313266038894653,
      0.0,
      0.6868031024932861,
      0.772622287273407
    ],
    [
      -0.2780485451221466,
      0.2780485451221466,
      -0.2322569191455841,
      0.0357142873108387,
      0.69240403175354,
      0.7838241457939148
    ],
    [
      0.13659581542015076,
      0.13659581542015076,
      0.18238744139671326,
      0.9642857313156128,
      0.9451659321784973,
      0.7838241457939148
    ],
    [
      -0.045819349586963654,
      0.045819349586963654,
      -2.7731060981750488e-05,
      0.4642857015132904,
      0.8515202403068542,
      0.6136235594749451
    ],
    [
      -0.010390140116214752,
      0.010390140116214752,
      0.03540147840976715,
      0.7142857313156128,
      0.49074333906173706,
      0.4947001039981842
    ],
    [
      -0.027915319427847862,
      0.027915319427847862,
      0.01787629909813404,
      0.6428571343421936,
      0.7390672564506531,
      0.4989333152770996
    ],
    [
      -0.06871158629655838,
      0.06871158629655838,
      -0.022919967770576477,
      0.2857142984867096,
      0.5015251040458679,
      0.5041168332099915
    ],
    [
      -0.05955164134502411,
      0.05955164134502411,
      -0.013760022819042206,
      0.3571428656578064,
      0.5039987564086914,
      0.5041168332099915
    ],
    [
      -0.061493370682001114,
      0.061493370682001114,
      -0.01570175215601921,
      0.3214285671710968,
      0.4977005422115326,
      0.5038806796073914
    ],
    [
      -0.028338979929685593,
      0.028338979929685593,
      0.01745263859629631,
      0.6071428656578064,
      0.7399494647979736,
      0.5038774013519287
    ],
    [
      -0.008599050343036652,
      0.008599050343036652,
      0.03719256818294525,
      0.75,
      0.49868538975715637,
      0.4992007911205292
    ],
    [
      -0.0015531600220128894,
      0.0015531600220128894,
      0.044238459318876266,
      0.7857142686843872,
      0.490766704082489,
      0.49817001819610596
    ],
    [
      -0.05006539076566696,
      0.05006539076566696,
      -0.004273772239685059,
      0.3928571343421936,
      0.6925478577613831,
      0.7036460041999817
    ]
  ],
  "feature_names": [
    "charge",
    "abs_charge",
    "charge_centered",
    "charge_rank_norm",
    "wbo_sum",
    "wbo_max"
  ],
  "status": "ok",
  "error": null
}