{
  "canonical_smiles": "[2H]C1([2H])C([C@@H](CC#N)n2cc(-c3ncnc4[nH]ccc34)cn2)C([2H])([2H])C([2H])([2H])C1([2H])[2H]",
  "xtb_valid": true,
  "atom_valid_mask": [
    [
      1.0
    ],
    [
      1.0
    ],
    [
      1.0
    ],
    [
      1.0
    ],
    [
      1.0
    ],
    [
      1.0
    ],
    [
      1.0
    ],
    [
      1.0
    ],
    [
      1.0
    ],
    [
      1.0
    ],
    [
      1.0
    ],
    [
      1.0
    ],
    [
      1.0
    ],
    [
      1.0
    ],
    [
      1.0
    ],
    [
      1.0
    ],
    [
      1.0
    ],
    [
      1.0
    ],
    [
      1.0
    ],
    [
      1.0
    ],
    [
      1.0
    ],
    [
      1.0
    ],
    [
      1.0
    ],
    [
      1.0
    ],
    [
      1.0
    ],
    [
      1.0
    ],
    [
      1.0
    ],
    [
      1.0
    ],
    [
      1.0
    ],
    [
      1.0
    ],
    [
      1.0
    ]
  ],
  "atom_features": [
    [
      0.04666570946574211,
      0.04666570946574211,
      0.07331438362598419,
      0.800000011920929,
      0.2444738745689392,
      0.4889477491378784
    ],
    [
      -0.06337673962116241,
      0.06337673962116241,
      -0.03672806918621063,
      0.2666666805744171,
      0.9891342520713806,
      0.5029392242431641
    ],
    [
      0.02913169004023075,
      0.02913169004023075,
      0.05578036233782768,
      0.6000000238418579,
      0.24461908638477325,
      0.4892381727695465
    ],
    [
      -0.022799130529165268,
      0.022799130529165268,
      0.0038495417684316635,
      0.4333333373069763,
      0.7394963502883911,
      0.4975963830947876
    ],
    [
      0.03610488027334213,
      0.03610488027334213,
      0.06275355070829391,
      0.6666666865348816,
      0.7235767245292664,
      0.48425304889678955
    ],
    [
      -0.06757275015115738,
      0.06757275015115738,
      -0.0409240797162056,
      0.20000000298023224,
      0.5037174820899963,
      0.5265336036682129
    ],
    [
      0.12658224999904633,
      0.12658224999904633,
      0.1532309204339981,
      0.9333333373069763,
      0.9708019495010376,
      1.4150702953338623
    ],
    [
      -0.2832590639591217,
      0.2832590639591217,
      -0.2566103935241699,
      0.06666667014360428,
      0.7075351476669312,
      1.4150702953338623
    ],
    [
      0.07935544103384018,
      0.07935544103384018,
      0.10600411146879196,
      0.8666666746139526,
      0.8666407465934753,
      0.6537675261497498
    ],
    [
      -0.010485369712114334,
      0.010485369712114334,
      0.016163302585482597,
      0.46666666865348816,
      0.7189084887504578,
      0.7109482288360596
    ],
    [
      -0.03310075029730797,
      0.03310075029730797,
      -0.006452077999711037,
      0.4000000059604645,
      0.9548605680465698,
      0.7109482288360596
    ],
    [
      0.10295716673135757,
      0.10295716673135757,
      0.12960584461688995,
      0.8999999761581421,
      0.9374123811721802,
      0.6837519407272339
    ],
    [
      -0.308798611164093,
      0.308798611164093,
      -0.28214994072914124,
      0.03333333507180214,
      0.6937432885169983,
      0.7037346959114075
    ],
    [
      0.13492251932621002,
      0.13492251932621002,
      0.1615711897611618,
      0.9666666388511658,
      0.7127753496170044,
      0.7218160033226013
    ],
    [
      -0.3175244629383087,
      0.3175244629383087,
      -0.29087579250335693,
      0.0,
      0.6895473003387451,
      0.7218160033226013
    ],
    [
      0.14636465907096863,
      0.14636465907096863,
      0.1730133295059204,
      1.0,
      0.939318060874939,
      0.6572785973548889
    ],
    [
      -0.1260659545660019,
      0.1260659545660019,
      -0.09941728413105011,
      0.13333334028720856,
      0.6035928130149841,
      0.6049906015396118
    ],
    [
      0.0035047500859946012,
      0.0035047500859946012,
      0.030153421685099602,
      0.5,
      0.7035952806472778,
      0.804995596408844
    ],
    [
      -0.07446029782295227,
      0.07446029782295227,
      -0.04781162738800049,
      0.1666666716337204,
      0.7090418338775635,
      0.804995596408844
    ],
    [
      -0.03866900876164436,
      0.03866900876164436,
      -0.012020336464047432,
      0.36666667461395264,
      0.9381603598594666,
      0.6468658447265625
    ],
    [
      0.023011859506368637,
      0.023011859506368637,
      0.04966053366661072,
      0.5333333611488342,
      0.707462728023529,
      0.7603596448898315
    ],
    [
      -0.24096743762493134,
      0.24096743762493134,
      -0.21431876718997955,
      0.10000000149011612,
      0.7154878973960876,
      0.7603596448898315
    ],
    [
      -0.06431175023317337,
      0.06431175023317337,
      -0.03766307979822159,
      0.23333333432674408,
      0.9882972836494446,
      0.5036454796791077
    ],
    [
      0.04983250051736832,
      0.04983250051736832,
      0.0764811709523201,
      0.8333333134651184,
      0.24397394061088562,
      0.48794788122177124
    ],
    [
      0.037612080574035645,
      0.037612080574035645,
      0.06426075100898743,
      0.699999988079071,
      0.2437024563550949,
      0.4874049127101898
    ],
    [
      -0.06246542930603027,
      0.06246542930603027,
      -0.03581675887107849,
      0.30000001192092896,
      0.993392825126648,
      0.5036454796791077
    ],
    [
      0.038585271686315536,
      0.038585271686315536,
      0.06523394584655762,
      0.7666666507720947,
      0.24530813097953796,
      0.4906162619590759
    ],
    [
      0.029230410233139992,
      0.029230410233139992,
      0.05587908253073692,
      0.6333333253860474,
      0.24550732970237732,
      0.49101465940475464
    ],
    [
      -0.062232378870248795,
      0.062232378870248795,
      -0.035583704710006714,
      0.3333333432674408,
      0.9933465719223022,
      0.5029392242431641
    ],
    [
      0.028332900255918503,
      0.028332900255918503,
      0.054981574416160583,
      0.5666666626930237,
      0.24566897749900818,
      0.49133795499801636
    ],
    [
      0.037786271423101425,
      0.037786271423101425,
      0.0644349455833435,
      0.7333333492279053,
      0.24545326828956604,
      0.4909065365791321
    ]
  ],
  "feature_names": [
    "charge",
    "abs_charge",
    "charge_centered",
    "charge_rank_norm",
    "wbo_sum",
    "wbo_max"
  ],
  "status": "ok",
  "error": null
}