{
  "canonical_smiles": "CC[C@H]1OC(=O)[C@H](C)[C@@H](O[C@@H]2C[C@](C)(OC)[C@H](O)[C@@H](C)O2)[C@H](C)[C@@H](O[C@@H]2O[C@H](C)C[C@@H](N(C)C)[C@H]2O)[C@](C)(O)C[C@@H](C)/C(=N\\OCOCCOC)[C@H](C)[C@@H](O)[C@]1(C)O",
  "xtb_valid": true,
  "atom_valid_mask": [
    [
      1.0
    ],
    [
      1.0
    ],
    [
      1.0
    ],
    [
      1.0
    ],
    [
      1.0
    ],
    [
      1.0
    ],
    [
      1.0
    ],
    [
      1.0
    ],
    [
      1.0
    ],
    [
      1.0
    ],
    [
      1.0
    ],
    [
      1.0
    ],
    [
      1.0
    ],
    [
      1.0
    ],
    [
      1.0
    ],
    [
      1.0
    ],
    [
      1.0
    ],
    [
      1.0
    ],
    [
      1.0
    ],
    [
      1.0
    ],
    [
      1.0
    ],
    [
      1.0
    ],
    [
      1.0
    ],
    [
      1.0
    ],
    [
      1.0
    ],
    [
      1.0
    ],
    [
      1.0
    ],
    [
      1.0
    ],
    [
      1.0
    ],
    [
      1.0
    ],
    [
      1.0
    ],
    [
      1.0
    ],
    [
      1.0
    ],
    [
      1.0
    ],
    [
      1.0
    ],
    [
      1.0
    ],
    [
      1.0
    ],
    [
      1.0
    ],
    [
      1.0
    ],
    [
      1.0
    ],
    [
      1.0
    ],
    [
      1.0
    ],
    [
      1.0
    ],
    [
      1.0
    ],
    [
      1.0
    ],
    [
      1.0
    ],
    [
      1.0
    ],
    [
      1.0
    ],
    [
      1.0
    ],
    [
      1.0
    ],
    [
      1.0
    ],
    [
      1.0
    ],
    [
      1.0
    ],
    [
      1.0
    ],
    [
      1.0
    ],
    [
      1.0
    ],
    [
      1.0
    ],
    [
      1.0
    ]
  ],
  "atom_features": [
    [
      -0.10172095149755478,
      0.10172095149755478,
      -0.008425943553447723,
      0.45614033937454224,
      0.2541724145412445,
      0.508344829082489
    ],
    [
      -0.06477057933807373,
      0.06477057933807373,
      0.028524428606033325,
      0.5263158082962036,
      0.5018736720085144,
      0.508344829082489
    ],
    [
      0.10211150348186493,
      0.10211150348186493,
      0.19540651142597198,
      0.8070175647735596,
      0.7079824209213257,
      0.4954025447368622
    ],
    [
      -0.2938731610774994,
      0.2938731610774994,
      -0.20057815313339233,
      0.22807016968727112,
      0.5441635251045227,
      0.5619572401046753
    ],
    [
      0.3660525381565094,
      0.3660525381565094,
      0.45934754610061646,
      1.0,
      0.9575471878051758,
      0.8730385303497314
    ],
    [
      -0.4361118972301483,
      0.4361118972301483,
      -0.34281688928604126,
      0.08771929889917374,
      0.47538164258003235,
      0.8730385303497314
    ],
    [
      -0.04868936166167259,
      0.04868936166167259,
      0.044605646282434464,
      0.5438596606254578,
      0.7283026576042175,
      0.4977845847606659
    ],
    [
      -0.10851927101612091,
      0.10851927101612091,
      -0.015224263072013855,
      0.42105263471603394,
      0.24889229238033295,
      0.4977845847606659
    ],
    [
      0.11704298108816147,
      0.11704298108816147,
      0.21033799648284912,
      0.859649121761322,
      0.7174199223518372,
      0.4819597005844116
    ],
    [
      -0.35283324122428894,
      0.35283324122428894,
      -0.2595382332801819,
      0.14035087823867798,
      0.4746951758861542,
      0.47523239254951477
    ],
    [
      0.24872511625289917,
      0.24872511625289917,
      0.3420201241970062,
      0.9824561476707458,
      0.72858726978302,
      0.492212176322937
    ],
    [
      -0.08254440128803253,
      0.08254440128803253,
      0.010750606656074524,
      0.4736842215061188,
      0.49090129137039185,
      0.492212176322937
    ],
    [
      0.13437631726264954,
      0.13437631726264954,
      0.2276713252067566,
      0.9122806787490845,
      0.9699645042419434,
      0.495620459318161
    ],
    [
      -0.13216973841190338,
      0.13216973841190338,
      -0.038874730467796326,
      0.31578946113586426,
      0.2478102296590805,
      0.495620459318161
    ],
    [
      -0.35238370299339294,
      0.35238370299339294,
      -0.2590886950492859,
      0.15789473056793213,
      0.4847671687602997,
      0.49066513776779175
    ],
    [
      0.02799071930348873,
      0.02799071930348873,
      0.12128572911024094,
      0.6666666865348816,
      0.24533256888389587,
      0.49066513776779175
    ],
    [
      0.09080471843481064,
      0.09080471843481064,
      0.1840997338294983,
      0.7543859481811523,
      0.7279901504516602,
      0.49495765566825867
    ],
    [
      -0.5015758275985718,
      0.5015758275985718,
      -0.4082808196544647,
      0.017543859779834747,
      0.24747882783412933,
      0.49495765566825867
    ],
    [
      0.10351099818944931,
      0.10351099818944931,
      0.19680601358413696,
      0.8245614171028137,
      0.7292329668998718,
      0.5013929605484009
    ],
    [
      -0.13001029193401337,
      0.13001029193401337,
      -0.03671528398990631,
      0.3333333432674408,
      0.25069648027420044,
      0.5013929605484009
    ],
    [
      -0.36077407002449036,
      0.36077407002449036,
      -0.2674790620803833,
      0.10526315867900848,
      0.4808146357536316,
      0.48973000049591064
    ],
    [
      -0.028005989268422127,
      0.028005989268422127,
      0.06528902053833008,
      0.6140350699424744,
      0.7366368770599365,
      0.5045356154441833
    ],
    [
      -0.10458163917064667,
      0.10458163917064667,
      -0.011286631226539612,
      0.4385964870452881,
      0.2522678077220917,
      0.5045356154441833
    ],
    [
      0.09971777349710464,
      0.09971777349710464,
      0.1930127739906311,
      0.7894737124443054,
      0.7185195088386536,
      0.4867784082889557
    ],
    [
      -0.3447154462337494,
      0.3447154462337494,
      -0.25142043828964233,
      0.19298245012760162,
      0.4839015305042267,
      0.4906039834022522
    ],
    [
      0.23232844471931458,
      0.23232844471931458,
      0.32562345266342163,
      0.9649122953414917,
      0.7247691750526428,
      0.4906039834022522
    ],
    [
      -0.35484811663627625,
      0.35484811663627625,
      -0.2615531086921692,
      0.12280701845884323,
      0.47841936349868774,
      0.4833143651485443
    ],
    [
      0.11925510317087173,
      0.11925510317087173,
      0.2125501036643982,
      0.8771929740905762,
      0.734169065952301,
      0.5023468136787415
    ],
    [
      -0.12738175690174103,
      0.12738175690174103,
      -0.03408674895763397,
      0.35087719559669495,
      0.2511734068393707,
      0.5023468136787415
    ],
    [
      -0.08168298006057739,
      0.08168298006057739,
      0.011612027883529663,
      0.4912280738353729,
      0.4939345419406891,
      0.49540212750434875
    ],
    [
      0.040603771805763245,
      0.040603771805763245,
      0.1338987797498703,
      0.6842105388641357,
      0.737876296043396,
      0.49682509899139404
    ],
    [
      -0.18725329637527466,
      0.18725329637527466,
      -0.0939582884311676,
      0.2631579041481018,
      0.754677414894104,
      0.5063875913619995
    ],
    [
      -0.03680184856057167,
      0.03680184856057167,
      0.056493159383535385,
      0.5789473652839661,
      0.2530710697174072,
      0.5061421394348145
    ],
    [
      -0.03901953995227814,
      0.03901953995227814,
      0.05427546799182892,
      0.5614035129547119,
      0.25319379568099976,
      0.5063875913619995
    ],
    [
      0.09642215818166733,
      0.09642215818166733,
      0.18971717357635498,
      0.7719298005104065,
      0.7247593402862549,
      0.49037331342697144
    ],
    [
      -0.5005829930305481,
      0.5005829930305481,
      -0.40728798508644104,
      0.035087719559669495,
      0.24518665671348572,
      0.49037331342697144
    ],
    [
      0.1352647989988327,
      0.1352647989988327,
      0.22855980694293976,
      0.9298245906829834,
      0.9697526693344116,
      0.5037103891372681
    ],
    [
