{
  "canonical_smiles": "CCS(=O)(=O)N1CC(CC#N)(n2cc(-c3ncnc4[nH]ccc34)cn2)C1",
  "xtb_valid": true,
  "atom_valid_mask": [
    [
      1.0
    ],
    [
      1.0
    ],
    [
      1.0
    ],
    [
      1.0
    ],
    [
      1.0
    ],
    [
      1.0
    ],
    [
      1.0
    ],
    [
      1.0
    ],
    [
      1.0
    ],
    [
      1.0
    ],
    [
      1.0
    ],
    [
      1.0
    ],
    [
      1.0
    ],
    [
      1.0
    ],
    [
      1.0
    ],
    [
      1.0
    ],
    [
      1.0
    ],
    [
      1.0
    ],
    [
      1.0
    ],
    [
      1.0
    ],
    [
      1.0
    ],
    [
      1.0
    ],
    [
      1.0
    ],
    [
      1.0
    ],
    [
      1.0
    ],
    [
      1.0
    ]
  ],
  "atom_features": [
    [
      -0.1331024020910263,
      0.1331024020910263,
      -0.07514146715402603,
      0.3199999928474426,
      0.25636690855026245,
      0.5127338171005249
    ],
    [
      -0.14972275495529175,
      0.14972275495529175,
      -0.09176182001829147,
      0.2800000011920929,
      0.44416120648384094,
      0.5127338171005249
    ],
    [
      1.1367766857147217,
      1.1367766857147217,
      1.1947376728057861,
      1.0,
      1.2180334329605103,
      0.7879606485366821
    ],
    [
      -0.6469329595565796,
      0.6469329595565796,
      -0.5889720320701599,
      0.0,
      0.4171465039253235,
      0.7834041118621826
    ],
    [
      -0.634720504283905,
      0.634720504283905,
      -0.5767595767974854,
      0.03999999910593033,
      0.41942477226257324,
      0.7879606485366821
    ],
    [
      -0.29470938444137573,
      0.29470938444137573,
      -0.23674845695495605,
      0.1599999964237213,
      0.7293127179145813,
      0.489113450050354
    ],
    [
      -0.0015956199495121837,
      0.0015956199495121837,
      0.05636531487107277,
      0.6000000238418579,
      0.48351147770881653,
      0.48638641834259033
    ],
    [
      0.07966980338096619,
      0.07966980338096619,
      0.13763073086738586,
      0.800000011920929,
      0.9654145836830139,
      0.48509255051612854
    ],
    [
      -0.07710129022598267,
      0.07710129022598267,
      -0.01914035528898239,
      0.4000000059604645,
      0.5038881897926331,
      0.5234225988388062
    ],
    [
      0.12833069264888763,
      0.12833069264888763,
      0.1862916350364685,
      0.8799999952316284,
      0.973556399345398,
      1.4236901998519897
    ],
    [
      -0.2621648907661438,
      0.2621648907661438,
      -0.20420396327972412,
      0.20000000298023224,
      0.7118450999259949,
      1.4236901998519897
    ],
    [
      0.0693928599357605,
      0.0693928599357605,
      0.12735378742218018,
      0.7599999904632568,
      0.8585131168365479,
      0.6382969617843628
    ],
    [
      -0.019944900646805763,
      0.019944900646805763,
      0.03801603615283966,
      0.5600000023841858,
      0.7180674076080322,
      0.7208872437477112
    ],
    [
      -0.025317860767245293,
      0.025317860767245293,
      0.03264307230710983,
      0.5199999809265137,
      0.9567105770111084,
      0.7208872437477112
    ],
    [
      0.10452421754598618,
      0.10452421754598618,
      0.16248515248298645,
      0.8399999737739563,
      0.9377956390380859,
      0.6877368688583374
    ],
    [
      -0.3049136698246002,
      0.3049136698246002,
      -0.24695274233818054,
      0.11999999731779099,
      0.6948666572570801,
      0.7019965052604675
    ],
    [
      0.1350424438714981,
      0.1350424438714981,
      0.19300338625907898,
      0.9200000166893005,
      0.7125711441040039,
      0.7231457233428955
    ],
    [
      -0.3137539029121399,
      0.3137539029121399,
      -0.2557929754257202,
      0.07999999821186066,
      0.6904687285423279,
      0.7231457233428955
    ],
    [
      0.1470770388841629,
      0.1470770388841629,
      0.20503798127174377,
      0.9599999785423279,
      0.9396489262580872,
      0.6577917337417603
    ],
    [
      -0.12403661757707596,
      0.12403661757707596,
      -0.06607568264007568,
      0.36000001430511475,
      0.6041541695594788,
      0.6055653691291809
    ],
    [
      0.003858220065012574,
      0.003858220065012574,
      0.061819154769182205,
      0.6800000071525574,
      0.7035940885543823,
      0.8044452667236328
    ],
    [
      -0.07677333801984787,
      0.07677333801984787,
      -0.018812403082847595,
      0.4399999976158142,
      0.7086603045463562,
      0.8044452667236328
    ],
    [
      -0.038058970123529434,
      0.038058970123529434,
      0.01990196481347084,
      0.47999998927116394,
      0.9378688335418701,
      0.6469215154647827
    ],
    [
      0.028139110654592514,
      0.028139110654592514,
      0.08610004186630249,
      0.7200000286102295,
      0.7072489261627197,
      0.762896716594696
    ],
    [
      -0.23641930520534515,
      0.23641930520534515,
      -0.17845836281776428,
      0.23999999463558197,
      0.7189152240753174,
      0.762896716594696
    ],
    [
      -0.0005269700195640326,
      0.0005269700195640326,
      0.05743396654725075,
      0.6399999856948853,
      0.4841090738773346,
      0.48509255051612854
    ]
  ],
  "feature_names": [
    "charge",
    "abs_charge",
    "charge_centered",
    "charge_rank_norm",
    "wbo_sum",
    "wbo_max"
  ],
  "status": "ok",
  "error": null
}