{
  "canonical_smiles": "CCCCCc1cc(O)c2c(c1)OC(C)(C)C1CCC(C)=CC21",
  "xtb_valid": true,
  "atom_valid_mask": [
    [
      1.0
    ],
    [
      1.0
    ],
    [
      1.0
    ],
    [
      1.0
    ],
    [
      1.0
    ],
    [
      1.0
    ],
    [
      1.0
    ],
    [
      1.0
    ],
    [
      1.0
    ],
    [
      1.0
    ],
    [
      1.0
    ],
    [
      1.0
    ],
    [
      1.0
    ],
    [
      1.0
    ],
    [
      1.0
    ],
    [
      1.0
    ],
    [
      1.0
    ],
    [
      1.0
    ],
    [
      1.0
    ],
    [
      1.0
    ],
    [
      1.0
    ],
    [
      1.0
    ],
    [
      1.0
    ]
  ],
  "atom_features": [
    [
      -0.10711274296045303,
      0.10711274296045303,
      -0.04061570018529892,
      0.22727273404598236,
      0.2549768090248108,
      0.5099536180496216
    ],
    [
      -0.0547206811606884,
      0.0547206811606884,
      0.011776361614465714,
      0.6363636255264282,
      0.5072118639945984,
      0.5099536180496216
    ],
    [
      -0.05986766889691353,
      0.05986766889691353,
      0.006629373878240585,
      0.5454545617103577,
      0.5039834380149841,
      0.5044700503349304
    ],
    [
      -0.05735071003437042,
      0.05735071003437042,
      0.009146332740783691,
      0.5909090638160706,
      0.5000012516975403,
      0.5034967660903931
    ],
    [
      -0.06460867077112198,
      0.06460867077112198,
      0.001888372004032135,
      0.40909090638160706,
      0.5014519691467285,
      0.5063982009887695
    ],
    [
      0.006917660124599934,
      0.006917660124599934,
      0.07341470569372177,
      0.8636363744735718,
      0.9596133828163147,
      0.7114161849021912
    ],
    [
      -0.09937725961208344,
      0.09937725961208344,
      -0.03288021683692932,
      0.27272728085517883,
      0.6953303813934326,
      0.7014123797416687
    ],
    [
      0.12910589575767517,
      0.12910589575767517,
      0.19560293853282928,
      0.9545454382896423,
      0.947938084602356,
      0.6892483830451965
    ],
    [
      -0.45408985018730164,
      0.45408985018730164,
      -0.38759279251098633,
      0.0,
      0.2666724622249603,
      0.5333449244499207
    ],
    [
      -0.05288834869861603,
      0.05288834869861603,
      0.013608694076538086,
      0.6818181872367859,
      0.923798143863678,
      0.6771656274795532
    ],
    [
      0.12826013565063477,
      0.12826013565063477,
      0.19475717842578888,
      0.9090909361839294,
      0.9418260455131531,
      0.6786996722221375
    ],
    [
      -0.08334279805421829,
      0.08334279805421829,
      -0.01684575527906418,
      0.3181818127632141,
      0.6950579285621643,
      0.7114161849021912
    ],
    [
      -0.3132641315460205,
      0.3132641315460205,
      -0.2467670887708664,
      0.04545454680919647,
      0.4957147538661957,
      0.5277866721153259
    ],
    [
      0.1409887820482254,
      0.1409887820482254,
      0.20748582482337952,
      1.0,
      0.9699329733848572,
      0.49584847688674927
    ],
    [
      -0.11658240109682083,
      0.11658240109682083,
      -0.05008535832166672,
      0.13636364042758942,
      0.24771125614643097,
      0.49542251229286194
    ],
    [
      -0.12075678259134293,
      0.12075678259134293,
      -0.05425973981618881,
      0.09090909361839294,
      0.24792423844337463,
      0.49584847688674927
    ],
    [
      -0.028224589303135872,
      0.028224589303135872,
      0.03827245533466339,
      0.7272727489471436,
      0.7363508343696594,
      0.4986644685268402
    ],
    [
      -0.06343995034694672,
      0.06343995034694672,
      0.0030570924282073975,
      0.4545454680919647,
      0.500237226486206,
      0.5018099546432495
    ],
    [
      -0.0659308135509491,
      0.0659308135509491,
      0.0005662292242050171,
      0.3636363744735718,
      0.5041028261184692,
      0.506395697593689
    ],
    [
      -0.0037060698959976435,
      0.0037060698959976435,
      0.06279097497463226,
      0.8181818127632141,
      0.9793199896812439,
      0.940021812915802
    ],
    [
      -0.11657989770174026,
      0.11657989770174026,
      -0.05008285492658615,
      0.1818181872367859,
      0.2561112642288208,
      0.5122225284576416
    ],
    [
      -0.06320305168628693,
      0.06320305168628693,
      0.0032939910888671875,
      0.5,
      0.7195708751678467,
      0.940021812915802
    ],
    [
      -0.009658089838922024,
      0.009658089838922024,
      0.056838952004909515,
      0.7727272510528564,
      0.7426763772964478,
      0.49911996722221375
    ]
  ],
  "feature_names": [
    "charge",
    "abs_charge",
    "charge_centered",
    "charge_rank_norm",
    "wbo_sum",
    "wbo_max"
  ],
  "status": "ok",
  "error": null
}