{
  "canonical_smiles": "O[C@@H](CCCN1CCC(O)(c2ccc(Cl)cc2)CC1)c1ccc(F)cc1",
  "xtb_valid": true,
  "atom_valid_mask": [
    [
      1.0
    ],
    [
      1.0
    ],
    [
      1.0
    ],
    [
      1.0
    ],
    [
      1.0
    ],
    [
      1.0
    ],
    [
      1.0
    ],
    [
      1.0
    ],
    [
      1.0
    ],
    [
      1.0
    ],
    [
      1.0
    ],
    [
      1.0
    ],
    [
      1.0
    ],
    [
      1.0
    ],
    [
      1.0
    ],
    [
      1.0
    ],
    [
      1.0
    ],
    [
      1.0
    ],
    [
      1.0
    ],
    [
      1.0
    ],
    [
      1.0
    ],
    [
      1.0
    ],
    [
      1.0
    ],
    [
      1.0
    ],
    [
      1.0
    ],
    [
      1.0
    ]
  ],
  "atom_features": [
    [
      -0.5063809156417847,
      0.5063809156417847,
      -0.4373079538345337,
      0.03999999910593033,
      0.24385066330432892,
      0.48770132660865784
    ],
    [
      0.1128191277384758,
      0.1128191277384758,
      0.18189206719398499,
      0.9200000166893005,
      0.7366948127746582,
      0.4944511950016022
    ],
    [
      -0.0664319396018982,
      0.0664319396018982,
      0.0026410073041915894,
      0.2800000011920929,
      0.4966576397418976,
      0.502078115940094
    ],
    [
      -0.06520622223615646,
      0.06520622223615646,
      0.003866724669933319,
      0.3199999928474426,
      0.5021948218345642,
      0.5023114681243896
    ],
    [
      0.007125400006771088,
      0.007125400006771088,
      0.07619834691286087,
      0.800000011920929,
      0.5000065565109253,
      0.5023114681243896
    ],
    [
      -0.20557786524295807,
      0.20557786524295807,
      -0.1365049183368683,
      0.1599999964237213,
      0.7477494478225708,
      0.4992842972278595
    ],
    [
      0.010886330157518387,
      0.010886330157518387,
      0.07995927333831787,
      0.8399999737739563,
      0.5009744763374329,
      0.5034359097480774
    ],
    [
      -0.0748031735420227,
      0.0748031735420227,
      -0.005730226635932922,
      0.20000000298023224,
      0.4967009127140045,
      0.5034359097480774
    ],
    [
      0.13911527395248413,
      0.13911527395248413,
      0.2081882208585739,
      0.9599999785423279,
      0.9709608554840088,
      0.48996588587760925
    ],
    [
      -0.5097423195838928,
      0.5097423195838928,
      -0.44066935777664185,
      0.0,
      0.23881973326206207,
      0.47763946652412415
    ],
    [
      -0.00775883998721838,
      0.00775883998721838,
      0.06131410598754883,
      0.7200000286102295,
      0.9491071105003357,
      0.7095246911048889
    ],
    [
      -0.03863123059272766,
      0.03863123059272766,
      0.03044171631336212,
      0.5600000023841858,
      0.7398395538330078,
      0.7169676423072815
    ],
    [
      -0.04534516856074333,
      0.04534516856074333,
      0.02372777834534645,
      0.4399999976158142,
      0.7383262515068054,
      0.7169676423072815
    ],
    [
      0.10090912133455276,
      0.10090912133455276,
      0.16998207569122314,
      0.8799999952316284,
      0.9405654072761536,
      0.703791618347168
    ],
    [
      -0.21484410762786865,
      0.21484410762786865,
      -0.14577116072177887,
      0.11999999731779099,
      0.2383527159690857,
      0.4767054319381714
    ],
    [
      -0.0448906309902668,
      0.0448906309902668,
      0.024182315915822983,
      0.47999998927116394,
      0.738788902759552,
      0.723757266998291
    ],
    [
      -0.033083461225032806,
      0.033083461225032806,
      0.035989485681056976,
      0.6399999856948853,
      0.7399870157241821,
      0.723757266998291
    ],
    [
      -0.06647638976573944,
      0.06647638976573944,
      0.002596557140350342,
      0.23999999463558197,
      0.49336692690849304,
      0.500783383846283
    ],
    [
      5.080000119050965e-05,
      5.080000119050965e-05,
      0.06912374496459961,
      0.7599999904632568,
      0.5000338554382324,
      0.500783383846283
    ],
    [
      -0.008764890022575855,
      0.008764890022575855,
      0.0603080578148365,
      0.6800000071525574,
      0.9528661966323853,
      0.7068842649459839
    ],
    [
      -0.033952608704566956,
      0.033952608704566956,
      0.03512033820152283,
      0.6000000238418579,
      0.7412207722663879,
      0.7224261164665222
    ],
    [
      -0.05577024072408676,
      0.05577024072408676,
      0.013302706182003021,
      0.36000001430511475,
      0.7378643751144409,
      0.7224261164665222
    ],
    [
      0.16947157680988312,
      0.16947157680988312,
      0.2385445237159729,
      1.0,
      0.9320937395095825,
      0.6991412043571472
    ],
    [
      -0.2616589665412903,
      0.2616589665412903,
      -0.1925860196352005,
      0.07999999821186066,
      0.2333976775407791,
      0.4667953550815582
    ],
    [
      -0.05549886077642441,
      0.05549886077642441,
      0.013574086129665375,
      0.4000000059604645,
      0.7377638816833496,
      0.7207680344581604
    ],
    [
      -0.041456371545791626,
      0.041456371545791626,
      0.027616575360298157,
      0.5199999809265137,
      0.7413520216941833,
      0.7207680344581604
    ]
  ],
  "feature_names": [
    "charge",
    "abs_charge",
    "charge_centered",
    "charge_rank_norm",
    "wbo_sum",
    "wbo_max"
  ],
  "status": "ok",
  "error": null
}