{
  "canonical_smiles": "Cc1ncc([N+](=O)[O-])n1CC(C)O",
  "xtb_valid": true,
  "atom_valid_mask": [
    [
      1.0
    ],
    [
      1.0
    ],
    [
      1.0
    ],
    [
      1.0
    ],
    [
      1.0
    ],
    [
      1.0
    ],
    [
      1.0
    ],
    [
      1.0
    ],
    [
      1.0
    ],
    [
      1.0
    ],
    [
      1.0
    ],
    [
      1.0
    ],
    [
      1.0
    ]
  ],
  "atom_features": [
    [
      -0.14665502309799194,
      0.14665502309799194,
      -0.060310058295726776,
      0.3333333432674408,
      0.26057517528533936,
      0.5211503505706787
    ],
    [
      0.1443750560283661,
      0.1443750560283661,
      0.23072001338005066,
      0.9166666865348816,
      0.9357589483261108,
      0.7325901389122009
    ],
    [
      -0.2768751382827759,
      0.2768751382827759,
      -0.1905301809310913,
      0.25,
      0.7009201645851135,
      0.7325901389122009
    ],
    [
      0.026929810643196106,
      0.026929810643196106,
      0.11327477544546127,
      0.6666666865348816,
      0.6959884762763977,
      0.7227268218994141
    ],
    [
      0.0397234782576561,
      0.0397234782576561,
      0.12606844305992126,
      0.75,
      0.9101987481117249,
      0.7227268218994141
    ],
    [
      0.5487808585166931,
      0.5487808585166931,
      0.6351258158683777,
      1.0,
      0.9578999280929565,
      0.703088104724884
    ],
    [
      -0.4479917585849762,
      0.4479917585849762,
      -0.3616468012332916,
      0.0833333358168602,
      0.4315103590488434,
      0.703088104724884
    ],
    [
      -0.4386053681373596,
      0.4386053681373596,
      -0.35226041078567505,
      0.1666666716337204,
      0.4310675263404846,
      0.7022024393081665
    ],
    [
      -0.007177609950304031,
      0.007177609950304031,
      0.07916735112667084,
      0.5833333134651184,
      0.8473514318466187,
      0.6177775263786316
    ],
    [
      -0.024728849530220032,
      0.024728849530220032,
      0.061616115272045135,
      0.5,
      0.48950430750846863,
      0.48976415395736694
    ],
    [
      0.12008608877658844,
      0.12008608877658844,
      0.2064310610294342,
      0.8333333134651184,
      0.7397058606147766,
      0.5018650889396667
    ],
    [
      -0.13206739723682404,
      0.13206739723682404,
      -0.04572243243455887,
      0.4166666567325592,
      0.2509325444698334,
      0.5018650889396667
    ],
    [
      -0.5282787084579468,
      0.5282787084579468,
      -0.4419337511062622,
      0.0,
      0.2441510558128357,
      0.4883021116256714
    ]
  ],
  "feature_names": [
    "charge",
    "abs_charge",
    "charge_centered",
    "charge_rank_norm",
    "wbo_sum",
    "wbo_max"
  ],
  "status": "ok",
  "error": null
}