{
  "canonical_smiles": "CCO[C@H]1CCN(Cc2c(OC)cc(C)c3[nH]ccc23)[C@H](c2ccc(C(=O)O)cc2)C1",
  "xtb_valid": true,
  "atom_valid_mask": [
    [
      1.0
    ],
    [
      1.0
    ],
    [
      1.0
    ],
    [
      1.0
    ],
    [
      1.0
    ],
    [
      1.0
    ],
    [
      1.0
    ],
    [
      1.0
    ],
    [
      1.0
    ],
    [
      1.0
    ],
    [
      1.0
    ],
    [
      1.0
    ],
    [
      1.0
    ],
    [
      1.0
    ],
    [
      1.0
    ],
    [
      1.0
    ],
    [
      1.0
    ],
    [
      1.0
    ],
    [
      1.0
    ],
    [
      1.0
    ],
    [
      1.0
    ],
    [
      1.0
    ],
    [
      1.0
    ],
    [
      1.0
    ],
    [
      1.0
    ],
    [
      1.0
    ],
    [
      1.0
    ],
    [
      1.0
    ],
    [
      1.0
    ],
    [
      1.0
    ],
    [
      1.0
    ]
  ],
  "atom_features": [
    [
      -0.12234842032194138,
      0.12234842032194138,
      -0.061619944870471954,
      0.1666666716337204,
      0.25401318073272705,
      0.5080263614654541
    ],
    [
      0.08536746352910995,
      0.08536746352910995,
      0.14609593152999878,
      0.8999999761581421,
      0.4967499375343323,
      0.5080263614654541
    ],
    [
      -0.3648708462715149,
      0.3648708462715149,
      -0.3041423559188843,
      0.06666667014360428,
      0.4821374714374542,
      0.48547348380088806
    ],
    [
      0.11691214889287949,
      0.11691214889287949,
      0.1776406168937683,
      0.9666666388511658,
      0.7344834208488464,
      0.4955497086048126
    ],
    [
      -0.07409197092056274,
      0.07409197092056274,
      -0.013363495469093323,
      0.3333333432674408,
      0.4980108141899109,
      0.5014058947563171
    ],
    [
      0.01164200995117426,
      0.01164200995117426,
      0.0723704844713211,
      0.7333333492279053,
      0.5015744566917419,
      0.5017430782318115
    ],
    [
      -0.1822509914636612,
      0.1822509914636612,
      -0.12152251601219177,
      0.13333334028720856,
      0.7456879019737244,
      0.5017430782318115
    ],
    [
      -0.0009441900183446705,
      0.0009441900183446705,
      0.059784285724163055,
      0.699999988079071,
      0.4953858256340027,
      0.4977671504020691
    ],
    [
      -0.046409670263528824,
      0.046409670263528824,
      0.014318805187940598,
      0.4000000059604645,
      0.9486238360404968,
      0.6891171932220459
    ],
    [
      0.11553526669740677,
      0.11553526669740677,
      0.1762637495994568,
      0.9333333373069763,
      0.9397743344306946,
      0.6891171932220459
    ],
    [
      -0.31666040420532227,
      0.31666040420532227,
      -0.25593191385269165,
      0.10000000149011612,
      0.5010474920272827,
      0.5151804089546204
    ],
    [
      0.0268777497112751,
      0.0268777497112751,
      0.08760622143745422,
      0.800000011920929,
      0.24345725774765015,
      0.4869145154953003
    ],
    [
      -0.08887158334255219,
      0.08887158334255219,
      -0.028143107891082764,
      0.2666666805744171,
      0.697247326374054,
      0.7192434668540955
    ],
    [
      -0.013442030176520348,
      0.013442030176520348,
      0.047286443412303925,
      0.6333333253860474,
      0.9748710989952087,
      0.7192434668540955
    ],
    [
      -0.11582028865814209,
      0.11582028865814209,
      -0.05509181320667267,
      0.20000000298023224,
      0.2561416029930115,
      0.512283205986023
    ],
    [
      0.027162490412592888,
      0.027162490412592888,
      0.08789096772670746,
      0.8333333134651184,
      0.9360051155090332,
      0.6586313843727112
    ],
    [
      -0.11348080635070801,
      0.11348080635070801,
      -0.052752330899238586,
      0.23333333432674408,
      0.5962573885917664,
      0.6094363331794739
    ],
    [
      -0.004011829849332571,
      0.004011829849332571,
      0.05671664699912071,
      0.6666666865348816,
      0.7037080526351929,
      0.7979797720909119
    ],
    [
      -0.07903321832418442,
      0.07903321832418442,
      -0.018304742872714996,
      0.30000001192092896,
      0.7065336108207703,
      0.7979797720909119
    ],
    [
      -0.02078362926840782,
      0.02078362926840782,
      0.0399448461830616,
      0.6000000238418579,
      0.9480836391448975,
      0.6507794260978699
    ],
    [
      0.03549262881278992,
      0.03549262881278992,
      0.09622110426425934,
      0.8666666746139526,
      0.7377817630767822,
      0.4966282546520233
    ],
    [
      0.017278969287872314,
      0.017278969287872314,
      0.07800744473934174,
      0.7666666507720947,
      0.9462727904319763,
      0.7009256482124329
    ],
    [
      -0.037597209215164185,
      0.037597209215164185,
      0.023131266236305237,
      0.4333333373069763,
      0.740971565246582,
      0.7316566109657288
    ],
    [
      -0.024625340476632118,
      0.024625340476632118,
      0.03610313683748245,
      0.5,
      0.7341849207878113,
      0.7316566109657288
    ],
    [
      -0.024471869692206383,
      0.024471869692206383,
      0.03625660389661789,
      0.5333333611488342,
      0.9444871544837952,
      0.6890236735343933
    ],
    [
      0.355513334274292,
      0.355513334274292,
      0.4162418246269226,
      1.0,
      0.9613946080207825,
      0.8352096080780029
    ],
    [
      -0.49767860770225525,
      0.49767860770225525,
      -0.436950147151947,
      0.0,
      0.45840153098106384,
      0.8352096080780029
    ],
    [
      -0.4267769455909729,
      0.4267769455909729,
      -0.3660484552383423,
      0.03333333507180214,
      0.3270190358161926,
      0.5724446177482605
    ],
    [
      -0.024212360382080078,
      0.024212360382080078,
      0.03651611506938934,
      0.5666666626930237,
      0.7342712879180908,
      0.7284917831420898
    ],
    [
      -0.03265393152832985,
      0.03265393152832985,
      0.028074543923139572,
      0.46666666865348816,
      0.7406574487686157,
      0.7284917831420898
    ],
    [
      -0.06332878023386002,
      0.06332878023386002,
      -0.0026003047823905945,
      0.36666667461395264,
      0.4910622239112854,
      0.4955497086048126
    ]
  ],
  "feature_names": [
    "charge",
    "abs_charge",
    "charge_centered",
    "charge_rank_norm",
    "wbo_sum",
    "wbo_max"
  ],
  "status": "ok",
  "error": null
}