{
  "canonical_smiles": "CC(C)C[C@H]1C(=O)N2CCC[C@H]2[C@]2(O)O[C@](NC(=O)[C@@H]3C=C4c5cccc6[nH]c(Br)c(c56)C[C@H]4N(C)C3)(C(C)C)C(=O)N12",
  "xtb_valid": true,
  "atom_valid_mask": [
    [
      1.0
    ],
    [
      1.0
    ],
    [
      1.0
    ],
    [
      1.0
    ],
    [
      1.0
    ],
    [
      1.0
    ],
    [
      1.0
    ],
    [
      1.0
    ],
    [
      1.0
    ],
    [
      1.0
    ],
    [
      1.0
    ],
    [
      1.0
    ],
    [
      1.0
    ],
    [
      1.0
    ],
    [
      1.0
    ],
    [
      1.0
    ],
    [
      1.0
    ],
    [
      1.0
    ],
    [
      1.0
    ],
    [
      1.0
    ],
    [
      1.0
    ],
    [
      1.0
    ],
    [
      1.0
    ],
    [
      1.0
    ],
    [
      1.0
    ],
    [
      1.0
    ],
    [
      1.0
    ],
    [
      1.0
    ],
    [
      1.0
    ],
    [
      1.0
    ],
    [
      1.0
    ],
    [
      1.0
    ],
    [
      1.0
    ],
    [
      1.0
    ],
    [
      1.0
    ],
    [
      1.0
    ],
    [
      1.0
    ],
    [
      1.0
    ],
    [
      1.0
    ],
    [
      1.0
    ],
    [
      1.0
    ],
    [
      1.0
    ],
    [
      1.0
    ]
  ],
  "atom_features": [
    [
      -0.11360667645931244,
      0.11360667645931244,
      -0.05108724534511566,
      0.261904776096344,
      0.25284191966056824,
      0.5056838393211365
    ],
    [
      -0.011877640150487423,
      0.011877640150487423,
      0.05064179003238678,
      0.6666666865348816,
      0.7527959942817688,
      0.5056838393211365
    ],
    [
      -0.11329451203346252,
      0.11329451203346252,
      -0.05077508091926575,
      0.2857142984867096,
      0.2523873448371887,
      0.5047746896743774
    ],
    [
      -0.060646090656518936,
      0.060646090656518936,
      0.0018733404576778412,
      0.4047619104385376,
      0.4889000654220581,
      0.49513348937034607
    ],
    [
      0.027899039909243584,
      0.027899039909243584,
      0.09041847288608551,
      0.7857142686843872,
      0.7139667868614197,
      0.48266661167144775
    ],
    [
      0.2566104829311371,
      0.2566104829311371,
      0.31912991404533386,
      0.9285714030265808,
      0.9640612006187439,
      0.8181336522102356
    ],
    [
      -0.48378029465675354,
      0.48378029465675354,
      -0.42126086354255676,
      0.0,
      0.4591217339038849,
      0.8181336522102356
    ],
    [
      -0.09987808018922806,
      0.09987808018922806,
      -0.03735864907503128,
      0.3333333432674408,
      0.8547395467758179,
      0.6400790214538574
    ],
    [
      -0.0030630899127572775,
      0.0030630899127572775,
      0.059456340968608856,
      0.7142857313156128,
      0.49312612414360046,
      0.5023850202560425
    ],
    [
      -0.07499953359365463,
      0.07499953359365463,
      -0.012480102479457855,
      0.3571428656578064,
      0.501835286617279,
      0.5023850202560425
    ],
    [
      -0.06944017112255096,
      0.06944017112255096,
      -0.006920740008354187,
      0.380952388048172,
      0.49853456020355225,
      0.5012855529785156
    ],
    [
      0.032386939972639084,
      0.032386939972639084,
      0.09490637481212616,
      0.8095238208770752,
      0.7272534966468811,
      0.49578356742858887
    ],
    [
      0.3353869915008545,
      0.3353869915008545,
      0.39790642261505127,
      1.0,
      0.9631655812263489,
      0.4929536283016205
    ],
    [
      -0.4720506966114044,
      0.4720506966114044,
      -0.40953126549720764,
      0.02380952425301075,
      0.24647681415081024,
      0.4929536283016205
    ],
    [
      -0.35006144642829895,
      0.35006144642829895,
      -0.2875420153141022,
      0.095238097012043,
      0.4748166501522064,
      0.47746625542640686
    ],
    [
      0.1917191445827484,
      0.1917191445827484,
      0.2542385756969452,
      0.9047619104385376,
      0.9426066875457764,
      0.48269179463386536
    ],
    [
      -0.22120824456214905,
      0.22120824456214905,
      -0.15868881344795227,
      0.1190476194024086,
      0.5885922908782959,
      0.6052166223526001
    ],
    [
      0.2870889902114868,
      0.2870889902114868,
      0.3496084213256836,
      0.976190447807312,
      0.9631449580192566,
      0.8485691547393799
    ],
    [
      -0.4643736779689789,
      0.4643736779689789,
      -0.4018542468547821,
      0.0476190485060215,
      0.4689227044582367,
      0.8485691547393799
    ],
    [
      -0.04689729958772659,
      0.04689729958772659,
      0.015622131526470184,
      0.4761904776096344,
      0.7317137122154236,
      0.5056400895118713
    ],
    [
      -0.04178456962108612,
      0.04178456962108612,
      0.020734861493110657,
      0.523809552192688,
      0.7083942294120789,
      0.9111483693122864
    ],
    [
      -0.0038773200940340757,
      0.0038773200940340757,
      0.05864211171865463,
      0.6904761791229248,
      0.9675889015197754,
      0.9111483693122864
    ],
    [
      0.0021412200294435024,
      0.0021412200294435024,
      0.06466065347194672,
      0.738095223903656,
      0.9701259732246399,
      0.7157119512557983
    ],
    [
      -0.04658513888716698,
      0.04658513888716698,
      0.0159342922270298,
      0.5,
      0.707028865814209,
      0.7157119512557983
    ],
    [
      -0.03868358954787254,
      0.03868358954787254,
      0.023835841566324234,
      0.5714285969734192,
      0.7173532247543335,
      0.7363607883453369
    ],
    [
      -0.05852232873439789,
      0.05852232873439789,
      0.003997102379798889,
      0.4523809552192688,
      0.7281007766723633,
      0.7363607883453369
    ],
    [
      0.05011795088648796,
      0.05011795088648796,
      0.11263738572597504,
      0.8571428656578064,
      0.939457893371582,
      0.6648800373077393
    ],
    [
      -0.13621476292610168,
      0.13621476292610168,
      -0.07369533181190491,
      0.2142857164144516,
      0.5834094882011414,
      0.5878798365592957
    ],
    [
      0.10904950648546219,
      0.10904950648546219,
      0.17156893014907837,
      0.8809523582458496,
      0.9207525253295898,
      0.7637144923210144
    ],
    [
      -0.1953829973936081,
      0.1953829973936081,
      -0.13286356627941132,
      0.1428571492433548,
      0.2449553906917572,
      0.4899107813835144
    ],
    [
      -0.03287256136536598,
      0.03287256136536598,
      0.029646869748830795,
      0.5952380895614624,
      0.9393045902252197,
      0.7637144923210144
    ],
    [
      -0.022808169946074486,
      0.022808169946074486,
      0.03971125930547714,
      0.6428571343421936,
      0.9379170536994934,
      0.6366463899612427
    ],
    [
      -0.05883929878473282,
      0.05883929878473282,
      0.0036801323294639587,
      0.4285714328289032,
      0.4987108111381531,
      0.5108035802841187
    ],
    [
      0.04291047155857086,
      0.04291047155857086,
      0.10542990267276764,
      0.8333333134651184,
      0.7351131439208984,
      0.4925116002559662
    ],
    [
      -0.18795527517795563,
      0.18795527517795563,
      -0.12543584406375885,
      0.1666666716337204,
      0.7488739490509033,
      0.50529545545578
    ],
    [
      -0.04023325815796852,
      0.04023325815796852,
      0.022286172956228256,
      0.5476190447807312,
      0.25264772772789,
      0.50529545545578
    ],
    [
      0.020200569182634354,
      0.020200569182634354,
      0.08271999657154083,
      0.761904776096344,
      0.49261194467544556,
      0.49994075298309326
    ],
    [
      -0.023255730047822,
      0.023255730047822,
      0.03926370292901993,
      0.6190476417541504,
      0.7386777997016907,
      0.5037027597427368
    ],
    [
      -0.11633401364088058,
      0.11633401364088058,
      -0.05381458252668381,
      0.2380952388048172,
      0.2518513798713684,
      0.5037027597427368
    ],
    [
      -0.11312457174062729,
      0.11312457174062729,
      -0.05060514062643051,
      0.3095238208770752,
