{
  "canonical_smiles": "Cc1cc(C(C)(C)C)c(O)c(C)c1CC1=NCCN1",
  "xtb_valid": true,
  "atom_valid_mask": [
    [
      1.0
    ],
    [
      1.0
    ],
    [
      1.0
    ],
    [
      1.0
    ],
    [
      1.0
    ],
    [
      1.0
    ],
    [
      1.0
    ],
    [
      1.0
    ],
    [
      1.0
    ],
    [
      1.0
    ],
    [
      1.0
    ],
    [
      1.0
    ],
    [
      1.0
    ],
    [
      1.0
    ],
    [
      1.0
    ],
    [
      1.0
    ],
    [
      1.0
    ],
    [
      1.0
    ],
    [
      1.0
    ]
  ],
  "atom_features": [
    [
      -0.11448390781879425,
      0.11448390781879425,
      -0.037245601415634155,
      0.1666666716337204,
      0.2562728822231293,
      0.5125457644462585
    ],
    [
      -0.008952610194683075,
      0.008952610194683075,
      0.06828569620847702,
      0.7222222089767456,
      0.9546687006950378,
      0.7034334540367126
    ],
    [
      -0.06457269191741943,
      0.06457269191741943,
      0.012665614485740662,
      0.5,
      0.7317910194396973,
      0.7088078856468201
    ],
    [
      -0.03433327004313469,
      0.03433327004313469,
      0.042905036360025406,
      0.5555555820465088,
      0.9391459822654724,
      0.7088078856468201
    ],
    [
      0.02994913049042225,
      0.02994913049042225,
      0.1071874350309372,
      0.8888888955116272,
      0.9881797432899475,
      0.4973808228969574
    ],
    [
      -0.10760477930307388,
      0.10760477930307388,
      -0.030366472899913788,
      0.3888888955116272,
      0.24681717157363892,
      0.49363434314727783
    ],
    [
      -0.11060097813606262,
      0.11060097813606262,
      -0.03336267173290253,
      0.2777777910232544,
      0.2480839192867279,
      0.4961678385734558
    ],
    [
      -0.11048050224781036,
      0.11048050224781036,
      -0.03324219584465027,
      0.3333333432674408,
      0.2486904114484787,
      0.4973808228969574
    ],
    [
      0.11837563663721085,
      0.11837563663721085,
      0.19561395049095154,
      0.9444444179534912,
      0.9391963481903076,
      0.6803074479103088
    ],
    [
      -0.45559433102607727,
      0.45559433102607727,
      -0.37835603952407837,
      0.0,
      0.25966277718544006,
      0.5193255543708801
    ],
    [
      -0.016503460705280304,
      0.016503460705280304,
      0.06073484569787979,
      0.6111111044883728,
      0.9683728218078613,
      0.6939984560012817
    ],
    [
      -0.11331620067358017,
      0.11331620067358017,
      -0.036077894270420074,
      0.2222222238779068,
      0.25632336735725403,
      0.5126467347145081
    ],
    [
      -0.009581769816577435,
      0.009581769816577435,
      0.06765653938055038,
      0.6666666865348816,
      0.94110107421875,
      0.6939984560012817
    ],
    [
      -0.0771690234541893,
      0.0771690234541893,
      6.928294897079468e-05,
      0.4444444477558136,
      0.49564328789711,
      0.4964410662651062
    ],
    [
      0.1665596067905426,
      0.1665596067905426,
      0.2437979131937027,
      1.0,
      0.9666115641593933,
      0.8437828421592712
    ],
    [
      -0.369170218706131,
      0.369170218706131,
      -0.2919319272041321,
      0.0555555559694767,
      0.7152561545372009,
      0.8437828421592712
    ],
    [
      0.01587066985666752,
      0.01587066985666752,
      0.09310897439718246,
      0.8333333134651184,
      0.5002776384353638,
      0.5039385557174683
    ],
    [
      0.007597180083394051,
      0.007597180083394051,
      0.084835484623909,
      0.7777777910232544,
      0.4981220066547394,
      0.49962732195854187
    ],
    [
      -0.21351641416549683,
      0.21351641416549683,
      -0.13627810776233673,
      0.1111111119389534,
      0.5877087116241455,
      0.5929992198944092
    ]
  ],
  "feature_names": [
    "charge",
    "abs_charge",
    "charge_centered",
    "charge_rank_norm",
    "wbo_sum",
    "wbo_max"
  ],
  "status": "ok",
  "error": null
}