{
  "canonical_smiles": "COc1cc(NC(C)CCCN)c2ncccc2c1",
  "xtb_valid": true,
  "atom_valid_mask": [
    [
      1.0
    ],
    [
      1.0
    ],
    [
      1.0
    ],
    [
      1.0
    ],
    [
      1.0
    ],
    [
      1.0
    ],
    [
      1.0
    ],
    [
      1.0
    ],
    [
      1.0
    ],
    [
      1.0
    ],
    [
      1.0
    ],
    [
      1.0
    ],
    [
      1.0
    ],
    [
      1.0
    ],
    [
      1.0
    ],
    [
      1.0
    ],
    [
      1.0
    ],
    [
      1.0
    ],
    [
      1.0
    ]
  ],
  "atom_features": [
    [
      0.02211564965546131,
      0.02211564965546131,
      0.0901651382446289,
      0.6666666865348816,
      0.24281534552574158,
      0.48563069105148315
    ],
    [
      -0.30014514923095703,
      0.30014514923095703,
      -0.2320956587791443,
      0.0555555559694767,
      0.5069943070411682,
      0.528357982635498
    ],
    [
      0.13953344523906708,
      0.13953344523906708,
      0.20758293569087982,
      1.0,
      0.9474188685417175,
      0.7139260768890381
    ],
    [
      -0.08350300043821335,
      0.08350300043821335,
      -0.015453509986400604,
      0.3333333432674408,
      0.6859886646270752,
      0.7194236516952515
    ],
    [
      0.05795786902308464,
      0.05795786902308464,
      0.12600736320018768,
      0.8888888955116272,
      0.9475152492523193,
      0.7194236516952515
    ],
    [
      -0.22303399443626404,
      0.22303399443626404,
      -0.1549845039844513,
      0.1666666716337204,
      0.5285303592681885,
      0.5698809623718262
    ],
    [
      0.04728111997246742,
      0.04728111997246742,
      0.11533060669898987,
      0.7777777910232544,
      0.7413904666900635,
      0.5008897185325623
    ],
    [
      -0.11597759276628494,
      0.11597759276628494,
      -0.0479281023144722,
      0.2222222238779068,
      0.25044485926628113,
      0.5008897185325623
    ],
    [
      -0.07806102186441422,
      0.07806102186441422,
      -0.010011531412601471,
      0.3888888955116272,
      0.49928537011146545,
      0.503859281539917
    ],
    [
      -0.06534168124198914,
      0.06534168124198914,
      0.0027078092098236084,
      0.4444444477558136,
      0.5034747123718262,
      0.503859281539917
    ],
    [
      0.024096429347991943,
      0.024096429347991943,
      0.09214591979980469,
      0.7222222089767456,
      0.5067938566207886,
      0.5104976296424866
    ],
    [
      -0.38684818148612976,
      0.38684818148612976,
      -0.318798691034317,
      0.0,
      0.2552488148212433,
      0.5104976296424866
    ],
    [
      0.06727182865142822,
      0.06727182865142822,
      0.13532131910324097,
      0.9444444179534912,
      0.9386450052261353,
      0.6611497402191162
    ],
    [
      -0.2723880708217621,
      0.2723880708217621,
      -0.20433858036994934,
      0.1111111119389534,
      0.7284837365150452,
      0.7369402647018433
    ],
    [
      0.04784034937620163,
      0.04784034937620163,
      0.11588983982801437,
      0.8333333134651184,
      0.711769163608551,
      0.7369402647018433
    ],
    [
      -0.04726026952266693,
      0.04726026952266693,
      0.020789220929145813,
      0.5,
      0.7186154127120972,
      0.7506328821182251
    ],
    [
      -0.025899339467287064,
      0.025899339467287064,
      0.04215015098452568,
      0.5555555820465088,
      0.7314034700393677,
      0.7506328821182251
    ],
    [
      -0.0007460999768227339,
      0.0007460999768227339,
      0.06730338931083679,
      0.6111111044883728,
      0.9533185958862305,
      0.6532966494560242
    ],
    [
      -0.09983271360397339,
      0.09983271360397339,
      -0.031783223152160645,
      0.2777777910232544,
      0.678426206111908,
      0.7139260768890381
    ]
  ],
  "feature_names": [
    "charge",
    "abs_charge",
    "charge_centered",
    "charge_rank_norm",
    "wbo_sum",
    "wbo_max"
  ],
  "status": "ok",
  "error": null
}