{
  "canonical_smiles": "C1CCN2CC3CC(CN4CCCCC34)C2C1",
  "xtb_valid": true,
  "atom_valid_mask": [
    [
      1.0
    ],
    [
      1.0
    ],
    [
      1.0
    ],
    [
      1.0
    ],
    [
      1.0
    ],
    [
      1.0
    ],
    [
      1.0
    ],
    [
      1.0
    ],
    [
      1.0
    ],
    [
      1.0
    ],
    [
      1.0
    ],
    [
      1.0
    ],
    [
      1.0
    ],
    [
      1.0
    ],
    [
      1.0
    ],
    [
      1.0
    ],
    [
      1.0
    ]
  ],
  "atom_features": [
    [
      -0.05723012983798981,
      0.05723012983798981,
      -0.013202488422393799,
      0.5,
      0.504492998123169,
      0.5048699975013733
    ],
    [
      -0.06453464925289154,
      0.06453464925289154,
      -0.020507007837295532,
      0.1875,
      0.5036932826042175,
      0.5048699975013733
    ],
    [
      0.013424869626760483,
      0.013424869626760483,
      0.05745251104235649,
      0.8125,
      0.5014082193374634,
      0.5025165677070618
    ],
    [
      -0.19482851028442383,
      0.19482851028442383,
      -0.15080086886882782,
      0.0625,
      0.7472583055496216,
      0.5003347396850586
    ],
    [
      0.007008459884673357,
      0.007008459884673357,
      0.05103610083460808,
      0.6875,
      0.4964534044265747,
      0.5003347396850586
    ],
    [
      -0.025369510054588318,
      0.025369510054588318,
      0.01865813136100769,
      0.625,
      0.7420350313186646,
      0.5009950399398804
    ],
    [
      -0.0578787587583065,
      0.0578787587583065,
      -0.013851117342710495,
      0.375,
      0.5003853440284729,
      0.5009950399398804
    ],
    [
      -0.026513220742344856,
      0.026513220742344856,
      0.017514420673251152,
      0.5625,
      0.7422678470611572,
      0.49977561831474304
    ],
    [
      0.014044860377907753,
      0.014044860377907753,
      0.05807249993085861,
      0.875,
      0.4987442195415497,
      0.5002880096435547
    ],
    [
      -0.20354843139648438,
      0.20354843139648438,
      -0.15952078998088837,
      0.0,
      0.7459095120429993,
      0.5002880096435547
    ],
    [
      0.010827070102095604,
      0.010827070102095604,
      0.05485471338033676,
      0.75,
      0.5005390048027039,
      0.5040732622146606
    ],
    [
      -0.061152808368206024,
      0.061152808368206024,
      -0.017125166952610016,
      0.3125,
      0.5037276744842529,
      0.5040732622146606
    ],
    [
      -0.057560328394174576,
      0.057560328394174576,
      -0.013532686978578568,
      0.4375,
      0.5022029876708984,
      0.5033820867538452
    ],
    [
      -0.06240956112742424,
      0.06240956112742424,
      -0.018381919711828232,
      0.25,
      0.4972463548183441,
      0.5010238885879517
    ],
    [
      0.040035661309957504,
      0.040035661309957504,
      0.08406330645084381,
      0.9375,
      0.7392489910125732,
      0.4945262670516968
    ],
    [
      0.04278254136443138,
      0.04278254136443138,
      0.08681018650531769,
      1.0,
      0.73933345079422,
      0.49722498655319214
    ],
    [
      -0.06556744128465652,
      0.06556744128465652,
      -0.021539799869060516,
      0.125,
      0.5006705522537231,
      0.5041160583496094
    ]
  ],
  "feature_names": [
    "charge",
    "abs_charge",
    "charge_centered",
    "charge_rank_norm",
    "wbo_sum",
    "wbo_max"
  ],
  "status": "ok",
  "error": null
}