{
  "canonical_smiles": "COc1cc(C[C@@H]2SC(=O)NC2=O)ccc1C(=O)NCc1ccc(C(F)(F)F)cc1",
  "xtb_valid": true,
  "atom_valid_mask": [
    [
      1.0
    ],
    [
      1.0
    ],
    [
      1.0
    ],
    [
      1.0
    ],
    [
      1.0
    ],
    [
      1.0
    ],
    [
      1.0
    ],
    [
      1.0
    ],
    [
      1.0
    ],
    [
      1.0
    ],
    [
      1.0
    ],
    [
      1.0
    ],
    [
      1.0
    ],
    [
      1.0
    ],
    [
      1.0
    ],
    [
      1.0
    ],
    [
      1.0
    ],
    [
      1.0
    ],
    [
      1.0
    ],
    [
      1.0
    ],
    [
      1.0
    ],
    [
      1.0
    ],
    [
      1.0
    ],
    [
      1.0
    ],
    [
      1.0
    ],
    [
      1.0
    ],
    [
      1.0
    ],
    [
      1.0
    ],
    [
      1.0
    ],
    [
      1.0
    ]
  ],
  "atom_features": [
    [
      0.009989080019295216,
      0.009989080019295216,
      0.06474380940198898,
      0.7586206793785095,
      0.23910152912139893,
      0.47820305824279785
    ],
    [
      -0.2860778272151947,
      0.2860778272151947,
      -0.23132309317588806,
      0.1034482792019844,
      0.5039736032485962,
      0.5297440886497498
    ],
    [
      0.1404530256986618,
      0.1404530256986618,
      0.19520775973796844,
      0.8620689511299133,
      0.9393696188926697,
      0.6913077235221863
    ],
    [
      -0.07772375643253326,
      0.07772375643253326,
      -0.022969026118516922,
      0.3103448152542114,
      0.7231939435005188,
      0.7030277252197266
    ],
    [
      0.018314149230718613,
      0.018314149230718613,
      0.07306887954473495,
      0.7931034564971924,
      0.9549230933189392,
      0.7053006887435913
    ],
    [
      -0.07056263089179993,
      0.07056263089179993,
      -0.015807900577783585,
      0.3448275923728943,
      0.49361032247543335,
      0.5015178322792053
    ],
    [
      0.00044408999383449554,
      0.00044408999383449554,
      0.05519881844520569,
      0.6896551847457886,
      0.7283200025558472,
      0.48672282695770264
    ],
    [
      -0.06456158310174942,
      0.06456158310174942,
      -0.009806852787733078,
      0.37931033968925476,
      0.5590187311172485,
      0.5406554937362671
    ],
    [
      0.31662634015083313,
      0.31662634015083313,
      0.37138107419013977,
      0.9655172228813171,
      0.977165699005127,
      0.8327381014823914
    ],
    [
      -0.464417040348053,
      0.464417040348053,
      -0.40966230630874634,
      0.03448275849223137,
      0.490368515253067,
      0.8327381014823914
    ],
    [
      -0.16714993119239807,
      0.16714993119239807,
      -0.11239519715309143,
      0.27586206793785095,
      0.6454612612724304,
      0.584045946598053
    ],
    [
      0.2963540554046631,
      0.2963540554046631,
      0.3511087894439697,
      0.931034505367279,
      0.9642762541770935,
      0.8602921962738037
    ],
    [
      -0.4248983860015869,
      0.4248983860015869,
      -0.3701436519622803,
      0.06896551698446274,
      0.4644455909729004,
      0.8602921962738037
    ],
    [
      -0.047194939106702805,
      0.047194939106702805,
      0.007559791207313538,
      0.4482758641242981,
      0.7136848568916321,
      0.7220690250396729
    ],
    [
      -0.024334929883480072,
      0.024334929883480072,
      0.03041980043053627,
      0.6551724076271057,
      0.7365351915359497,
      0.7220690250396729
    ],
    [
      -0.04846721887588501,
      0.04846721887588501,
      0.006287511438131332,
      0.4137931168079376,
      0.9296178221702576,
      0.6989489793777466
    ],
    [
      0.26836249232292175,
      0.26836249232292175,
      0.3231172263622284,
      0.8965517282485962,
      0.9682952761650085,
      0.7994860410690308
    ],
    [
      -0.5280281901359558,
      0.5280281901359558,
      -0.47327345609664917,
      0.0,
      0.4485023617744446,
      0.7994860410690308
    ],
    [
      -0.18790709972381592,
      0.18790709972381592,
      -0.13315236568450928,
      0.24137930572032928,
      0.6127822399139404,
      0.6345053315162659
    ],
    [
      0.0025703900028020144,
      0.0025703900028020144,
      0.05732512101531029,
      0.7241379022598267,
      0.4986823797225952,
      0.5038243532180786
    ],
    [
      0.02641124092042446,
      0.02641124092042446,
      0.08116596937179565,
      0.8275862336158752,
      0.9830281734466553,
      0.7054256796836853
    ],
    [
      -0.03138351067900658,
      0.03138351067900658,
      0.023371219635009766,
      0.517241358757019,
      0.7417416572570801,
      0.7237808704376221
    ],
    [
      -0.024401530623435974,
      0.024401530623435974,
      0.030353199690580368,
      0.6206896305084229,
      0.7402538061141968,
      0.7237808704376221
    ],
    [
      -0.02530325949192047,
      0.02530325949192047,
      0.02945147082209587,
      0.5517241358757019,
      0.9656141400337219,
      0.7024874091148376
    ],
    [
      0.4912823438644409,
      0.4912823438644409,
      0.5460370779037476,
      1.0,
      0.9370439648628235,
      0.4748057425022125
    ],
    [
      -0.22702105343341827,
      0.22702105343341827,
      -0.17226631939411163,
      0.2068965584039688,
      0.23372672498226166,
      0.4674534499645233
    ],
    [
      -0.2307591736316681,
      0.2307591736316681,
      -0.17600443959236145,
      0.13793103396892548,
      0.23216474056243896,
      0.46432948112487793
    ],
    [
      -0.2270534634590149,
      0.2270534634590149,
      -0.17229872941970825,
      0.17241379618644714,
      0.233749657869339,
      0.467499315738678
    ],
    [
      -0.02446535974740982,
      0.02446535974740982,
      0.03028937056660652,
      0.5862069129943848,
      0.7402674555778503,
      0.7234135866165161
    ],
    [
      -0.03173838183283806,
      0.03173838183283806,
      0.023016348481178284,
      0.48275861144065857,
      0.7416843175888062,
      0.7234135866165161
    ]
  ],
  "feature_names": [
    "charge",
    "abs_charge",
    "charge_centered",
    "charge_rank_norm",
    "wbo_sum",
    "wbo_max"
  ],
  "status": "ok",
  "error": null
}