{
  "canonical_smiles": "CC(C)(Oc1ccc(C2CC2(Cl)Cl)cc1)C(=O)O",
  "xtb_valid": true,
  "atom_valid_mask": [
    [
      1.0
    ],
    [
      1.0
    ],
    [
      1.0
    ],
    [
      1.0
    ],
    [
      1.0
    ],
    [
      1.0
    ],
    [
      1.0
    ],
    [
      1.0
    ],
    [
      1.0
    ],
    [
      1.0
    ],
    [
      1.0
    ],
    [
      1.0
    ],
    [
      1.0
    ],
    [
      1.0
    ],
    [
      1.0
    ],
    [
      1.0
    ],
    [
      1.0
    ],
    [
      1.0
    ]
  ],
  "atom_features": [
    [
      -0.12326394021511078,
      0.12326394021511078,
      -0.05102463811635971,
      0.3529411852359772,
      0.24406231939792633,
      0.48812463879585266
    ],
    [
      0.1362408846616745,
      0.1362408846616745,
      0.20848017930984497,
      0.8235294222831726,
      0.9558642506599426,
      0.49538788199424744
    ],
    [
      -0.1243506520986557,
      0.1243506520986557,
      -0.05211134999990463,
      0.29411765933036804,
      0.24769394099712372,
      0.49538788199424744
    ],
    [
      -0.3374890387058258,
      0.3374890387058258,
      -0.26524972915649414,
      0.11764705926179886,
      0.4806220233440399,
      0.5005899667739868
    ],
    [
      0.14677545428276062,
      0.14677545428276062,
      0.21901476383209229,
      0.8823529481887817,
      0.944993793964386,
      0.6955354809761047
    ],
    [
      -0.055141568183898926,
      0.055141568183898926,
      0.017097733914852142,
      0.47058823704719543,
      0.7361006736755371,
      0.7222269177436829
    ],
    [
      -0.03853442892432213,
      0.03853442892432213,
      0.03370487317442894,
      0.6470588445663452,
      0.7407291531562805,
      0.7222269177436829
    ],
    [
      0.01140495017170906,
      0.01140495017170906,
      0.08364425599575043,
      0.7647058963775635,
      0.9541055560112,
      0.7040630578994751
    ],
    [
      -0.032637909054756165,
      0.032637909054756165,
      0.039601393043994904,
      0.7058823704719543,
      0.7250003218650818,
      0.5001667141914368
    ],
    [
      -0.09067597985267639,
      0.09067597985267639,
      -0.018436677753925323,
      0.4117647111415863,
      0.48049354553222656,
      0.48461079597473145
    ],
    [
      0.18383796513080597,
      0.18383796513080597,
      0.25607725977897644,
      0.9411764740943909,
      0.9498119354248047,
      0.48461079597473145
    ],
    [
      -0.19116385281085968,
      0.19116385281085968,
      -0.11892455071210861,
      0.1764705926179886,
      0.23438802361488342,
      0.46877604722976685
    ],
    [
      -0.18168970942497253,
      0.18168970942497253,
      -0.10945040732622147,
      0.23529411852359772,
      0.2363896667957306,
      0.4727793335914612
    ],
    [
      -0.04032566025853157,
      0.04032566025853157,
      0.0319136418402195,
      0.5882353186607361,
      0.7406849265098572,
      0.7229498028755188
    ],
    [
      -0.053132589906454086,
      0.053132589906454086,
      0.019106712192296982,
      0.529411792755127,
      0.7359901070594788,
      0.7229498028755188
    ],
    [
      0.3552974462509155,
      0.3552974462509155,
      0.4275367558002472,
      1.0,
      0.9612175822257996,
      0.865631103515625
    ],
    [
      -0.4577520489692688,
      0.4577520489692688,
      -0.38551273941993713,
      0.0,
      0.47750717401504517,
      0.865631103515625
    ],
    [
      -0.40770670771598816,
      0.40770670771598816,
      -0.3354673981666565,
      0.05882352963089943,
      0.33931270241737366,
      0.589242160320282
    ]
  ],
  "feature_names": [
    "charge",
    "abs_charge",
    "charge_centered",
    "charge_rank_norm",
    "wbo_sum",
    "wbo_max"
  ],
  "status": "ok",
  "error": null
}