{
  "canonical_smiles": "CC(C)Cc1ccc([C@@H](C)C(=O)O)cc1",
  "xtb_valid": true,
  "atom_valid_mask": [
    [
      1.0
    ],
    [
      1.0
    ],
    [
      1.0
    ],
    [
      1.0
    ],
    [
      1.0
    ],
    [
      1.0
    ],
    [
      1.0
    ],
    [
      1.0
    ],
    [
      1.0
    ],
    [
      1.0
    ],
    [
      1.0
    ],
    [
      1.0
    ],
    [
      1.0
    ],
    [
      1.0
    ],
    [
      1.0
    ]
  ],
  "atom_features": [
    [
      -0.11238668113946915,
      0.11238668113946915,
      -0.03679748624563217,
      0.1428571492433548,
      0.2519719898700714,
      0.5039439797401428
    ],
    [
      -0.006331489887088537,
      0.006331489887088537,
      0.0692577064037323,
      0.7857142686843872,
      0.7493281364440918,
      0.5048403143882751
    ],
    [
      -0.10908634960651398,
      0.10908634960651398,
      -0.033497154712677,
      0.2142857164144516,
      0.2524201571941376,
      0.5048403143882751
    ],
    [
      -0.07163791358470917,
      0.07163791358470917,
      0.003951281309127808,
      0.3571428656578064,
      0.49814078211784363,
      0.5064095854759216
    ],
    [
      0.013545479625463486,
      0.013545479625463486,
      0.08913467824459076,
      0.9285714030265808,
      0.9835629463195801,
      0.7055492997169495
    ],
    [
      -0.04223695024847984,
      0.04223695024847984,
      0.03335224464535713,
      0.5714285969734192,
      0.741423487663269,
      0.725247323513031
    ],
    [
      -0.03970468044281006,
      0.03970468044281006,
      0.035884514451026917,
      0.7142857313156128,
      0.741436243057251,
      0.725247323513031
    ],
    [
      0.009248469956219196,
      0.009248469956219196,
      0.0848376676440239,
      0.8571428656578064,
      0.9725951552391052,
      0.7057498097419739
    ],
    [
      -0.04126228019595146,
      0.04126228019595146,
      0.03432691469788551,
      0.6428571343421936,
      0.7308267951011658,
      0.49547475576400757
    ],
    [
      -0.10858423262834549,
      0.10858423262834549,
      -0.032995037734508514,
      0.2857142984867096,
      0.24773737788200378,
      0.49547475576400757
    ],
    [
      0.36260512471199036,
      0.36260512471199036,
      0.4381943345069885,
      1.0,
      0.959955632686615,
      0.8584448099136353
    ],
    [
      -0.4750618636608124,
      0.4750618636608124,
      -0.3994726538658142,
      0.0,
      0.47174087166786194,
      0.8584448099136353
    ],
    [
      -0.42734432220458984,
      0.42734432220458984,
      -0.35175514221191406,
      0.0714285746216774,
      0.33216172456741333,
      0.579286515712738
    ],
    [
      -0.04293353855609894,
      0.04293353855609894,
      0.03265565633773804,
      0.4285714328289032,
      0.7408996820449829,
      0.7215047478675842
    ],
    [
      -0.04266669973731041,
      0.04266669973731041,
      0.032922495156526566,
      0.5,
      0.7406749129295349,
      0.7215047478675842
    ]
  ],
  "feature_names": [
    "charge",
    "abs_charge",
    "charge_centered",
    "charge_rank_norm",
    "wbo_sum",
    "wbo_max"
  ],
  "status": "ok",
  "error": null
}