{
  "canonical_smiles": "CC(C)n1c(=O)cc(N[C@@H](C)c2ccccc2)[nH]c1=O",
  "xtb_valid": true,
  "atom_valid_mask": [
    [
      1.0
    ],
    [
      1.0
    ],
    [
      1.0
    ],
    [
      1.0
    ],
    [
      1.0
    ],
    [
      1.0
    ],
    [
      1.0
    ],
    [
      1.0
    ],
    [
      1.0
    ],
    [
      1.0
    ],
    [
      1.0
    ],
    [
      1.0
    ],
    [
      1.0
    ],
    [
      1.0
    ],
    [
      1.0
    ],
    [
      1.0
    ],
    [
      1.0
    ],
    [
      1.0
    ],
    [
      1.0
    ],
    [
      1.0
    ]
  ],
  "atom_features": [
    [
      -0.11639297008514404,
      0.11639297008514404,
      -0.04909665882587433,
      0.3684210479259491,
      0.2504159212112427,
      0.5008318424224854
    ],
    [
      0.05302061885595322,
      0.05302061885595322,
      0.12031693011522293,
      0.8421052694320679,
      0.7370568513870239,
      0.50119549036026
    ],
    [
      -0.11675062775611877,
      0.11675062775611877,
      -0.04945431649684906,
      0.31578946113586426,
      0.25059774518013,
      0.50119549036026
    ],
    [
      -0.10793428122997284,
      0.10793428122997284,
      -0.040637969970703125,
      0.42105263471603394,
      0.8617527484893799,
      0.5711945295333862
    ],
    [
      0.27184197306632996,
      0.27184197306632996,
      0.3391382694244385,
      0.9473684430122375,
      0.9608346223831177,
      0.798625111579895
    ],
    [
      -0.5205134749412537,
      0.5205134749412537,
      -0.45321714878082275,
      0.05263157933950424,
      0.429811954498291,
      0.798625111579895
    ],
    [
      -0.14358721673488617,
      0.14358721673488617,
      -0.07629090547561646,
      0.21052631735801697,
      0.6619816422462463,
      0.7562646269798279
    ],
    [
      0.14952829480171204,
      0.14952829480171204,
      0.21682460606098175,
      0.8947368264198303,
      0.9617538452148438,
      0.7562646269798279
    ],
    [
      -0.18145814538002014,
      0.18145814538002014,
      -0.11416183412075043,
      0.10526315867900848,
      0.543308675289154,
      0.6022615432739258
    ],
    [
      0.04036889970302582,
      0.04036889970302582,
      0.10766521096229553,
      0.7894737124443054,
      0.736963152885437,
      0.4983685612678528
    ],
    [
      -0.12753206491470337,
      0.12753206491470337,
      -0.060235753655433655,
      0.2631579041481018,
      0.2491842806339264,
      0.4983685612678528
    ],
    [
      -0.0004923199885524809,
      0.0004923199885524809,
      0.06680399179458618,
      0.7368420958518982,
      0.9797523021697998,
      0.7069177031517029
    ],
    [
      -0.03995969146490097,
      0.03995969146490097,
      0.027336619794368744,
      0.4736842215061188,
      0.7417778372764587,
      0.7209888100624084
    ],
    [
      -0.03425084054470062,
      0.03425084054470062,
      0.03304547071456909,
      0.6842105388641357,
      0.7484894394874573,
      0.7209888100624084
    ],
    [
      -0.03558339923620224,
      0.03558339923620224,
      0.031712912023067474,
      0.6315789222717285,
      0.7469455003738403,
      0.7199931144714355
    ],
    [
      -0.03610233962535858,
      0.03610233962535858,
      0.031193971633911133,
      0.5789473652839661,
      0.7483989596366882,
      0.722152054309845
    ],
    [
      -0.039497118443250656,
      0.039497118443250656,
      0.027799192816019058,
      0.5263158082962036,
      0.7423164248466492,
      0.722152054309845
    ],
    [
      -0.1649322211742401,
      0.1649322211742401,
      -0.0976359099149704,
      0.15789473056793213,
      0.6073846817016602,
      0.5833247303962708
    ],
    [
      0.3303331732749939,
      0.3303331732749939,
      0.3976294994354248,
      1.0,
      0.9690213799476624,
      0.7835235595703125
    ],
    [
      -0.526032567024231,
      0.526032567024231,
      -0.45873624086380005,
      0.0,
      0.4569333791732788,
      0.7835235595703125
    ]
  ],
  "feature_names": [
    "charge",
    "abs_charge",
    "charge_centered",
    "charge_rank_norm",
    "wbo_sum",
    "wbo_max"
  ],
  "status": "ok",
  "error": null
}