{
  "canonical_smiles": "CCn1c(=O)c2c(nc(/C=C/c3ccc(OC)c(OC)c3)n2C)n(CC)c1=O",
  "xtb_valid": true,
  "atom_valid_mask": [
    [
      1.0
    ],
    [
      1.0
    ],
    [
      1.0
    ],
    [
      1.0
    ],
    [
      1.0
    ],
    [
      1.0
    ],
    [
      1.0
    ],
    [
      1.0
    ],
    [
      1.0
    ],
    [
      1.0
    ],
    [
      1.0
    ],
    [
      1.0
    ],
    [
      1.0
    ],
    [
      1.0
    ],
    [
      1.0
    ],
    [
      1.0
    ],
    [
      1.0
    ],
    [
      1.0
    ],
    [
      1.0
    ],
    [
      1.0
    ],
    [
      1.0
    ],
    [
      1.0
    ],
    [
      1.0
    ],
    [
      1.0
    ],
    [
      1.0
    ],
    [
      1.0
    ],
    [
      1.0
    ],
    [
      1.0
    ]
  ],
  "atom_features": [
    [
      -0.11507724970579147,
      0.11507724970579147,
      -0.057653412222862244,
      0.25925925374031067,
      0.2524878680706024,
      0.5049757361412048
    ],
    [
      0.010585550218820572,
      0.010585550218820572,
      0.0680093914270401,
      0.7037037014961243,
      0.4939061105251312,
      0.5049757361412048
    ],
    [
      -0.12095162272453308,
      0.12095162272453308,
      -0.06352778524160385,
      0.18518517911434174,
      0.8610735535621643,
      0.5539706349372864
    ],
    [
      0.26616114377975464,
      0.26616114377975464,
      0.32358497381210327,
      0.9629629850387573,
      0.957970142364502,
      0.7971796989440918
    ],
    [
      -0.49943605065345764,
      0.49943605065345764,
      -0.442012220621109,
      0.03703703731298447,
      0.4333428144454956,
      0.7971796989440918
    ],
    [
      -0.029462570324540138,
      0.029462570324540138,
      0.02796126715838909,
      0.5185185074806213,
      0.9106944799423218,
      0.6771058440208435
    ],
    [
      0.12505240738391876,
      0.12505240738391876,
      0.1824762523174286,
      0.8888888955116272,
      0.9394827485084534,
      0.6771058440208435
    ],
    [
      -0.316694051027298,
      0.316694051027298,
      -0.25927022099494934,
      0.07407407462596893,
      0.6774492263793945,
      0.7145711183547974
    ],
    [
      0.14061009883880615,
      0.14061009883880615,
      0.19803392887115479,
      0.9259259104728699,
      0.9353286623954773,
      0.7145711183547974
    ],
    [
      -0.053162138909101486,
      0.053162138909101486,
      0.0042616985738277435,
      0.4444444477558136,
      0.7235583662986755,
      0.9061851501464844
    ],
    [
      -0.02453841082751751,
      0.02453841082751751,
      0.03288542479276657,
      0.5925925970077515,
      0.7223455309867859,
      0.9061851501464844
    ],
    [
      0.002705550054088235,
      0.002705550054088235,
      0.06012938916683197,
      0.6666666865348816,
      0.956550657749176,
      0.6948397159576416
    ],
    [
      -0.05161045864224434,
      0.05161045864224434,
      0.005813378840684891,
      0.48148149251937866,
      0.70457524061203,
      0.7143107652664185
    ],
    [
      -0.07297036051750183,
      0.07297036051750183,
      -0.015546523034572601,
      0.37037035822868347,
      0.7044088244438171,
      0.7143107652664185
    ],
    [
      0.12186019867658615,
      0.12186019867658615,
      0.17928403615951538,
      0.8518518805503845,
      0.9307801723480225,
      0.6945069432258606
    ],
    [
      -0.29508161544799805,
      0.29508161544799805,
      -0.23765778541564941,
      0.14814814925193787,
      0.5069779753684998,
      0.5284560322761536
    ],
    [
      0.020292440429329872,
      0.020292440429329872,
      0.07771627604961395,
      0.7407407164573669,
      0.24274995923042297,
      0.48549991846084595
    ],
    [
      0.12021108716726303,
      0.12021108716726303,
      0.17763492465019226,
      0.8148148059844971,
      0.9339749813079834,
      0.7025626301765442
    ],
    [
      -0.2972348928451538,
      0.2972348928451538,
      -0.23981106281280518,
      0.1111111119389534,
      0.5062615275382996,
      0.5267898440361023
    ],
    [
      0.02055737003684044,
      0.02055737003684044,
      0.07798120379447937,
      0.7777777910232544,
      0.24286659061908722,
      0.48573318123817444
    ],
    [
      -0.07696253061294556,
      0.07696253061294556,
      -0.019538693130016327,
      0.3333333432674408,
      0.6911592483520508,
      0.7025626301765442
    ],
    [
      -0.02570330910384655,
      0.02570330910384655,
      0.03172052651643753,
      0.5555555820465088,
      0.8450120687484741,
      0.6151544451713562
    ],
    [
      -0.06674762070178986,
      0.06674762070178986,
      -0.009323783218860626,
      0.40740740299224854,
      0.2477426826953888,
      0.4954853653907776
    ],
    [
      -0.08198068290948868,
      0.08198068290948868,
      -0.024556845426559448,
      0.29629629850387573,
      0.8444886207580566,
      0.576748788356781
    ],
    [
      -0.0005489200120791793,
      0.0005489200120791793,
      0.05687491595745087,
      0.6296296119689941,
      0.4925612807273865,
      0.5051669478416443
    ],
    [
      -0.11957266181707382,
      0.11957266181707382,
      -0.06214882433414459,
      0.2222222238779068,
      0.25258347392082214,
      0.5051669478416443
    ],
    [
      0.3139432668685913,
      0.3139432668685913,
      0.37136709690093994,
      1.0,
      0.9620150327682495,
      0.7933106422424316
    ],
    [
      -0.5021114945411682,
      0.5021114945411682,
      -0.4446876645088196,
      0.0,
      0.4630117118358612,
      0.7933106422424316
    ]
  ],
  "feature_names": [
    "charge",
    "abs_charge",
    "charge_centered",
    "charge_rank_norm",
    "wbo_sum",
    "wbo_max"
  ],
  "status": "ok",
  "error": null
}