{
  "canonical_smiles": "CNC(=O)Oc1cc(C)c(SC)c(C)c1",
  "xtb_valid": true,
  "atom_valid_mask": [
    [
      1.0
    ],
    [
      1.0
    ],
    [
      1.0
    ],
    [
      1.0
    ],
    [
      1.0
    ],
    [
      1.0
    ],
    [
      1.0
    ],
    [
      1.0
    ],
    [
      1.0
    ],
    [
      1.0
    ],
    [
      1.0
    ],
    [
      1.0
    ],
    [
      1.0
    ],
    [
      1.0
    ],
    [
      1.0
    ]
  ],
  "atom_features": [
    [
      -0.05851764976978302,
      0.05851764976978302,
      0.018093407154083252,
      0.5714285969734192,
      0.24966785311698914,
      0.49933570623397827
    ],
    [
      -0.19963009655475616,
      0.19963009655475616,
      -0.12301903963088989,
      0.2142857164144516,
      0.608278214931488,
      0.6289851665496826
    ],
    [
      0.39857327938079834,
      0.39857327938079834,
      0.4751843214035034,
      1.0,
      0.9684011340141296,
      0.8001507520675659
    ],
    [
      -0.5270763039588928,
      0.5270763039588928,
      -0.45046526193618774,
      0.0,
      0.4746077358722687,
      0.8001507520675659
    ],
    [
      -0.3205927014350891,
      0.3205927014350891,
      -0.24398164451122284,
      0.0714285746216774,
      0.5231699347496033,
      0.5076663494110107
    ],
    [
      0.13643912971019745,
      0.13643912971019745,
      0.21305018663406372,
      0.9285714030265808,
      0.9392316937446594,
      0.7005452513694763
    ],
    [
      -0.06133946031332016,
      0.06133946031332016,
      0.015271596610546112,
      0.5,
      0.7266318798065186,
      0.7019839882850647
    ],
    [
      0.016271870583295822,
      0.016271870583295822,
      0.09288293123245239,
      0.7142857313156128,
      0.9800900816917419,
      0.7019839882850647
    ],
    [
      -0.11322235316038132,
      0.11322235316038132,
      -0.036611296236515045,
      0.3571428656578064,
      0.2577357292175293,
      0.5154714584350586
    ],
    [
      0.024658670648932457,
      0.024658670648932457,
      0.10126972943544388,
      0.8571428656578064,
      0.9392751455307007,
      0.6920416355133057
    ],
    [
      -0.2252063751220703,
      0.2252063751220703,
      -0.14859531819820404,
      0.1428571492433548,
      0.49627697467803955,
      0.4975120425224304
    ],
    [
      -0.05387648940086365,
      0.05387648940086365,
      0.022734567523002625,
      0.6428571343421936,
      0.2487560212612152,
      0.4975120425224304
    ],
    [
      0.016722140833735466,
      0.016722140833735466,
      0.09333319962024689,
      0.7857142686843872,
      0.980003833770752,
      0.7022883296012878
    ],
    [
      -0.11544647812843323,
      0.11544647812843323,
      -0.038835421204566956,
      0.2857142984867096,
      0.2577590346336365,
      0.515518069267273
    ],
    [
      -0.06692299246788025,
      0.06692299246788025,
      0.009688064455986023,
      0.4285714328289032,
      0.7265226244926453,
      0.7022883296012878
    ]
  ],
  "feature_names": [
    "charge",
    "abs_charge",
    "charge_centered",
    "charge_rank_norm",
    "wbo_sum",
    "wbo_max"
  ],
  "status": "ok",
  "error": null
}