{
  "canonical_smiles": "C[C@@H](Nc1cc(-c2nc([S@@](C)=O)[nH]c2-c2ccc(F)cc2)ccn1)c1ccccc1",
  "xtb_valid": true,
  "atom_valid_mask": [
    [
      1.0
    ],
    [
      1.0
    ],
    [
      1.0
    ],
    [
      1.0
    ],
    [
      1.0
    ],
    [
      1.0
    ],
    [
      1.0
    ],
    [
      1.0
    ],
    [
      1.0
    ],
    [
      1.0
    ],
    [
      1.0
    ],
    [
      1.0
    ],
    [
      1.0
    ],
    [
      1.0
    ],
    [
      1.0
    ],
    [
      1.0
    ],
    [
      1.0
    ],
    [
      1.0
    ],
    [
      1.0
    ],
    [
      1.0
    ],
    [
      1.0
    ],
    [
      1.0
    ],
    [
      1.0
    ],
    [
      1.0
    ],
    [
      1.0
    ],
    [
      1.0
    ],
    [
      1.0
    ],
    [
      1.0
    ],
    [
      1.0
    ],
    [
      1.0
    ]
  ],
  "atom_features": [
    [
      -0.11639381945133209,
      0.11639381945133209,
      -0.0668652132153511,
      0.2068965584039688,
      0.25149914622306824,
      0.5029982924461365
    ],
    [
      0.043562278151512146,
      0.043562278151512146,
      0.09309088438749313,
      0.7931034564971924,
      0.7401593923568726,
      0.5029982924461365
    ],
    [
      -0.22358417510986328,
      0.22358417510986328,
      -0.1740555763244629,
      0.13793103396892548,
      0.5288857221603394,
      0.57146817445755
    ],
    [
      0.1548105627298355,
      0.1548105627298355,
      0.2043391764163971,
      0.931034505367279,
      0.9583787322044373,
      0.6777939796447754
    ],
    [
      -0.07269243150949478,
      0.07269243150949478,
      -0.023163825273513794,
      0.27586206793785095,
      0.7171635031700134,
      0.7108553051948547
    ],
    [
      0.022070959210395813,
      0.022070959210395813,
      0.0715995654463768,
      0.7241379022598267,
      0.9579721689224243,
      0.7108553051948547
    ],
    [
      0.050967440009117126,
      0.050967440009117126,
      0.10049604624509811,
      0.8620689511299133,
      0.9405362606048584,
      0.723613440990448
    ],
    [
      -0.2964348793029785,
      0.2964348793029785,
      -0.24690628051757812,
      0.03448275849223137,
      0.7180250883102417,
      0.7553340196609497
    ],
    [
      0.09576565027236938,
      0.09576565027236938,
      0.14529424905776978,
      0.8965517282485962,
      0.9231162667274475,
      0.7553340196609497
    ],
    [
      0.44541066884994507,
      0.44541066884994507,
      0.49493926763534546,
      1.0,
      0.8961958289146423,
      0.8457651734352112
    ],
    [
      -0.15011762082576752,
      0.15011762082576752,
      -0.10058901458978653,
      0.17241379618644714,
      0.23965439200401306,
      0.4793087840080261
    ],
    [
      -0.6242127418518066,
      0.6242127418518066,
      -0.5746841430664062,
      0.0,
      0.4228825867176056,
      0.8457651734352112
    ],
    [
      -0.1081499308347702,
      0.1081499308347702,
      -0.058621324598789215,
      0.24137930572032928,
      0.6355674862861633,
      0.6235806941986084
    ],
    [
      0.031360939145088196,
      0.031360939145088196,
      0.08088954538106918,
      0.7586206793785095,
      0.9219717979431152,
      0.723613440990448
    ],
    [
      0.009598069824278355,
      0.009598069824278355,
      0.05912667512893677,
      0.6896551847457886,
      0.9558311104774475,
      0.6935806274414062
    ],
    [
      -0.036430101841688156,
      0.036430101841688156,
      0.013098504394292831,
      0.5517241358757019,
      0.7355127334594727,
      0.723013699054718
    ],
    [
      -0.053743839263916016,
      0.053743839263916016,
      -0.004215233027935028,
      0.3448275923728943,
      0.7376319169998169,
      0.723013699054718
    ],
    [
      0.17411522567272186,
      0.17411522567272186,
      0.22364383935928345,
      0.9655172228813171,
      0.9320867657661438,
      0.69735187292099
    ],
    [
      -0.2549775242805481,
      0.2549775242805481,
      -0.2054489254951477,
      0.1034482792019844,
      0.23481523990631104,
      0.46963047981262207
    ],
    [
      -0.05225453898310661,
      0.05225453898310661,
      -0.0027259327471256256,
      0.37931033968925476,
      0.7377892732620239,
      0.7239561676979065
    ],
    [
      -0.0319075882434845,
      0.0319075882434845,
      0.01762101799249649,
      0.6206896305084229,
      0.7355338335037231,
      0.7239561676979065
    ],
    [
      -0.062209270894527435,
      0.062209270894527435,
      -0.012680664658546448,
      0.3103448152542114,
      0.7037643790245056,
      0.7322753071784973
    ],
    [
      0.048247888684272766,
      0.048247888684272766,
      0.09777649492025375,
      0.8275862336158752,
      0.7452091574668884,
      0.7322753071784973
    ],
    [
      -0.2861595153808594,
      0.2861595153808594,
      -0.23663091659545898,
      0.06896551698446274,
      0.6899803280830383,
      0.7021666765213013
    ],
    [
      -0.0007721500005573034,
      0.0007721500005573034,
      0.04875645786523819,
      0.6551724076271057,
      0.9796460866928101,
      0.70858234167099
    ],
    [
      -0.035562269389629364,
      0.035562269389629364,
      0.013966336846351624,
      0.5862069129943848,
      0.7420411705970764,
      0.7200565338134766
    ],
    [
      -0.03669280931353569,
      0.03669280931353569,
      0.012835796922445297,
      0.517241358757019,
      0.7482722997665405,
      0.720458447933197
    ],
    [
      -0.03753294050693512,
      0.03753294050693512,
      0.011995665729045868,
      0.4482758641242981,
      0.7467990517616272,
      0.720458447933197
    ],
    [
      -0.03730257973074913,
      0.03730257973074913,
      0.012226026505231857,
      0.48275861144065857,
      0.7483554482460022,
      0.7230087518692017
    ],
    [
      -0.04463706165552139,
      0.04463706165552139,
      0.004891544580459595,
      0.4137931168079376,
      0.741925060749054,
      0.7230087518692017
    ]
  ],
  "feature_names": [
    "charge",
    "abs_charge",
    "charge_centered",
    "charge_rank_norm",
    "wbo_sum",
    "wbo_max"
  ],
  "status": "ok",
  "error": null
}