{
  "canonical_smiles": "CCOc1ccccc1OCCNC(C)Cc1ccc(OC)c(S(N)(=O)=O)c1",
  "xtb_valid": true,
  "atom_valid_mask": [
    [
      1.0
    ],
    [
      1.0
    ],
    [
      1.0
    ],
    [
      1.0
    ],
    [
      1.0
    ],
    [
      1.0
    ],
    [
      1.0
    ],
    [
      1.0
    ],
    [
      1.0
    ],
    [
      1.0
    ],
    [
      1.0
    ],
    [
      1.0
    ],
    [
      1.0
    ],
    [
      1.0
    ],
    [
      1.0
    ],
    [
      1.0
    ],
    [
      1.0
    ],
    [
      1.0
    ],
    [
      1.0
    ],
    [
      1.0
    ],
    [
      1.0
    ],
    [
      1.0
    ],
    [
      1.0
    ],
    [
      1.0
    ],
    [
      1.0
    ],
    [
      1.0
    ],
    [
      1.0
    ],
    [
      1.0
    ]
  ],
  "atom_features": [
    [
      -0.12319550663232803,
      0.12319550663232803,
      -0.05052795261144638,
      0.29629629850387573,
      0.2541428804397583,
      0.5082857608795166
    ],
    [
      0.08483312278985977,
      0.08483312278985977,
      0.15750068426132202,
      0.8518518805503845,
      0.489271879196167,
      0.5082857608795166
    ],
    [
      -0.322182297706604,
      0.322182297706604,
      -0.24951474368572235,
      0.18518517911434174,
      0.49376770853996277,
      0.5172774195671082
    ],
    [
      0.11980879306793213,
      0.11980879306793213,
      0.19247634708881378,
      0.9259259104728699,
      0.9374418258666992,
      0.6914189457893372
    ],
    [
      -0.06072385981678963,
      0.06072385981678963,
      0.011943694204092026,
      0.4444444477558136,
      0.7332164645195007,
      0.7213709354400635
    ],
    [
      -0.044810701161623,
      0.044810701161623,
      0.02785685285925865,
      0.5555555820465088,
      0.7193185687065125,
      0.7213709354400635
    ],
    [
      -0.04657069966197014,
      0.04657069966197014,
      0.026096854358911514,
      0.5185185074806213,
      0.7184103727340698,
      0.7195545434951782
    ],
    [
      -0.0635823905467987,
      0.0635823905467987,
      0.009085163474082947,
      0.40740740299224854,
      0.7345400452613831,
      0.7195545434951782
    ],
    [
      0.11232934147119522,
      0.11232934147119522,
      0.18499690294265747,
      0.8888888955116272,
      0.9345680475234985,
      0.6958825588226318
    ],
    [
      -0.32363423705101013,
      0.32363423705101013,
      -0.2509666681289673,
      0.14814814925193787,
      0.49025291204452515,
      0.5070661902427673
    ],
    [
      0.0790872871875763,
      0.0790872871875763,
      0.15175484120845795,
      0.8148148059844971,
      0.4863843619823456,
      0.4993290603160858
    ],
    [
      0.00696416012942791,
      0.00696416012942791,
      0.07963171601295471,
      0.6666666865348816,
      0.5032244920730591,
      0.5071199536323547
    ],
    [
      -0.27583011984825134,
      0.27583011984825134,
      -0.2031625658273697,
      0.2222222238779068,
      0.5039415955543518,
      0.5071199536323547
    ],
    [
      0.05057225003838539,
      0.05057225003838539,
      0.12323980033397675,
      0.7777777910232544,
      0.7421005368232727,
      0.5020453929901123
    ],
    [
      -0.12666720151901245,
      0.12666720151901245,
      -0.0539996474981308,
      0.25925925374031067,
      0.25102269649505615,
      0.5020453929901123
    ],
    [
      -0.0822787880897522,
      0.0822787880897522,
      -0.009611234068870544,
      0.37037035822868347,
      0.4945021867752075,
      0.5076119899749756
    ],
    [
      0.023197630420327187,
      0.023197630420327187,
      0.09586518257856369,
      0.7407407164573669,
      0.9545480608940125,
      0.7030220627784729
    ],
    [
      -0.037846021354198456,
      0.037846021354198456,
      0.0348215326666832,
      0.6296296119689941,
      0.7115126252174377,
      0.7245631217956543
    ],
    [
      -0.05490503087639809,
      0.05490503087639809,
      0.017762523144483566,
      0.48148149251937866,
      0.7346022129058838,
      0.7245631217956543
    ],
    [
      0.14072641730308533,
      0.14072641730308533,
      0.21339397132396698,
      0.9629629850387573,
      0.9418959617614746,
      0.6909598708152771
    ],
    [
      -0.3320977985858917,
      0.3320977985858917,
      -0.2594302296638489,
      0.1111111119389534,
      0.49064478278160095,
      0.5097554326057434
    ],
    [
      0.020112819969654083,
      0.020112819969654083,
      0.09278037399053574,
      0.7037037014961243,
      0.23576706647872925,
      0.4715341329574585
    ],
    [
      -0.11835265904664993,
      0.11835265904664993,
      -0.04568510502576828,
      0.3333333432674408,
      0.8833139538764954,
      0.706095278263092
    ],
    [
      1.1874459981918335,
      1.1874459981918335,
      1.2601135969161987,
      1.0,
      1.2056522369384766,
      0.7820991277694702
    ],
    [
      -0.5002026557922363,
      0.5002026557922363,
      -0.42753511667251587,
      0.07407407462596893,
      0.23827961087226868,
      0.47655922174453735
    ],
    [
      -0.6502606868743896,
      0.6502606868743896,
      -0.5775931477546692,
      0.03703703731298447,
      0.4170326292514801,
      0.7820991277694702
    ],
    [
      -0.6566187143325806,
      0.6566187143325806,
      -0.5839511752128601,
      0.0,
      0.41357818245887756,
      0.7751902341842651
    ],
    [
      -0.04001003876328468,
      0.04001003876328468,
      0.03265751525759697,
      0.5925925970077515,
      0.7313993573188782,
      0.706095278263092
    ]
  ],
  "feature_names": [
    "charge",
    "abs_charge",
    "charge_centered",
    "charge_rank_norm",
    "wbo_sum",
    "wbo_max"
  ],
  "status": "ok",
  "error": null
}