{
  "canonical_smiles": "Cc1ccc(C(=O)[C@@H](C)N2CCCC2)cc1",
  "xtb_valid": true,
  "atom_valid_mask": [
    [
      1.0
    ],
    [
      1.0
    ],
    [
      1.0
    ],
    [
      1.0
    ],
    [
      1.0
    ],
    [
      1.0
    ],
    [
      1.0
    ],
    [
      1.0
    ],
    [
      1.0
    ],
    [
      1.0
    ],
    [
      1.0
    ],
    [
      1.0
    ],
    [
      1.0
    ],
    [
      1.0
    ],
    [
      1.0
    ],
    [
      1.0
    ]
  ],
  "atom_features": [
    [
      -0.12767329812049866,
      0.12767329812049866,
      -0.07544627785682678,
      0.13333334028720856,
      0.25816622376441956,
      0.5163324475288391
    ],
    [
      0.03272245079278946,
      0.03272245079278946,
      0.08494947105646133,
      0.9333333373069763,
      0.9559349417686462,
      0.6982870101928711
    ],
    [
      -0.04242995008826256,
      0.04242995008826256,
      0.009797070175409317,
      0.46666666865348816,
      0.7398141622543335,
      0.7305565476417542
    ],
    [
      -0.029134659096598625,
      0.029134659096598625,
      0.02309236116707325,
      0.5333333611488342,
      0.7337207198143005,
      0.7305565476417542
    ],
    [
      -0.018305180594325066,
      0.018305180594325066,
      0.03392183780670166,
      0.6666666865348816,
      0.9462071061134338,
      0.6859845519065857
    ],
    [
      0.22322656214237213,
      0.22322656214237213,
      0.2754535675048828,
      1.0,
      0.9441007971763611,
      0.8869458436965942
    ],
    [
      -0.43928390741348267,
      0.43928390741348267,
      -0.3870568871498108,
      0.0,
      0.4434729218482971,
      0.8869458436965942
    ],
    [
      0.02269696071743965,
      0.02269696071743965,
      0.07492397725582123,
      0.8666666746139526,
      0.733363687992096,
      0.49776139855384827
    ],
    [
      -0.10360579937696457,
      0.10360579937696457,
      -0.051378779113292694,
      0.20000000298023224,
      0.24888069927692413,
      0.49776139855384827
    ],
    [
      -0.18784844875335693,
      0.18784844875335693,
      -0.13562142848968506,
      0.06666667014360428,
      0.7435486912727356,
      0.49884507060050964
    ],
    [
      0.017532719299197197,
      0.017532719299197197,
      0.06975974142551422,
      0.800000011920929,
      0.5004670023918152,
      0.5020889043807983
    ],
    [
      -0.06426221132278442,
      0.06426221132278442,
      -0.012035191059112549,
      0.3333333432674408,
      0.5012816190719604,
      0.5020889043807983
    ],
    [
      -0.06519859284162521,
      0.06519859284162521,
      -0.012971572577953339,
      0.2666666805744171,
      0.5009276866912842,
      0.5013810396194458
    ],
    [
      0.010278520174324512,
      0.010278520174324512,
      0.06250554323196411,
      0.7333333492279053,
      0.49933695793151855,
      0.5013810396194458
    ],
    [
      -0.021335609257221222,
      0.021335609257221222,
      0.030891411006450653,
      0.6000000238418579,
      0.7333317995071411,
      0.7326982021331787
    ],
    [
      -0.04301182180643082,
      0.04301182180643082,
      0.009215198457241058,
      0.4000000059604645,
      0.7404245138168335,
      0.7326982021331787
    ]
  ],
  "feature_names": [
    "charge",
    "abs_charge",
    "charge_centered",
    "charge_rank_norm",
    "wbo_sum",
    "wbo_max"
  ],
  "status": "ok",
  "error": null
}