{
  "canonical_smiles": "CO[C@H]1C[C@@H]2CC[C@@H](C)[C@@](O)(O2)C(=O)C(=O)N2CCCC[C@H]2C(=O)O[C@H]([C@H](C)C[C@@H]2CC[C@@H](OCCO)[C@H](OC)C2)CC(=O)[C@H](C)/C=C(\\C)[C@@H](O)[C@@H](OC)C(=O)[C@H](C)C[C@H](C)/C=C/C=C/C=C/1C",
  "xtb_valid": true,
  "atom_valid_mask": [
    [
      1.0
    ],
    [
      1.0
    ],
    [
      1.0
    ],
    [
      1.0
    ],
    [
      1.0
    ],
    [
      1.0
    ],
    [
      1.0
    ],
    [
      1.0
    ],
    [
      1.0
    ],
    [
      1.0
    ],
    [
      1.0
    ],
    [
      1.0
    ],
    [
      1.0
    ],
    [
      1.0
    ],
    [
      1.0
    ],
    [
      1.0
    ],
    [
      1.0
    ],
    [
      1.0
    ],
    [
      1.0
    ],
    [
      1.0
    ],
    [
      1.0
    ],
    [
      1.0
    ],
    [
      1.0
    ],
    [
      1.0
    ],
    [
      1.0
    ],
    [
      1.0
    ],
    [
      1.0
    ],
    [
      1.0
    ],
    [
      1.0
    ],
    [
      1.0
    ],
    [
      1.0
    ],
    [
      1.0
    ],
    [
      1.0
    ],
    [
      1.0
    ],
    [
      1.0
    ],
    [
      1.0
    ],
    [
      1.0
    ],
    [
      1.0
    ],
    [
      1.0
    ],
    [
      1.0
    ],
    [
      1.0
    ],
    [
      1.0
    ],
    [
      1.0
    ],
    [
      1.0
    ],
    [
      1.0
    ],
    [
      1.0
    ],
    [
      1.0
    ],
    [
      1.0
    ],
    [
      1.0
    ],
    [
      1.0
    ],
    [
      1.0
    ],
    [
      1.0
    ],
    [
      1.0
    ],
    [
      1.0
    ],
    [
      1.0
    ],
    [
      1.0
    ],
    [
      1.0
    ],
    [
      1.0
    ],
    [
      1.0
    ],
    [
      1.0
    ],
    [
      1.0
    ],
    [
      1.0
    ],
    [
      1.0
    ],
    [
      1.0
    ],
    [
      1.0
    ],
    [
      1.0
    ],
    [
      1.0
    ],
    [
      1.0
    ]
  ],
  "atom_features": [
    [
      0.0365590900182724,
      0.0365590900182724,
      0.11299295723438263,
      0.7761194109916687,
      0.2471185028553009,
      0.4942370057106018
    ],
    [
      -0.3596118092536926,
      0.3596118092536926,
      -0.2831779420375824,
      0.1492537260055542,
      0.4851500988006592,
      0.4942370057106018
    ],
    [
      0.10652632266283035,
      0.10652632266283035,
      0.18296018242835999,
      0.8507462739944458,
      0.7280173897743225,
      0.49173152446746826
    ],
    [
      -0.0780511200428009,
      0.0780511200428009,
      -0.0016172528266906738,
      0.34328359365463257,
      0.490473210811615,
      0.49270638823509216
    ],
    [
      0.11650841683149338,
      0.11650841683149338,
      0.1929422914981842,
      0.9104477763175964,
      0.7310150265693665,
      0.495781272649765
    ],
    [
      -0.07477878779172897,
      0.07477878779172897,
      0.001655079424381256,
      0.35820895433425903,
      0.4990367889404297,
      0.502292275428772
    ],
    [
      -0.06300687044858932,
      0.06300687044858932,
      0.013426996767520905,
      0.4776119291782379,
      0.4982277750968933,
      0.502292275428772
    ],
    [
      -0.011602279730141163,
      0.011602279730141163,
      0.06483158469200134,
      0.6716417670249939,
      0.7315329313278198,
      0.5032071471214294
    ],
    [
      -0.1156945526599884,
      0.1156945526599884,
      -0.039260685443878174,
      0.2238806039094925,
      0.2516035735607147,
      0.5032071471214294
    ],
    [
      0.2614324390888214,
      0.2614324390888214,
      0.33786630630493164,
      0.9850746393203735,
      0.9508451819419861,
      0.5014811754226685
    ],
    [
      -0.4828711152076721,
      0.4828711152076721,
      -0.4064372479915619,
      0.02985074557363987,
      0.25074058771133423,
      0.5014811754226685
    ],
    [
      -0.37100595235824585,
      0.37100595235824585,
      -0.2945720851421356,
      0.10447761416435242,
      0.47245997190475464,
      0.47354233264923096
    ],
    [
      0.202824667096138,
      0.202824667096138,
      0.2792585492134094,
      0.9253731369972229,
      0.9256294965744019,
      0.9236767888069153
    ],
    [
      -0.3658628761768341,
      0.3658628761768341,
      -0.2894290089607239,
      0.13432836532592773,
      0.46183839440345764,
      0.9236767888069153
    ],
    [
      0.25205478072166443,
      0.25205478072166443,
      0.32848864793777466,
      0.9701492786407471,
      0.957388162612915,
      0.8184250593185425
    ],
    [
      -0.45609498023986816,
      0.45609498023986816,
      -0.37966111302375793,
      0.05970149114727974,
      0.4629177749156952,
      0.8184250593185425
    ],
    [
      -0.08468257635831833,
      0.08468257635831833,
      -0.0082487091422081,
      0.3283582031726837,
      0.8535105586051941,
      0.6319053769111633
    ],
    [
      0.0009707799763418734,
      0.0009707799763418734,
      0.07740464806556702,
      0.7164179086685181,
      0.49348846077919006,
      0.5046157836914062
    ],
    [
      -0.06423530727624893,
      0.06423530727624893,
      0.012198559939861298,
      0.46268656849861145,
      0.504321277141571,
      0.5046157836914062
    ],
    [
      -0.06658779084682465,
      0.06658779084682465,
      0.009846076369285583,
      0.447761207818985,
      0.5026010870933533,
      0.5040267705917358
    ],
    [
      -0.07130342721939087,
      0.07130342721939087,
      0.00513043999671936,
      0.38805970549583435,
      0.4973856508731842,
      0.5011754035949707
    ],
    [
      0.025693949311971664,
      0.025693949311971664,
      0.10212782025337219,
      0.7313432693481445,
      0.7239837050437927,
      0.4935959279537201
    ],
    [
      0.3566420376300812,
      0.3566420376300812,
      0.4330759048461914,
      1.0,
      0.9528274536132812,
      0.8440157771110535
    ],
    [
      -0.4580181837081909,
      0.4580181837081909,
      -0.3815843164920807,
      0.04477611929178238,
      0.4658069312572479,
      0.8440157771110535
    ],
    [
      -0.23303696513175964,
      0.23303696513175964,
      -0.15660309791564941,
      0.19402985274791718,
      0.5677042603492737,
      0.5926117300987244
    ],
    [
      0.11416134983301163,
      0.11416134983301163,
      0.19059520959854126,
      0.89552241563797,
      0.7115169167518616,
      0.4842228293418884
    ],
    [
      -0.019659340381622314,
      0.019659340381622314,
      0.056774526834487915,
      0.641791045665741,
      0.7426450252532959,
      0.504325807094574
    ],
    [
      -0.10689905285835266,
      0.10689905285835266,
      -0.03046518564224243,
      0.26865673065185547,
      0.252162903547287,
      0.504325807094574
    ],
    [
      -0.07053686678409576,
      0.07053686678409576,
      0.005897000432014465,
      0.43283581733703613,
      0.4976590871810913,
      0.4979662597179413
    ],
    [
      -0.023004630580544472,
      0.023004630580544472,
      0.05342923849821091,
      0.6268656849861145,
      0.7451274991035461,
      0.4979662597179413
    ],
    [
      -0.07227443158626556,
      0.07227443158626556,
      0.0041594356298446655,
      0.3731343150138855,
      0.5007801055908203,
      0.5058857202529907
    ],
    [
      -0.07110071182250977,
      0.07110071182250977,
      0.005333155393600464,
      0.4029850661754608,
      0.5003425478935242,
      0.5058857202529907
    ],
    [
      0.104657381772995,
      0.104657381772995,
      0.18109124898910522,
      0.8358209133148193,
      0.7287782430648804,
      0.4947993755340576
    ],
    [
      -0.35901957750320435,
      0.35901957750320435,
      -0.2825857102870941,
      0.16417910158634186,
      0.4821919798851013,
      0.48598727583885193
    ],
    [
      0.06903787702322006,
      0.06903787702322006,
      0.1454717516899109,
      0.8059701323509216,
      0.4928075075149536,
      0.4996277391910553
    ],
    [
      0.06681559234857559,
      0.06681559234857559,
      0.14324945211410522,
      0.7910447716712952,
      0.498577743768692,
