{
  "canonical_smiles": "Cc1cc2nc3c(=O)[nH]c(=O)nc-3n(CC(O)C(O)C(O)CO)c2cc1C",
  "xtb_valid": true,
  "atom_valid_mask": [
    [
      1.0
    ],
    [
      1.0
    ],
    [
      1.0
    ],
    [
      1.0
    ],
    [
      1.0
    ],
    [
      1.0
    ],
    [
      1.0
    ],
    [
      1.0
    ],
    [
      1.0
    ],
    [
      1.0
    ],
    [
      1.0
    ],
    [
      1.0
    ],
    [
      1.0
    ],
    [
      1.0
    ],
    [
      1.0
    ],
    [
      1.0
    ],
    [
      1.0
    ],
    [
      1.0
    ],
    [
      1.0
    ],
    [
      1.0
    ],
    [
      1.0
    ],
    [
      1.0
    ],
    [
      1.0
    ],
    [
      1.0
    ],
    [
      1.0
    ],
    [
      1.0
    ],
    [
      1.0
    ]
  ],
  "atom_features": [
    [
      -0.13202336430549622,
      0.13202336430549622,
      -0.029761888086795807,
      0.38461539149284363,
      0.2588130831718445,
      0.517626166343689
    ],
    [
      0.024904770776629448,
      0.024904770776629448,
      0.1271662414073944,
      0.5769230723381042,
      0.9525964856147766,
      0.7304304838180542
    ],
    [
      -0.04502110928297043,
      0.04502110928297043,
      0.05724036693572998,
      0.4615384638309479,
      0.7207894921302795,
      0.7304304838180542
    ],
    [
      0.06937208026647568,
      0.06937208026647568,
      0.1716335564851761,
      0.7692307829856873,
      0.9387232661247253,
      0.6607614159584045
    ],
    [
      -0.20830723643302917,
      0.20830723643302917,
      -0.10604576021432877,
      0.3076923191547394,
      0.7076053023338318,
      0.8171560168266296
    ],
    [
      0.042043041437864304,
      0.042043041437864304,
      0.14430451393127441,
      0.6538461446762085,
      0.9206066131591797,
      0.8171560168266296
    ],
    [
      0.2891440987586975,
      0.2891440987586975,
      0.3914055824279785,
      0.9615384340286255,
      0.9602493643760681,
      0.8397921323776245
    ],
    [
      -0.4455215036869049,
      0.4455215036869049,
      -0.3432600200176239,
      0.19230769574642181,
      0.45739811658859253,
      0.8397921323776245
    ],
    [
      -0.20998233556747437,
      0.20998233556747437,
      -0.10772085934877396,
      0.26923078298568726,
      0.625573456287384,
      0.5833947062492371
    ],
    [
      0.35677117109298706,
      0.35677117109298706,
      0.45903265476226807,
      1.0,
      0.9653834700584412,
      0.8028991222381592
    ],
    [
      -0.5047147870063782,
      0.5047147870063782,
      -0.40245330333709717,
      0.07692307978868484,
      0.42699477076530457,
      0.8028991222381592
    ],
    [
      -0.3458091616630554,
      0.3458091616630554,
      -0.24354767799377441,
      0.23076923191547394,
      0.684002161026001,
      0.7296241521835327
    ],
    [
      0.1517980545759201,
      0.1517980545759201,
      0.2540595233440399,
      0.9230769276618958,
      0.9393854141235352,
      0.7296241521835327
    ],
    [
      -0.009511030279099941,
      0.009511030279099941,
      0.0927504450082779,
      0.5384615659713745,
      0.8574057817459106,
      0.622401237487793
    ],
    [
      -0.030107060447335243,
      0.030107060447335243,
      0.07215441763401031,
      0.5,
      0.48475468158721924,
      0.48815301060676575
    ],
    [
      0.10813567787408829,
      0.10813567787408829,
      0.2103971540927887,
      0.8846153616905212,
      0.7324195504188538,
      0.49306488037109375
    ],
    [
      -0.5079022645950317,
      0.5079022645950317,
      -0.40564078092575073,
      0.03846153989434242,
      0.24653244018554688,
      0.49306488037109375
    ],
    [
      0.09795884042978287,
      0.09795884042978287,
      0.20022031664848328,
      0.807692289352417,
      0.7344009876251221,
      0.49533677101135254
    ],
    [
      -0.4937228858470917,
      0.4937228858470917,
      -0.39146140217781067,
      0.1538461595773697,
      0.24766838550567627,
      0.49533677101135254
    ],
    [
      0.10312273353338242,
      0.10312273353338242,
      0.20538420975208282,
      0.8461538553237915,
      0.7391483783721924,
      0.49456456303596497
    ],
    [
      -0.5026848316192627,
      0.5026848316192627,
      -0.4004233479499817,
      0.11538461595773697,
      0.24694415926933289,
      0.49388831853866577
    ],
    [
      0.0628250390291214,
      0.0628250390291214,
      0.1650865077972412,
      0.7307692170143127,
      0.4939448833465576,
      0.49456456303596497
    ],
    [
      -0.5267431735992432,
      0.5267431735992432,
      -0.42448168992996216,
      0.0,
      0.24666258692741394,
      0.4933251738548279
    ],
    [
      0.055756788700819016,
      0.055756788700819016,
      0.15801826119422913,
      0.692307710647583,
      0.9302072525024414,
      0.6829002499580383
    ],
    [
      -0.06196989864110947,
      0.06196989864110947,
      0.04029157757759094,
      0.42307692766189575,
      0.7229775786399841,
      0.7126678228378296
    ],
    [
      0.03680231049656868,
      0.03680231049656868,
      0.1390637904405594,
      0.6153846383094788,
      0.9450643062591553,
      0.7126678228378296
    ],
    [
      -0.13567346334457397,
      0.13567346334457397,
      -0.033411987125873566,
      0.3461538553237915,
      0.26016223430633545,
      0.5203244686126709
    ]
  ],
  "feature_names": [
    "charge",
    "abs_charge",
    "charge_centered",
    "charge_rank_norm",
    "wbo_sum",
    "wbo_max"
  ],
  "status": "ok",
  "error": null
}