{
  "canonical_smiles": "CCOc1ccc2cc(C#N)c(=O)oc2c1",
  "xtb_valid": true,
  "atom_valid_mask": [
    [
      1.0
    ],
    [
      1.0
    ],
    [
      1.0
    ],
    [
      1.0
    ],
    [
      1.0
    ],
    [
      1.0
    ],
    [
      1.0
    ],
    [
      1.0
    ],
    [
      1.0
    ],
    [
      1.0
    ],
    [
      1.0
    ],
    [
      1.0
    ],
    [
      1.0
    ],
    [
      1.0
    ],
    [
      1.0
    ],
    [
      1.0
    ]
  ],
  "atom_features": [
    [
      -0.12927566468715668,
      0.12927566468715668,
      -0.08660133928060532,
      0.2666666805744171,
      0.2543608546257019,
      0.5087217092514038
    ],
    [
      0.0714123323559761,
      0.0714123323559761,
      0.11408665776252747,
      0.7333333492279053,
      0.49072712659835815,
      0.5087217092514038
    ],
    [
      -0.2616647779941559,
      0.2616647779941559,
      -0.21899044513702393,
      0.06666667014360428,
      0.5135695934295654,
      0.5544065833091736
    ],
    [
      0.16470365226268768,
      0.16470365226268768,
      0.20737797021865845,
      0.9333333373069763,
      0.9455471038818359,
      0.6831538677215576
    ],
    [
      -0.05584513023495674,
      0.05584513023495674,
      -0.01317080482840538,
      0.4000000059604645,
      0.7055234909057617,
      0.7575132250785828
    ],
    [
      -0.031568288803100586,
      0.031568288803100586,
      0.011106036603450775,
      0.46666666865348816,
      0.7073313593864441,
      0.7575132250785828
    ],
    [
      -0.0018836699891835451,
      0.0018836699891835451,
      0.040790654718875885,
      0.6000000238418579,
      0.9477322101593018,
      0.6571494340896606
    ],
    [
      0.0016777999699115753,
      0.0016777999699115753,
      0.044352125376462936,
      0.6666666865348816,
      0.6941027045249939,
      0.7967961430549622
    ],
    [
      -0.01573774963617325,
      0.01573774963617325,
      0.026936575770378113,
      0.5333333611488342,
      0.9353640675544739,
      0.7967961430549622
    ],
    [
      0.12971782684326172,
      0.12971782684326172,
      0.17239215970039368,
      0.800000011920929,
      0.9724676609039307,
      1.3954838514328003
    ],
    [
      -0.256375789642334,
      0.256375789642334,
      -0.21370145678520203,
      0.20000000298023224,
      0.6977419257164001,
      1.3954838514328003
    ],
    [
      0.3582867383956909,
      0.3582867383956909,
      0.4009610712528229,
      1.0,
      0.9476650953292847,
      0.8382472991943359
    ],
    [
      -0.46922188997268677,
      0.46922188997268677,
      -0.4265475571155548,
      0.0,
      0.45516565442085266,
      0.8382472991943359
    ],
    [
      -0.25862500071525574,
      0.25862500071525574,
      -0.21595066785812378,
      0.13333334028720856,
      0.5542912483215332,
      0.5326022505760193
    ],
    [
      0.15034900605678558,
      0.15034900605678558,
      0.19302332401275635,
      0.8666666746139526,
      0.9232684969902039,
      0.6957350373268127
    ],
    [
      -0.07873865962028503,
      0.07873865962028503,
      -0.03606433421373367,
      0.3333333432674408,
      0.6894444823265076,
      0.6957350373268127
    ]
  ],
  "feature_names": [
    "charge",
    "abs_charge",
    "charge_centered",
    "charge_rank_norm",
    "wbo_sum",
    "wbo_max"
  ],
  "status": "ok",
  "error": null
}