{
  "canonical_smiles": "Cc1ccc(Nc2nccc(N(C)c3ccc4c(C)n(C)nc4c3)n2)cc1S(N)(=O)=O",
  "xtb_valid": true,
  "atom_valid_mask": [
    [
      1.0
    ],
    [
      1.0
    ],
    [
      1.0
    ],
    [
      1.0
    ],
    [
      1.0
    ],
    [
      1.0
    ],
    [
      1.0
    ],
    [
      1.0
    ],
    [
      1.0
    ],
    [
      1.0
    ],
    [
      1.0
    ],
    [
      1.0
    ],
    [
      1.0
    ],
    [
      1.0
    ],
    [
      1.0
    ],
    [
      1.0
    ],
    [
      1.0
    ],
    [
      1.0
    ],
    [
      1.0
    ],
    [
      1.0
    ],
    [
      1.0
    ],
    [
      1.0
    ],
    [
      1.0
    ],
    [
      1.0
    ],
    [
      1.0
    ],
    [
      1.0
    ],
    [
      1.0
    ],
    [
      1.0
    ],
    [
      1.0
    ],
    [
      1.0
    ],
    [
      1.0
    ]
  ],
  "atom_features": [
    [
      -0.1317528337240219,
      0.1317528337240219,
      -0.06678219884634018,
      0.23333333432674408,
      0.25724953413009644,
      0.5144990682601929
    ],
    [
      0.017098579555749893,
      0.017098579555749893,
      0.08206921815872192,
      0.7333333492279053,
      0.9510329365730286,
      0.6994754672050476
    ],
    [
      -0.04032694175839424,
      0.04032694175839424,
      0.02464369311928749,
      0.6333333253860474,
      0.7390843629837036,
      0.7266354560852051
    ],
    [
      -0.04906482994556427,
      0.04906482994556427,
      0.015905804932117462,
      0.5666666626930237,
      0.7276917695999146,
      0.7266354560852051
    ],
    [
      0.08759267628192902,
      0.08759267628192902,
      0.15256330370903015,
      0.8999999761581421,
      0.9544789791107178,
      0.6786608099937439
    ],
    [
      -0.15919208526611328,
      0.15919208526611328,
      -0.09422145038843155,
      0.20000000298023224,
      0.5673378109931946,
      0.5823365449905396
    ],
    [
      0.23347552120685577,
      0.23347552120685577,
      0.2984461486339569,
      0.9666666388511658,
      0.9551391005516052,
      0.6664271354675293
    ],
    [
      -0.3055947422981262,
      0.3055947422981262,
      -0.2406240999698639,
      0.1666666716337204,
      0.684083104133606,
      0.7017390727996826
    ],
    [
      0.06799370050430298,
      0.06799370050430298,
      0.1329643428325653,
      0.8333333134651184,
      0.716276228427887,
      0.7308133840560913
    ],
    [
      -0.08172085136175156,
      0.08172085136175156,
      -0.016750216484069824,
      0.36666667461395264,
      0.7018701434135437,
      0.7308133840560913
    ],
    [
      0.1710742861032486,
      0.1710742861032486,
      0.23604491353034973,
      0.9333333373069763,
      0.947860598564148,
      0.6871282458305359
    ],
    [
      -0.1150393933057785,
      0.1150393933057785,
      -0.05006875842809677,
      0.30000001192092896,
      0.7835965752601624,
      0.5401447415351868
    ],
    [
      -0.047173090279102325,
      0.047173090279102325,
      0.017797544598579407,
      0.6000000238418579,
      0.24569113552570343,
      0.49138227105140686
    ],
    [
      0.05680504068732262,
      0.05680504068732262,
      0.12177567183971405,
      0.7666666507720947,
      0.9489234685897827,
      0.7209201455116272
    ],
    [
      -0.06737955659627914,
      0.06737955659627914,
      -0.002408921718597412,
      0.46666666865348816,
      0.7020816802978516,
      0.7673812508583069
    ],
    [
      -0.051049478352069855,
      0.051049478352069855,
      0.013921156525611877,
      0.5333333611488342,
      0.7367377877235413,
      0.7673812508583069
    ],
    [
      -0.03528134152293205,
      0.03528134152293205,
      0.02968929335474968,
      0.6666666865348816,
      0.9490769505500793,
      0.6702768802642822
    ],
    [
      0.015982499346137047,
      0.015982499346137047,
      0.08095313608646393,
      0.699999988079071,
      0.9589347839355469,
      0.6702768802642822
    ],
    [
      -0.12156987190246582,
      0.12156987190246582,
      -0.05659923702478409,
      0.2666666805744171,
      0.2590457797050476,
      0.5180915594100952
    ],
    [
      0.0743669867515564,
      0.0743669867515564,
      0.13933762907981873,
      0.8666666746139526,
      0.8684998750686646,
      0.6410143971443176
    ],
    [
      -0.08161775022745132,
      0.08161775022745132,
      -0.016647115349769592,
      0.4000000059604645,
      0.24910326302051544,
      0.4982065260410309
    ],
    [
      -0.3077521324157715,
      0.3077521324157715,
      -0.24278149008750916,
      0.13333334028720856,
      0.6837896704673767,
      0.681313693523407
    ],
    [
      0.06119722127914429,
      0.06119722127914429,
      0.12616786360740662,
      0.800000011920929,
      0.9542750120162964,
      0.681313693523407
    ],
    [
      -0.07389383763074875,
      0.07389383763074875,
      -0.008923202753067017,
      0.4333333373069763,
      0.7131868600845337,
      0.7209201455116272
    ],
    [
      -0.3277797996997833,
      0.3277797996997833,
      -0.262809157371521,
      0.10000000149011612,
      0.6743214130401611,
      0.6871282458305359
    ],
    [
      -0.062429528683423996,
      0.062429528683423996,
      0.002541106194257736,
      0.5,
      0.7219467163085938,
      0.7138775587081909
    ],
    [
      -0.09408450871706009,
      0.09408450871706009,
      -0.029113873839378357,
      0.3333333432674408,
      0.9123141169548035,
      0.7138775587081909
    ],
    [
      1.1758590936660767,
      1.1758590936660767,
      1.2408297061920166,
      1.0,
      1.201634168624878,
      0.7743087410926819
    ],
    [
      -0.4964936673641205,
      0.4964936673641205,
      -0.43152302503585815,
      0.06666667014360428,
      0.2417086511850357,
      0.4834173023700714
    ],
    [
      -0.6657705903053284,
      0.6657705903053284,
      -0.6007999777793884,
      0.0,
      0.4118449091911316,
      0.7729701995849609
    ],
    [
      -0.6605682373046875,
      0.6605682373046875,
      -0.5955976247787476,
      0.03333333507180214,
      0.41251417994499207,
      0.7743087410926819
    ]
  ],
  "feature_names": [
    "charge",
    "abs_charge",
    "charge_centered",
    "charge_rank_norm",
    "wbo_sum",
    "wbo_max"
  ],
  "status": "ok",
  "error": null
}