{
  "canonical_smiles": "NC(N)=N/N=C/c1c(Cl)cccc1Cl",
  "xtb_valid": true,
  "atom_valid_mask": [
    [
      1.0
    ],
    [
      1.0
    ],
    [
      1.0
    ],
    [
      1.0
    ],
    [
      1.0
    ],
    [
      1.0
    ],
    [
      1.0
    ],
    [
      1.0
    ],
    [
      1.0
    ],
    [
      1.0
    ],
    [
      1.0
    ],
    [
      1.0
    ],
    [
      1.0
    ],
    [
      1.0
    ]
  ],
  "atom_features": [
    [
      -0.3348553776741028,
      0.3348553776741028,
      -0.2496708631515503,
      0.1538461595773697,
      0.3003564476966858,
      0.6007128953933716
    ],
    [
      0.24660225212574005,
      0.24660225212574005,
      0.33178675174713135,
      1.0,
      0.9698845148086548,
      0.7517436146736145
    ],
    [
      -0.3435939848423004,
      0.3435939848423004,
      -0.2584094703197479,
      0.0,
      0.29365625977516174,
      0.5873125195503235
    ],
    [
      -0.33700379729270935,
      0.33700379729270935,
      -0.25181928277015686,
      0.07692307978868484,
      0.6525622606277466,
      0.7517436146736145
    ],
    [
      -0.20339956879615784,
      0.20339956879615784,
      -0.11821505427360535,
      0.23076923191547394,
      0.7137478590011597,
      0.8741148114204407
    ],
    [
      0.06442931294441223,
      0.06442931294441223,
      0.14961382746696472,
      0.7692307829856873,
      0.708073079586029,
      0.8741148114204407
    ],
    [
      -0.007332480046898127,
      0.007332480046898127,
      0.0778520330786705,
      0.692307710647583,
      0.9407464265823364,
      0.6704925298690796
    ],
    [
      0.0994773805141449,
      0.0994773805141449,
      0.1846618950366974,
      0.9230769276618958,
      0.9321942925453186,
      0.7034670114517212
    ],
    [
      -0.16620199382305145,
      0.16620199382305145,
      -0.08101747930049896,
      0.38461539149284363,
      0.24521450698375702,
      0.49042901396751404
    ],
    [
      -0.04629871994256973,
      0.04629871994256973,
      0.03888579457998276,
      0.4615384638309479,
      0.7099583148956299,
      0.7164496183395386
    ],
    [
      -0.030246369540691376,
      0.030246369540691376,
      0.054938144981861115,
      0.6153846383094788,
      0.7155458927154541,
      0.7164496183395386
    ],
    [
      -0.04581746086478233,
      0.04581746086478233,
      0.03936705365777016,
      0.5384615659713745,
      0.7101070284843445,
      0.7146422266960144
    ],
    [
      0.09539833664894104,
      0.09539833664894104,
      0.18058285117149353,
      0.8461538553237915,
      0.929911196231842,
      0.7055717706680298
    ],
    [
      -0.18374064564704895,
      0.18374064564704895,
      -0.09855613112449646,
      0.3076923191547394,
      0.24264076352119446,
      0.4852815270423889
    ]
  ],
  "feature_names": [
    "charge",
    "abs_charge",
    "charge_centered",
    "charge_rank_norm",
    "wbo_sum",
    "wbo_max"
  ],
  "status": "ok",
  "error": null
}