{
  "canonical_smiles": "COc1ccc2c(c1)-c1nn(CCCN(C)C)c3ccc([N+](=O)[O-])c(c13)N2",
  "xtb_valid": true,
  "atom_valid_mask": [
    [
      1.0
    ],
    [
      1.0
    ],
    [
      1.0
    ],
    [
      1.0
    ],
    [
      1.0
    ],
    [
      1.0
    ],
    [
      1.0
    ],
    [
      1.0
    ],
    [
      1.0
    ],
    [
      1.0
    ],
    [
      1.0
    ],
    [
      1.0
    ],
    [
      1.0
    ],
    [
      1.0
    ],
    [
      1.0
    ],
    [
      1.0
    ],
    [
      1.0
    ],
    [
      1.0
    ],
    [
      1.0
    ],
    [
      1.0
    ],
    [
      1.0
    ],
    [
      1.0
    ],
    [
      1.0
    ],
    [
      1.0
    ],
    [
      1.0
    ],
    [
      1.0
    ],
    [
      1.0
    ]
  ],
  "atom_features": [
    [
      0.0156021099537611,
      0.0156021099537611,
      0.06470359861850739,
      0.7307692170143127,
      0.24204424023628235,
      0.4840884804725647
    ],
    [
      -0.2929209768772125,
      0.2929209768772125,
      -0.2438194900751114,
      0.07692307978868484,
      0.5086873173713684,
      0.5332860946655273
    ],
    [
      0.14412057399749756,
      0.14412057399749756,
      0.1932220607995987,
      0.9615384340286255,
      0.9459500908851624,
      0.6913931965827942
    ],
    [
      -0.056244321167469025,
      0.056244321167469025,
      -0.007142830640077591,
      0.3076923191547394,
      0.6997215747833252,
      0.7322221994400024
    ],
    [
      -0.05012169107794762,
      0.05012169107794762,
      -0.0010202005505561829,
      0.38461539149284363,
      0.7109256386756897,
      0.7322221994400024
    ],
    [
      0.054867539554834366,
      0.054867539554834366,
      0.1039690300822258,
      0.807692289352417,
      0.9365894198417664,
      0.689629077911377
    ],
    [
      -0.005073999986052513,
      0.005073999986052513,
      0.04402749240398407,
      0.6538461446762085,
      0.943699836730957,
      0.6915892958641052
    ],
    [
      -0.0687781274318695,
      0.0687781274318695,
      -0.019676636904478073,
      0.23076923191547394,
      0.6914912462234497,
      0.6915892958641052
    ],
    [
      0.0672193318605423,
      0.0672193318605423,
      0.11632081866264343,
      0.8846153616905212,
      0.9475798606872559,
      0.7327473759651184
    ],
    [
      -0.24282130599021912,
      0.24282130599021912,
      -0.19371981918811798,
      0.11538461595773697,
      0.6585023999214172,
      0.7327473759651184
    ],
    [
      0.06118949130177498,
      0.06118949130177498,
      0.11029098182916641,
      0.8461538553237915,
      0.843574047088623,
      0.6123551726341248
    ],
    [
      -0.022318290546536446,
      0.022318290546536446,
      0.026783199980854988,
      0.5769230723381042,
      0.49357056617736816,
      0.49660563468933105
    ],
    [
      -0.06617268919944763,
      0.06617268919944763,
      -0.017071198672056198,
      0.26923078298568726,
      0.4987906217575073,
      0.5009756088256836
    ],
    [
      0.0037911098916083574,
      0.0037911098916083574,
      0.05289259925484657,
      0.692307710647583,
      0.5007263422012329,
      0.5009756088256836
    ],
    [
      -0.18639491498470306,
      0.18639491498470306,
      -0.13729342818260193,
      0.1538461595773697,
      0.7563926577568054,
      0.506165087223053
    ],
    [
      -0.04204509034752846,
      0.04204509034752846,
      0.007056400179862976,
      0.42307692766189575,
      0.2530825436115265,
      0.506165087223053
    ],
    [
      -0.04137761890888214,
      0.04137761890888214,
      0.007723871618509293,
      0.4615384638309479,
      0.2530716359615326,
      0.5061432719230652
    ],
    [
      0.04322284832596779,
      0.04322284832596779,
      0.09232433885335922,
      0.7692307829856873,
      0.938023030757904,
      0.6328387260437012
    ],
    [
      -0.05567453056573868,
      0.05567453056573868,
      -0.006573040038347244,
      0.3461538553237915,
      0.7022833228111267,
      0.7737144231796265
    ],
    [
      -0.031065279617905617,
      0.031065279617905617,
      0.018036210909485817,
      0.5,
      0.7079311013221741,
      0.7737144231796265
    ],
    [
      -0.019596459344029427,
      0.019596459344029427,
      0.029505031183362007,
      0.6153846383094788,
      0.9002003073692322,
      0.6470019817352295
    ],
    [
      0.5089920163154602,
      0.5089920163154602,
      0.5580934882164001,
      1.0,
      0.9420213103294373,
      0.6913213729858398
    ],
    [
      -0.4771905839443207,
      0.4771905839443207,
      -0.42808908224105835,
      0.03846153989434242,
      0.4156413972377777,
      0.6913213729858398
    ],
    [
      -0.4839291572570801,
      0.4839291572570801,
      -0.43482765555381775,
      0.0,
      0.41071590781211853,
      0.6814703941345215
    ],
    [
      0.08370417356491089,
      0.08370417356491089,
      0.13280566036701202,
      0.9230769276618958,
      0.938350260257721,
      0.6470019817352295
    ],
    [
      -0.029830800369381905,
      0.029830800369381905,
      0.01927069015800953,
      0.5384615659713745,
      0.9353527426719666,
      0.6328387260437012
    ],
    [
      -0.13689348101615906,
      0.13689348101615906,
      -0.08779199421405792,
      0.19230769574642181,
      0.5709916949272156,
      0.5990135073661804
    ]
  ],
  "feature_names": [
    "charge",
    "abs_charge",
    "charge_centered",
    "charge_rank_norm",
    "wbo_sum",
    "wbo_max"
  ],
  "status": "ok",
  "error": null
}