{
  "canonical_smiles": "O=c1cc(C(F)(F)F)c2ccc(OCc3ccccc3)cc2o1",
  "xtb_valid": true,
  "atom_valid_mask": [
    [
      1.0
    ],
    [
      1.0
    ],
    [
      1.0
    ],
    [
      1.0
    ],
    [
      1.0
    ],
    [
      1.0
    ],
    [
      1.0
    ],
    [
      1.0
    ],
    [
      1.0
    ],
    [
      1.0
    ],
    [
      1.0
    ],
    [
      1.0
    ],
    [
      1.0
    ],
    [
      1.0
    ],
    [
      1.0
    ],
    [
      1.0
    ],
    [
      1.0
    ],
    [
      1.0
    ],
    [
      1.0
    ],
    [
      1.0
    ],
    [
      1.0
    ],
    [
      1.0
    ],
    [
      1.0
    ]
  ],
  "atom_features": [
    [
      -0.4480372369289398,
      0.4480372369289398,
      -0.4154125452041626,
      0.0,
      0.4568772614002228,
      0.8386503458023071
    ],
    [
      0.3582860231399536,
      0.3582860231399536,
      0.39091071486473083,
      0.9545454382896423,
      0.9582170844078064,
      0.8386503458023071
    ],
    [
      -0.06362474709749222,
      0.06362474709749222,
      -0.031000062823295593,
      0.3181818127632141,
      0.693682074546814,
      0.8481470346450806
    ],
    [
      0.0061972299590706825,
      0.0061972299590706825,
      0.03882191330194473,
      0.7727272510528564,
      0.9455960392951965,
      0.8481470346450806
    ],
    [
      0.4981582760810852,
      0.4981582760810852,
      0.53078293800354,
      1.0,
      0.9448276162147522,
      0.4763855040073395
    ],
    [
      -0.20957736670970917,
      0.20957736670970917,
      -0.17695268988609314,
      0.22727273404598236,
      0.23553062975406647,
      0.47106125950813293
    ],
    [
      -0.21581390500068665,
      0.21581390500068665,
      -0.18318921327590942,
      0.13636364042758942,
      0.23559927940368652,
      0.47119855880737305
    ],
    [
      -0.2095775455236435,
      0.2095775455236435,
      -0.17695286870002747,
      0.1818181872367859,
      0.23550499975681305,
      0.4710099995136261
    ],
    [
      -0.0041777100414037704,
      0.0041777100414037704,
      0.028446974232792854,
      0.6818181872367859,
      0.9398320913314819,
      0.6635043621063232
    ],
    [
      -0.030141910538077354,
      0.030141910538077354,
      0.0024827737361192703,
      0.6363636255264282,
      0.7085935473442078,
      0.7536827921867371
    ],
    [
      -0.05453706160187721,
      0.05453706160187721,
      -0.021912377327680588,
      0.3636363744735718,
      0.7043752670288086,
      0.7536827921867371
    ],
    [
      0.16889998316764832,
      0.16889998316764832,
      0.20152467489242554,
      0.9090909361839294,
      0.9472854137420654,
      0.6852970123291016
    ],
    [
      -0.253587543964386,
      0.253587543964386,
      -0.22096285223960876,
      0.04545454680919647,
      0.514216423034668,
      0.554206132888794
    ],
    [
      0.054910410195589066,
      0.054910410195589066,
      0.08753509819507599,
      0.8181818127632141,
      0.48640912771224976,
      0.4985915720462799
    ],
    [
      0.0007361900061368942,
      0.0007361900061368942,
      0.03336087614297867,
      0.7272727489471436,
      0.9829961061477661,
      0.70719313621521
    ],
    [
      -0.044235751032829285,
      0.044235751032829285,
      -0.01161106675863266,
      0.40909090638160706,
      0.7417542338371277,
      0.721930980682373
    ],
    [
      -0.03401828929781914,
      0.03401828929781914,
      -0.0013936050236225128,
      0.5909090638160706,
      0.7484813332557678,
      0.721930980682373
    ],
    [
      -0.035428401082754135,
      0.035428401082754135,
      -0.0028037168085575104,
      0.5,
      0.746787965297699,
      0.7198712825775146
    ],
    [
      -0.034353990107774734,
      0.034353990107774734,
      -0.0017293058335781097,
      0.5454545617103577,
      0.7485225200653076,
      0.7212216258049011
    ],
    [
      -0.036647748202085495,
      0.036647748202085495,
      -0.00402306392788887,
      0.4545454680919647,
      0.7421619892120361,
      0.7212216258049011
    ],
    [
      -0.07269026339054108,
      0.07269026339054108,
      -0.04006557911634445,
      0.27272728085517883,
      0.6896013617515564,
      0.6939056515693665
    ],
    [
      0.14954520761966705,
      0.14954520761966705,
      0.18216988444328308,
      0.8636363744735718,
      0.9247670769691467,
      0.6939056515693665
    ],
    [
      -0.24065160751342773,
      0.24065160751342773,
      -0.2080269157886505,
      0.09090909361839294,
      0.5598995685577393,
      0.5385667681694031
    ]
  ],
  "feature_names": [
    "charge",
    "abs_charge",
    "charge_centered",
    "charge_rank_norm",
    "wbo_sum",
    "wbo_max"
  ],
  "status": "ok",
  "error": null
}