{
  "canonical_smiles": "OCCOc1ccc(/C(=C(/CCCl)c2ccccc2)c2ccccc2)cc1",
  "xtb_valid": true,
  "atom_valid_mask": [
    [
      1.0
    ],
    [
      1.0
    ],
    [
      1.0
    ],
    [
      1.0
    ],
    [
      1.0
    ],
    [
      1.0
    ],
    [
      1.0
    ],
    [
      1.0
    ],
    [
      1.0
    ],
    [
      1.0
    ],
    [
      1.0
    ],
    [
      1.0
    ],
    [
      1.0
    ],
    [
      1.0
    ],
    [
      1.0
    ],
    [
      1.0
    ],
    [
      1.0
    ],
    [
      1.0
    ],
    [
      1.0
    ],
    [
      1.0
    ],
    [
      1.0
    ],
    [
      1.0
    ],
    [
      1.0
    ],
    [
      1.0
    ],
    [
      1.0
    ],
    [
      1.0
    ],
    [
      1.0
    ]
  ],
  "atom_features": [
    [
      -0.5160074234008789,
      0.5160074234008789,
      -0.46496686339378357,
      0.0,
      0.24905972182750702,
      0.49811944365501404
    ],
    [
      0.06873279809951782,
      0.06873279809951782,
      0.11977335810661316,
      0.9615384340286255,
      0.4959721863269806,
      0.49811944365501404
    ],
    [
      0.060649510473012924,
      0.060649510473012924,
      0.11169007420539856,
      0.9230769276618958,
      0.48802825808525085,
      0.49382489919662476
    ],
    [
      -0.3051651418209076,
      0.3051651418209076,
      -0.25412458181381226,
      0.03846153989434242,
      0.5029134750366211,
      0.5235953330993652
    ],
    [
      0.14045974612236023,
      0.14045974612236023,
      0.19150030612945557,
      1.0,
      0.9451790452003479,
      0.6881971955299377
    ],
    [
      -0.060940518975257874,
      0.060940518975257874,
      -0.009899958968162537,
      0.19230769574642181,
      0.7317928075790405,
      0.729674756526947
    ],
    [
      -0.036548908799886703,
      0.036548908799886703,
      0.014491651207208633,
      0.42307692766189575,
      0.7376607060432434,
      0.729674756526947
    ],
    [
      0.00661890022456646,
      0.00661890022456646,
      0.057659462094306946,
      0.7692307829856873,
      0.9491543769836426,
      0.7012455463409424
    ],
    [
      -0.006210870109498501,
      0.006210870109498501,
      0.04482968896627426,
      0.7307692170143127,
      0.9531439542770386,
      0.901393711566925
    ],
    [
      -0.009862960316240788,
      0.009862960316240788,
      0.041177600622177124,
      0.692307710647583,
      0.9523276686668396,
      0.901393711566925
    ],
    [
      -0.06306009739637375,
      0.06306009739637375,
      -0.012019537389278412,
      0.1538461595773697,
      0.4977168142795563,
      0.5014835000038147
    ],
    [
      0.03728573024272919,
      0.03728573024272919,
      0.08832629024982452,
      0.8846153616905212,
      0.48261120915412903,
      0.5014835000038147
    ],
    [
      -0.25177785754203796,
      0.25177785754203796,
      -0.20073729753494263,
      0.07692307978868484,
      0.23186945915222168,
      0.46373891830444336
    ],
    [
      0.011164790019392967,
      0.011164790019392967,
      0.06220535188913345,
      0.807692289352417,
      0.981034517288208,
      0.6997936964035034
    ],
    [
      -0.038208600133657455,
      0.038208600133657455,
      0.012831959873437881,
      0.26923078298568726,
      0.7381996512413025,
      0.7219698429107666
    ],
    [
      -0.03549826145172119,
      0.03549826145172119,
      0.015542298555374146,
      0.5384615659713745,
      0.7482590079307556,
      0.7219698429107666
    ],
    [
      -0.03694406896829605,
      0.03694406896829605,
      0.014096491038799286,
      0.3461538553237915,
      0.745823085308075,
      0.7189998626708984
    ],
    [
      -0.03553418070077896,
      0.03553418070077896,
      0.015506379306316376,
      0.5,
      0.7481362819671631,
      0.7221605181694031
    ],
    [
      -0.03637576848268509,
      0.03637576848268509,
      0.014664791524410248,
      0.4615384638309479,
      0.738751232624054,
      0.7221605181694031
    ],
    [
      0.01603611931204796,
      0.01603611931204796,
      0.0670766830444336,
      0.8461538553237915,
      0.9777731895446777,
      0.7004347443580627
    ],
    [
      -0.03704800084233284,
      0.03704800084233284,
      0.013992559164762497,
      0.3076923191547394,
      0.7389711141586304,
      0.721683144569397
    ],
    [
      -0.03502814099192619,
      0.03502814099192619,
      0.016012419015169144,
      0.5769230723381042,
      0.7482061982154846,
      0.721683144569397
    ],
    [
      -0.036612119525671005,
      0.036612119525671005,
      0.014428440481424332,
      0.38461539149284363,
      0.7462436556816101,
      0.7190923690795898
    ],
    [
      -0.034872278571128845,
      0.034872278571128845,
      0.01616828143596649,
      0.6538461446762085,
      0.7482410669326782,
      0.7215654850006104
    ],
    [
      -0.03494131937623024,
      0.03494131937623024,
      0.016099240630865097,
      0.6153846383094788,
      0.7382709383964539,
      0.7215654850006104
    ],
    [
      -0.038335081189870834,
      0.038335081189870834,
      0.012705478817224503,
      0.23076923191547394,
      0.7378976345062256,
      0.719204306602478
    ],
    [
      -0.07007112354040146,
      0.07007112354040146,
      -0.019030563533306122,
      0.11538461595773697,
      0.7297047972679138,
      0.719204306602478
    ]
  ],
  "feature_names": [
    "charge",
    "abs_charge",
    "charge_centered",
    "charge_rank_norm",
    "wbo_sum",
    "wbo_max"
  ],
  "status": "ok",
  "error": null
}