{
  "canonical_smiles": "CC[C@H](c1ccccc1)c1c(O)c2ccccc2oc1=O",
  "xtb_valid": true,
  "atom_valid_mask": [
    [
      1.0
    ],
    [
      1.0
    ],
    [
      1.0
    ],
    [
      1.0
    ],
    [
      1.0
    ],
    [
      1.0
    ],
    [
      1.0
    ],
    [
      1.0
    ],
    [
      1.0
    ],
    [
      1.0
    ],
    [
      1.0
    ],
    [
      1.0
    ],
    [
      1.0
    ],
    [
      1.0
    ],
    [
      1.0
    ],
    [
      1.0
    ],
    [
      1.0
    ],
    [
      1.0
    ],
    [
      1.0
    ],
    [
      1.0
    ],
    [
      1.0
    ]
  ],
  "atom_features": [
    [
      -0.1056692972779274,
      0.1056692972779274,
      -0.051982246339321136,
      0.15000000596046448,
      0.25508466362953186,
      0.5101693272590637
    ],
    [
      -0.0569162517786026,
      0.0569162517786026,
      -0.003229200839996338,
      0.20000000298023224,
      0.5001472234725952,
      0.5101693272590637
    ],
    [
      -0.018275700509548187,
      0.018275700509548187,
      0.035411350429058075,
      0.800000011920929,
      0.7346451878547668,
      0.4925827085971832
    ],
    [
      0.009539109654724598,
      0.009539109654724598,
      0.06322616338729858,
      0.8500000238418579,
      0.9773119688034058,
      0.7072784900665283
    ],
    [
      -0.04009572044014931,
      0.04009572044014931,
      0.013591330498456955,
      0.3499999940395355,
      0.741977870464325,
      0.7210988998413086
    ],
    [
      -0.03796786069869995,
      0.03796786069869995,
      0.01571919023990631,
      0.5,
      0.7481627464294434,
      0.7210988998413086
    ],
    [
      -0.03838055953383446,
      0.03838055953383446,
      0.015306491404771805,
      0.44999998807907104,
      0.7466487288475037,
      0.7193750739097595
    ],
    [
      -0.036464858800172806,
      0.036464858800172806,
      0.017222192138433456,
      0.550000011920929,
      0.7482113838195801,
      0.7217247486114502
    ],
    [
      -0.03955521062016487,
      0.03955521062016487,
      0.014131840318441391,
      0.4000000059604645,
      0.7417683005332947,
      0.7217247486114502
    ],
    [
      -0.050400178879499435,
      0.050400178879499435,
      0.0032868720591068268,
      0.25,
      0.9141650795936584,
      0.7964878678321838
    ],
    [
      0.15287190675735474,
      0.15287190675735474,
      0.206558957695961,
      0.949999988079071,
      0.9450119733810425,
      0.7964878678321838
    ],
    [
      -0.41939011216163635,
      0.41939011216163635,
      -0.3657030463218689,
      0.05000000074505806,
      0.2726885974407196,
      0.5453771948814392
    ],
    [
      -0.023265080526471138,
      0.023265080526471138,
      0.030421970412135124,
      0.75,
      0.9431646466255188,
      0.6765975952148438
    ],
    [
      -0.035233888775110245,
      0.035233888775110245,
      0.018453162163496017,
      0.6499999761581421,
      0.7340828776359558,
      0.7340708374977112
    ],
    [
      -0.03598403185606003,
      0.03598403185606003,
      0.017703019082546234,
      0.6000000238418579,
      0.7197763919830322,
      0.7340708374977112
    ],
    [
      -0.026250500231981277,
      0.026250500231981277,
      0.027436550706624985,
      0.699999988079071,
      0.7170218229293823,
      0.7285616397857666
    ],
    [
      -0.04476061835885048,
      0.04476061835885048,
      0.008926432579755783,
      0.30000001192092896,
      0.7359098792076111,
      0.7285616397857666
    ],
    [
      0.14055399596691132,
      0.14055399596691132,
      0.19424104690551758,
      0.8999999761581421,
      0.9242578148841858,
      0.6857609152793884
    ],
    [
      -0.27904483675956726,
      0.27904483675956726,
      -0.225357785820961,
      0.10000000149011612,
      0.548539400100708,
      0.529018759727478
    ],
    [
      0.3382231295108795,
      0.3382231295108795,
      0.391910195350647,
      1.0,
      0.9476615190505981,
      0.8270447254180908
    ],
    [
      -0.48096132278442383,
      0.48096132278442383,
      -0.42727428674697876,
      0.0,
      0.44696149230003357,
      0.8270447254180908
    ]
  ],
  "feature_names": [
    "charge",
    "abs_charge",
    "charge_centered",
    "charge_rank_norm",
    "wbo_sum",
    "wbo_max"
  ],
  "status": "ok",
  "error": null
}