{
  "canonical_smiles": "Cc1c(OCC(F)(F)F)ccnc1CS(=O)c1nc2ccccc2[nH]1",
  "xtb_valid": true,
  "atom_valid_mask": [
    [
      1.0
    ],
    [
      1.0
    ],
    [
      1.0
    ],
    [
      1.0
    ],
    [
      1.0
    ],
    [
      1.0
    ],
    [
      1.0
    ],
    [
      1.0
    ],
    [
      1.0
    ],
    [
      1.0
    ],
    [
      1.0
    ],
    [
      1.0
    ],
    [
      1.0
    ],
    [
      1.0
    ],
    [
      1.0
    ],
    [
      1.0
    ],
    [
      1.0
    ],
    [
      1.0
    ],
    [
      1.0
    ],
    [
      1.0
    ],
    [
      1.0
    ],
    [
      1.0
    ],
    [
      1.0
    ],
    [
      1.0
    ],
    [
      1.0
    ]
  ],
  "atom_features": [
    [
      -0.13299043476581573,
      0.13299043476581573,
      -0.08319532871246338,
      0.2916666567325592,
      0.257220596075058,
      0.514441192150116
    ],
    [
      -0.007262689992785454,
      0.007262689992785454,
      0.04253241419792175,
      0.625,
      0.9371982216835022,
      0.6989262104034424
    ],
    [
      0.1537352204322815,
      0.1537352204322815,
      0.20353032648563385,
      0.9166666865348816,
      0.9374116063117981,
      0.6878913640975952
    ],
    [
      -0.260849267244339,
      0.260849267244339,
      -0.21105416119098663,
      0.125,
      0.508945882320404,
      0.5259028077125549
    ],
    [
      0.037541549652814865,
      0.037541549652814865,
      0.08733665198087692,
      0.6666666865348816,
      0.4830099046230316,
      0.4919889569282532
    ],
    [
      0.49422869086265564,
      0.49422869086265564,
      0.5440238118171692,
      1.0,
      0.9462511539459229,
      0.4751247465610504
    ],
    [
      -0.20853914320468903,
      0.20853914320468903,
      -0.15874403715133667,
      0.25,
      0.2375623732805252,
      0.4751247465610504
    ],
    [
      -0.20976437628269196,
      0.20976437628269196,
      -0.1599692702293396,
      0.2083333283662796,
      0.23660096526145935,
      0.4732019305229187
    ],
    [
      -0.2170632928609848,
      0.2170632928609848,
      -0.16726818680763245,
      0.1666666716337204,
      0.23507234454154968,
      0.47014468908309937
    ],
    [
      -0.07747600972652435,
      0.07747600972652435,
      -0.027680907398462296,
      0.4166666567325592,
      0.7040667533874512,
      0.7202421426773071
    ],
    [
      0.043200138956308365,
      0.043200138956308365,
      0.09299524128437042,
      0.7083333134651184,
      0.7150477766990662,
      0.7202421426773071
    ],
    [
      -0.2643876373767853,
      0.2643876373767853,
      -0.21459253132343292,
      0.0833333358168602,
      0.6970017552375793,
      0.70985347032547
    ],
    [
      0.07677242159843445,
      0.07677242159843445,
      0.1265675276517868,
      0.8333333134651184,
      0.9462189674377441,
      0.6989262104034424
    ],
    [
      -0.09362059086561203,
      0.09362059086561203,
      -0.04382548853754997,
      0.375,
      0.48430705070495605,
      0.5093618035316467
    ],
    [
      0.45491692423820496,
      0.45491692423820496,
      0.5047120451927185,
      0.9583333134651184,
      0.8891871571540833,
      0.855624258518219
    ],
    [
      -0.6065869927406311,
      0.6065869927406311,
      -0.5567919015884399,
      0.0,
      0.4278121292591095,
      0.855624258518219
    ],
    [
      0.10326599329710007,
      0.10326599329710007,
      0.15306109189987183,
      0.875,
      0.925818920135498,
      0.7685482501983643
    ],
    [
      -0.32488781213760376,
      0.32488781213760376,
      -0.2750927209854126,
      0.0416666679084301,
      0.7178894281387329,
      0.7685482501983643
    ],
    [
      0.06612849235534668,
      0.06612849235534668,
      0.11592359840869904,
      0.7916666865348816,
      0.9476930499076843,
      0.6598764061927795
    ],
    [
      -0.050088658928871155,
      0.050088658928871155,
      -0.0002935566008090973,
      0.5,
      0.7350510954856873,
      0.7464900612831116
    ],
    [
      -0.04345095902681351,
      0.04345095902681351,
      0.00634414330124855,
      0.5416666865348816,
      0.7206518054008484,
      0.7464900612831116
    ],
    [
      -0.03872828185558319,
      0.03872828185558319,
      0.011066820472478867,
      0.5833333134651184,
      0.7181576490402222,
      0.7415017485618591
    ],
    [
      -0.05797111988067627,
      0.05797111988067627,
      -0.008176017552614212,
      0.4583333432674408,
      0.7353196740150452,
      0.7415017485618591
    ],
    [
      0.04763370007276535,
      0.04763370007276535,
      0.09742879867553711,
      0.75,
      0.940028190612793,
      0.6654017567634583
    ],
    [
      -0.1286335587501526,
      0.1286335587501526,
      -0.07883845269680023,
      0.3333333432674408,
      0.6329836845397949,
      0.6195918321609497
    ]
  ],
  "feature_names": [
    "charge",
    "abs_charge",
    "charge_centered",
    "charge_rank_norm",
    "wbo_sum",
    "wbo_max"
  ],
  "status": "ok",
  "error": null
}