{
  "canonical_smiles": "CCc1c2c(nc3ccc(OC(=O)N4CCC(N5CCCCC5)CC4)cc13)-c1cc3c(c(=O)n1C2)COC(=O)[C@]3(O)CC",
  "xtb_valid": true,
  "atom_valid_mask": [
    [
      1.0
    ],
    [
      1.0
    ],
    [
      1.0
    ],
    [
      1.0
    ],
    [
      1.0
    ],
    [
      1.0
    ],
    [
      1.0
    ],
    [
      1.0
    ],
    [
      1.0
    ],
    [
      1.0
    ],
    [
      1.0
    ],
    [
      1.0
    ],
    [
      1.0
    ],
    [
      1.0
    ],
    [
      1.0
    ],
    [
      1.0
    ],
    [
      1.0
    ],
    [
      1.0
    ],
    [
      1.0
    ],
    [
      1.0
    ],
    [
      1.0
    ],
    [
      1.0
    ],
    [
      1.0
    ],
    [
      1.0
    ],
    [
      1.0
    ],
    [
      1.0
    ],
    [
      1.0
    ],
    [
      1.0
    ],
    [
      1.0
    ],
    [
      1.0
    ],
    [
      1.0
    ],
    [
      1.0
    ],
    [
      1.0
    ],
    [
      1.0
    ],
    [
      1.0
    ],
    [
      1.0
    ],
    [
      1.0
    ],
    [
      1.0
    ],
    [
      1.0
    ],
    [
      1.0
    ],
    [
      1.0
    ],
    [
      1.0
    ],
    [
      1.0
    ]
  ],
  "atom_features": [
    [
      -0.10755909979343414,
      0.10755909979343414,
      -0.05098320171236992,
      0.2380952388048172,
      0.24948365986347198,
      0.49896731972694397
    ],
    [
      -0.06561242043972015,
      0.06561242043972015,
      -0.00903652235865593,
      0.3095238208770752,
      0.5032941102981567,
      0.5076208710670471
    ],
    [
      0.02637864090502262,
      0.02637864090502262,
      0.082954540848732,
      0.761904776096344,
      0.9616038203239441,
      0.7331357598304749
    ],
    [
      -0.011205299757421017,
      0.011205299757421017,
      0.04537059739232063,
      0.5714285969734192,
      0.9392071962356567,
      0.7331357598304749
    ],
    [
      0.08712732046842575,
      0.08712732046842575,
      0.14370322227478027,
      0.8571428656578064,
      0.9449828863143921,
      0.71939617395401
    ],
    [
      -0.25308018922805786,
      0.25308018922805786,
      -0.19650429487228394,
      0.1428571492433548,
      0.7127018570899963,
      0.71939617395401
    ],
    [
      0.09248156100511551,
      0.09248156100511551,
      0.14905746281147003,
      0.8809523582458496,
      0.9515265226364136,
      0.6533761024475098
    ],
    [
      -0.042921438813209534,
      0.042921438813209534,
      0.01365445926785469,
      0.523809552192688,
      0.7328991293907166,
      0.7545149922370911
    ],
    [
      -0.046099819242954254,
      0.046099819242954254,
      0.01047607883810997,
      0.5,
      0.7106857895851135,
      0.7545149922370911
    ],
    [
      0.14694947004318237,
      0.14694947004318237,
      0.2035253643989563,
      0.9285714030265808,
      0.9392305612564087,
      0.7318776249885559
    ],
    [
      -0.3065282106399536,
      0.3065282106399536,
      -0.2499523162841797,
      0.095238097012043,
      0.5250537395477295,
      0.5098722577095032
    ],
    [
      0.38792684674263,
      0.38792684674263,
      0.44450274109840393,
      1.0,
      0.9617745280265808,
      0.7969904541969299
    ],
    [
      -0.5289314389228821,
      0.5289314389228821,
      -0.47235554456710815,
      0.0,
      0.47164401412010193,
      0.7969904541969299
    ],
    [
      -0.11299937218427658,
      0.11299937218427658,
      -0.05642347410321236,
      0.2142857164144516,
      0.8389320373535156,
      0.6166863441467285
    ],
    [
      0.0032806498929858208,
      0.0032806498929858208,
      0.05985654890537262,
      0.6666666865348816,
      0.49469682574272156,
      0.5008320808410645
    ],
    [
      -0.06956084072589874,
      0.06956084072589874,
      -0.012984942644834518,
      0.2857142984867096,
      0.49642133712768555,
      0.5008320808410645
    ],
    [
      0.0348738394677639,
      0.0348738394677639,
      0.09144973754882812,
      0.7857142686843872,
      0.7418114542961121,
      0.49591413140296936
    ],
    [
      -0.19377468526363373,
      0.19377468526363373,
      -0.1371987909078598,
      0.1666666716337204,
      0.747460663318634,
      0.4996952712535858
    ],
    [
      0.00900254026055336,
      0.00900254026055336,
      0.06557843834161758,
      0.6904761791229248,
      0.5007429122924805,
      0.5021739602088928
    ],
    [
      -0.0651751384139061,
      0.0651751384139061,
      -0.008599240332841873,
      0.3333333432674408,
      0.5034688115119934,
      0.504763662815094
    ],
    [
      -0.058130308985710144,
      0.058130308985710144,
      -0.0015544109046459198,
      0.4047619104385376,
      0.5048576593399048,
      0.5049515962600708
    ],
    [
      -0.06510131061077118,
      0.06510131061077118,
      -0.008525412529706955,
      0.3571428656578064,
      0.5034116506576538,
      0.5049515962600708
    ],
    [
      0.00909148994833231,
      0.00909148994833231,
      0.06566739082336426,
      0.7142857313156128,
      0.5007835030555725,
      0.5018717646598816
    ],
    [
      -0.0761176273226738,
      0.0761176273226738,
      -0.019541729241609573,
      0.261904776096344,
      0.49876266717910767,
      0.5018271207809448
    ],
    [
      -0.0027253900188952684,
      0.0027253900188952684,
      0.053850509226322174,
      0.6190476417541504,
      0.49432700872421265,
      0.5018271207809448
    ],
    [
      -0.047835011035203934,
      0.047835011035203934,
      0.00874088704586029,
      0.4761904776096344,
      0.7247834801673889,
      0.7318776249885559
    ],
    [
      0.0003396300016902387,
      0.0003396300016902387,
      0.0569155290722847,
      0.6428571343421936,
      0.9429513216018677,
      0.6549352407455444
    ],
    [
      0.06162964180111885,
      0.06162964180111885,
      0.11820553988218307,
      0.8095238208770752,
      0.9445227980613708,
      0.7805182337760925
    ],
    [
      -0.05388712137937546,
      0.05388712137937546,
      0.0026887767016887665,
      0.4285714328289032,
      0.6913761496543884,
      0.7805182337760925
    ],
    [
      0.010705609805881977,
      0.010705609805881977,
      0.06728150695562363,
      0.738095223903656,
      0.9464801549911499,
      0.8031203150749207
    ],
    [
      -0.049956340342760086,
      0.049956340342760086,
      0.006619557738304138,
      0.4523809552192688,
      0.9235629439353943,
      0.8031203150749207
    ],
    [
      0.2579013407230377,
      0.2579013407230377,
      0.31447723507881165,
      0.9523809552192688,
      0.957951545715332,
      0.7925044298171997
    ],
    [
      -0.5204225778579712,
      0.5204225778579712,
      -0.46384668350219727,
      0.02380952425301075,
      0.43598270416259766,
      0.7925044298171997
    ],
    [
      -0.042207829654216766,
      0.042207829654216766,
      0.014368068426847458,
      0.5476190447807312,
      0.8643102049827576,
      0.5907450318336487
    ],
    [
      -0.00845733005553484,
      0.00845733005553484,
      0.04811856895685196,
      0.5952380895614624,
      0.4959203004837036,
      0.508331298828125
    ],
    [
      0.06566478312015533,
      0.06566478312015533,
      0.12224067747592926,
      0.8333333134651184,
      0.48560523986816406,
      0.5113520622253418
    ],
    [
      -0.2656456530094147,
      0.2656456530094147,
      -0.20906975865364075,
      0.1190476194024086,
      0.5597267746925354,
      0.5805249214172363
    ],
    [
      0.346960186958313,
      0.346960186958313,
      0.4035360813140869,
      0.976190447807312,
      0.949311375617981,
      0.8526585698127747
    ],
    [
      -0.44658926129341125,
      0.44658926129341125,
      -0.39001336693763733,
      0.0714285746216774,
      0.4658643901348114,
      0.8526585698127747
    ],
    [
      0.12250898033380508,
      0.12250898033380508,
      0.1790848821401596,
      0.9047619104385376,
      0.9565572142601013,
      0.4935837984085083
