{
  "canonical_smiles": "C[C@]12CC[C@H](O)CC1=CC[C@@H]1[C@@H]2CC[C@]2(C)C(=O)CC[C@@H]12",
  "xtb_valid": true,
  "atom_valid_mask": [
    [
      1.0
    ],
    [
      1.0
    ],
    [
      1.0
    ],
    [
      1.0
    ],
    [
      1.0
    ],
    [
      1.0
    ],
    [
      1.0
    ],
    [
      1.0
    ],
    [
      1.0
    ],
    [
      1.0
    ],
    [
      1.0
    ],
    [
      1.0
    ],
    [
      1.0
    ],
    [
      1.0
    ],
    [
      1.0
    ],
    [
      1.0
    ],
    [
      1.0
    ],
    [
      1.0
    ],
    [
      1.0
    ],
    [
      1.0
    ],
    [
      1.0
    ]
  ],
  "atom_features": [
    [
      -0.10548411309719086,
      0.10548411309719086,
      -0.03420332074165344,
      0.10000000149011612,
      0.24690967798233032,
      0.49381935596466064
    ],
    [
      0.014376750215888023,
      0.014376750215888023,
      0.08565754443407059,
      0.8999999761581421,
      0.9780682921409607,
      0.49381935596466064
    ],
    [
      -0.06389910727739334,
      0.06389910727739334,
      0.0073816850781440735,
      0.4000000059604645,
      0.4957427382469177,
      0.5034804940223694
    ],
    [
      -0.06294994056224823,
      0.06294994056224823,
      0.008330851793289185,
      0.5,
      0.5008571147918701,
      0.5034804940223694
    ],
    [
      0.1215696632862091,
      0.1215696632862091,
      0.19285045564174652,
      0.949999988079071,
      0.7377194166183472,
      0.4982337951660156
    ],
    [
      -0.5263265371322632,
      0.5263265371322632,
      -0.45504575967788696,
      0.0,
      0.24329286813735962,
      0.48658573627471924
    ],
    [
      -0.07556314021348953,
      0.07556314021348953,
      -0.004282347857952118,
      0.25,
      0.4972282946109772,
      0.5038372874259949
    ],
    [
      -0.009617789648473263,
      0.009617789648473263,
      0.06166300177574158,
      0.800000011920929,
      0.968180239200592,
      0.9408296346664429
    ],
    [
      -0.05919355899095535,
      0.05919355899095535,
      0.012087233364582062,
      0.550000011920929,
      0.727166473865509,
      0.9408296346664429
    ],
    [
      -0.06370270252227783,
      0.06370270252227783,
      0.0075780898332595825,
      0.44999998807907104,
      0.5050068497657776,
      0.5135032534599304
    ],
    [
      -0.022583849728107452,
      0.022583849728107452,
      0.04869694262742996,
      0.75,
      0.7405002117156982,
      0.49651047587394714
    ],
    [
      -0.029730750247836113,
      0.029730750247836113,
      0.04155004024505615,
      0.6499999761581421,
      0.735444188117981,
      0.49765199422836304
    ],
    [
      -0.06407943367958069,
      0.06407943367958069,
      0.007201358675956726,
      0.3499999940395355,
      0.4992828071117401,
      0.5009136199951172
    ],
    [
      -0.052643559873104095,
      0.052643559873104095,
      0.01863723248243332,
      0.6000000238418579,
      0.4964500367641449,
      0.5009136199951172
    ],
    [
      -0.0004669800109695643,
      0.0004669800109695643,
      0.07081381231546402,
      0.8500000238418579,
      0.9695621728897095,
      0.4919864535331726
    ],
    [
      -0.10390181094408035,
      0.10390181094408035,
      -0.03262101858854294,
      0.15000000596046448,
      0.2420722395181656,
      0.4841444790363312
    ],
    [
      0.24348509311676025,
      0.24348509311676025,
      0.3147658705711365,
      1.0,
      0.9435303211212158,
      0.9071510434150696
    ],
    [
      -0.44115275144577026,
      0.44115275144577026,
      -0.36987197399139404,
      0.05000000074505806,
      0.4535755217075348,
      0.9071510434150696
    ],
    [
      -0.0979420617222786,
      0.0979420617222786,
      -0.02666126936674118,
      0.20000000298023224,
      0.4998175799846649,
      0.5017989277839661
    ],
    [
      -0.06996762752532959,
      0.06996762752532959,
      0.0013131648302078247,
      0.30000001192092896,
      0.4997818171977997,
      0.5017989277839661
    ],
    [
      -0.0271224994212389,
      0.0271224994212389,
      0.044158294796943665,
      0.699999988079071,
      0.7362784743309021,
      0.4977647364139557
    ]
  ],
  "feature_names": [
    "charge",
    "abs_charge",
    "charge_centered",
    "charge_rank_norm",
    "wbo_sum",
    "wbo_max"
  ],
  "status": "ok",
  "error": null
}