{
  "canonical_smiles": "CCc1cc2c(s1)N(C)C(=O)CN=C2c1ccccc1Cl",
  "xtb_valid": true,
  "atom_valid_mask": [
    [
      1.0
    ],
    [
      1.0
    ],
    [
      1.0
    ],
    [
      1.0
    ],
    [
      1.0
    ],
    [
      1.0
    ],
    [
      1.0
    ],
    [
      1.0
    ],
    [
      1.0
    ],
    [
      1.0
    ],
    [
      1.0
    ],
    [
      1.0
    ],
    [
      1.0
    ],
    [
      1.0
    ],
    [
      1.0
    ],
    [
      1.0
    ],
    [
      1.0
    ],
    [
      1.0
    ],
    [
      1.0
    ],
    [
      1.0
    ],
    [
      1.0
    ]
  ],
  "atom_features": [
    [
      -0.10981825739145279,
      0.10981825739145279,
      -0.06432551145553589,
      0.15000000596046448,
      0.25019270181655884,
      0.5003854036331177
    ],
    [
      -0.06277444213628769,
      0.06277444213628769,
      -0.01728169247508049,
      0.30000001192092896,
      0.505196213722229,
      0.5100070238113403
    ],
    [
      0.022442810237407684,
      0.022442810237407684,
      0.06793555617332458,
      0.800000011920929,
      0.9458629488945007,
      0.8034366369247437
    ],
    [
      -0.06419164687395096,
      0.06419164687395096,
      -0.01869889721274376,
      0.25,
      0.7065359950065613,
      0.8034366369247437
    ],
    [
      -0.040703579783439636,
      0.040703579783439636,
      0.004789169877767563,
      0.44999998807907104,
      0.9299803376197815,
      0.7157307863235474
    ],
    [
      0.06680209189653397,
      0.06680209189653397,
      0.11229483783245087,
      0.8500000238418579,
      0.9243507981300354,
      0.7157307863235474
    ],
    [
      0.0019711600616574287,
      0.0019711600616574287,
      0.04746390879154205,
      0.699999988079071,
      0.5805034637451172,
      0.5827246308326721
    ],
    [
      -0.07416260242462158,
      0.07416260242462158,
      -0.028669852763414383,
      0.20000000298023224,
      0.8561502695083618,
      0.5948472023010254
    ],
    [
      -0.0626809298992157,
      0.0626809298992157,
      -0.0171881802380085,
      0.3499999940395355,
      0.24395161867141724,
      0.4879032373428345
    ],
    [
      0.26395127177238464,
      0.26395127177238464,
      0.30944401025772095,
      1.0,
      0.9506245255470276,
      0.8286151885986328
    ],
    [
      -0.48502594232559204,
      0.48502594232559204,
      -0.43953320384025574,
      0.0,
      0.4539596140384674,
      0.8286151885986328
    ],
    [
      -0.0018131399992853403,
      0.0018131399992853403,
      0.0436796098947525,
      0.6499999761581421,
      0.4907870590686798,
      0.5037874579429626
    ],
    [
      -0.2873048186302185,
      0.2873048186302185,
      -0.241812065243721,
      0.05000000074505806,
      0.6913470029830933,
      0.8789066076278687
    ],
    [
      0.11424832046031952,
      0.11424832046031952,
      0.15974107384681702,
      0.949999988079071,
      0.9560579657554626,
      0.8789066076278687
    ],
    [
      0.004557779990136623,
      0.004557779990136623,
      0.0500505305826664,
      0.75,
      0.967729389667511,
      0.6968692541122437
    ],
    [
      -0.029498690739274025,
      0.029498690739274025,
      0.015994058921933174,
      0.6000000238418579,
      0.7369996905326843,
      0.7216402888298035
    ],
    [
      -0.03425795957446098,
      0.03425795957446098,
      0.011234790086746216,
      0.5,
      0.744096577167511,
      0.7216402888298035
    ],
    [
      -0.03126455843448639,
      0.03126455843448639,
      0.01422819122672081,
      0.550000011920929,
      0.7448937892913818,
      0.7202786207199097
    ],
    [
      -0.04226912185549736,
      0.04226912185549736,
      0.003223627805709839,
      0.4000000059604645,
      0.7383535504341125,
      0.7202786207199097
    ],
    [
      0.1017230823636055,
      0.1017230823636055,
      0.1472158282995224,
      0.8999999761581421,
      0.9586806297302246,
      0.7009387612342834
    ],
    [
      -0.20527850091457367,
      0.20527850091457367,
      -0.15978574752807617,
      0.10000000149011612,
      0.23970206081867218,
      0.47940412163734436
    ]
  ],
  "feature_names": [
    "charge",
    "abs_charge",
    "charge_centered",
    "charge_rank_norm",
    "wbo_sum",
    "wbo_max"
  ],
  "status": "ok",
  "error": null
}