{
  "canonical_smiles": "OCCN1CCN(CCCN2c3ccccc3Sc3ccc(Cl)cc32)CC1",
  "xtb_valid": true,
  "atom_valid_mask": [
    [
      1.0
    ],
    [
      1.0
    ],
    [
      1.0
    ],
    [
      1.0
    ],
    [
      1.0
    ],
    [
      1.0
    ],
    [
      1.0
    ],
    [
      1.0
    ],
    [
      1.0
    ],
    [
      1.0
    ],
    [
      1.0
    ],
    [
      1.0
    ],
    [
      1.0
    ],
    [
      1.0
    ],
    [
      1.0
    ],
    [
      1.0
    ],
    [
      1.0
    ],
    [
      1.0
    ],
    [
      1.0
    ],
    [
      1.0
    ],
    [
      1.0
    ],
    [
      1.0
    ],
    [
      1.0
    ],
    [
      1.0
    ],
    [
      1.0
    ],
    [
      1.0
    ],
    [
      1.0
    ]
  ],
  "atom_features": [
    [
      -0.5253878831863403,
      0.5253878831863403,
      -0.47201305627822876,
      0.0,
      0.24656492471694946,
      0.4931298494338989
    ],
    [
      0.07664497196674347,
      0.07664497196674347,
      0.13001978397369385,
      0.9615384340286255,
      0.4938776195049286,
      0.49462538957595825
    ],
    [
      -0.00706356018781662,
      0.00706356018781662,
      0.04631125181913376,
      0.5769230723381042,
      0.49960803985595703,
      0.5045906901359558
    ],
    [
      -0.1991790235042572,
      0.1991790235042572,
      -0.14580421149730682,
      0.11538461595773697,
      0.7509070038795471,
      0.5045906901359558
    ],
    [
      0.007034339942038059,
      0.007034339942038059,
      0.06040915101766586,
      0.7307692170143127,
      0.4999929368495941,
      0.5014587044715881
    ],
    [
      0.003660690039396286,
      0.003660690039396286,
      0.057035502046346664,
      0.692307710647583,
      0.4990440607070923,
      0.5014587044715881
    ],
    [
      -0.2046569436788559,
      0.2046569436788559,
      -0.15128213167190552,
      0.07692307978868484,
      0.747938334941864,
      0.500143826007843
    ],
    [
      0.012502079829573631,
      0.012502079829573631,
      0.06587689369916916,
      0.7692307829856873,
      0.5005778670310974,
      0.5020523071289062
    ],
    [
      -0.07252758741378784,
      0.07252758741378784,
      -0.019152775406837463,
      0.23076923191547394,
      0.5006558299064636,
      0.5020523071289062
    ],
    [
      -0.015548850409686565,
      0.015548850409686565,
      0.03782596066594124,
      0.5384615659713745,
      0.4952208399772644,
      0.4992593824863434
    ],
    [
      -0.07555776834487915,
      0.07555776834487915,
      -0.022182956337928772,
      0.19230769574642181,
      0.793865978717804,
      0.5558285713195801
    ],
    [
      0.06059940159320831,
      0.06059940159320831,
      0.11397421360015869,
      0.8846153616905212,
      0.9444541335105896,
      0.6808587312698364
    ],
    [
      -0.058708980679512024,
      0.058708980679512024,
      -0.0053341686725616455,
      0.3076923191547394,
      0.6985867023468018,
      0.7163146734237671
    ],
    [
      -0.04050925001502037,
      0.04050925001502037,
      0.012865561991930008,
      0.5,
      0.7171682715415955,
      0.718021810054779
    ],
    [
      -0.042482540011405945,
      0.042482540011405945,
      0.010892271995544434,
      0.4615384638309479,
      0.7168197631835938,
      0.718021810054779
    ],
    [
      -0.04514776170253754,
      0.04514776170253754,
      0.008227050304412842,
      0.42307692766189575,
      0.707510232925415,
      0.7156177163124084
    ],
    [
      0.0324484184384346,
      0.0324484184384346,
      0.08582323044538498,
      0.8461538553237915,
      0.9384782314300537,
      0.6994027495384216
    ],
    [
      -0.15839451551437378,
      0.15839451551437378,
      -0.1050197035074234,
      0.1538461595773697,
      0.5135728120803833,
      0.5169205069541931
    ],
    [
      0.02946770004928112,
      0.02946770004928112,
      0.08284251391887665,
      0.807692289352417,
      0.9378395080566406,
      0.7003225684165955
    ],
    [
      -0.04626049846410751,
      0.04626049846410751,
      0.007114313542842865,
      0.38461539149284363,
      0.7061780691146851,
      0.7120335698127747
    ],
    [
      -0.05526227131485939,
      0.05526227131485939,
      -0.0018874593079090118,
      0.3461538553237915,
      0.7069626450538635,
      0.7120335698127747
    ],
    [
      0.09336928278207779,
      0.09336928278207779,
      0.14674410223960876,
      1.0,
      0.9380407333374023,
      0.7018917202949524
    ],
    [
      -0.21077871322631836,
      0.21077871322631836,
      -0.15740390121936798,
      0.03846153989434242,
      0.2385765016078949,
      0.4771530032157898
    ],
    [
      -0.07050233334302902,
      0.07050233334302902,
      -0.017127521336078644,
      0.26923078298568726,
      0.6872360706329346,
      0.6970366835594177
    ],
    [
      0.0661419928073883,
      0.0661419928073883,
      0.11951680481433868,
      0.9230769276618958,
      0.9458500146865845,
      0.6774354577064514
    ],
    [
      0.0026647800114005804,
      0.0026647800114005804,
      0.05603959038853645,
      0.6538461446762085,
      0.4976515769958496,
      0.500143826007843
    ],
    [
      0.0023148800246417522,
      0.0023148800246417522,
      0.05568969249725342,
      0.6153846383094788,
      0.49692773818969727,
      0.49869614839553833
    ]
  ],
  "feature_names": [
    "charge",
    "abs_charge",
    "charge_centered",
    "charge_rank_norm",
    "wbo_sum",
    "wbo_max"
  ],
  "status": "ok",
  "error": null
}