{
  "canonical_smiles": "CN(CCC[C@H](O)c1cccnc1)N=O",
  "xtb_valid": true,
  "atom_valid_mask": [
    [
      1.0
    ],
    [
      1.0
    ],
    [
      1.0
    ],
    [
      1.0
    ],
    [
      1.0
    ],
    [
      1.0
    ],
    [
      1.0
    ],
    [
      1.0
    ],
    [
      1.0
    ],
    [
      1.0
    ],
    [
      1.0
    ],
    [
      1.0
    ],
    [
      1.0
    ],
    [
      1.0
    ],
    [
      1.0
    ]
  ],
  "atom_features": [
    [
      -0.05783088877797127,
      0.05783088877797127,
      0.02087792381644249,
      0.3571428656578064,
      0.2389475554227829,
      0.4778951108455658
    ],
    [
      0.003405259922146797,
      0.003405259922146797,
      0.0821140706539154,
      0.7142857313156128,
      0.8725557327270508,
      0.658839225769043
    ],
    [
      -0.026600109413266182,
      0.026600109413266182,
      0.052108705043792725,
      0.5,
      0.493679016828537,
      0.501713752746582
    ],
    [
      -0.06701170653104782,
      0.06701170653104782,
      0.011697106063365936,
      0.2857142984867096,
      0.501984715461731,
      0.5022557377815247
    ],
    [
      -0.07041940838098526,
      0.07041940838098526,
      0.008289404213428497,
      0.2142857164144516,
      0.49765753746032715,
      0.5022557377815247
    ],
    [
      0.11080630868673325,
      0.11080630868673325,
      0.1895151138305664,
      1.0,
      0.7361353635787964,
      0.4946751594543457
    ],
    [
      -0.504345715045929,
      0.504345715045929,
      -0.425636887550354,
      0.0,
      0.24226810038089752,
      0.48453620076179504
    ],
    [
      -0.013813380151987076,
      0.013813380151987076,
      0.06489543616771698,
      0.6428571343421936,
      0.9792185425758362,
      0.7054991722106934
    ],
    [
      -0.017486730590462685,
      0.017486730590462685,
      0.06122208386659622,
      0.5714285969734192,
      0.7398143410682678,
      0.7207716703414917
    ],
    [
      -0.04218412935733795,
      0.04218412935733795,
      0.036524683237075806,
      0.4285714328289032,
      0.7470075488090515,
      0.7207716703414917
    ],
    [
      0.05265019088983536,
      0.05265019088983536,
      0.1313590109348297,
      0.8571428656578064,
      0.7429263591766357,
      0.7177345156669617
    ],
    [
      -0.2533249258995056,
      0.2533249258995056,
      -0.17461611330509186,
      0.1428571492433548,
      0.7420586347579956,
      0.7154048681259155
    ],
    [
      0.04575001075863838,
      0.04575001075863838,
      0.12445881962776184,
      0.7857142686843872,
      0.7382065057754517,
      0.7154048681259155
    ],
    [
      0.07413163781166077,
      0.07413163781166077,
      0.15284045040607452,
      0.9285714030265808,
      0.7340049147605896,
      0.8091705441474915
    ],
    [
      -0.4143587052822113,
      0.4143587052822113,
      -0.33564990758895874,
      0.0714285746216774,
      0.46595171093940735,
      0.8091705441474915
    ]
  ],
  "feature_names": [
    "charge",
    "abs_charge",
    "charge_centered",
    "charge_rank_norm",
    "wbo_sum",
    "wbo_max"
  ],
  "status": "ok",
  "error": null
}