{
  "canonical_smiles": "CCc1ccc(CCOc2ccc(C[C@H]3SC(=O)NC3=O)cc2)nc1",
  "xtb_valid": true,
  "atom_valid_mask": [
    [
      1.0
    ],
    [
      1.0
    ],
    [
      1.0
    ],
    [
      1.0
    ],
    [
      1.0
    ],
    [
      1.0
    ],
    [
      1.0
    ],
    [
      1.0
    ],
    [
      1.0
    ],
    [
      1.0
    ],
    [
      1.0
    ],
    [
      1.0
    ],
    [
      1.0
    ],
    [
      1.0
    ],
    [
      1.0
    ],
    [
      1.0
    ],
    [
      1.0
    ],
    [
      1.0
    ],
    [
      1.0
    ],
    [
      1.0
    ],
    [
      1.0
    ],
    [
      1.0
    ],
    [
      1.0
    ],
    [
      1.0
    ],
    [
      1.0
    ]
  ],
  "atom_features": [
    [
      -0.10495118051767349,
      0.10495118051767349,
      -0.05142870172858238,
      0.2083333283662796,
      0.25103405117988586,
      0.5020681023597717
    ],
    [
      -0.06173264980316162,
      0.06173264980316162,
      -0.00821017101407051,
      0.4166666567325592,
      0.5038203597068787,
      0.5055725574493408
    ],
    [
      0.0025985599495470524,
      0.0025985599495470524,
      0.056121040135622025,
      0.75,
      0.9819568991661072,
      0.7048845887184143
    ],
    [
      -0.026132779195904732,
      0.026132779195904732,
      0.02738969959318638,
      0.625,
      0.7392681241035461,
      0.723885178565979
    ],
    [
      -0.04858427867293358,
      0.04858427867293358,
      0.004938200116157532,
      0.5,
      0.7409462332725525,
      0.723885178565979
    ],
    [
      0.09097403287887573,
      0.09097403287887573,
      0.14449651539325714,
      0.875,
      0.9788650274276733,
      0.7024037837982178
    ],
    [
      -0.08156781643629074,
      0.08156781643629074,
      -0.02804533764719963,
      0.25,
      0.4992361068725586,
      0.5037531852722168
    ],
    [
      0.0813785195350647,
      0.0813785195350647,
      0.1349010020494461,
      0.8333333134651184,
      0.48636263608932495,
      0.494718998670578
    ],
    [
      -0.30223017930984497,
      0.30223017930984497,
      -0.24870769679546356,
      0.0833333358168602,
      0.5030579566955566,
      0.528109610080719
    ],
    [
      0.14029403030872345,
      0.14029403030872345,
      0.19381651282310486,
      0.9166666865348816,
      0.9463649988174438,
      0.6860426664352417
    ],
    [
      -0.0711556077003479,
      0.0711556077003479,
      -0.01763312891125679,
      0.2916666567325592,
      0.7290407419204712,
      0.7205385565757751
    ],
    [
      -0.0466369092464447,
      0.0466369092464447,
      0.006885569542646408,
      0.5416666865348816,
      0.741530179977417,
      0.7205385565757751
    ],
    [
      -0.00024403000134043396,
      0.00024403000134043396,
      0.053278449922800064,
      0.6666666865348816,
      0.9544553756713867,
      0.7068482637405396
    ],
    [
      -0.06806846708059311,
      0.06806846708059311,
      -0.014545988291501999,
      0.375,
      0.4930994510650635,
      0.5004135966300964
    ],
    [
      0.0006569999968633056,
      0.0006569999968633056,
      0.05417947843670845,
      0.7083333134651184,
      0.7280139327049255,
      0.4857853353023529
    ],
    [
      -0.07026460021734238,
      0.07026460021734238,
      -0.016742121428251266,
      0.3333333432674408,
      0.5590075850486755,
      0.5419069528579712
    ],
    [
      0.31712839007377625,
      0.31712839007377625,
      0.37065085768699646,
      1.0,
      0.9772181510925293,
      0.8320397734642029
    ],
    [
      -0.4643763303756714,
      0.4643763303756714,
      -0.41085386276245117,
      0.0,
      0.4899975657463074,
      0.8320397734642029
    ],
    [
      -0.1685384064912796,
      0.1685384064912796,
      -0.1150159239768982,
      0.1666666716337204,
      0.6446655988693237,
      0.583196222782135
    ],
    [
      0.2963687777519226,
      0.2963687777519226,
      0.3498912453651428,
      0.9583333134651184,
      0.9640313982963562,
      0.8601158261299133
    ],
    [
      -0.4249267280101776,
      0.4249267280101776,
      -0.3714042603969574,
      0.0416666679084301,
      0.46421104669570923,
      0.8601158261299133
    ],
    [
      -0.03912419080734253,
      0.03912419080734253,
      0.014398287981748581,
      0.5833333134651184,
      0.7414699196815491,
      0.7297905683517456
    ],
    [
      -0.059838611632585526,
      0.059838611632585526,
      -0.006316132843494415,
      0.4583333432674408,
      0.7320209741592407,
      0.7297905683517456
    ],
    [
      -0.272475004196167,
      0.272475004196167,
      -0.21895252168178558,
      0.125,
      0.7332946062088013,
      0.7138215899467468
    ],
    [
      0.04338661953806877,
      0.04338661953806877,
      0.09690909832715988,
      0.7916666865348816,
      0.7371548414230347,
      0.7138215899467468
    ]
  ],
  "feature_names": [
    "charge",
    "abs_charge",
    "charge_centered",
    "charge_rank_norm",
    "wbo_sum",
    "wbo_max"
  ],
  "status": "ok",
  "error": null
}