{
  "canonical_smiles": "C[C@H]1[C@@H](OCc2ccc(C(=O)O)cc2)O[C@@H]2O[C@@]3(C)CC[C@H]4[C@H](C)CC[C@@H]1[C@@]24OO3",
  "xtb_valid": true,
  "atom_valid_mask": [
    [
      1.0
    ],
    [
      1.0
    ],
    [
      1.0
    ],
    [
      1.0
    ],
    [
      1.0
    ],
    [
      1.0
    ],
    [
      1.0
    ],
    [
      1.0
    ],
    [
      1.0
    ],
    [
      1.0
    ],
    [
      1.0
    ],
    [
      1.0
    ],
    [
      1.0
    ],
    [
      1.0
    ],
    [
      1.0
    ],
    [
      1.0
    ],
    [
      1.0
    ],
    [
      1.0
    ],
    [
      1.0
    ],
    [
      1.0
    ],
    [
      1.0
    ],
    [
      1.0
    ],
    [
      1.0
    ],
    [
      1.0
    ],
    [
      1.0
    ],
    [
      1.0
    ],
    [
      1.0
    ],
    [
      1.0
    ],
    [
      1.0
    ],
    [
      1.0
    ]
  ],
  "atom_features": [
    [
      -0.12157592177391052,
      0.12157592177391052,
      -0.05274706333875656,
      0.27586206793785095,
      0.25169265270233154,
      0.5033853054046631
    ],
    [
      -0.03316584974527359,
      0.03316584974527359,
      0.03566300868988037,
      0.5517241358757019,
      0.7385765910148621,
      0.5033853054046631
    ],
    [
      0.24342863261699677,
      0.24342863261699677,
      0.3122574985027313,
      0.8965517282485962,
      0.7230573296546936,
      0.48709163069725037
    ],
    [
      -0.34548789262771606,
      0.34548789262771606,
      -0.2766590416431427,
      0.13793103396892548,
      0.48335781693458557,
      0.48709163069725037
    ],
    [
      0.0653352215886116,
      0.0653352215886116,
      0.13416408002376556,
      0.8275862336158752,
      0.49022048711776733,
      0.5008169412612915
    ],
    [
      0.01616222970187664,
      0.01616222970187664,
      0.08499108999967575,
      0.7931034564971924,
      0.9525631666183472,
      0.7025655508041382
    ],
    [
      -0.03739837184548378,
      0.03739837184548378,
      0.03143048658967018,
      0.48275861144065857,
      0.7412912845611572,
      0.7280880808830261
    ],
    [
      -0.022489670664072037,
      0.022489670664072037,
      0.046339187771081924,
      0.6551724076271057,
      0.7355166077613831,
      0.7280880808830261
    ],
    [
      -0.02064187079668045,
      0.02064187079668045,
      0.04818698763847351,
      0.7586206793785095,
      0.944929301738739,
      0.6898316740989685
    ],
    [
      0.3585471212863922,
      0.3585471212863922,
      0.4273759722709656,
      1.0,
      0.9630905985832214,
      0.8392651081085205
    ],
    [
      -0.4899156987667084,
      0.4899156987667084,
      -0.421086847782135,
      0.0,
      0.46123480796813965,
      0.8392651081085205
    ],
    [
      -0.4234766960144043,
      0.4234766960144043,
      -0.35464784502983093,
      0.03448275849223137,
      0.3293900787830353,
      0.5755756497383118
    ],
    [
      -0.021604610607028008,
      0.021604610607028008,
      0.047224245965480804,
      0.6896551847457886,
      0.7349834442138672,
      0.7293514609336853
    ],
    [
      -0.027555100619792938,
      0.027555100619792938,
      0.04127375781536102,
      0.6206896305084229,
      0.7421043515205383,
      0.7293514609336853
    ],
    [
      -0.3741147518157959,
      0.3741147518157959,
      -0.30528590083122253,
      0.06896551698446274,
      0.4761491119861603,
      0.4767735004425049
    ],
    [
      0.26274532079696655,
      0.26274532079696655,
      0.3315741717815399,
      0.931034505367279,
      0.7205559611320496,
      0.4886886179447174
    ],
    [
      -0.35528281331062317,
      0.35528281331062317,
      -0.2864539623260498,
      0.1034482792019844,
      0.4783492386341095,
      0.4886886179447174
    ],
    [
      0.2814447283744812,
      0.2814447283744812,
      0.35027357935905457,
      0.9655172228813171,
      0.95818692445755,
      0.4878344237804413
    ],
    [
      -0.13574905693531036,
      0.13574905693531036,
      -0.0669201985001564,
      0.24137930572032928,
      0.24391721189022064,
      0.4878344237804413
    ],
    [
      -0.08229371905326843,
      0.08229371905326843,
      -0.013464860618114471,
      0.3448275923728943,
      0.49306270480155945,
      0.503233015537262
    ],
    [
      -0.063628189265728,
      0.063628189265728,
      0.005200669169425964,
      0.4482758641242981,
      0.5001485347747803,
      0.503233015537262
    ],
    [
      -0.03665924072265625,
      0.03665924072265625,
      0.03216961771249771,
      0.517241358757019,
      0.7335268259048462,
      0.49706408381462097
    ],
    [
      -0.020688040181994438,
      0.020688040181994438,
      0.048140816390514374,
      0.7241379022598267,
      0.7464510202407837,
      0.5039647817611694
    ],
    [
      -0.12004052847623825,
      0.12004052847623825,
      -0.05121167004108429,
      0.3103448152542114,
      0.2519823908805847,
      0.5039647817611694
    ],
    [
      -0.07374794036149979,
      0.07374794036149979,
      -0.004919081926345825,
      0.37931033968925476,
      0.5014235973358154,
      0.503976047039032
    ],
    [
      -0.0728258490562439,
      0.0728258490562439,
      -0.003996990621089935,
      0.4137931168079376,
      0.5004595518112183,
      0.503976047039032
    ],
    [
      -0.030607089400291443,
      0.030607089400291443,
      0.03822176903486252,
      0.5862069129943848,
      0.7334781885147095,
      0.49694302678108215
    ],
    [
      0.12446819990873337,
      0.12446819990873337,
      0.19329705834388733,
      0.8620689511299133,
      0.9510891437530518,
      0.4799234867095947
    ],
    [
      -0.2442084550857544,
      0.2442084550857544,
      -0.17537960410118103,
      0.2068965584039688,
      0.46797987818717957,
      0.46909841895103455
    ],
    [
      -0.2638397514820099,
      0.2638397514820099,
      -0.19501090049743652,
      0.17241379618644714,
      0.4733678102493286,
      0.4776372015476227
    ]
  ],
  "feature_names": [
    "charge",
    "abs_charge",
    "charge_centered",
    "charge_rank_norm",
    "wbo_sum",
    "wbo_max"
  ],
  "status": "ok",
  "error": null
}