{
  "canonical_smiles": "C=CCc1ccc(O)c(OC)c1",
  "xtb_valid": true,
  "atom_valid_mask": [
    [
      1.0
    ],
    [
      1.0
    ],
    [
      1.0
    ],
    [
      1.0
    ],
    [
      1.0
    ],
    [
      1.0
    ],
    [
      1.0
    ],
    [
      1.0
    ],
    [
      1.0
    ],
    [
      1.0
    ],
    [
      1.0
    ],
    [
      1.0
    ]
  ],
  "atom_features": [
    [
      -0.10547181218862534,
      0.10547181218862534,
      -0.028631240129470825,
      0.1818181872367859,
      0.4931294620037079,
      0.9862589240074158
    ],
    [
      -0.027945850044488907,
      0.027945850044488907,
      0.048894722014665604,
      0.6363636255264282,
      0.7464269399642944,
      0.9862589240074158
    ],
    [
      -0.06716295331716537,
      0.06716295331716537,
      0.009677618741989136,
      0.4545454680919647,
      0.5025617480278015,
      0.5065950155258179
    ],
    [
      0.0012305000564083457,
      0.0012305000564083457,
      0.07807107269763947,
      0.7272727489471436,
      0.952284574508667,
      0.7091204524040222
    ],
    [
      -0.05836445838212967,
      0.05836445838212967,
      0.01847611367702484,
      0.5454545617103577,
      0.711153507232666,
      0.7131865620613098
    ],
    [
      -0.08118127286434174,
      0.08118127286434174,
      -0.004340700805187225,
      0.3636363744735718,
      0.7055765986442566,
      0.7131865620613098
    ],
    [
      0.11748067289590836,
      0.11748067289590836,
      0.19432124495506287,
      0.9090909361839294,
      0.9384744763374329,
      0.6979666352272034
    ],
    [
      -0.46138715744018555,
      0.46138715744018555,
      -0.38454657793045044,
      0.0,
      0.26547858119010925,
      0.5309571623802185
    ],
    [
      0.11820653080940247,
      0.11820653080940247,
      0.19504711031913757,
      1.0,
      0.9344778656959534,
      0.6965776681900024
    ],
    [
      -0.29995107650756836,
      0.29995107650756836,
      -0.22311049699783325,
      0.09090909361839294,
      0.5054159164428711,
      0.5243529677391052
    ],
    [
      0.023997990414500237,
      0.023997990414500237,
      0.1008385643362999,
      0.8181818127632141,
      0.24323944747447968,
      0.48647889494895935
    ],
    [
      -0.08153790235519409,
      0.08153790235519409,
      -0.004697330296039581,
      0.27272728085517883,
      0.6967489123344421,
      0.6969202160835266
    ]
  ],
  "feature_names": [
    "charge",
    "abs_charge",
    "charge_centered",
    "charge_rank_norm",
    "wbo_sum",
    "wbo_max"
  ],
  "status": "ok",
  "error": null
}