{
  "canonical_smiles": "Cn1c(=O)c2[nH]cnc2n(C)c1=O.Cn1c(=O)c2[nH]cnc2n(C)c1=O.NCCN",
  "xtb_valid": true,
  "atom_valid_mask": [
    [
      1.0
    ],
    [
      1.0
    ],
    [
      1.0
    ],
    [
      1.0
    ],
    [
      1.0
    ],
    [
      1.0
    ],
    [
      1.0
    ],
    [
      1.0
    ],
    [
      1.0
    ],
    [
      1.0
    ],
    [
      1.0
    ],
    [
      1.0
    ],
    [
      1.0
    ],
    [
      1.0
    ],
    [
      1.0
    ],
    [
      1.0
    ],
    [
      1.0
    ],
    [
      1.0
    ],
    [
      1.0
    ],
    [
      1.0
    ],
    [
      1.0
    ],
    [
      1.0
    ],
    [
      1.0
    ],
    [
      1.0
    ],
    [
      1.0
    ],
    [
      1.0
    ],
    [
      1.0
    ],
    [
      1.0
    ],
    [
      1.0
    ],
    [
      1.0
    ]
  ],
  "atom_features": [
    [
      0.001236859941855073,
      0.001236859941855073,
      -0.26493561267852783,
      0.3103448152542114,
      0.9999444484710693,
      1.9998888969421387
    ],
    [
      1.0049247741699219,
      1.0049247741699219,
      0.7387523055076599,
      0.8275862336158752,
      0.9996675252914429,
      1.9993350505828857
    ],
    [
      -0.006954359821975231,
      0.006954359821975231,
      -0.27312684059143066,
      0.13793103396892548,
      0.9996746778488159,
      1.9993493556976318
    ],
    [
      1.9982616901397705,
      1.9982616901397705,
      1.7320892810821533,
      0.931034505367279,
      1.0000081062316895,
      2.0
    ],
    [
      0.19660580158233643,
      0.19660580158233643,
      -0.06956666707992554,
      0.4482758641242981,
      0.9876726269721985,
      1.8359564542770386
    ],
    [
      1.0065056085586548,
      1.0065056085586548,
      0.7403331398963928,
      0.8620689511299133,
      1.0003191232681274,
      2.0
    ],
    [
      0.001651620026677847,
      0.001651620026677847,
      -0.2645208537578583,
      0.3448275923728943,
      1.0000401735305786,
      2.0
    ],
    [
      1.0000768899917603,
      1.0000768899917603,
      0.7339044213294983,
      0.7586206793785095,
      1.0006608963012695,
      2.0
    ],
    [
      0.49203354120254517,
      0.49203354120254517,
      0.2258610725402832,
      0.5862069129943848,
      0.9384270906448364,
      1.6333420276641846
    ],
    [
      0.9987339377403259,
      0.9987339377403259,
      0.732561469078064,
      0.7241379022598267,
      1.0000725984573364,
      2.0
    ],
    [
      -0.0007932300213724375,
      0.0007932300213724375,
      -0.26696568727493286,
      0.24137930572032928,
      0.9999752044677734,
      1.9999504089355469
    ],
    [
      0.358534038066864,
      0.358534038066864,
      0.09236156940460205,
      0.517241358757019,
      0.9690765142440796,
      1.7153785228729248
    ],
    [
      2.0015807151794434,
      2.0015807151794434,
      1.7354083061218262,
      0.9655172228813171,
      1.0000934600830078,
      2.0
    ],
    [
      -0.0010451299604028463,
      0.0010451299604028463,
      -0.26721760630607605,
      0.2068965584039688,
      0.9999444484710693,
      1.9998888969421387
    ],
    [
      0.9963812828063965,
      0.9963812828063965,
      0.7302088141441345,
      0.6551724076271057,
      0.9996675252914429,
      1.9993350505828857
    ],
    [
      0.008192489854991436,
      0.008192489854991436,
      -0.25797998905181885,
      0.37931033968925476,
      0.9996746778488159,
      1.9993493556976318
    ],
    [
      2.00167179107666,
      2.00167179107666,
      1.735499382019043,
      1.0,
      1.0000081062316895,
      2.0
    ],
    [
      0.1607433259487152,
      0.1607433259487152,
      -0.10542914271354675,
      0.4137931168079376,
      0.9876711964607239,
      1.8359564542770386
    ],
    [
      0.9918451309204102,
      0.9918451309204102,
      0.7256726622581482,
      0.6206896305084229,
      1.0003191232681274,
      2.0
    ],
    [
      -0.0018759999657049775,
      0.0018759999657049775,
      -0.2680484652519226,
      0.17241379618644714,
      1.0000401735305786,
      2.0
    ],
    [
      0.9972297549247742,
      0.9972297549247742,
      0.7310572862625122,
      0.6896551847457886,
      1.0006608963012695,
      2.0
    ],
    [
      0.4829658567905426,
      0.4829658567905426,
      0.21679338812828064,
      0.5517241358757019,
      0.9385326504707336,
      1.6333420276641846
    ],
    [
      1.0009450912475586,
      1.0009450912475586,
      0.7347726225852966,
      0.7931034564971924,
      1.0000725984573364,
      2.0
    ],
    [
      0.000817629974335432,
      0.000817629974335432,
      -0.26535484194755554,
      0.27586206793785095,
      0.9999752044677734,
      1.9999504089355469
    ],
    [
      0.32813042402267456,
      0.32813042402267456,
      0.0619579553604126,
      0.48275861144065857,
      0.9693185091018677,
      1.7153785228729248
    ],
    [
      1.9978816509246826,
      1.9978816509246826,
      1.7317092418670654,
      0.8965517282485962,
      1.0000934600830078,
      2.0
    ],
    [
      -2.0068321228027344,
      2.0068321228027344,
      -2.2730045318603516,
      0.06896551698446274,
      0.2436177134513855,
      0.24372322857379913
    ],
    [
      -2.3263070583343506,
      2.3263070583343506,
      -2.5924794673919678,
      0.03448275849223137,
      0.13938738405704498,
      0.1393887847661972
    ],
    [
      -3.997199058532715,
      3.997199058532715,
      -4.263371467590332,
      0.0,
      0.0,
      0.0
    ],
    [
      -1.700768232345581,
      1.700768232345581,
      -1.9669406414031982,
      0.1034482792019844,
      0.22301648557186127,
      0.22325845062732697
    ]
  ],
  "feature_names": [
    "charge",
    "abs_charge",
    "charge_centered",
    "charge_rank_norm",
    "wbo_sum",
    "wbo_max"
  ],
  "status": "ok",
  "error": null
}