{
  "canonical_smiles": "COc1ccc2c(c1)[C@]13CCCC[C@@H]1[C@H](C2)N(C)CC3",
  "xtb_valid": true,
  "atom_valid_mask": [
    [
      1.0
    ],
    [
      1.0
    ],
    [
      1.0
    ],
    [
      1.0
    ],
    [
      1.0
    ],
    [
      1.0
    ],
    [
      1.0
    ],
    [
      1.0
    ],
    [
      1.0
    ],
    [
      1.0
    ],
    [
      1.0
    ],
    [
      1.0
    ],
    [
      1.0
    ],
    [
      1.0
    ],
    [
      1.0
    ],
    [
      1.0
    ],
    [
      1.0
    ],
    [
      1.0
    ],
    [
      1.0
    ],
    [
      1.0
    ]
  ],
  "atom_features": [
    [
      0.025738410651683807,
      0.025738410651683807,
      0.07158619910478592,
      0.8947368264198303,
      0.24332943558692932,
      0.48665887117385864
    ],
    [
      -0.3106210231781006,
      0.3106210231781006,
      -0.26477324962615967,
      0.0,
      0.5041348338127136,
      0.5216108560562134
    ],
    [
      0.1332506537437439,
      0.1332506537437439,
      0.179098442196846,
      1.0,
      0.9457089304924011,
      0.686728835105896
    ],
    [
      -0.07646884769201279,
      0.07646884769201279,
      -0.030621059238910675,
      0.10526315867900848,
      0.7281688451766968,
      0.7196021676063538
    ],
    [
      -0.052238691598176956,
      0.052238691598176956,
      -0.006390903145074844,
      0.5263158082962036,
      0.7403970956802368,
      0.7196021676063538
    ],
    [
      -0.00424028979614377,
      0.00424028979614377,
      0.04160749912261963,
      0.6842105388641357,
      0.9508606195449829,
      0.7056002616882324
    ],
    [
      0.002258949913084507,
      0.002258949913084507,
      0.048106737434864044,
      0.7368420958518982,
      0.9715369939804077,
      0.7113137245178223
    ],
    [
      -0.0701994076371193,
      0.0701994076371193,
      -0.02435161918401718,
      0.15789473056793213,
      0.7249918580055237,
      0.7113137245178223
    ],
    [
      0.013786450028419495,
      0.013786450028419495,
      0.059634238481521606,
      0.7894737124443054,
      0.9756205081939697,
      0.4915756583213806
    ],
    [
      -0.0636381283402443,
      0.0636381283402443,
      -0.01779033988714218,
      0.2631579041481018,
      0.4961089789867401,
      0.504846453666687
    ],
    [
      -0.0578954704105854,
      0.0578954704105854,
      -0.012047681957483292,
      0.4736842215061188,
      0.5041785836219788,
      0.504846453666687
    ],
    [
      -0.060198619961738586,
      0.060198619961738586,
      -0.014350831508636475,
      0.3684210479259491,
      0.5020257234573364,
      0.5035106539726257
    ],
    [
      -0.05853816121816635,
      0.05853816121816635,
      -0.01269037276506424,
      0.42105263471603394,
      0.4997285306453705,
      0.5005407333374023
    ],
    [
      -0.02755912020802498,
      0.02755912020802498,
      0.018288668245077133,
      0.6315789222717285,
      0.7386268377304077,
      0.4989163279533386
    ],
    [
      0.037737589329481125,
      0.037737589329481125,
      0.08358538150787354,
      0.9473684430122375,
      0.7379302978515625,
      0.492972731590271
    ],
    [
      -0.06842219084501266,
      0.06842219084501266,
      -0.022574402391910553,
      0.21052631735801697,
      0.4984991252422333,
      0.5059431195259094
    ],
    [
      -0.19672270119190216,
      0.19672270119190216,
      -0.15087491273880005,
      0.05263157933950424,
      0.7506954669952393,
      0.5079745650291443
    ],
    [
      -0.03435739129781723,
      0.03435739129781723,
      0.011490397155284882,
      0.5789473652839661,
      0.25398728251457214,
      0.5079745650291443
    ],
    [
      0.014042750000953674,
      0.014042750000953674,
      0.059890538454055786,
      0.8421052694320679,
      0.5010347962379456,
      0.5016258955001831
    ],
    [
      -0.06267052888870239,
      0.06267052888870239,
      -0.01682274043560028,
      0.31578946113586426,
      0.4937075674533844,
      0.5016258955001831
    ]
  ],
  "feature_names": [
    "charge",
    "abs_charge",
    "charge_centered",
    "charge_rank_norm",
    "wbo_sum",
    "wbo_max"
  ],
  "status": "ok",
  "error": null
}