{
  "canonical_smiles": "CN(CC=CC#CC(C)(C)C)Cc1cccc2ccccc12",
  "xtb_valid": true,
  "atom_valid_mask": [
    [
      1.0
    ],
    [
      1.0
    ],
    [
      1.0
    ],
    [
      1.0
    ],
    [
      1.0
    ],
    [
      1.0
    ],
    [
      1.0
    ],
    [
      1.0
    ],
    [
      1.0
    ],
    [
      1.0
    ],
    [
      1.0
    ],
    [
      1.0
    ],
    [
      1.0
    ],
    [
      1.0
    ],
    [
      1.0
    ],
    [
      1.0
    ],
    [
      1.0
    ],
    [
      1.0
    ],
    [
      1.0
    ],
    [
      1.0
    ],
    [
      1.0
    ],
    [
      1.0
    ]
  ],
  "atom_features": [
    [
      -0.03367586061358452,
      0.03367586061358452,
      0.007620740681886673,
      0.6666666865348816,
      0.2535299062728882,
      0.5070598125457764
    ],
    [
      -0.18224003911018372,
      0.18224003911018372,
      -0.14094343781471252,
      0.0,
      0.7528843879699707,
      0.5070598125457764
    ],
    [
      0.0026024600956588984,
      0.0026024600956588984,
      0.043899063020944595,
      0.8095238208770752,
      0.5055807828903198,
      0.5074883103370667
    ],
    [
      -0.04416542127728462,
      0.04416542127728462,
      -0.002868819981813431,
      0.3333333432674408,
      0.7423099279403687,
      0.9154093265533447
    ],
    [
      -0.02319432981312275,
      0.02319432981312275,
      0.018102271482348442,
      0.7142857313156128,
      0.7382973432540894,
      0.9154093265533447
    ],
    [
      -0.06159977987408638,
      0.06159977987408638,
      -0.02030317857861519,
      0.190476194024086,
      0.9662604331970215,
      1.371335506439209
    ],
    [
      -0.05725698918104172,
      0.05725698918104172,
      -0.015960387885570526,
      0.2380952388048172,
      0.9707742929458618,
      1.371335506439209
    ],
    [
      0.05341394990682602,
      0.05341394990682602,
      0.09471055120229721,
      1.0,
      0.9909038543701172,
      0.5084909796714783
    ],
    [
      -0.1056336835026741,
      0.1056336835026741,
      -0.06433708220720291,
      0.1428571492433548,
      0.24535833299160004,
      0.4907166659832001
    ],
    [
      -0.10611578077077866,
      0.10611578077077866,
      -0.06481917947530746,
      0.0476190485060215,
      0.24578966200351715,
      0.4915793240070343
    ],
    [
      -0.10590880364179611,
      0.10590880364179611,
      -0.06461220234632492,
      0.095238097012043,
      0.24551032483577728,
      0.49102064967155457
    ],
    [
      0.007839660160243511,
      0.007839660160243511,
      0.04913626238703728,
      0.8571428656578064,
      0.4982341527938843,
      0.5014325976371765
    ],
    [
      -0.002011540113016963,
      0.002011540113016963,
      0.03928506001830101,
      0.761904776096344,
      0.9726526141166687,
      0.7458406090736389
    ],
    [
      -0.04065708816051483,
      0.04065708816051483,
      0.0006395131349563599,
      0.4285714328289032,
      0.7137981653213501,
      0.7458406090736389
    ],
    [
      -0.038607750087976456,
      0.038607750087976456,
      0.0026888512074947357,
      0.4761904776096344,
      0.7202364802360535,
      0.7587171792984009
    ],
    [
      -0.04488641023635864,
      0.04488641023635864,
      -0.003589808940887451,
      0.2857142984867096,
      0.735114336013794,
      0.7587171792984009
    ],
    [
      0.014487169682979584,
      0.014487169682979584,
      0.055783770978450775,
      0.9523809552192688,
      0.955843448638916,
      0.6476910710334778
    ],
    [
      -0.04205552861094475,
      0.04205552861094475,
      -0.0007589273154735565,
      0.380952388048172,
      0.736519992351532,
      0.7593339681625366
    ],
    [
      -0.035743411630392075,
      0.035743411630392075,
      0.005553189665079117,
      0.6190476417541504,
      0.7202194333076477,
      0.7593339681625366
    ],
    [
      -0.03591930866241455,
      0.03591930866241455,
      0.005377292633056641,
      0.5714285969734192,
      0.7200636267662048,
      0.7590224146842957
    ],
    [
      -0.03823383152484894,
      0.03823383152484894,
      0.0030627697706222534,
      0.523809552192688,
      0.737210214138031,
      0.7590224146842957
    ],
    [
      0.011037119664251804,
      0.011037119664251804,
      0.05233372002840042,
      0.9047619104385376,
      0.9499497413635254,
      0.6493830680847168
    ]
  ],
  "feature_names": [
    "charge",
    "abs_charge",
    "charge_centered",
    "charge_rank_norm",
    "wbo_sum",
    "wbo_max"
  ],
  "status": "ok",
  "error": null
}