{
  "canonical_smiles": "CCCCC/C=C/C/C=C/CCCCCCCC(=O)O",
  "xtb_valid": true,
  "atom_valid_mask": [
    [
      1.0
    ],
    [
      1.0
    ],
    [
      1.0
    ],
    [
      1.0
    ],
    [
      1.0
    ],
    [
      1.0
    ],
    [
      1.0
    ],
    [
      1.0
    ],
    [
      1.0
    ],
    [
      1.0
    ],
    [
      1.0
    ],
    [
      1.0
    ],
    [
      1.0
    ],
    [
      1.0
    ],
    [
      1.0
    ],
    [
      1.0
    ],
    [
      1.0
    ],
    [
      1.0
    ],
    [
      1.0
    ],
    [
      1.0
    ]
  ],
  "atom_features": [
    [
      -0.10735315829515457,
      0.10735315829515457,
      -0.027367472648620605,
      0.10526315867900848,
      0.2552586793899536,
      0.5105173587799072
    ],
    [
      -0.05555497854948044,
      0.05555497854948044,
      0.024430707097053528,
      0.7368420958518982,
      0.5069618821144104,
      0.5105173587799072
    ],
    [
      -0.06039505824446678,
      0.06039505824446678,
      0.019590627402067184,
      0.4736842215061188,
      0.5038518905639648,
      0.5042973756790161
    ],
    [
      -0.059611719101667404,
      0.059611719101667404,
      0.020373966544866562,
      0.5263158082962036,
      0.5034187436103821,
      0.5042973756790161
    ],
    [
      -0.06312140077352524,
      0.06312140077352524,
      0.016864284873008728,
      0.2631579041481018,
      0.5075618028640747,
      0.5125834941864014
    ],
    [
      -0.05100575089454651,
      0.05100575089454651,
      0.028979934751987457,
      0.7894737124443054,
      0.7361894845962524,
      0.9597955346107483
    ],
    [
      -0.048663120716810226,
      0.048663120716810226,
      0.03132256492972374,
      0.8947368264198303,
      0.7321590781211853,
      0.9597955346107483
    ],
    [
      -0.059596218168735504,
      0.059596218168735504,
      0.020389467477798462,
      0.5789473652839661,
      0.5051050186157227,
      0.5056874752044678
    ],
    [
      -0.04680953919887543,
      0.04680953919887543,
      0.03317614644765854,
      0.9473684430122375,
      0.7333766222000122,
      0.9610658288002014
    ],
    [
      -0.050088029354810715,
      0.050088029354810715,
      0.02989765629172325,
      0.8421052694320679,
      0.7368102669715881,
      0.9610658288002014
    ],
    [
      -0.06057649105787277,
      0.06057649105787277,
      0.019409194588661194,
      0.31578946113586426,
      0.5039157271385193,
      0.5125546455383301
    ],
    [
      -0.0576271116733551,
      0.0576271116733551,
      0.022358573973178864,
      0.6842105388641357,
      0.49986112117767334,
      0.5044454336166382
    ],
    [
      -0.06051231920719147,
      0.06051231920719147,
      0.0194733664393425,
      0.3684210479259491,
      0.5037034749984741,
      0.5044454336166382
    ],
    [
      -0.06345448642969131,
      0.06345448642969131,
      0.01653119921684265,
      0.21052631735801697,
      0.5034070014953613,
      0.5038524270057678
    ],
    [
      -0.06042588874697685,
      0.06042588874697685,
      0.019559796899557114,
      0.42105263471603394,
      0.5036798119544983,
      0.5038524270057678
    ],
    [
      -0.05894386023283005,
      0.05894386023283005,
      0.02104182541370392,
      0.6315789222717285,
      0.4973042607307434,
      0.5035071969032288
    ],
    [
      -0.09510862082242966,
      0.09510862082242966,
      -0.015122935175895691,
      0.15789473056793213,
      0.49354448914527893,
      0.4959876239299774
    ],
    [
      0.36622971296310425,
      0.36622971296310425,
      0.4462153911590576,
      1.0,
      0.965895414352417,
      0.8541975021362305
    ],
    [
      -0.48700863122940063,
      0.48700863122940063,
      -0.40702295303344727,
      0.0,
      0.4696963131427765,
      0.8541975021362305
    ],
    [
      -0.4200870096683502,
      0.4200870096683502,
      -0.34010133147239685,
      0.05263157933950424,
      0.3334003984928131,
      0.5816056728363037
    ]
  ],
  "feature_names": [
    "charge",
    "abs_charge",
    "charge_centered",
    "charge_rank_norm",
    "wbo_sum",
    "wbo_max"
  ],
  "status": "ok",
  "error": null
}