{
  "canonical_smiles": "CCC[N+]12C(O)C(CC)C3CC1C1N(C)c4ccccc4C14CC2C3C4O",
  "xtb_valid": true,
  "atom_valid_mask": [
    [
      1.0
    ],
    [
      1.0
    ],
    [
      1.0
    ],
    [
      1.0
    ],
    [
      1.0
    ],
    [
      1.0
    ],
    [
      1.0
    ],
    [
      1.0
    ],
    [
      1.0
    ],
    [
      1.0
    ],
    [
      1.0
    ],
    [
      1.0
    ],
    [
      1.0
    ],
    [
      1.0
    ],
    [
      1.0
    ],
    [
      1.0
    ],
    [
      1.0
    ],
    [
      1.0
    ],
    [
      1.0
    ],
    [
      1.0
    ],
    [
      1.0
    ],
    [
      1.0
    ],
    [
      1.0
    ],
    [
      1.0
    ],
    [
      1.0
    ],
    [
      1.0
    ],
    [
      1.0
    ]
  ],
  "atom_features": [
    [
      -0.12061181664466858,
      0.12061181664466858,
      -0.06333558261394501,
      0.11538461595773697,
      0.25357186794281006,
      0.5071437358856201
    ],
    [
      -0.06527712941169739,
      0.06527712941169739,
      -0.008000895380973816,
      0.3076923191547394,
      0.5055173635482788,
      0.5071437358856201
    ],
    [
      -0.024440480396151543,
      0.024440480396151543,
      0.03283575177192688,
      0.6153846383094788,
      0.48256364464759827,
      0.5038909316062927
    ],
    [
      0.03368255868554115,
      0.03368255868554115,
      0.09095878899097443,
      0.8846153616905212,
      0.9003559947013855,
      0.4612363278865814
    ],
    [
      0.1520540863275528,
      0.1520540863275528,
      0.20933032035827637,
      1.0,
      0.7253411412239075,
      0.5245340466499329
    ],
    [
      -0.4426252841949463,
      0.4426252841949463,
      -0.3853490352630615,
      0.03846153989434242,
      0.26226702332496643,
      0.5245340466499329
    ],
    [
      -0.04610605165362358,
      0.04610605165362358,
      0.01117018237709999,
      0.42307692766189575,
      0.7360897660255432,
      0.4974916875362396
    ],
    [
      -0.06566198170185089,
      0.06566198170185089,
      -0.00838574767112732,
      0.26923078298568726,
      0.5031777024269104,
      0.5088636875152588
    ],
    [
      -0.11726299673318863,
      0.11726299673318863,
      -0.05998676270246506,
      0.1538461595773697,
      0.2544318437576294,
      0.5088636875152588
    ],
    [
      -0.02109133079648018,
      0.02109133079648018,
      0.03618490323424339,
      0.692307710647583,
      0.7400779128074646,
      0.4956692159175873
    ],
    [
      -0.082451730966568,
      0.082451730966568,
      -0.02517549693584442,
      0.19230769574642181,
      0.4994108974933624,
      0.5031525492668152
    ],
    [
      0.019814619794487953,
      0.019814619794487953,
      0.07709085196256638,
      0.7692307829856873,
      0.7175116539001465,
      0.5031525492668152
    ],
    [
      0.032210178673267365,
      0.032210178673267365,
      0.08948641270399094,
      0.8461538553237915,
      0.7313082814216614,
      0.4948856830596924
    ],
    [
      -0.1479460895061493,
      0.1479460895061493,
      -0.09066985547542572,
      0.07692307978868484,
      0.7622439861297607,
      0.5370373725891113
    ],
    [
      -0.04536198079586029,
      0.04536198079586029,
      0.011914253234863281,
      0.4615384638309479,
      0.24912132322788239,
      0.49824264645576477
    ],
    [
      0.055663101375103,
      0.055663101375103,
      0.11293933540582657,
      0.9230769276618958,
      0.947716474533081,
      0.6990054845809937
    ],
    [
      -0.05326481908559799,
      0.05326481908559799,
      0.00401141494512558,
      0.3461538553237915,
      0.733254611492157,
      0.7172451615333557
    ],
    [
      -0.03867315873503685,
      0.03867315873503685,
      0.018603075295686722,
      0.5384615659713745,
      0.7444760799407959,
      0.719302237033844
    ],
    [
      -0.04650894179940224,
      0.04650894179940224,
      0.010767292231321335,
      0.38461539149284363,
      0.715100884437561,
      0.719302237033844
    ],
    [
      -0.04435053840279579,
      0.04435053840279579,
      0.01292569562792778,
      0.5,
      0.7405207753181458,
      0.7198833227157593
    ],
    [
      -0.023302840068936348,
      0.023302840068936348,
      0.03397339582443237,
      0.6538461446762085,
      0.96516352891922,
      0.7198833227157593
    ],
    [
      -0.0024153098929673433,
      0.0024153098929673433,
      0.0548609234392643,
      0.7307692170143127,
      0.9684874415397644,
      0.4986487030982971
    ],
    [
      -0.08045236766338348,
      0.08045236766338348,
      -0.023176133632659912,
      0.23076923191547394,
      0.49430587887763977,
      0.4995695948600769
    ],
    [
      0.019940799102187157,
      0.019940799102187157,
      0.07721703499555588,
      0.807692289352417,
      0.7241183519363403,
      0.4995695948600769
    ],
    [
      -0.03340987116098404,
      0.03340987116098404,
      0.023866362869739532,
      0.5769230723381042,
      0.7340214252471924,
      0.49311086535453796
    ],
    [
      0.11887907236814499,
      0.11887907236814499,
      0.17615529894828796,
      0.9615384340286255,
      0.7274062037467957,
      0.4981319010257721
    ],
    [
      -0.4774881899356842,
      0.4774881899356842,
      -0.4202119708061218,
      0.0,
      0.24906595051288605,
      0.4981319010257721
    ]
  ],
  "feature_names": [
    "charge",
    "abs_charge",
    "charge_centered",
    "charge_rank_norm",
    "wbo_sum",
    "wbo_max"
  ],
  "status": "ok",
  "error": null
}