{
  "canonical_smiles": "C=C(C)c1ccc(OC)c(CN[C@H]2C3CCN(CC3)[C@@H]2C(c2ccccc2)c2ccccc2)c1",
  "xtb_valid": true,
  "atom_valid_mask": [
    [
      1.0
    ],
    [
      1.0
    ],
    [
      1.0
    ],
    [
      1.0
    ],
    [
      1.0
    ],
    [
      1.0
    ],
    [
      1.0
    ],
    [
      1.0
    ],
    [
      1.0
    ],
    [
      1.0
    ],
    [
      1.0
    ],
    [
      1.0
    ],
    [
      1.0
    ],
    [
      1.0
    ],
    [
      1.0
    ],
    [
      1.0
    ],
    [
      1.0
    ],
    [
      1.0
    ],
    [
      1.0
    ],
    [
      1.0
    ],
    [
      1.0
    ],
    [
      1.0
    ],
    [
      1.0
    ],
    [
      1.0
    ],
    [
      1.0
    ],
    [
      1.0
    ],
    [
      1.0
    ],
    [
      1.0
    ],
    [
      1.0
    ],
    [
      1.0
    ],
    [
      1.0
    ],
    [
      1.0
    ],
    [
      1.0
    ],
    [
      1.0
    ]
  ],
  "atom_features": [
    [
      -0.11025506258010864,
      0.11025506258010864,
      -0.0671684592962265,
      0.12121212482452393,
      0.4704720675945282,
      0.9409441351890564
    ],
    [
      0.01588476076722145,
      0.01588476076722145,
      0.05897136405110359,
      0.8484848737716675,
      0.9865177869796753,
      0.9409441351890564
    ],
    [
      -0.11372166126966476,
      0.11372166126966476,
      -0.07063505798578262,
      0.09090909361839294,
      0.2552218437194824,
      0.5104436874389648
    ],
    [
      0.000683859980199486,
      0.000683859980199486,
      0.04377046227455139,
      0.6969696879386902,
      0.9546077847480774,
      0.6946060657501221
    ],
    [
      -0.044222209602594376,
      0.044222209602594376,
      -0.0011356063187122345,
      0.24242424964904785,
      0.7342400550842285,
      0.7206520438194275
    ],
    [
      -0.07366718351840973,
      0.07366718351840973,
      -0.030580580234527588,
      0.1515151560306549,
      0.7296950221061707,
      0.7206520438194275
    ],
    [
      0.13261856138706207,
      0.13261856138706207,
      0.1757051646709442,
      1.0,
      0.9397442936897278,
      0.6882315278053284
    ],
    [
      -0.30528324842453003,
      0.30528324842453003,
      -0.2621966600418091,
      0.0,
      0.5048429369926453,
      0.5234540700912476
    ],
    [
      0.024672549217939377,
      0.024672549217939377,
      0.06775915622711182,
      0.8787878751754761,
      0.2431158870458603,
      0.4862317740917206
    ],
    [
      -0.022859329357743263,
      0.022859329357743263,
      0.020227273926138878,
      0.6363636255264282,
      0.9686566591262817,
      0.7162875533103943
    ],
    [
      0.02481481060385704,
      0.02481481060385704,
      0.06790141761302948,
      0.9090909361839294,
      0.5001006722450256,
      0.5002005696296692
    ],
    [
      -0.27986401319503784,
      0.27986401319503784,
      -0.2367774099111557,
      0.03030303120613098,
      0.5006980895996094,
      0.5011956095695496
    ],
    [
      0.039250679314136505,
      0.039250679314136505,
      0.08233728259801865,
      0.9696969985961914,
      0.7343617677688599,
      0.5011956095695496
    ],
    [
      -0.017611000686883926,
      0.017611000686883926,
      0.025475602596998215,
      0.6666666865348816,
      0.7400611042976379,
      0.4992113709449768
    ],
    [
      -0.06346052885055542,
      0.06346052885055542,
      -0.02037392556667328,
      0.21212121844291687,
      0.4976244866847992,
      0.4992113709449768
    ],
    [
      0.00505755003541708,
      0.00505755003541708,
      0.048144154250621796,
      0.7575757503509521,
      0.49825263023376465,
      0.5004676580429077
    ],
    [
      -0.2050330936908722,
      0.2050330936908722,
      -0.16194649040699005,
      0.06060606241226196,
      0.7454255223274231,
      0.5014609098434448
    ],
    [
      0.003758060047402978,
      0.003758060047402978,
      0.046844664961099625,
      0.7272727489471436,
      0.4986695945262909,
      0.5014609098434448
    ],
    [
      -0.06526745855808258,
      0.06526745855808258,
      -0.02218085527420044,
      0.1818181872367859,
      0.496944785118103,
      0.4980112910270691
    ],
    [
      0.033113740384578705,
      0.033113740384578705,
      0.07620034366846085,
      0.939393937587738,
      0.7252004146575928,
      0.48892244696617126
    ],
    [
      -0.041326310485601425,
      0.041326310485601425,
      0.001760292798280716,
      0.3333333432674408,
      0.7311612963676453,
      0.49408769607543945
    ],
    [
      0.01417171023786068,
      0.01417171023786068,
      0.05725831538438797,
      0.8181818127632141,
      0.9785681366920471,
      0.7056573033332825
    ],
    [
      -0.038914188742637634,
      0.038914188742637634,
      0.004172414541244507,
      0.39393940567970276,
      0.7404104471206665,
      0.7201945185661316
    ],
    [
      -0.03784655034542084,
      0.03784655034542084,
      0.005240052938461304,
      0.5151515007019043,
      0.7478190660476685,
      0.7201945185661316
    ],
    [
      -0.038600340485572815,
      0.038600340485572815,
      0.004486262798309326,
      0.42424243688583374,
      0.7462844252586365,
      0.7198283672332764
    ],
    [
      -0.03752288967370987,
      0.03752288967370987,
      0.005563713610172272,
      0.5454545617103577,
      0.747868001461029,
      0.7224475145339966
    ],
    [
      -0.04104774817824364,
      0.04104774817824364,
      0.002038855105638504,
      0.3636363744735718,
      0.7405164241790771,
      0.7224475145339966
    ],
    [
      0.010914740152657032,
      0.010914740152657032,
      0.0540013425052166,
      0.7878788113594055,
      0.9794045686721802,
      0.7093865275382996
    ],
    [
      -0.04182833060622215,
      0.04182833060622215,
      0.0012582726776599884,
      0.3030303120613098,
      0.741474986076355,
      0.7230371236801147
    ],
    [
      -0.03742370009422302,
      0.03742370009422302,
      0.005662903189659119,
      0.5757575631141663,
      0.7481589317321777,
      0.7230371236801147
    ],
    [
      -0.03846447169780731,
      0.03846447169780731,
      0.004622131586074829,
      0.4545454680919647,
      0.74666428565979,
      0.7210724353790283
    ],
    [
      -0.034969180822372437,
      0.034969180822372437,
      0.008117422461509705,
      0.6060606241226196,
      0.7479284405708313,
      0.7210724353790283
    ],
    [
      -0.03840358927845955,
      0.03840358927845955,
      0.004683014005422592,
      0.4848484992980957,
      0.7416602373123169,
      0.7185652256011963
    ],
    [
      -0.04229332134127617,
      0.04229332134127617,
      0.0007932819426059723,
      0.27272728085517883,
      0.7298779487609863,
      0.7162875533103943
    ]
  ],
  "feature_names": [
    "charge",
    "abs_charge",
    "charge_centered",
    "charge_rank_norm",
    "wbo_sum",
    "wbo_max"
  ],
  "status": "ok",
  "error": null
}