{
  "canonical_smiles": "C=CC1CN2CCC1CC2C(O)c1ccnc2ccc(OC)cc12",
  "xtb_valid": true,
  "atom_valid_mask": [
    [
      1.0
    ],
    [
      1.0
    ],
    [
      1.0
    ],
    [
      1.0
    ],
    [
      1.0
    ],
    [
      1.0
    ],
    [
      1.0
    ],
    [
      1.0
    ],
    [
      1.0
    ],
    [
      1.0
    ],
    [
      1.0
    ],
    [
      1.0
    ],
    [
      1.0
    ],
    [
      1.0
    ],
    [
      1.0
    ],
    [
      1.0
    ],
    [
      1.0
    ],
    [
      1.0
    ],
    [
      1.0
    ],
    [
      1.0
    ],
    [
      1.0
    ],
    [
      1.0
    ],
    [
      1.0
    ],
    [
      1.0
    ]
  ],
  "atom_features": [
    [
      -0.10312961041927338,
      0.10312961041927338,
      -0.04689258709549904,
      0.17391304671764374,
      0.49266692996025085,
      0.9853338599205017
    ],
    [
      -0.03767947852611542,
      0.03767947852611542,
      0.01855754479765892,
      0.47826087474823,
      0.7466825842857361,
      0.9853338599205017
    ],
    [
      -0.02813359908759594,
      0.02813359908759594,
      0.028103424236178398,
      0.52173912525177,
      0.7413896918296814,
      0.5080313086509705
    ],
    [
      0.004049819894134998,
      0.004049819894134998,
      0.06028684228658676,
      0.695652186870575,
      0.4912744164466858,
      0.49984753131866455
    ],
    [
      -0.20145194232463837,
      0.20145194232463837,
      -0.14521491527557373,
      0.1304347813129425,
      0.7470929622650146,
      0.5004400014877319
    ],
    [
      0.005210270173847675,
      0.005210270173847675,
      0.06144729256629944,
      0.739130437374115,
      0.49833497405052185,
      0.5004400014877319
    ],
    [
      -0.06503622233867645,
      0.06503622233867645,
      -0.008799199014902115,
      0.260869562625885,
      0.4971795380115509,
      0.49812909960746765
    ],
    [
      -0.011574230156838894,
      0.011574230156838894,
      0.04466279223561287,
      0.5652173757553101,
      0.7445682287216187,
      0.49896055459976196
    ],
    [
      -0.06148963049054146,
      0.06148963049054146,
      -0.00525260716676712,
      0.3478260934352875,
      0.494545042514801,
      0.49896055459976196
    ],
    [
      0.034990519285202026,
      0.034990519285202026,
      0.09122754633426666,
      0.8260869383811951,
      0.7340127229690552,
      0.4938984513282776
    ],
    [
      0.1059868335723877,
      0.1059868335723877,
      0.16222386062145233,
      0.95652174949646,
      0.7311666011810303,
      0.49512672424316406
    ],
    [
      -0.5054526925086975,
      0.5054526925086975,
      -0.44921568036079407,
      0.0,
      0.2416044920682907,
      0.4832089841365814
    ],
    [
      0.003824870102107525,
      0.003824870102107525,
      0.06006189435720444,
      0.6521739363670349,
      0.9650728702545166,
      0.7430723905563354
    ],
    [
      -0.04355094954371452,
      0.04355094954371452,
      0.012686073780059814,
      0.43478259444236755,
      0.7127224802970886,
      0.7430723905563354
    ],
    [
      0.05165256932377815,
      0.05165256932377815,
      0.10788959264755249,
      0.8695651888847351,
      0.7131532430648804,
      0.7439338564872742
    ],
    [
      -0.2667982280254364,
      0.2667982280254364,
      -0.21056120097637177,
      0.08695652335882187,
      0.728412389755249,
      0.7439338564872742
    ],
    [
      0.08812884241342545,
      0.08812884241342545,
      0.14436586201190948,
      0.9130434989929199,
      0.9520152807235718,
      0.6531000733375549
    ],
    [
      -0.04767094925045967,
      0.04767094925045967,
      0.008566074073314667,
      0.3913043439388275,
      0.734036922454834,
      0.7568948864936829
    ],
    [
      -0.06295213103294373,
      0.06295213103294373,
      -0.006715107709169388,
      0.30434781312942505,
      0.7057195901870728,
      0.7568948864936829
    ],
    [
      0.14638403058052063,
      0.14638403058052063,
      0.20262105762958527,
      1.0,
      0.948190450668335,
      0.7099071145057678
    ],
    [
      -0.2974059581756592,
      0.2974059581756592,
      -0.24116893112659454,
      0.043478261679410934,
      0.5079049468040466,
      0.5319295525550842
    ],
    [
      0.018880579620599747,
      0.018880579620599747,
      0.07511760294437408,
      0.782608687877655,
      0.24194015562534332,
      0.48388031125068665
    ],
    [
      -0.07220839709043503,
      0.07220839709043503,
      -0.01597137376666069,
      0.21739129722118378,
      0.715663731098175,
      0.7099071145057678
    ],
    [
      -0.004262879956513643,
      0.004262879956513643,
      0.05197414383292198,
      0.6086956262588501,
      0.9466639161109924,
      0.656588077545166
    ]
  ],
  "feature_names": [
    "charge",
    "abs_charge",
    "charge_centered",
    "charge_rank_norm",
    "wbo_sum",
    "wbo_max"
  ],
  "status": "ok",
  "error": null
}