{
  "canonical_smiles": "CCN(CC)CCC[C@@H](C)Nc1c2ccc(Cl)cc2nc2ccc(OC)cc12",
  "xtb_valid": true,
  "atom_valid_mask": [
    [
      1.0
    ],
    [
      1.0
    ],
    [
      1.0
    ],
    [
      1.0
    ],
    [
      1.0
    ],
    [
      1.0
    ],
    [
      1.0
    ],
    [
      1.0
    ],
    [
      1.0
    ],
    [
      1.0
    ],
    [
      1.0
    ],
    [
      1.0
    ],
    [
      1.0
    ],
    [
      1.0
    ],
    [
      1.0
    ],
    [
      1.0
    ],
    [
      1.0
    ],
    [
      1.0
    ],
    [
      1.0
    ],
    [
      1.0
    ],
    [
      1.0
    ],
    [
      1.0
    ],
    [
      1.0
    ],
    [
      1.0
    ],
    [
      1.0
    ],
    [
      1.0
    ],
    [
      1.0
    ],
    [
      1.0
    ]
  ],
  "atom_features": [
    [
      -0.1147843524813652,
      0.1147843524813652,
      -0.0629931092262268,
      0.18518517911434174,
      0.2538275718688965,
      0.507655143737793
    ],
    [
      0.012713669799268246,
      0.012713669799268246,
      0.06450490653514862,
      0.7037037014961243,
      0.5030490159988403,
      0.507655143737793
    ],
    [
      -0.20061783492565155,
      0.20061783492565155,
      -0.14882659912109375,
      0.14814814925193787,
      0.7486932277679443,
      0.49964895844459534
    ],
    [
      0.013545540161430836,
      0.013545540161430836,
      0.06533677875995636,
      0.7407407164573669,
      0.5037355422973633,
      0.5081764459609985
    ],
    [
      -0.11367285996675491,
      0.11367285996675491,
      -0.061881620436906815,
      0.25925925374031067,
      0.25408822298049927,
      0.5081764459609985
    ],
    [
      0.009795350022614002,
      0.009795350022614002,
      0.061586588621139526,
      0.6666666865348816,
      0.5004059076309204,
      0.5011628270149231
    ],
    [
      -0.06752938777208328,
      0.06752938777208328,
      -0.015738148242235184,
      0.29629629850387573,
      0.5023011565208435,
      0.5034394860267639
    ],
    [
      -0.06519927084445953,
      0.06519927084445953,
      -0.013408031314611435,
      0.3333333432674408,
      0.4995364248752594,
      0.5034394860267639
    ],
    [
      0.05910097062587738,
      0.05910097062587738,
      0.11089220643043518,
      0.8148148059844971,
      0.7398188710212708,
      0.5043232440948486
    ],
    [
      -0.11469364911317825,
      0.11469364911317825,
      -0.06290240585803986,
      0.2222222238779068,
      0.2521616220474243,
      0.5043232440948486
    ],
    [
      -0.2657383382320404,
      0.2657383382320404,
      -0.2139471024274826,
      0.07407407462596893,
      0.5037837624549866,
      0.5278863906860352
    ],
    [
      0.07779692858457565,
      0.07779692858457565,
      0.12958817183971405,
      0.8518518805503845,
      0.949383020401001,
      0.6545903086662292
    ],
    [
      -0.021755749359726906,
      0.021755749359726906,
      0.030035490170121193,
      0.5925925970077515,
      0.9423383474349976,
      0.6545903086662292
    ],
    [
      -0.03532189130783081,
      0.03532189130783081,
      0.016469348222017288,
      0.5555555820465088,
      0.7341954112052917,
      0.7670864462852478
    ],
    [
      -0.04800610989332199,
      0.04800610989332199,
      0.003785129636526108,
      0.5185185074806213,
      0.7122398614883423,
      0.7670864462852478
    ],
    [
      0.10084830224514008,
      0.10084830224514008,
      0.15263953804969788,
      0.9629629850387573,
      0.9410021305084229,
      0.7446866631507874
    ],
    [
      -0.20329461991786957,
      0.20329461991786957,
      -0.15150338411331177,
      0.1111111119389534,
      0.2399621605873108,
      0.4799243211746216
    ],
    [
      -0.0577937513589859,
      0.0577937513589859,
      -0.006002511829137802,
      0.4444444477558136,
      0.7227715253829956,
      0.7446866631507874
    ],
    [
      0.09513314068317413,
      0.09513314068317413,
      0.14692437648773193,
      0.9259259104728699,
      0.9521893262863159,
      0.6747401356697083
    ],
    [
      -0.2914334833621979,
      0.2914334833621979,
      -0.23964224755764008,
      0.03703703731298447,
      0.7043532729148865,
      0.6747401356697083
    ],
    [
      0.09003569185733795,
      0.09003569185733795,
      0.14182692766189575,
      0.8888888955116272,
      0.9508360624313354,
      0.6704519391059875
    ],
    [
      -0.050453681498765945,
      0.050453681498765945,
      0.0013375580310821533,
      0.48148149251937866,
      0.7345656752586365,
      0.7646803855895996
    ],
    [
      -0.05909482017159462,
      0.05909482017159462,
      -0.007303580641746521,
      0.40740740299224854,
      0.7051743268966675,
      0.7646803855895996
    ],
    [
      0.1464662253856659,
      0.1464662253856659,
      0.1982574611902237,
      1.0,
      0.9483492970466614,
      0.7189151048660278
    ],
    [
      -0.2926994264125824,
      0.2926994264125824,
      -0.2409081906080246,
      0.0,
      0.50831139087677,
      0.5321152210235596
    ],
    [
      0.01844882033765316,
      0.01844882033765316,
      0.07024005800485611,
      0.7777777910232544,
      0.24225379526615143,
      0.48450759053230286
    ],
    [
      -0.0639709010720253,
      0.0639709010720253,
      -0.0121796615421772,
      0.37037035822868347,
      0.7152050137519836,
      0.7189151048660278
    ],
    [
      -0.00797910988330841,
      0.00797910988330841,
      0.04381212964653969,
      0.6296296119689941,
      0.9455193877220154,
      0.6527747511863708
    ]
  ],
  "feature_names": [
    "charge",
    "abs_charge",
    "charge_centered",
    "charge_rank_norm",
    "wbo_sum",
    "wbo_max"
  ],
  "status": "ok",
  "error": null
}