{
  "canonical_smiles": "C#CC1(O)CCC2C3CCC4=CCCCC4C3C(=C)CC21CC",
  "xtb_valid": true,
  "atom_valid_mask": [
    [
      1.0
    ],
    [
      1.0
    ],
    [
      1.0
    ],
    [
      1.0
    ],
    [
      1.0
    ],
    [
      1.0
    ],
    [
      1.0
    ],
    [
      1.0
    ],
    [
      1.0
    ],
    [
      1.0
    ],
    [
      1.0
    ],
    [
      1.0
    ],
    [
      1.0
    ],
    [
      1.0
    ],
    [
      1.0
    ],
    [
      1.0
    ],
    [
      1.0
    ],
    [
      1.0
    ],
    [
      1.0
    ],
    [
      1.0
    ],
    [
      1.0
    ],
    [
      1.0
    ],
    [
      1.0
    ]
  ],
  "atom_features": [
    [
      -0.11824042350053787,
      0.11824042350053787,
      -0.05748942121863365,
      0.04545454680919647,
      0.7256638407707214,
      1.4513276815414429
    ],
    [
      -0.045712340623140335,
      0.045712340623140335,
      0.015038661658763885,
      0.6363636255264282,
      0.9765827655792236,
      1.4513276815414429
    ],
    [
      0.15983887016773224,
      0.15983887016773224,
      0.22058987617492676,
      1.0,
      0.9680349826812744,
      0.5018378496170044
    ],
    [
      -0.49164068698883057,
      0.49164068698883057,
      -0.43088969588279724,
      0.0,
      0.24295870959758759,
      0.48591741919517517
    ],
    [
      -0.07068341970443726,
      0.07068341970443726,
      -0.009932417422533035,
      0.1818181872367859,
      0.4887344241142273,
      0.5000638961791992
    ],
    [
      -0.0620366595685482,
      0.0620366595685482,
      -0.001285657286643982,
      0.3636363744735718,
      0.4987148642539978,
      0.5000638961791992
    ],
    [
      -0.026811249554157257,
      0.026811249554157257,
      0.033939752727746964,
      0.6818181872367859,
      0.7383600473403931,
      0.4973658323287964
    ],
    [
      -0.021722419187426567,
      0.021722419187426567,
      0.0390285849571228,
      0.8181818127632141,
      0.735336184501648,
      0.49626174569129944
    ],
    [
      -0.06010546162724495,
      0.06010546162724495,
      0.0006455406546592712,
      0.40909090638160706,
      0.49987268447875977,
      0.5034835934638977
    ],
    [
      -0.0625612884759903,
      0.0625612884759903,
      -0.0018102861940860748,
      0.3181818127632141,
      0.5040485262870789,
      0.5046133995056152
    ],
    [
      -0.0008518500253558159,
      0.0008518500253558159,
      0.05989915132522583,
      0.8636363744735718,
      0.9719213843345642,
      0.9365511536598206
    ],
    [
      -0.06649322807788849,
      0.06649322807788849,
      -0.005742225795984268,
      0.27272728085517883,
      0.7243550419807434,
      0.9365511536598206
    ],
    [
      -0.05687081068754196,
      0.05687081068754196,
      0.003880191594362259,
      0.5,
      0.5069453120231628,
      0.512158989906311
    ],
    [
      -0.05476519837975502,
      0.05476519837975502,
      0.0059858039021492004,
      0.5454545617103577,
      0.5030681490898132,
      0.5044046640396118
    ],
    [
      -0.05961037054657936,
      0.05961037054657936,
      0.0011406317353248596,
      0.4545454680919647,
      0.49849504232406616,
      0.5044046640396118
    ],
    [
      -0.02195492945611477,
      0.02195492945611477,
      0.0387960746884346,
      0.7727272510528564,
      0.7416974902153015,
      0.5026783347129822
    ],
    [
      -0.02562415972352028,
      0.02562415972352028,
      0.03512684255838394,
      0.7272727489471436,
      0.7330563068389893,
      0.4989539384841919
    ],
    [
      0.009778070263564587,
      0.009778070263564587,
      0.07052907347679138,
      0.9090909361839294,
      0.9829331636428833,
      0.965229868888855
    ],
    [
      -0.11055897176265717,
      0.11055897176265717,
      -0.049807969480752945,
      0.09090909361839294,
      0.4826149344444275,
      0.965229868888855
    ],
    [
      -0.06696271151304245,
      0.06696271151304245,
      -0.006211709231138229,
      0.22727273404598236,
      0.4956490993499756,
      0.5016825199127197
    ],
    [
      0.010779280215501785,
      0.010779280215501785,
      0.071530282497406,
      0.9545454382896423,
      0.9668874740600586,
      0.48961564898490906
    ],
    [
      -0.054194118827581406,
      0.054194118827581406,
      0.006556883454322815,
      0.5909090638160706,
      0.49952414631843567,
      0.5097699165344238
    ],
    [
      -0.10026895999908447,
      0.10026895999908447,
      -0.03951795771718025,
      0.13636364042758942,
      0.2548849582672119,
      0.5097699165344238
    ]
  ],
  "feature_names": [
    "charge",
    "abs_charge",
    "charge_centered",
    "charge_rank_norm",
    "wbo_sum",
    "wbo_max"
  ],
  "status": "ok",
  "error": null
}