{
  "canonical_smiles": "CN(C)CCc1c[nH]c2ccc(CS(=O)(=O)N3CCCC3)cc12",
  "xtb_valid": true,
  "atom_valid_mask": [
    [
      1.0
    ],
    [
      1.0
    ],
    [
      1.0
    ],
    [
      1.0
    ],
    [
      1.0
    ],
    [
      1.0
    ],
    [
      1.0
    ],
    [
      1.0
    ],
    [
      1.0
    ],
    [
      1.0
    ],
    [
      1.0
    ],
    [
      1.0
    ],
    [
      1.0
    ],
    [
      1.0
    ],
    [
      1.0
    ],
    [
      1.0
    ],
    [
      1.0
    ],
    [
      1.0
    ],
    [
      1.0
    ],
    [
      1.0
    ],
    [
      1.0
    ],
    [
      1.0
    ],
    [
      1.0
    ]
  ],
  "atom_features": [
    [
      -0.038071438670158386,
      0.038071438670158386,
      0.02219214290380478,
      0.5454545617103577,
      0.2535405457019806,
      0.5070810914039612
    ],
    [
      -0.18854959309101105,
      0.18854959309101105,
      -0.12828600406646729,
      0.13636364042758942,
      0.7577579021453857,
      0.5075497031211853
    ],
    [
      -0.03516373038291931,
      0.03516373038291931,
      0.025099851191043854,
      0.6363636255264282,
      0.25377485156059265,
      0.5075497031211853
    ],
    [
      -0.00037202000385150313,
      0.00037202000385150313,
      0.05989156290888786,
      0.8636363744735718,
      0.4946812093257904,
      0.5008850693702698
    ],
    [
      -0.0629945620894432,
      0.0629945620894432,
      -0.0027309805154800415,
      0.3636363744735718,
      0.49826306104660034,
      0.5080487728118896
    ],
    [
      -0.03548549860715866,
      0.03548549860715866,
      0.024778082966804504,
      0.5909090638160706,
      0.9487334489822388,
      0.7853545546531677
    ],
    [
      -0.011848649941384792,
      0.011848649941384792,
      0.0484149307012558,
      0.7727272510528564,
      0.6944425106048584,
      0.7853545546531677
    ],
    [
      -0.11848495155572891,
      0.11848495155572891,
      -0.05822136998176575,
      0.22727273404598236,
      0.5979962944984436,
      0.6035305261611938
    ],
    [
      0.04503659904003143,
      0.04503659904003143,
      0.1053001806139946,
      0.9545454382896423,
      0.9426478147506714,
      0.666297972202301
    ],
    [
      -0.06025085970759392,
      0.06025085970759392,
      1.2721866369247437e-05,
      0.40909090638160706,
      0.7345579266548157,
      0.7434304356575012
    ],
    [
      -0.050835020840168,
      0.050835020840168,
      0.009428560733795166,
      0.5,
      0.7106192708015442,
      0.7434304356575012
    ],
    [
      -0.014562759548425674,
      0.014562759548425674,
      0.04570082202553749,
      0.7272727489471436,
      0.954986572265625,
      0.7273339629173279
    ],
    [
      -0.1532401144504547,
      0.1532401144504547,
      -0.09297653287649155,
      0.1818181872367859,
      0.43786659836769104,
      0.5048312544822693
    ],
    [
      1.159998893737793,
      1.159998893737793,
      1.2202625274658203,
      1.0,
      1.189303994178772,
      0.7854733467102051
    ],
    [
      -0.6430339217185974,
      0.6430339217185974,
      -0.5827703475952148,
      0.04545454680919647,
      0.4184814393520355,
      0.7854733467102051
    ],
    [
      -0.6597826480865479,
      0.6597826480865479,
      -0.5995190739631653,
      0.0,
      0.41097092628479004,
      0.7704523205757141
    ],
    [
      -0.3143210709095001,
      0.3143210709095001,
      -0.25405749678611755,
      0.09090909361839294,
      0.7093583941459656,
      0.48519769310951233
    ],
    [
      -0.0017177299596369267,
      0.0017177299596369267,
      0.05854585021734238,
      0.8181818127632141,
      0.493713915348053,
      0.5022301077842712
    ],
    [
      -0.07076884061098099,
      0.07076884061098099,
      -0.010505259037017822,
      0.27272728085517883,
      0.5030465126037598,
      0.5038629174232483
    ],
    [
      -0.06813328713178635,
      0.06813328713178635,
      -0.007869705557823181,
      0.3181818127632141,
      0.503016471862793,
      0.5038629174232483
    ],
    [
      0.0053216698579490185,
      0.0053216698579490185,
      0.06558524817228317,
      0.9090909361839294,
      0.4919544458389282,
      0.5021700859069824
    ],
    [
      -0.0511336512863636,
      0.0511336512863636,
      0.009129930287599564,
      0.4545454680919647,
      0.7255434989929199,
      0.7273339629173279
    ],
    [
      -0.01766929030418396,
      0.01766929030418396,
      0.042594291269779205,
      0.6818181872367859,
      0.9474823474884033,
      0.6643655896186829
    ]
  ],
  "feature_names": [
    "charge",
    "abs_charge",
    "charge_centered",
    "charge_rank_norm",
    "wbo_sum",
    "wbo_max"
  ],
  "status": "ok",
  "error": null
}