{
  "canonical_smiles": "COc1c2occc2cc2ccc(=O)oc12",
  "xtb_valid": true,
  "atom_valid_mask": [
    [
      1.0
    ],
    [
      1.0
    ],
    [
      1.0
    ],
    [
      1.0
    ],
    [
      1.0
    ],
    [
      1.0
    ],
    [
      1.0
    ],
    [
      1.0
    ],
    [
      1.0
    ],
    [
      1.0
    ],
    [
      1.0
    ],
    [
      1.0
    ],
    [
      1.0
    ],
    [
      1.0
    ],
    [
      1.0
    ],
    [
      1.0
    ]
  ],
  "atom_features": [
    [
      0.017946520820260048,
      0.017946520820260048,
      0.059883005917072296,
      0.6666666865348816,
      0.24067550897598267,
      0.48135101795196533
    ],
    [
      -0.2813180088996887,
      0.2813180088996887,
      -0.23938152194023132,
      0.06666667014360428,
      0.5079357624053955,
      0.5345205068588257
    ],
    [
      0.11582618951797485,
      0.11582618951797485,
      0.15776267647743225,
      0.9333333373069763,
      0.9520410299301147,
      0.6658984422683716
    ],
    [
      0.10055950284004211,
      0.10055950284004211,
      0.1424959897994995,
      0.800000011920929,
      0.9136769771575928,
      0.651397705078125
    ],
    [
      -0.20139898359775543,
      0.20139898359775543,
      -0.15946249663829803,
      0.20000000298023224,
      0.5467480421066284,
      0.5522115230560303
    ],
    [
      0.07413869351148605,
      0.07413869351148605,
      0.11607518047094345,
      0.7333333492279053,
      0.6900429725646973,
      0.8278744220733643
    ],
    [
      -0.06842269748449326,
      0.06842269748449326,
      -0.026486210525035858,
      0.3333333432674408,
      0.7165388464927673,
      0.8278744220733643
    ],
    [
      -0.003837580094113946,
      0.003837580094113946,
      0.038098905235528946,
      0.5333333611488342,
      0.9544351100921631,
      0.6689953804016113
    ],
    [
      -0.059111449867486954,
      0.059111449867486954,
      -0.017174962908029556,
      0.4000000059604645,
      0.7070035338401794,
      0.6927462220191956
    ],
    [
      -0.0022880099713802338,
      0.0022880099713802338,
      0.039648476988077164,
      0.6000000238418579,
      0.9534827470779419,
      0.6927462220191956
    ],
    [
      -0.00938763003796339,
      0.00938763003796339,
      0.03254885599017143,
      0.46666666865348816,
      0.7204534411430359,
      0.8708485960960388
    ],
    [
      -0.07415372133255005,
      0.07415372133255005,
      -0.03221723437309265,
      0.2666666805744171,
      0.7057762145996094,
      0.8708485960960388
    ],
    [
      0.3542655110359192,
      0.3542655110359192,
      0.3962019979953766,
      1.0,
      0.9532777667045593,
      0.829133927822113
    ],
    [
      -0.4812401831150055,
      0.4812401831150055,
      -0.4393036961555481,
      0.0,
      0.45095905661582947,
      0.829133927822113
    ],
    [
      -0.2649269104003906,
      0.2649269104003906,
      -0.22299042344093323,
      0.13333334028720856,
      0.5537394285202026,
      0.5367178320884705
    ],
    [
      0.1123649924993515,
      0.1123649924993515,
      0.1543014794588089,
      0.8666666746139526,
      0.904018223285675,
      0.6658984422683716
    ]
  ],
  "feature_names": [
    "charge",
    "abs_charge",
    "charge_centered",
    "charge_rank_norm",
    "wbo_sum",
    "wbo_max"
  ],
  "status": "ok",
  "error": null
}