{
  "canonical_smiles": "COC(=O)C1=C(C)NC(C)=C(C(=O)OCCN(C)Cc2ccccc2)[C@@H]1c1cccc([N+](=O)[O-])c1",
  "xtb_valid": true,
  "atom_valid_mask": [
    [
      1.0
    ],
    [
      1.0
    ],
    [
      1.0
    ],
    [
      1.0
    ],
    [
      1.0
    ],
    [
      1.0
    ],
    [
      1.0
    ],
    [
      1.0
    ],
    [
      1.0
    ],
    [
      1.0
    ],
    [
      1.0
    ],
    [
      1.0
    ],
    [
      1.0
    ],
    [
      1.0
    ],
    [
      1.0
    ],
    [
      1.0
    ],
    [
      1.0
    ],
    [
      1.0
    ],
    [
      1.0
    ],
    [
      1.0
    ],
    [
      1.0
    ],
    [
      1.0
    ],
    [
      1.0
    ],
    [
      1.0
    ],
    [
      1.0
    ],
    [
      1.0
    ],
    [
      1.0
    ],
    [
      1.0
    ],
    [
      1.0
    ],
    [
      1.0
    ],
    [
      1.0
    ],
    [
      1.0
    ],
    [
      1.0
    ],
    [
      1.0
    ],
    [
      1.0
    ]
  ],
  "atom_features": [
    [
      0.01606033928692341,
      0.01606033928692341,
      0.07078562676906586,
      0.7941176295280457,
      0.23771797120571136,
      0.47543594241142273
    ],
    [
      -0.26975369453430176,
      0.26975369453430176,
      -0.21502840518951416,
      0.14705882966518402,
      0.5574672222137451,
      0.5591363906860352
    ],
    [
      0.35297998785972595,
      0.35297998785972595,
      0.40770527720451355,
      0.9411764740943909,
      0.9543100595474243,
      0.83785080909729
    ],
    [
      -0.49138176441192627,
      0.49138176441192627,
      -0.43665647506713867,
      0.029411764815449715,
      0.4591064453125,
      0.83785080909729
    ],
    [
      -0.07039835304021835,
      0.07039835304021835,
      -0.015673063695430756,
      0.3235294222831726,
      0.9121841192245483,
      0.8301639556884766
    ],
    [
      0.0833878368139267,
      0.0833878368139267,
      0.1381131261587143,
      0.8823529481887817,
      0.958511233329773,
      0.8301639556884766
    ],
    [
      -0.14168624579906464,
      0.14168624579906464,
      -0.08696095645427704,
      0.20588235557079315,
      0.2559940814971924,
      0.5119881629943848
    ],
    [
      -0.12138552963733673,
      0.12138552963733673,
      -0.06666024029254913,
      0.2647058963775635,
      0.5763465762138367,
      0.5778228044509888
    ],
    [
      0.08423852175474167,
      0.08423852175474167,
      0.13896381855010986,
      0.9117646813392639,
      0.95838463306427,
      0.8271986842155457
    ],
    [
      -0.13952745497226715,
      0.13952745497226715,
      -0.08480216562747955,
      0.23529411852359772,
      0.2558738887310028,
      0.5117477774620056
    ],
    [
      -0.07058074325323105,
      0.07058074325323105,
      -0.01585545390844345,
      0.29411765933036804,
      0.9113726019859314,
      0.8271986842155457
    ],
    [
      0.3539254069328308,
      0.3539254069328308,
      0.4086506962776184,
      0.970588207244873,
      0.9535419344902039,
      0.8357148170471191
    ],
    [
      -0.49465280771255493,
      0.49465280771255493,
      -0.43992751836776733,
      0.0,
      0.4577993154525757,
      0.8357148170471191
    ],
    [
      -0.2745208740234375,
      0.2745208740234375,
      -0.2197955846786499,
      0.11764705926179886,
      0.5532627701759338,
      0.5587089657783508
    ],
    [
      0.0745551586151123,
      0.0745551586151123,
      0.1292804479598999,
      0.8529411554336548,
      0.4832986295223236,
      0.498664528131485
    ],
    [
      -0.002419559983536601,
      0.002419559983536601,
      0.05230572819709778,
      0.6764705777168274,
      0.5001237392425537,
      0.5015829801559448
    ],
    [
      -0.18797920644283295,
      0.18797920644283295,
      -0.13325391709804535,
      0.1764705926179886,
      0.7505502104759216,
      0.5044530630111694
    ],
    [
      -0.04132819175720215,
      0.04132819175720215,
      0.01339709758758545,
      0.38235294818878174,
      0.2522265315055847,
      0.5044530630111694
    ],
    [
      0.0009824699955061078,
      0.0009824699955061078,
      0.05570776015520096,
      0.7058823704719543,
      0.4983844757080078,
      0.5017045736312866
    ],
    [
      0.00826122984290123,
      0.00826122984290123,
      0.06298652291297913,
      0.7352941036224365,
      0.9848198294639587,
      0.7087544798851013
    ],
    [
      -0.03850327059626579,
      0.03850327059626579,
      0.016222018748521805,
      0.4117647111415863,
      0.7424640655517578,
      0.7241578698158264
    ],
    [
      -0.03535544127225876,
      0.03535544127225876,
      0.01936984807252884,
      0.5,
      0.7485306262969971,
      0.7241578698158264
    ],
    [
      -0.0379876084625721,
      0.0379876084625721,
      0.0167376808822155,
      0.44117647409439087,
      0.746633768081665,
      0.720252275466919
    ],
    [
      -0.037052929401397705,
      0.037052929401397705,
      0.017672359943389893,
      0.47058823704719543,
      0.7483937740325928,
      0.720252275466919
    ],
    [
      -0.04192792996764183,
      0.04192792996764183,
      0.012797359377145767,
      0.3529411852359772,
      0.7417940497398376,
      0.7199866771697998
    ],
    [
      -0.007312740199267864,
      0.007312740199267864,
      0.04741254821419716,
      0.6470588445663452,
      0.7268940806388855,
      0.488330602645874
    ],
    [
      0.018406150862574577,
      0.018406150862574577,
      0.07313144207000732,
      0.8235294222831726,
      0.9743387699127197,
      0.7119739055633545
    ],
    [
      -0.02034473977982998,
      0.02034473977982998,
      0.03438054770231247,
      0.5882353186607361,
      0.7068562507629395,
      0.7158254981040955
    ],
    [
      -0.027783330529928207,
      0.027783330529928207,
      0.02694195881485939,
      0.529411792755127,
      0.7207592129707336,
      0.7256929874420166
    ],
    [
      -0.02202853001654148,
      0.02202853001654148,
      0.032696761190891266,
      0.5588235259056091,
      0.728902280330658,
      0.7256929874420166
    ],
    [
      0.01489435974508524,
      0.01489435974508524,
      0.06961964815855026,
      0.7647058963775635,
      0.9253061413764954,
      0.685009241104126
    ],
    [
      0.5438677668571472,
      0.5438677668571472,
      0.5985930562019348,
      1.0,
      0.957759439945221,
      0.7164848446846008
    ],
    [
      -0.43990233540534973,
      0.43990233540534973,
      -0.38517704606056213,
      0.05882352963089943,
      0.4409821927547455,
      0.7164848446846008
    ],
    [
      -0.4329390823841095,
      0.4329390823841095,
      -0.3782137930393219,
      0.0882352963089943,
      0.44026800990104675,
      0.7150564789772034
    ],
    [
      -0.020191969349980354,
      0.020191969349980354,
      0.03453332185745239,
      0.6176470518112183,
      0.6984915733337402,
      0.7119739055633545
    ]
  ],
  "feature_names": [
    "charge",
    "abs_charge",
    "charge_centered",
    "charge_rank_norm",
    "wbo_sum",
    "wbo_max"
  ],
  "status": "ok",
  "error": null
}