{
  "canonical_smiles": "COc1ccc2c(CN)cc(=O)oc2c1",
  "xtb_valid": true,
  "atom_valid_mask": [
    [
      1.0
    ],
    [
      1.0
    ],
    [
      1.0
    ],
    [
      1.0
    ],
    [
      1.0
    ],
    [
      1.0
    ],
    [
      1.0
    ],
    [
      1.0
    ],
    [
      1.0
    ],
    [
      1.0
    ],
    [
      1.0
    ],
    [
      1.0
    ],
    [
      1.0
    ],
    [
      1.0
    ],
    [
      1.0
    ]
  ],
  "atom_features": [
    [
      0.011018949560821056,
      0.011018949560821056,
      0.07856053113937378,
      0.7142857313156128,
      0.2414790242910385,
      0.482958048582077
    ],
    [
      -0.27381932735443115,
      0.27381932735443115,
      -0.2062777429819107,
      0.1428571492433548,
      0.5130905508995056,
      0.5432230830192566
    ],
    [
      0.15624107420444489,
      0.15624107420444489,
      0.22378265857696533,
      0.9285714030265808,
      0.9475353956222534,
      0.6910272240638733
    ],
    [
      -0.06247493997216225,
      0.06247493997216225,
      0.0050666444003582,
      0.4285714328289032,
      0.7049087882041931,
      0.7489970326423645
    ],
    [
      -0.03774913027882576,
      0.03774913027882576,
      0.029792454093694687,
      0.5,
      0.7345187067985535,
      0.7489970326423645
    ],
    [
      -0.016009559854865074,
      0.016009559854865074,
      0.05153202265501022,
      0.5714285969734192,
      0.9434133768081665,
      0.6695247292518616
    ],
    [
      0.036029499024152756,
      0.036029499024152756,
      0.1035710871219635,
      0.7857142686843872,
      0.9514855146408081,
      0.8383703827857971
    ],
    [
      0.008963990025222301,
      0.008963990025222301,
      0.07650557160377502,
      0.6428571343421936,
      0.510061502456665,
      0.5125607848167419
    ],
    [
      -0.38906434178352356,
      0.38906434178352356,
      -0.3215227723121643,
      0.0714285746216774,
      0.25628039240837097,
      0.5125607848167419
    ],
    [
      -0.08675286918878555,
      0.08675286918878555,
      -0.019211284816265106,
      0.2857142984867096,
      0.6949874758720398,
      0.8383703827857971
    ],
    [
      0.3478088676929474,
      0.3478088676929474,
      0.41535043716430664,
      1.0,
      0.9522444009780884,
      0.8223907351493835
    ],
    [
      -0.4939782917499542,
      0.4939782917499542,
      -0.42643672227859497,
      0.0,
      0.44526025652885437,
      0.8223907351493835
    ],
    [
      -0.272758424282074,
      0.272758424282074,
      -0.20521683990955353,
      0.2142857164144516,
      0.5507259368896484,
      0.530493438243866
    ],
    [
      0.14157529175281525,
      0.14157529175281525,
      0.2091168761253357,
      0.8571428656578064,
      0.9255020022392273,
      0.6879118084907532
    ],
    [
      -0.08215440809726715,
      0.08215440809726715,
      -0.014612823724746704,
      0.3571428656578064,
      0.7147273421287537,
      0.6910272240638733
    ]
  ],
  "feature_names": [
    "charge",
    "abs_charge",
    "charge_centered",
    "charge_rank_norm",
    "wbo_sum",
    "wbo_max"
  ],
  "status": "ok",
  "error": null
}