{
  "canonical_smiles": "COc1ccc2c(c1)[nH]c1c(C)nccc12",
  "xtb_valid": true,
  "atom_valid_mask": [
    [
      1.0
    ],
    [
      1.0
    ],
    [
      1.0
    ],
    [
      1.0
    ],
    [
      1.0
    ],
    [
      1.0
    ],
    [
      1.0
    ],
    [
      1.0
    ],
    [
      1.0
    ],
    [
      1.0
    ],
    [
      1.0
    ],
    [
      1.0
    ],
    [
      1.0
    ],
    [
      1.0
    ],
    [
      1.0
    ],
    [
      1.0
    ]
  ],
  "atom_features": [
    [
      0.021249769255518913,
      0.021249769255518913,
      0.06999107450246811,
      0.6666666865348816,
      0.2428128570318222,
      0.4856257140636444
    ],
    [
      -0.30257779359817505,
      0.30257779359817505,
      -0.2538364827632904,
      0.0,
      0.5066107511520386,
      0.5275957584381104
    ],
    [
      0.1421830952167511,
      0.1421830952167511,
      0.19092440605163574,
      1.0,
      0.9452841877937317,
      0.7020250558853149
    ],
    [
      -0.07057493180036545,
      0.07057493180036545,
      -0.0218336284160614,
      0.3333333432674408,
      0.7049235105514526,
      0.7488994002342224
    ],
    [
      -0.03988875821232796,
      0.03988875821232796,
      0.00885254517197609,
      0.46666666865348816,
      0.7353405356407166,
      0.7488994002342224
    ],
    [
      -0.029387839138507843,
      0.029387839138507843,
      0.019353464245796204,
      0.5333333611488342,
      0.9423227310180664,
      0.6676892638206482
    ],
    [
      0.05845300108194351,
      0.05845300108194351,
      0.10719430446624756,
      0.8666666746139526,
      0.9447452425956726,
      0.6661090850830078
    ],
    [
      -0.09703526645898819,
      0.09703526645898819,
      -0.04829396307468414,
      0.2666666805744171,
      0.7111132740974426,
      0.7020250558853149
    ],
    [
      -0.13383837044239044,
      0.13383837044239044,
      -0.0850970670580864,
      0.13333334028720856,
      0.5804155468940735,
      0.5850549340248108
    ],
    [
      0.03839633986353874,
      0.03839633986353874,
      0.08713763952255249,
      0.800000011920929,
      0.9362562298774719,
      0.6582443714141846
    ],
    [
      0.07603395730257034,
      0.07603395730257034,
      0.12477526068687439,
      0.9333333373069763,
      0.9664862751960754,
      0.7077585458755493
    ],
    [
      -0.1286841183900833,
      0.1286841183900833,
      -0.07994281500577927,
      0.20000000298023224,
      0.25715434551239014,
      0.5143086910247803
    ],
    [
      -0.28819596767425537,
      0.28819596767425537,
      -0.23945465683937073,
      0.06666667014360428,
      0.7007139325141907,
      0.7077585458755493
    ],
    [
      0.035641539841890335,
      0.035641539841890335,
      0.08438284695148468,
      0.7333333492279053,
      0.7162846922874451,
      0.7389000058174133
    ],
    [
      -0.057754699140787125,
      0.057754699140787125,
      -0.009013395756483078,
      0.4000000059604645,
      0.7303006649017334,
      0.7389000058174133
    ],
    [
      -0.0038807399105280638,
      0.0038807399105280638,
      0.044860564172267914,
      0.6000000238418579,
      0.9430811405181885,
      0.6690404415130615
    ]
  ],
  "feature_names": [
    "charge",
    "abs_charge",
    "charge_centered",
    "charge_rank_norm",
    "wbo_sum",
    "wbo_max"
  ],
  "status": "ok",
  "error": null
}