{
  "canonical_smiles": "CCCN(CCC)CCc1cccc2c1CC(=O)N2",
  "xtb_valid": true,
  "atom_valid_mask": [
    [
      1.0
    ],
    [
      1.0
    ],
    [
      1.0
    ],
    [
      1.0
    ],
    [
      1.0
    ],
    [
      1.0
    ],
    [
      1.0
    ],
    [
      1.0
    ],
    [
      1.0
    ],
    [
      1.0
    ],
    [
      1.0
    ],
    [
      1.0
    ],
    [
      1.0
    ],
    [
      1.0
    ],
    [
      1.0
    ],
    [
      1.0
    ],
    [
      1.0
    ],
    [
      1.0
    ],
    [
      1.0
    ]
  ],
  "atom_features": [
    [
      -0.10548368841409683,
      0.10548368841409683,
      -0.04405996575951576,
      0.2222222238779068,
      0.2555215060710907,
      0.5110430121421814
    ],
    [
      -0.06099370867013931,
      0.06099370867013931,
      0.0004300139844417572,
      0.3888888955116272,
      0.5056412816047668,
      0.5110430121421814
    ],
    [
      0.0075945002026855946,
      0.0075945002026855946,
      0.06901822239160538,
      0.7777777910232544,
      0.5000644326210022,
      0.5002394914627075
    ],
    [
      -0.19675137102603912,
      0.19675137102603912,
      -0.13532765209674835,
      0.0555555559694767,
      0.7504072189331055,
      0.5013187527656555
    ],
    [
      4.914999954053201e-05,
      4.914999954053201e-05,
      0.061472874134778976,
      0.7222222089767456,
      0.49925732612609863,
      0.5013187527656555
    ],
    [
      -0.059560228139162064,
      0.059560228139162064,
      0.0018634945154190063,
      0.5,
      0.5032817721366882,
      0.5093675851821899
    ],
    [
      -0.107691690325737,
      0.107691690325737,
      -0.04626796767115593,
      0.1666666716337204,
      0.25468379259109497,
      0.5093675851821899
    ],
    [
      0.011500249616801739,
      0.011500249616801739,
      0.07292397320270538,
      0.8333333134651184,
      0.4958263337612152,
      0.499606192111969
    ],
    [
      -0.07079873234033585,
      0.07079873234033585,
      -0.009375009685754776,
      0.3333333432674408,
      0.49922701716423035,
      0.5064075589179993
    ],
    [
      0.013134649954736233,
      0.013134649954736233,
      0.07455836981534958,
      0.8888888955116272,
      0.9550549387931824,
      0.707516074180603
    ],
    [
      -0.0479598306119442,
      0.0479598306119442,
      0.013463892042636871,
      0.5555555820465088,
      0.7093390226364136,
      0.7224918007850647
    ],
    [
      -0.039932820945978165,
      0.039932820945978165,
      0.021490901708602905,
      0.6111111044883728,
      0.744825005531311,
      0.7224918007850647
    ],
    [
      -0.06064467877149582,
      0.06064467877149582,
      0.0007790438830852509,
      0.4444444477558136,
      0.7051224112510681,
      0.7155635952949524
    ],
    [
      0.06358952075242996,
      0.06358952075242996,
      0.12501324713230133,
      0.9444444179534912,
      0.9495375156402588,
      0.6946812868118286
    ],
    [
      -0.01773378998041153,
      0.01773378998041153,
      0.04368993267416954,
      0.6666666865348816,
      0.9645333886146545,
      0.707516074180603
    ],
    [
      -0.09987957775592804,
      0.09987957775592804,
      -0.03845585510134697,
      0.2777777910232544,
      0.49786922335624695,
      0.5084118843078613
    ],
    [
      0.28257620334625244,
      0.28257620334625244,
      0.3439999222755432,
      1.0,
      0.9620834589004517,
      0.8283251523971558
    ],
    [
      -0.507853090763092,
      0.507853090763092,
      -0.44642937183380127,
      0.0,
      0.45649951696395874,
      0.8283251523971558
    ],
    [
      -0.17021174728870392,
      0.17021174728870392,
      -0.10878802835941315,
      0.1111111119389534,
      0.6180192828178406,
      0.6085151433944702
    ]
  ],
  "feature_names": [
    "charge",
    "abs_charge",
    "charge_centered",
    "charge_rank_norm",
    "wbo_sum",
    "wbo_max"
  ],
  "status": "ok",
  "error": null
}