{
  "canonical_smiles": "FC(F)(F)c1cccc(N2CCNCC2)c1",
  "xtb_valid": true,
  "atom_valid_mask": [
    [
      1.0
    ],
    [
      1.0
    ],
    [
      1.0
    ],
    [
      1.0
    ],
    [
      1.0
    ],
    [
      1.0
    ],
    [
      1.0
    ],
    [
      1.0
    ],
    [
      1.0
    ],
    [
      1.0
    ],
    [
      1.0
    ],
    [
      1.0
    ],
    [
      1.0
    ],
    [
      1.0
    ],
    [
      1.0
    ],
    [
      1.0
    ]
  ],
  "atom_features": [
    [
      -0.2314096987247467,
      0.2314096987247467,
      -0.18405011296272278,
      0.13333334028720856,
      0.23289962112903595,
      0.4657992422580719
    ],
    [
      0.4904104769229889,
      0.4904104769229889,
      0.5377700924873352,
      1.0,
      0.9351595044136047,
      0.4749256372451782
    ],
    [
      -0.23399943113327026,
      0.23399943113327026,
      -0.18663984537124634,
      0.06666667014360428,
      0.23153577744960785,
      0.4630715548992157
    ],
    [
      -0.23114225268363953,
      0.23114225268363953,
      -0.1837826669216156,
      0.20000000298023224,
      0.23326130211353302,
      0.46652260422706604
    ],
    [
      -0.033735718578100204,
      0.033735718578100204,
      0.013623874634504318,
      0.5333333611488342,
      0.9406178593635559,
      0.7089506983757019
    ],
    [
      -0.044334761798381805,
      0.044334761798381805,
      0.0030248314142227173,
      0.46666666865348816,
      0.704014778137207,
      0.7106702327728271
    ],
    [
      -0.03323154151439667,
      0.03323154151439667,
      0.014128051698207855,
      0.6000000238418579,
      0.7217062711715698,
      0.7327423095703125
    ],
    [
      -0.056139808148145676,
      0.056139808148145676,
      -0.008780214935541153,
      0.3333333432674408,
      0.6965607404708862,
      0.7327423095703125
    ],
    [
      0.07286938279867172,
      0.07286938279867172,
      0.12022897601127625,
      0.9333333373069763,
      0.9590004086494446,
      0.6633340120315552
    ],
    [
      -0.1017259806394577,
      0.1017259806394577,
      -0.05436638742685318,
      0.2666666805744171,
      0.7896246910095215,
      0.5942876935005188
    ],
    [
      -0.008602559566497803,
      0.008602559566497803,
      0.03875703364610672,
      0.6666666865348816,
      0.4971429705619812,
      0.5011476874351501
    ],
    [
      0.0055493698455393314,
      0.0055493698455393314,
      0.052908964455127716,
      0.8666666746139526,
      0.5014471411705017,
      0.5017465949058533
    ],
    [
      -0.28925621509552,
      0.28925621509552,
      -0.2418966293334961,
      0.0,
      0.5045106410980225,
      0.5072746872901917
    ],
    [
      0.0013664599973708391,
      0.0013664599973708391,
      0.048726052045822144,
      0.800000011920929,
      0.5011999607086182,
      0.5072746872901917
    ],
    [
      -0.008338539861142635,
      0.008338539861142635,
      0.03902105242013931,
      0.7333333492279053,
      0.4934743642807007,
      0.49512526392936707
    ],
    [
      -0.0560326911509037,
      0.0560326911509037,
      -0.008673097938299179,
      0.4000000059604645,
      0.6861423850059509,
      0.7089506983757019
    ]
  ],
  "feature_names": [
    "charge",
    "abs_charge",
    "charge_centered",
    "charge_rank_norm",
    "wbo_sum",
    "wbo_max"
  ],
  "status": "ok",
  "error": null
}