{
  "canonical_smiles": "CC(C)/N=C(N)/N=C(\\N)Nc1ccc(Cl)c(Cl)c1",
  "xtb_valid": true,
  "atom_valid_mask": [
    [
      1.0
    ],
    [
      1.0
    ],
    [
      1.0
    ],
    [
      1.0
    ],
    [
      1.0
    ],
    [
      1.0
    ],
    [
      1.0
    ],
    [
      1.0
    ],
    [
      1.0
    ],
    [
      1.0
    ],
    [
      1.0
    ],
    [
      1.0
    ],
    [
      1.0
    ],
    [
      1.0
    ],
    [
      1.0
    ],
    [
      1.0
    ],
    [
      1.0
    ],
    [
      1.0
    ]
  ],
  "atom_features": [
    [
      -0.10596731305122375,
      0.10596731305122375,
      -0.01834850013256073,
      0.47058823704719543,
      0.24868598580360413,
      0.49737197160720825
    ],
    [
      0.0675114169716835,
      0.0675114169716835,
      0.15513023734092712,
      0.7058823704719543,
      0.7486380934715271,
      0.5013204216957092
    ],
    [
      -0.11169786006212234,
      0.11169786006212234,
      -0.02407904714345932,
      0.4117647111415863,
      0.2506602108478546,
      0.5013204216957092
    ],
    [
      -0.398136168718338,
      0.398136168718338,
      -0.3105173707008362,
      0.0,
      0.6839669942855835,
      0.8002614378929138
    ],
    [
      0.2430107444524765,
      0.2430107444524765,
      0.3306295573711395,
      1.0,
      0.9734948873519897,
      0.8002614378929138
    ],
    [
      -0.33775001764297485,
      0.33775001764297485,
      -0.25013118982315063,
      0.1764705926179886,
      0.32556167244911194,
      0.5820346474647522
    ],
    [
      -0.3714113235473633,
      0.3714113235473633,
      -0.28379249572753906,
      0.05882352963089943,
      0.6912018656730652,
      0.760536253452301
    ],
    [
      0.24022407829761505,
      0.24022407829761505,
      0.3278428912162781,
      0.9411764740943909,
      0.9630550742149353,
      0.760536253452301
    ],
    [
      -0.3581019639968872,
      0.3581019639968872,
      -0.270483136177063,
      0.11764705926179886,
      0.3227956295013428,
      0.5884174704551697
    ],
    [
      -0.15802061557769775,
      0.15802061557769775,
      -0.07040180265903473,
      0.3529411852359772,
      0.5669519901275635,
      0.5771564245223999
    ],
    [
      0.08275928348302841,
      0.08275928348302841,
      0.17037808895111084,
      0.7647058963775635,
      0.9557650089263916,
      0.6776660084724426
    ],
    [
      -0.04992261156439781,
      0.04992261156439781,
      0.03769620135426521,
      0.5882353186607361,
      0.7017608284950256,
      0.726405143737793
    ],
    [
      -0.04323143884539604,
      0.04323143884539604,
      0.04438737407326698,
      0.6470588445663452,
      0.7361538410186768,
      0.726405143737793
    ],
    [
      0.08294136077165604,
      0.08294136077165604,
      0.17056018114089966,
      0.8235294222831726,
      0.9290724992752075,
      0.6952672004699707
    ],
    [
      -0.1960342526435852,
      0.1960342526435852,
      -0.10841543972492218,
      0.23529411852359772,
      0.24027971923351288,
      0.48055943846702576
    ],
    [
      0.09125058352947235,
      0.09125058352947235,
      0.17886939644813538,
      0.8823529481887817,
      0.9359577894210815,
      0.7053573131561279
    ],
    [
      -0.18565526604652405,
      0.18565526604652405,
      -0.09803645312786102,
      0.29411765933036804,
      0.24211996793746948,
      0.48423993587493896
    ],
    [
      -0.06890726089477539,
      0.06890726089477539,
      0.018711552023887634,
      0.529411792755127,
      0.7168292999267578,
      0.7053573131561279
    ]
  ],
  "feature_names": [
    "charge",
    "abs_charge",
    "charge_centered",
    "charge_rank_norm",
    "wbo_sum",
    "wbo_max"
  ],
  "status": "ok",
  "error": null
}