{
  "canonical_smiles": "CC1CC2C3CCC4=CC(=O)C=CC4(C)C3(F)C(O)CC2(C)C1(O)C(=O)CO",
  "xtb_valid": true,
  "atom_valid_mask": [
    [
      1.0
    ],
    [
      1.0
    ],
    [
      1.0
    ],
    [
      1.0
    ],
    [
      1.0
    ],
    [
      1.0
    ],
    [
      1.0
    ],
    [
      1.0
    ],
    [
      1.0
    ],
    [
      1.0
    ],
    [
      1.0
    ],
    [
      1.0
    ],
    [
      1.0
    ],
    [
      1.0
    ],
    [
      1.0
    ],
    [
      1.0
    ],
    [
      1.0
    ],
    [
      1.0
    ],
    [
      1.0
    ],
    [
      1.0
    ],
    [
      1.0
    ],
    [
      1.0
    ],
    [
      1.0
    ],
    [
      1.0
    ],
    [
      1.0
    ],
    [
      1.0
    ],
    [
      1.0
    ],
    [
      1.0
    ]
  ],
  "atom_features": [
    [
      -0.1143711507320404,
      0.1143711507320404,
      -0.021739289164543152,
      0.25925925374031067,
      0.2531547546386719,
      0.5063095092773438
    ],
    [
      -0.02692260965704918,
      0.02692260965704918,
      0.06570924818515778,
      0.6296296119689941,
      0.7392006516456604,
      0.5063095092773438
    ],
    [
      -0.08095209300518036,
      0.08095209300518036,
      0.011679768562316895,
      0.37037035822868347,
      0.4950158894062042,
      0.4956313371658325
    ],
    [
      -0.03464232012629509,
      0.03464232012629509,
      0.057989541441202164,
      0.5555555820465088,
      0.7349974513053894,
      0.4956313371658325
    ],
    [
      -0.03318889066576958,
      0.03318889066576958,
      0.059442970901727676,
      0.5925925970077515,
      0.7346394062042236,
      0.4986998438835144
    ],
    [
      -0.07017955183982849,
      0.07017955183982849,
      0.022452309727668762,
      0.48148149251937866,
      0.4992351233959198,
      0.4997704029083252
    ],
    [
      -0.07868144661188126,
      0.07868144661188126,
      0.013950414955615997,
      0.40740740299224854,
      0.5059694647789001,
      0.5121685266494751
    ],
    [
      0.03208208829164505,
      0.03208208829164505,
      0.1247139498591423,
      0.7777777910232544,
      0.9470306038856506,
      0.8859745860099792
    ],
    [
      -0.08204986900091171,
      0.08204986900091171,
      0.01058199256658554,
      0.3333333432674408,
      0.7126091718673706,
      0.8859745860099792
    ],
    [
      0.23172235488891602,
      0.23172235488891602,
      0.32435423135757446,
      1.0,
      0.9562951922416687,
      0.8398116230964661
    ],
    [
      -0.48591840267181396,
      0.48591840267181396,
      -0.3932865262031555,
      0.07407407462596893,
      0.41990581154823303,
      0.8398116230964661
    ],
    [
      -0.068352609872818,
      0.068352609872818,
      0.02427925169467926,
      0.5185185074806213,
      0.7265236973762512,
      0.9195122718811035
    ],
    [
      -0.009472239762544632,
      0.009472239762544632,
      0.08315962553024292,
      0.6666666865348816,
      0.7111469507217407,
      0.9195122718811035
    ],
    [
      0.02292495034635067,
      0.02292495034635067,
      0.11555681377649307,
      0.7407407164573669,
      0.9689244627952576,
      0.5027815699577332
    ],
    [
      -0.11361268162727356,
      0.11361268162727356,
      -0.020980820059776306,
      0.29629629850387573,
      0.2397654950618744,
      0.4795309901237488
    ],
    [
      0.16745339334011078,
      0.16745339334011078,
      0.26008525490760803,
      0.9259259104728699,
      0.9366997480392456,
      0.48419925570487976
    ],
    [
      -0.28940215706825256,
      0.28940215706825256,
      -0.1967702955007553,
      0.18518517911434174,
      0.22451108694076538,
      0.44902217388153076
    ],
    [
      0.11428692936897278,
      0.11428692936897278,
      0.20691879093647003,
      0.8518518805503845,
      0.7341281175613403,
      0.4932302236557007
    ],
    [
      -0.5091531872749329,
      0.5091531872749329,
      -0.4165213108062744,
      0.0,
      0.2454133927822113,
      0.4908267855644226
    ],
    [
      -0.0759715810418129,
      0.0759715810418129,
      0.016660280525684357,
      0.4444444477558136,
      0.492202490568161,
      0.4932302236557007
    ],
    [
      0.013337950222194195,
      0.013337950222194195,
      0.10596980899572372,
      0.7037037014961243,
      0.96620774269104,
      0.5014764070510864
    ],
    [
      -0.11602973937988281,
      0.11602973937988281,
      -0.02339787781238556,
      0.2222222238779068,
      0.2507382035255432,
      0.5014764070510864
    ],
    [
      0.11743582040071487,
      0.11743582040071487,
      0.21006768941879272,
      0.8888888955116272,
      0.9516736268997192,
      0.489555686712265
    ],
    [
      -0.47937506437301636,
      0.47937506437301636,
      -0.3867431879043579,
      0.1111111119389534,
      0.2447778433561325,
      0.489555686712265
    ],
    [
      0.22029125690460205,
      0.22029125690460205,
      0.3129231333732605,
      0.9629629850387573,
      0.9422361254692078,
      0.915407657623291
    ],
    [
      -0.4045000672340393,
      0.4045000672340393,
      -0.31186819076538086,
      0.14814814925193787,
      0.4577038288116455,
      0.915407657623291
    ],
    [
      0.05812560021877289,
      0.05812560021877289,
      0.15075746178627014,
      0.8148148059844971,
      0.4954446256160736,
      0.5025047659873962
    ],
    [
      -0.4985766112804413,
      0.4985766112804413,
      -0.4059447646141052,
      0.03703703731298447,
      0.2512523829936981,
      0.5025047659873962
    ]
  ],
  "feature_names": [
    "charge",
    "abs_charge",
    "charge_centered",
    "charge_rank_norm",
    "wbo_sum",
    "wbo_max"
  ],
  "status": "ok",
  "error": null
}