{
  "canonical_smiles": "COc1ccc(/C=C2\\CCCN=C2c2cccnc2)c(OC)c1",
  "xtb_valid": true,
  "atom_valid_mask": [
    [
      1.0
    ],
    [
      1.0
    ],
    [
      1.0
    ],
    [
      1.0
    ],
    [
      1.0
    ],
    [
      1.0
    ],
    [
      1.0
    ],
    [
      1.0
    ],
    [
      1.0
    ],
    [
      1.0
    ],
    [
      1.0
    ],
    [
      1.0
    ],
    [
      1.0
    ],
    [
      1.0
    ],
    [
      1.0
    ],
    [
      1.0
    ],
    [
      1.0
    ],
    [
      1.0
    ],
    [
      1.0
    ],
    [
      1.0
    ],
    [
      1.0
    ],
    [
      1.0
    ],
    [
      1.0
    ]
  ],
  "atom_features": [
    [
      0.020102940499782562,
      0.020102940499782562,
      0.0656537339091301,
      0.7272727489471436,
      0.24258916079998016,
      0.4851783215999603
    ],
    [
      -0.3004644811153412,
      0.3004644811153412,
      -0.25491368770599365,
      0.0,
      0.5066948533058167,
      0.5282114148139954
    ],
    [
      0.13806726038455963,
      0.13806726038455963,
      0.18361805379390717,
      1.0,
      0.9467577338218689,
      0.6888546347618103
    ],
    [
      -0.08320499211549759,
      0.08320499211549759,
      -0.037654198706150055,
      0.22727273404598236,
      0.7003376483917236,
      0.711820662021637
    ],
    [
      -0.04481913149356842,
      0.04481913149356842,
      0.0007316619157791138,
      0.3636363744735718,
      0.7364010810852051,
      0.711820662021637
    ],
    [
      -0.019462959840893745,
      0.019462959840893745,
      0.02608783356845379,
      0.5,
      0.9388938546180725,
      0.7102444767951965
    ],
    [
      -0.03459455817937851,
      0.03459455817937851,
      0.010956235229969025,
      0.4545454680919647,
      0.7105330228805542,
      0.907433032989502
    ],
    [
      -0.008004319854080677,
      0.008004319854080677,
      0.03754647448658943,
      0.5909090638160706,
      0.9626224040985107,
      0.907433032989502
    ],
    [
      -0.05423936992883682,
      0.05423936992883682,
      -0.008688576519489288,
      0.3181818127632141,
      0.5032827258110046,
      0.503737211227417
    ],
    [
      -0.05840475857257843,
      0.05840475857257843,
      -0.012853965163230896,
      0.27272728085517883,
      0.5010984539985657,
      0.503737211227417
    ],
    [
      0.015214970335364342,
      0.015214970335364342,
      0.060765765607357025,
      0.6818181872367859,
      0.5029893517494202,
      0.507519006729126
    ],
    [
      -0.28132107853889465,
      0.28132107853889465,
      -0.23577028512954712,
      0.09090909361839294,
      0.6967611312866211,
      0.886003315448761
    ],
    [
      0.09795761108398438,
      0.09795761108398438,
      0.1435084044933319,
      0.9090909361839294,
      0.9579354524612427,
      0.886003315448761
    ],
    [
      0.001131720026023686,
      0.001131720026023686,
      0.04668251425027847,
      0.6363636255264282,
      0.9769162535667419,
      0.6965545415878296
    ],
    [
      -0.011243919841945171,
      0.011243919841945171,
      0.03430687263607979,
      0.5454545617103577,
      0.734708309173584,
      0.7234609723091125
    ],
    [
      -0.04149610176682472,
      0.04149610176682472,
      0.004054691642522812,
      0.40909090638160706,
      0.7465595602989197,
      0.7234609723091125
    ],
    [
      0.053187280893325806,
      0.053187280893325806,
      0.09873807430267334,
      0.8181818127632141,
      0.7396279573440552,
      0.7157502770423889
    ],
    [
      -0.25337257981300354,
      0.25337257981300354,
      -0.207821786403656,
      0.13636364042758942,
      0.7410588264465332,
      0.7150501012802124
    ],
    [
      0.05500875040888786,
      0.05500875040888786,
      0.1005595475435257,
      0.8636363744735718,
      0.7327562570571899,
      0.7150501012802124
    ],
    [
      0.1362520009279251,
      0.1362520009279251,
      0.18180279433727264,
      0.9545454382896423,
      0.9398349523544312,
      0.6977607011795044
    ],
    [
      -0.2988877296447754,
      0.2988877296447754,
      -0.25333693623542786,
      0.04545454680919647,
      0.5067155361175537,
      0.5279989242553711
    ],
    [
      0.022380510345101357,
      0.022380510345101357,
      0.06793130189180374,
      0.7727272510528564,
      0.24271608889102936,
      0.4854321777820587
    ],
    [
      -0.09745535999536514,
      0.09745535999536514,
      -0.05190456658601761,
      0.1818181872367859,
      0.7124735713005066,
      0.6977607011795044
    ]
  ],
  "feature_names": [
    "charge",
    "abs_charge",
    "charge_centered",
    "charge_rank_norm",
    "wbo_sum",
    "wbo_max"
  ],
  "status": "ok",
  "error": null
}