{
  "canonical_smiles": "Cn1c(CCCC(=O)O)nc2cc(N(CCCl)CCCl)ccc21",
  "xtb_valid": true,
  "atom_valid_mask": [
    [
      1.0
    ],
    [
      1.0
    ],
    [
      1.0
    ],
    [
      1.0
    ],
    [
      1.0
    ],
    [
      1.0
    ],
    [
      1.0
    ],
    [
      1.0
    ],
    [
      1.0
    ],
    [
      1.0
    ],
    [
      1.0
    ],
    [
      1.0
    ],
    [
      1.0
    ],
    [
      1.0
    ],
    [
      1.0
    ],
    [
      1.0
    ],
    [
      1.0
    ],
    [
      1.0
    ],
    [
      1.0
    ],
    [
      1.0
    ],
    [
      1.0
    ],
    [
      1.0
    ],
    [
      1.0
    ]
  ],
  "atom_features": [
    [
      -0.06206899136304855,
      0.06206899136304855,
      0.01545356959104538,
      0.4545454680919647,
      0.24892184138298035,
      0.4978436827659607
    ],
    [
      -0.05352531000971794,
      0.05352531000971794,
      0.023997250944375992,
      0.5454545617103577,
      0.8660405278205872,
      0.6067996621131897
    ],
    [
      0.1299782693386078,
      0.1299782693386078,
      0.20750083029270172,
      0.9545454382896423,
      0.9386370182037354,
      0.7619439959526062
    ],
    [
      -0.07546394318342209,
      0.07546394318342209,
      0.0020586177706718445,
      0.3636363744735718,
      0.5012937188148499,
      0.5085303783416748
    ],
    [
      -0.05309167876839638,
      0.05309167876839638,
      0.024430882185697556,
      0.5909090638160706,
      0.49887415766716003,
      0.5036912560462952
    ],
    [
      -0.09840463846921921,
      0.09840463846921921,
      -0.020882077515125275,
      0.27272728085517883,
      0.5012575387954712,
      0.5036912560462952
    ],
    [
      0.3639790415763855,
      0.3639790415763855,
      0.4415016174316406,
      1.0,
      0.965567946434021,
      0.854338526725769
    ],
    [
      -0.4819056987762451,
      0.4819056987762451,
      -0.40438312292099,
      0.0,
      0.4691563844680786,
      0.854338526725769
    ],
    [
      -0.4293160140514374,
      0.4293160140514374,
      -0.35179346799850464,
      0.04545454680919647,
      0.33097386360168457,
      0.577973484992981
    ],
    [
      -0.3441723585128784,
      0.3441723585128784,
      -0.2666497826576233,
      0.09090909361839294,
      0.7113864421844482,
      0.7619439959526062
    ],
    [
      0.05526228994131088,
      0.05526228994131088,
      0.13278484344482422,
      0.9090909361839294,
      0.9499403238296509,
      0.6621817350387573
    ],
    [
      -0.07914900034666061,
      0.07914900034666061,
      -0.001626439392566681,
      0.3181818127632141,
      0.7138859629631042,
      0.7080079317092896
    ],
    [
      0.053129248321056366,
      0.053129248321056366,
      0.1306518018245697,
      0.8636363744735718,
      0.9553089737892151,
      0.7080079317092896
    ],
    [
      -0.1388503760099411,
      0.1388503760099411,
      -0.06132781505584717,
      0.22727273404598236,
      0.7656186819076538,
      0.5401167869567871
    ],
    [
      -0.016194479539990425,
      0.016194479539990425,
      0.06132808327674866,
      0.6363636255264282,
      0.4980877637863159,
      0.5018115043640137
    ],
    [
      0.020214220508933067,
      0.020214220508933067,
      0.09773678332567215,
      0.7272727489471436,
      0.4832489788532257,
      0.5018115043640137
    ],
    [
      -0.2513469159603119,
      0.2513469159603119,
      -0.17382435500621796,
      0.13636364042758942,
      0.23234321177005768,
      0.46468642354011536
    ],
    [
      0.0009690499864518642,
      0.0009690499864518642,
      0.07849161326885223,
      0.6818181872367859,
      0.4995103180408478,
      0.502264142036438
    ],
    [
      0.02332513965666294,
      0.02332513965666294,
      0.10084769874811172,
      0.8181818127632141,
      0.48477286100387573,
      0.502264142036438
    ],
    [
      -0.24265959858894348,
      0.24265959858894348,
      -0.16513703763484955,
      0.1818181872367859,
      0.23364078998565674,
      0.4672815799713135
    ],
    [
      -0.06434383988380432,
      0.06434383988380432,
      0.013178721070289612,
      0.40909090638160706,
      0.7033399343490601,
      0.7441866993904114
    ],
    [
      -0.060513608157634735,
      0.060513608157634735,
      0.017008952796459198,
      0.5,
      0.7339413166046143,
      0.7441866993904114
    ],
    [
      0.02113031968474388,
      0.02113031968474388,
      0.09865288436412811,
      0.7727272510528564,
      0.9352105855941772,
      0.666113555431366
    ]
  ],
  "feature_names": [
    "charge",
    "abs_charge",
    "charge_centered",
    "charge_rank_norm",
    "wbo_sum",
    "wbo_max"
  ],
  "status": "ok",
  "error": null
}