{
  "canonical_smiles": "COc1ccc2nc3ccc(=O)cc-3oc2c1",
  "xtb_valid": true,
  "atom_valid_mask": [
    [
      1.0
    ],
    [
      1.0
    ],
    [
      1.0
    ],
    [
      1.0
    ],
    [
      1.0
    ],
    [
      1.0
    ],
    [
      1.0
    ],
    [
      1.0
    ],
    [
      1.0
    ],
    [
      1.0
    ],
    [
      1.0
    ],
    [
      1.0
    ],
    [
      1.0
    ],
    [
      1.0
    ],
    [
      1.0
    ],
    [
      1.0
    ],
    [
      1.0
    ]
  ],
  "atom_features": [
    [
      0.008057760074734688,
      0.008057760074734688,
      0.05246356874704361,
      0.625,
      0.24056684970855713,
      0.48113369941711426
    ],
    [
      -0.27057045698165894,
      0.27057045698165894,
      -0.22616465389728546,
      0.0625,
      0.5146751403808594,
      0.5482165217399597
    ],
    [
      0.15951956808567047,
      0.15951956808567047,
      0.20392537117004395,
      0.9375,
      0.9441301226615906,
      0.6769035458564758
    ],
    [
      -0.06839817762374878,
      0.06839817762374878,
      -0.023992370814085007,
      0.375,
      0.7028892040252686,
      0.7426382899284363
    ],
    [
      -0.04067986086010933,
      0.04067986086010933,
      0.0037259459495544434,
      0.5,
      0.7287231087684631,
      0.7426382899284363
    ],
    [
      0.0562274195253849,
      0.0562274195253849,
      0.10063322633504868,
      0.6875,
      0.9400267004966736,
      0.6645440459251404
    ],
    [
      -0.21484620869159698,
      0.21484620869159698,
      -0.1704404056072235,
      0.1875,
      0.6979075074195862,
      0.8096888661384583
    ],
    [
      0.09319654107093811,
      0.09319654107093811,
      0.13760234415531158,
      0.75,
      0.9449289441108704,
      0.8096888661384583
    ],
    [
      -0.03684410825371742,
      0.03684410825371742,
      0.00756169855594635,
      0.5625,
      0.7192531824111938,
      0.8857665657997131
    ],
    [
      -0.05580294132232666,
      0.05580294132232666,
      -0.011397134512662888,
      0.4375,
      0.7089497447013855,
      0.8857665657997131
    ],
    [
      0.22893105447292328,
      0.22893105447292328,
      0.27333685755729675,
      1.0,
      0.9570989012718201,
      0.8300048112869263
    ],
    [
      -0.47114473581314087,
      0.47114473581314087,
      -0.4267389178276062,
      0.0,
      0.41500240564346313,
      0.8300048112869263
    ],
    [
      -0.09908563643693924,
      0.09908563643693924,
      -0.05467982962727547,
      0.25,
      0.6854063272476196,
      0.8187527060508728
    ],
    [
      0.1338236927986145,
      0.1338236927986145,
      0.17822949588298798,
      0.8125,
      0.9354830980300903,
      0.8187527060508728
    ],
    [
      -0.2323901355266571,
      0.2323901355266571,
      -0.18798433244228363,
      0.125,
      0.5250162482261658,
      0.5252482295036316
    ],
    [
      0.13764919340610504,
      0.13764919340610504,
      0.18205499649047852,
      0.875,
      0.9280098080635071,
      0.7013883590698242
    ],
    [
      -0.08254165947437286,
      0.08254165947437286,
      -0.03813585266470909,
      0.3125,
      0.7142779231071472,
      0.7013883590698242
    ]
  ],
  "feature_names": [
    "charge",
    "abs_charge",
    "charge_centered",
    "charge_rank_norm",
    "wbo_sum",
    "wbo_max"
  ],
  "status": "ok",
  "error": null
}