{
  "canonical_smiles": "Clc1ccccc1CN1CCc2sccc2C1",
  "xtb_valid": true,
  "atom_valid_mask": [
    [
      1.0
    ],
    [
      1.0
    ],
    [
      1.0
    ],
    [
      1.0
    ],
    [
      1.0
    ],
    [
      1.0
    ],
    [
      1.0
    ],
    [
      1.0
    ],
    [
      1.0
    ],
    [
      1.0
    ],
    [
      1.0
    ],
    [
      1.0
    ],
    [
      1.0
    ],
    [
      1.0
    ],
    [
      1.0
    ],
    [
      1.0
    ],
    [
      1.0
    ]
  ],
  "atom_features": [
    [
      -0.20591233670711517,
      0.20591233670711517,
      -0.16627216339111328,
      0.0,
      0.23941349983215332,
      0.47882699966430664
    ],
    [
      0.0949462503194809,
      0.0949462503194809,
      0.1345864236354828,
      1.0,
      0.9612777829170227,
      0.7029960751533508
    ],
    [
      -0.04431939870119095,
      0.04431939870119095,
      -0.0046792179346084595,
      0.3125,
      0.738896906375885,
      0.7197864651679993
    ],
    [
      -0.03475143015384674,
      0.03475143015384674,
      0.004888750612735748,
      0.5,
      0.7453204393386841,
      0.7197864651679993
    ],
    [
      -0.03862553834915161,
      0.03862553834915161,
      0.0010146424174308777,
      0.375,
      0.7444554567337036,
      0.7214245200157166
    ],
    [
      -0.03721892088651657,
      0.03721892088651657,
      0.002421259880065918,
      0.4375,
      0.7400267720222473,
      0.7214245200157166
    ],
    [
      0.001873650006018579,
      0.001873650006018579,
      0.0415138304233551,
      0.75,
      0.9746968150138855,
      0.7036176919937134
    ],
    [
      0.011262459680438042,
      0.011262459680438042,
      0.05090264230966568,
      0.875,
      0.4984983205795288,
      0.5016753673553467
    ],
    [
      -0.18886779248714447,
      0.18886779248714447,
      -0.14922761917114258,
      0.0625,
      0.7477412819862366,
      0.5020523071289062
    ],
    [
      0.00021826999727636576,
      0.00021826999727636576,
      0.03985844925045967,
      0.6875,
      0.49724438786506653,
      0.5020523071289062
    ],
    [
      -0.06565152108669281,
      0.06565152108669281,
      -0.02601134032011032,
      0.125,
      0.5024508237838745,
      0.5124651193618774
    ],
    [
      0.014433019794523716,
      0.014433019794523716,
      0.05407319962978363,
      0.9375,
      0.9673535823822021,
      0.775850772857666
    ],
    [
      -0.05924621969461441,
      0.05924621969461441,
      -0.01960603892803192,
      0.25,
      0.616291880607605,
      0.5947877168655396
    ],
    [
      -0.03472553938627243,
      0.03472553938627243,
      0.004914641380310059,
      0.5625,
      0.731200635433197,
      0.8088794946670532
    ],
    [
      -0.06300043314695358,
      0.06300043314695358,
      -0.023360252380371094,
      0.1875,
      0.7435455322265625,
      0.8088794946670532
    ],
    [
      -0.02864803932607174,
      0.02864803932607174,
      0.01099214144051075,
      0.625,
      0.9519236087799072,
      0.775850772857666
    ],
    [
      0.004350400064140558,
      0.004350400064140558,
      0.04399058222770691,
      0.8125,
      0.4990164339542389,
      0.4999238848686218
    ]
  ],
  "feature_names": [
    "charge",
    "abs_charge",
    "charge_centered",
    "charge_rank_norm",
    "wbo_sum",
    "wbo_max"
  ],
  "status": "ok",
  "error": null
}