{
  "canonical_smiles": "CC12C=CC(=O)C=C1CCC1C2CCC2(C)C1CCC2(C)O",
  "xtb_valid": true,
  "atom_valid_mask": [
    [
      1.0
    ],
    [
      1.0
    ],
    [
      1.0
    ],
    [
      1.0
    ],
    [
      1.0
    ],
    [
      1.0
    ],
    [
      1.0
    ],
    [
      1.0
    ],
    [
      1.0
    ],
    [
      1.0
    ],
    [
      1.0
    ],
    [
      1.0
    ],
    [
      1.0
    ],
    [
      1.0
    ],
    [
      1.0
    ],
    [
      1.0
    ],
    [
      1.0
    ],
    [
      1.0
    ],
    [
      1.0
    ],
    [
      1.0
    ],
    [
      1.0
    ],
    [
      1.0
    ]
  ],
  "atom_features": [
    [
      -0.1087896004319191,
      0.1087896004319191,
      -0.038327619433403015,
      0.190476194024086,
      0.23815391957759857,
      0.47630783915519714
    ],
    [
      0.023261619731783867,
      0.023261619731783867,
      0.0937236025929451,
      0.8571428656578064,
      0.9729002714157104,
      0.5070105195045471
    ],
    [
      -0.01331677008420229,
      0.01331677008420229,
      0.05714521184563637,
      0.761904776096344,
      0.7111488580703735,
      0.9152871966362
    ],
    [
      -0.06989911198616028,
      0.06989911198616028,
      0.0005628690123558044,
      0.3333333432674408,
      0.7243750691413879,
      0.9152871966362
    ],
    [
      0.22912241518497467,
      0.22912241518497467,
      0.29958438873291016,
      1.0,
      0.9553794264793396,
      0.8337318301200867
    ],
    [
      -0.49955737590789795,
      0.49955737590789795,
      -0.42909538745880127,
      0.0476190485060215,
      0.41686591506004333,
      0.8337318301200867
    ],
    [
      -0.08212628215551376,
      0.08212628215551376,
      -0.01166430115699768,
      0.2380952388048172,
      0.7103506922721863,
      0.8771372437477112
    ],
    [
      0.04085097834467888,
      0.04085097834467888,
      0.11131295561790466,
      0.9047619104385376,
      0.9451599717140198,
      0.8771372437477112
    ],
    [
      -0.06745494157075882,
      0.06745494157075882,
      0.003007039427757263,
      0.380952388048172,
      0.5047509670257568,
      0.5115243792533875
    ],
    [
      -0.062282249331474304,
      0.062282249331474304,
      0.008179731667041779,
      0.4761904776096344,
      0.4985027015209198,
      0.499027818441391
    ],
    [
      -0.02444734051823616,
      0.02444734051823616,
      0.04601464048027992,
      0.7142857313156128,
      0.7414460778236389,
      0.499027818441391
    ],
    [
      -0.026211269199848175,
      0.026211269199848175,
      0.04425071179866791,
      0.6190476417541504,
      0.7241240739822388,
      0.4979589283466339
    ],
    [
      -0.0657799169421196,
      0.0657799169421196,
      0.004682064056396484,
      0.4285714328289032,
      0.5004973411560059,
      0.5030357837677002
    ],
    [
      -0.056588541716337204,
      0.056588541716337204,
      0.013873439282178879,
      0.5714285969734192,
      0.49902966618537903,
      0.5030357837677002
    ],
    [
      0.000685880018863827,
      0.000685880018863827,
      0.0711478590965271,
      0.8095238208770752,
      0.9755756258964539,
      0.4980021119117737
    ],
    [
      -0.1163279265165329,
      0.1163279265165329,
      -0.045865945518016815,
      0.1428571492433548,
      0.24900105595588684,
      0.4980021119117737
    ],
    [
      -0.025597140192985535,
      0.025597140192985535,
      0.04486484080553055,
      0.6666666865348816,
      0.738587498664856,
      0.49779871106147766
    ],
    [
      -0.0616733692586422,
      0.0616733692586422,
      0.008788611739873886,
      0.523809552192688,
      0.49870437383651733,
      0.4996100664138794
    ],
    [
      -0.07021381705999374,
      0.07021381705999374,
      0.00024816393852233887,
      0.2857142984867096,
      0.4941663444042206,
      0.4996100664138794
    ],
    [
      0.13901175558567047,
      0.13901175558567047,
      0.20947372913360596,
      0.9523809552192688,
      0.9719485640525818,
      0.4995171129703522
    ],
    [
      -0.12274914979934692,
      0.12274914979934692,
      -0.05228716880083084,
      0.095238097012043,
      0.2497585564851761,
      0.4995171129703522
    ],
    [
      -0.5100812315940857,
      0.5100812315940857,
      -0.439619243144989,
      0.0,
      0.24125459790229797,
      0.48250919580459595
    ]
  ],
  "feature_names": [
    "charge",
    "abs_charge",
    "charge_centered",
    "charge_rank_norm",
    "wbo_sum",
    "wbo_max"
  ],
  "status": "ok",
  "error": null
}