{
  "canonical_smiles": "CC12CCC(=O)C=C1CCC1C2C(O)CC2(C)C1CCC2(O)C(=O)CO",
  "xtb_valid": true,
  "atom_valid_mask": [
    [
      1.0
    ],
    [
      1.0
    ],
    [
      1.0
    ],
    [
      1.0
    ],
    [
      1.0
    ],
    [
      1.0
    ],
    [
      1.0
    ],
    [
      1.0
    ],
    [
      1.0
    ],
    [
      1.0
    ],
    [
      1.0
    ],
    [
      1.0
    ],
    [
      1.0
    ],
    [
      1.0
    ],
    [
      1.0
    ],
    [
      1.0
    ],
    [
      1.0
    ],
    [
      1.0
    ],
    [
      1.0
    ],
    [
      1.0
    ],
    [
      1.0
    ],
    [
      1.0
    ],
    [
      1.0
    ],
    [
      1.0
    ],
    [
      1.0
    ],
    [
      1.0
    ]
  ],
  "atom_features": [
    [
      -0.10616201907396317,
      0.10616201907396317,
      -0.011438444256782532,
      0.23999999463558197,
      0.24556095898151398,
      0.49112191796302795
    ],
    [
      0.019428610801696777,
      0.019428610801696777,
      0.11415218561887741,
      0.7200000286102295,
      0.9766448140144348,
      0.4930666983127594
    ],
    [
      -0.06652645766735077,
      0.06652645766735077,
      0.028197117149829865,
      0.47999998927116394,
      0.49602562189102173,
      0.5015241503715515
    ],
    [
      -0.08700943738222122,
      0.08700943738222122,
      0.007714137434959412,
      0.2800000011920929,
      0.50065016746521,
      0.5015241503715515
    ],
    [
      0.2364516258239746,
      0.2364516258239746,
      0.33117520809173584,
      1.0,
      0.9532473683357239,
      0.8647322654724121
    ],
    [
      -0.4757425785064697,
      0.4757425785064697,
      -0.3810189962387085,
      0.11999999731779099,
      0.43236613273620605,
      0.8647322654724121
    ],
    [
      -0.08346068859100342,
      0.08346068859100342,
      0.011262886226177216,
      0.3199999928474426,
      0.7132117748260498,
      0.8844372630119324
    ],
    [
      0.03709869086742401,
      0.03709869086742401,
      0.13182225823402405,
      0.800000011920929,
      0.9447616934776306,
      0.8844372630119324
    ],
    [
      -0.07138275355100632,
      0.07138275355100632,
      0.023340821266174316,
      0.4399999976158142,
      0.5040725469589233,
      0.5120193958282471
    ],
    [
      -0.06338035315275192,
      0.06338035315275192,
      0.03134322166442871,
      0.5600000023841858,
      0.49802133440971375,
      0.4999169707298279
    ],
    [
      -0.021279960870742798,
      0.021279960870742798,
      0.07344361394643784,
      0.6800000071525574,
      0.7395783066749573,
      0.4999169707298279
    ],
    [
      -0.02732264995574951,
      0.02732264995574951,
      0.06740092486143112,
      0.6399999856948853,
      0.7305946350097656,
      0.4923281967639923
    ],
    [
      0.11519619822502136,
      0.11519619822502136,
      0.2099197804927826,
      0.8799999952316284,
      0.736426591873169,
      0.4923281967639923
    ],
    [
      -0.5026966333389282,
      0.5026966333389282,
      -0.407973051071167,
      0.03999999910593033,
      0.2453273981809616,
      0.4906547963619232
    ],
    [
      -0.08057858794927597,
      0.08057858794927597,
      0.014144986867904663,
      0.36000001430511475,
      0.49139416217803955,
      0.49291810393333435
    ],
    [
      0.01968896947801113,
      0.01968896947801113,
      0.11441254615783691,
      0.7599999904632568,
      0.9687633514404297,
      0.4967178702354431
    ],
    [
      -0.11288151144981384,
      0.11288151144981384,
      -0.01815793663263321,
      0.20000000298023224,
      0.24835893511772156,
      0.4967178702354431
    ],
    [
      -0.027666449546813965,
      0.027666449546813965,
      0.06705712527036667,
      0.6000000238418579,
      0.7370640635490417,
      0.4984006881713867
    ],
    [
      -0.06605757772922516,
      0.06605757772922516,
      0.028665997087955475,
      0.5199999809265137,
      0.49907979369163513,
      0.49975889921188354
    ],
    [
      -0.07284297049045563,
      0.07284297049045563,
      0.021880604326725006,
      0.4000000059604645,
      0.4907199740409851,
      0.49975889921188354
    ],
    [
      0.11795233935117722,
      0.11795233935117722,
      0.21267591416835785,
      0.9200000166893005,
      0.9554299116134644,
      0.49202579259872437
    ],
    [
      -0.49378275871276855,
      0.49378275871276855,
      -0.3990591764450073,
      0.07999999821186066,
      0.24601289629936218,
      0.49202579259872437
    ],
    [
      0.2091778665781021,
      0.2091778665781021,
      0.30390143394470215,
      0.9599999785423279,
      0.9397743344306946,
      0.9074350595474243
    ],
    [
      -0.4074532687664032,
      0.4074532687664032,
      -0.31272968649864197,
      0.1599999964237213,
      0.45371752977371216,
      0.9074350595474243
    ],
    [
      0.052954308688640594,
      0.052954308688640594,
      0.14767788350582123,
      0.8399999737739563,
      0.4989747703075409,
      0.5018733143806458
    ],
    [
      -0.5045349597930908,
      0.5045349597930908,
      -0.4098113775253296,
      0.0,
      0.2509366571903229,
      0.5018733143806458
    ]
  ],
  "feature_names": [
    "charge",
    "abs_charge",
    "charge_centered",
    "charge_rank_norm",
    "wbo_sum",
    "wbo_max"
  ],
  "status": "ok",
  "error": null
}