{
  "canonical_smiles": "CS(=O)(=O)OCCCCOS(C)(=O)=O",
  "xtb_valid": true,
  "atom_valid_mask": [
    [
      1.0
    ],
    [
      1.0
    ],
    [
      1.0
    ],
    [
      1.0
    ],
    [
      1.0
    ],
    [
      1.0
    ],
    [
      1.0
    ],
    [
      1.0
    ],
    [
      1.0
    ],
    [
      1.0
    ],
    [
      1.0
    ],
    [
      1.0
    ],
    [
      1.0
    ],
    [
      1.0
    ]
  ],
  "atom_features": [
    [
      -0.2603861093521118,
      0.2603861093521118,
      -0.16152459383010864,
      0.4615384638309479,
      0.2431456744670868,
      0.38372987508773804
    ],
    [
      1.364309310913086,
      1.364309310913086,
      1.4631708860397339,
      1.0,
      1.18130624294281,
      0.756399929523468
    ],
    [
      -0.6759083867073059,
      0.6759083867073059,
      -0.5770468711853027,
      0.0,
      0.4317170977592468,
      0.7561171650886536
    ],
    [
      -0.6745015978813171,
      0.6745015978813171,
      -0.575640082359314,
      0.23076923191547394,
      0.4319913685321808,
      0.756399929523468
    ],
    [
      -0.4398762583732605,
      0.4398762583732605,
      -0.3410147428512573,
      0.38461539149284363,
      0.4655652642250061,
      0.4663655161857605
    ],
    [
      0.07187855988740921,
      0.07187855988740921,
      0.17074008285999298,
      0.8461538553237915,
      0.4825277328491211,
      0.5002905130386353
    ],
    [
      -0.07710351794958115,
      0.07710351794958115,
      0.021758005023002625,
      0.692307710647583,
      0.502116858959198,
      0.5039432048797607
    ],
    [
      -0.07778465002775192,
      0.07778465002775192,
      0.021076872944831848,
      0.6153846383094788,
      0.5021170377731323,
      0.5039432048797607
    ],
    [
      0.07178954780101776,
      0.07178954780101776,
      0.17065107822418213,
      0.7692307829856873,
      0.4824974536895752,
      0.5002908706665039
    ],
    [
      -0.4403064250946045,
      0.4403064250946045,
      -0.3414449095726013,
      0.3076923191547394,
      0.4654417932033539,
      0.4661795198917389
    ],
    [
      1.3642170429229736,
      1.3642170429229736,
      1.4630786180496216,
      0.9230769276618958,
      1.1814204454421997,
      0.7564947605133057
    ],
    [
      -0.26036134362220764,
      0.26036134362220764,
      -0.16149982810020447,
      0.5384615659713745,
      0.24315030872821808,
      0.38373681902885437
    ],
    [
      -0.6752766966819763,
      0.6752766966819763,
      -0.5764151811599731,
      0.07692307978868484,
      0.43185681104660034,
      0.7564947605133057
    ],
    [
      -0.6747507452964783,
      0.6747507452964783,
      -0.5758892297744751,
      0.1538461595773697,
      0.4320527911186218,
      0.75642991065979
    ]
  ],
  "feature_names": [
    "charge",
    "abs_charge",
    "charge_centered",
    "charge_rank_norm",
    "wbo_sum",
    "wbo_max"
  ],
  "status": "ok",
  "error": null
}