{
  "canonical_smiles": "C[C@@H](C#Cc1ccc(Cc2ccccc2)s1)NC(N)=O",
  "xtb_valid": true,
  "atom_valid_mask": [
    [
      1.0
    ],
    [
      1.0
    ],
    [
      1.0
    ],
    [
      1.0
    ],
    [
      1.0
    ],
    [
      1.0
    ],
    [
      1.0
    ],
    [
      1.0
    ],
    [
      1.0
    ],
    [
      1.0
    ],
    [
      1.0
    ],
    [
      1.0
    ],
    [
      1.0
    ],
    [
      1.0
    ],
    [
      1.0
    ],
    [
      1.0
    ],
    [
      1.0
    ],
    [
      1.0
    ],
    [
      1.0
    ],
    [
      1.0
    ]
  ],
  "atom_features": [
    [
      -0.1140359565615654,
      0.1140359565615654,
      -0.050310634076595306,
      0.15789473056793213,
      0.24523399770259857,
      0.49046799540519714
    ],
    [
      0.07514265924692154,
      0.07514265924692154,
      0.13886797428131104,
      0.9473684430122375,
      0.7451415061950684,
      0.5134755373001099
    ],
    [
      -0.04953283816576004,
      0.04953283816576004,
      0.014192484319210052,
      0.3684210479259491,
      0.9392263293266296,
      1.3649771213531494
    ],
    [
      -0.0484631210565567,
      0.0484631210565567,
      0.015262201428413391,
      0.42105263471603394,
      0.964809238910675,
      1.3649771213531494
    ],
    [
      0.038873519748449326,
      0.038873519748449326,
      0.10259884595870972,
      0.8947368264198303,
      0.9714746475219727,
      0.7555487751960754
    ],
    [
      -0.05496247112751007,
      0.05496247112751007,
      0.008762851357460022,
      0.31578946113586426,
      0.7029170989990234,
      0.7555487751960754
    ],
    [
      -0.06239556148648262,
      0.06239556148648262,
      0.0013297609984874725,
      0.2631579041481018,
      0.7158039212226868,
      0.7813224792480469
    ],
    [
      0.023394880816340446,
      0.023394880816340446,
      0.08712020516395569,
      0.8421052694320679,
      0.9639382362365723,
      0.7813224792480469
    ],
    [
      -0.06801287829875946,
      0.06801287829875946,
      -0.004287555813789368,
      0.21052631735801697,
      0.4996405839920044,
      0.5043548345565796
    ],
    [
      0.013566849753260612,
      0.013566849753260612,
      0.07729217410087585,
      0.7894737124443054,
      0.9809967279434204,
      0.7063649892807007
    ],
    [
      -0.041450951248407364,
      0.041450951248407364,
      0.02227437123656273,
      0.4736842215061188,
      0.7416194081306458,
      0.7213199734687805
    ],
    [
      -0.036003198474645615,
      0.036003198474645615,
      0.027722124010324478,
      0.6315789222717285,
      0.7483559846878052,
      0.7213199734687805
    ],
    [
      -0.037621330469846725,
      0.037621330469846725,
      0.026103992015123367,
      0.5789473652839661,
      0.7465645670890808,
      0.7194674015045166
    ],
    [
      -0.03575817123055458,
      0.03575817123055458,
      0.027967151254415512,
      0.6842105388641357,
      0.7483421564102173,
      0.7220646739006042
    ],
    [
      -0.040493909269571304,
      0.040493909269571304,
      0.02323141321539879,
      0.5263158082962036,
      0.7420477271080017,
      0.7220646739006042
    ],
    [
      -0.02528334967792034,
      0.02528334967792034,
      0.0384419709444046,
      0.7368420958518982,
      0.5817151665687561,
      0.5914351344108582
    ],
    [
      -0.2263154834508896,
      0.2263154834508896,
      -0.1625901609659195,
      0.10526315867900848,
      0.5767540335655212,
      0.595217764377594
    ],
    [
      0.3442867398262024,
      0.3442867398262024,
      0.4080120623111725,
      1.0,
      0.9821008443832397,
      0.7793370485305786
    ],
    [
      -0.3610701262950897,
      0.3610701262950897,
      -0.29734480381011963,
      0.05263157933950424,
      0.3280172049999237,
      0.5896468758583069
    ],
    [
      -0.5683717727661133,
      0.5683717727661133,
      -0.5046464204788208,
      0.0,
      0.45883774757385254,
      0.7793370485305786
    ]
  ],
  "feature_names": [
    "charge",
    "abs_charge",
    "charge_centered",
    "charge_rank_norm",
    "wbo_sum",
    "wbo_max"
  ],
  "status": "ok",
  "error": null
}