{
  "canonical_smiles": "CN(C)CCOC1=Cc2ccccc2Sc2ccc(Cl)cc21",
  "xtb_valid": true,
  "atom_valid_mask": [
    [
      1.0
    ],
    [
      1.0
    ],
    [
      1.0
    ],
    [
      1.0
    ],
    [
      1.0
    ],
    [
      1.0
    ],
    [
      1.0
    ],
    [
      1.0
    ],
    [
      1.0
    ],
    [
      1.0
    ],
    [
      1.0
    ],
    [
      1.0
    ],
    [
      1.0
    ],
    [
      1.0
    ],
    [
      1.0
    ],
    [
      1.0
    ],
    [
      1.0
    ],
    [
      1.0
    ],
    [
      1.0
    ],
    [
      1.0
    ],
    [
      1.0
    ],
    [
      1.0
    ]
  ],
  "atom_features": [
    [
      -0.040822528302669525,
      0.040822528302669525,
      0.0006264485418796539,
      0.4285714328289032,
      0.2525607645511627,
      0.5051215291023254
    ],
    [
      -0.19113625586032867,
      0.19113625586032867,
      -0.1496872752904892,
      0.1428571492433548,
      0.7559570670127869,
      0.5061637759208679
    ],
    [
      -0.042735688388347626,
      0.042735688388347626,
      -0.0012867115437984467,
      0.2857142984867096,
      0.25308188796043396,
      0.5061637759208679
    ],
    [
      0.0032692900858819485,
      0.0032692900858819485,
      0.044718265533447266,
      0.6666666865348816,
      0.49803754687309265,
      0.5006288290023804
    ],
    [
      0.06674911826848984,
      0.06674911826848984,
      0.10819809138774872,
      0.9047619104385376,
      0.4876600205898285,
      0.4954462945461273
    ],
    [
      -0.3019677400588989,
      0.3019677400588989,
      -0.26051875948905945,
      0.0,
      0.5285518169403076,
      0.5230308771133423
    ],
    [
      0.13863293826580048,
      0.13863293826580048,
      0.18008191883563995,
      1.0,
      0.9475247263908386,
      0.8584258556365967
    ],
    [
      -0.08320671319961548,
      0.08320671319961548,
      -0.0417577363550663,
      0.190476194024086,
      0.7238011956214905,
      0.8584258556365967
    ],
    [
      0.011124899610877037,
      0.011124899610877037,
      0.05257387459278107,
      0.761904776096344,
      0.9512791037559509,
      0.6899001598358154
    ],
    [
      -0.04085458815097809,
      0.04085458815097809,
      0.0005943886935710907,
      0.380952388048172,
      0.733918309211731,
      0.7241494655609131
    ],
    [
      -0.03629881143569946,
      0.03629881143569946,
      0.005150165408849716,
      0.6190476417541504,
      0.7193828821182251,
      0.7241494655609131
    ],
    [
      -0.03680308908224106,
      0.03680308908224106,
      0.004645887762308121,
      0.523809552192688,
      0.7166755199432373,
      0.7187346816062927
    ],
    [
      -0.039477620273828506,
      0.039477620273828506,
      0.0019713565707206726,
      0.4761904776096344,
      0.7387080788612366,
      0.7187346816062927
    ],
    [
      0.042111508548259735,
      0.042111508548259735,
      0.08356048166751862,
      0.8095238208770752,
      0.9373763203620911,
      0.7048945426940918
    ],
    [
      -0.19933068752288818,
      0.19933068752288818,
      -0.1578817069530487,
      0.0476190485060215,
      0.4961356222629547,
      0.5000935792922974
    ],
    [
      0.04752153903245926,
      0.04752153903245926,
      0.08897051215171814,
      0.8571428656578064,
      0.9408144354820251,
      0.7013664841651917
    ],
    [
      -0.036773938685655594,
      0.036773938685655594,
      0.004675038158893585,
      0.5714285969734192,
      0.7373753786087036,
      0.7205948829650879
    ],
    [
      -0.043740589171648026,
      0.043740589171648026,
      -0.0022916123270988464,
      0.2380952388048172,
      0.7088934183120728,
      0.7205948829650879
    ],
    [
      0.1001981720328331,
      0.1001981720328331,
      0.14164714515209198,
      0.9523809552192688,
      0.9423096179962158,
      0.7051144242286682
    ],
    [
      -0.19515900313854218,
      0.19515900313854218,
      -0.1537100225687027,
      0.095238097012043,
      0.2411564290523529,
      0.4823128581047058
    ],
    [
      -0.041448719799518585,
      0.041448719799518585,
      2.5704503059387207e-07,
      0.3333333432674408,
      0.7259913682937622,
      0.7051144242286682
    ],
    [
      0.008271030150353909,
      0.008271030150353909,
      0.04972000792622566,
      0.7142857313156128,
      0.9439202547073364,
      0.6940789222717285
    ]
  ],
  "feature_names": [
    "charge",
    "abs_charge",
    "charge_centered",
    "charge_rank_norm",
    "wbo_sum",
    "wbo_max"
  ],
  "status": "ok",
  "error": null
}