{
  "canonical_smiles": "CN1CCC23c4c5ccc(O)c4OC2C(O)C=CC3C1C5",
  "xtb_valid": true,
  "atom_valid_mask": [
    [
      1.0
    ],
    [
      1.0
    ],
    [
      1.0
    ],
    [
      1.0
    ],
    [
      1.0
    ],
    [
      1.0
    ],
    [
      1.0
    ],
    [
      1.0
    ],
    [
      1.0
    ],
    [
      1.0
    ],
    [
      1.0
    ],
    [
      1.0
    ],
    [
      1.0
    ],
    [
      1.0
    ],
    [
      1.0
    ],
    [
      1.0
    ],
    [
      1.0
    ],
    [
      1.0
    ],
    [
      1.0
    ],
    [
      1.0
    ],
    [
      1.0
    ]
  ],
  "atom_features": [
    [
      -0.0400434285402298,
      0.0400434285402298,
      0.031537383794784546,
      0.5,
      0.2535913288593292,
      0.5071826577186584
    ],
    [
      -0.19012115895748138,
      0.19012115895748138,
      -0.11854034662246704,
      0.15000000596046448,
      0.7509727478027344,
      0.5071826577186584
    ],
    [
      0.010749050416052341,
      0.010749050416052341,
      0.08232986181974411,
      0.699999988079071,
      0.5015923380851746,
      0.5023016929626465
    ],
    [
      -0.06264513731002808,
      0.06264513731002808,
      0.008935675024986267,
      0.3499999940395355,
      0.4916977286338806,
      0.5008830428123474
    ],
    [
      0.013449570164084435,
      0.013449570164084435,
      0.08503038436174393,
      0.75,
      0.9723150730133057,
      0.49103784561157227
    ],
    [
      -0.030244730412960052,
      0.030244730412960052,
      0.04133608192205429,
      0.550000011920929,
      0.9333125948905945,
      0.6992549300193787
    ],
    [
      0.00011167999764438719,
      0.00011167999764438719,
      0.07169248908758163,
      0.6499999761581421,
      0.9530655145645142,
      0.7001230120658875
    ],
    [
      -0.06150949001312256,
      0.06150949001312256,
      0.010071322321891785,
      0.4000000059604645,
      0.709710419178009,
      0.7192978262901306
    ],
    [
      -0.0870138481259346,
      0.0870138481259346,
      -0.015433035790920258,
      0.20000000298023224,
      0.701418399810791,
      0.7192978262901306
    ],
    [
      0.11465123295783997,
      0.11465123295783997,
      0.1862320452928543,
      1.0,
      0.9409738779067993,
      0.6835389733314514
    ],
    [
      -0.4626675248146057,
      0.4626675248146057,
      -0.3910866975784302,
      0.05000000074505806,
      0.265421062707901,
      0.530842125415802
    ],
    [
      0.10984879732131958,
      0.10984879732131958,
      0.18142960965633392,
      0.949999988079071,
      0.929182231426239,
      0.676332414150238
    ],
    [
      -0.3312279284000397,
      0.3312279284000397,
      -0.2596471309661865,
      0.10000000149011612,
      0.49091610312461853,
      0.5144654512405396
    ],
    [
      0.0921761766076088,
      0.0921761766076088,
      0.16375699639320374,
      0.8500000238418579,
      0.7161538600921631,
      0.484199196100235
    ],
    [
      0.10733996331691742,
      0.10733996331691742,
      0.17892077565193176,
      0.8999999761581421,
      0.734061598777771,
      0.5021239519119263
    ],
    [
      -0.5114417672157288,
      0.5114417672157288,
      -0.4398609399795532,
      0.0,
      0.24262872338294983,
      0.48525744676589966
    ],
    [
      -0.06873712688684464,
      0.06873712688684464,
      0.0028436854481697083,
      0.30000001192092896,
      0.7313414216041565,
      0.9605589509010315
    ],
    [
      -0.04524102061986923,
      0.04524102061986923,
      0.02633979171514511,
      0.44999998807907104,
      0.7343094348907471,
      0.9605589509010315
    ],
    [
      -0.022576190531253815,
      0.022576190531253815,
      0.04900462180376053,
      0.6000000238418579,
      0.7392014861106873,
      0.5080598592758179
    ],
    [
      0.03802857920527458,
      0.03802857920527458,
      0.10960939526557922,
      0.800000011920929,
      0.7344510555267334,
      0.4929785430431366
    ],
    [
      -0.07608283311128616,
      0.07608283311128616,
      -0.00450202077627182,
      0.25,
      0.4998658001422882,
      0.5067530870437622
    ]
  ],
  "feature_names": [
    "charge",
    "abs_charge",
    "charge_centered",
    "charge_rank_norm",
    "wbo_sum",
    "wbo_max"
  ],
  "status": "ok",
  "error": null
}