{
  "canonical_smiles": "CC(C)(C)NC(=O)[C@@H]1CN(Cc2cccnc2)CCN1C[C@@H](O)C[C@@H](Cc1ccccc1)C(=O)N[C@H]1c2ccccc2C[C@H]1O",
  "xtb_valid": true,
  "atom_valid_mask": [
    [
      1.0
    ],
    [
      1.0
    ],
    [
      1.0
    ],
    [
      1.0
    ],
    [
      1.0
    ],
    [
      1.0
    ],
    [
      1.0
    ],
    [
      1.0
    ],
    [
      1.0
    ],
    [
      1.0
    ],
    [
      1.0
    ],
    [
      1.0
    ],
    [
      1.0
    ],
    [
      1.0
    ],
    [
      1.0
    ],
    [
      1.0
    ],
    [
      1.0
    ],
    [
      1.0
    ],
    [
      1.0
    ],
    [
      1.0
    ],
    [
      1.0
    ],
    [
      1.0
    ],
    [
      1.0
    ],
    [
      1.0
    ],
    [
      1.0
    ],
    [
      1.0
    ],
    [
      1.0
    ],
    [
      1.0
    ],
    [
      1.0
    ],
    [
      1.0
    ],
    [
      1.0
    ],
    [
      1.0
    ],
    [
      1.0
    ],
    [
      1.0
    ],
    [
      1.0
    ],
    [
      1.0
    ],
    [
      1.0
    ],
    [
      1.0
    ],
    [
      1.0
    ],
    [
      1.0
    ],
    [
      1.0
    ],
    [
      1.0
    ],
    [
      1.0
    ],
    [
      1.0
    ],
    [
      1.0
    ]
  ],
  "atom_features": [
    [
      -0.13045081496238708,
      0.13045081496238708,
      -0.0630088821053505,
      0.20454545319080353,
      0.2487545609474182,
      0.4975091218948364
    ],
    [
      0.09878197312355042,
      0.09878197312355042,
      0.1662239134311676,
      0.9090909361839294,
      0.9839093685150146,
      0.4975091218948364
    ],
    [
      -0.11349353939294815,
      0.11349353939294815,
      -0.04605160653591156,
      0.25,
      0.24693632125854492,
      0.49387264251708984
    ],
    [
      -0.11742115765810013,
      0.11742115765810013,
      -0.04997922480106354,
      0.22727273404598236,
      0.24835555255413055,
      0.4967111051082611
    ],
    [
      -0.1952105313539505,
      0.1952105313539505,
      -0.1277686059474945,
      0.13636364042758942,
      0.6107379794120789,
      0.6429556012153625
    ],
    [
      0.26816385984420776,
      0.26816385984420776,
      0.33560580015182495,
      0.9772727489471436,
      0.9680630564689636,
      0.8203252553939819
    ],
    [
      -0.5074273943901062,
      0.5074273943901062,
      -0.439985454082489,
      0.0,
      0.4595598578453064,
      0.8203252553939819
    ],
    [
      0.011461010202765465,
      0.011461010202765465,
      0.0789029449224472,
      0.7954545617103577,
      0.7278442978858948,
      0.49327749013900757
    ],
    [
      0.015055379830300808,
      0.015055379830300808,
      0.08249731361865997,
      0.8181818127632141,
      0.4929594099521637,
      0.4963528513908386
    ],
    [
      -0.19977329671382904,
      0.19977329671382904,
      -0.13233137130737305,
      0.11363636702299118,
      0.7466147541999817,
      0.500342845916748
    ],
    [
      0.008173610083758831,
      0.008173610083758831,
      0.0756155401468277,
      0.75,
      0.4989965856075287,
      0.5014594197273254
    ],
    [
      0.0029163099825382233,
      0.0029163099825382233,
      0.07035824656486511,
      0.7045454382896423,
      0.9825978875160217,
      0.7063400149345398
    ],
    [
      -0.022040249779820442,
      0.022040249779820442,
      0.0454016849398613,
      0.5909090638160706,
      0.7396425008773804,
      0.719226062297821
    ],
    [
      -0.04346878081560135,
      0.04346878081560135,
      0.02397315204143524,
      0.3636363744735718,
      0.7469222545623779,
      0.719226062297821
    ],
    [
      0.04935454949736595,
      0.04935454949736595,
      0.11679647862911224,
      0.8636363744735718,
      0.7428568005561829,
      0.718740701675415
    ],
    [
      -0.2536552846431732,
      0.2536552846431732,
      -0.18621334433555603,
      0.09090909361839294,
      0.7418341040611267,
      0.7172448635101318
    ],
    [
      0.05060053989291191,
      0.05060053989291191,
      0.1180424690246582,
      0.8863636255264282,
      0.7381253838539124,
      0.7172448635101318
    ],
    [
      0.008791590109467506,
      0.008791590109467506,
      0.07623352110385895,
      0.7727272510528564,
      0.49637922644615173,
      0.500342845916748
    ],
    [
      -0.006214289925992489,
      0.006214289925992489,
      0.06122764199972153,
      0.6363636255264282,
      0.4960177540779114,
      0.49961990118026733
    ],
    [
      -0.19059401750564575,
      0.19059401750564575,
      -0.12315208464860916,
      0.15909090638160706,
      0.7447471022605896,
      0.49961990118026733
    ],
    [
      -0.0048809899017214775,
      0.0048809899017214775,
      0.06256094574928284,
      0.6590909361839294,
      0.4926951229572296,
      0.4965967535972595
    ],
    [
      0.10876192152500153,
      0.10876192152500153,
      0.17620384693145752,
      0.9545454382896423,
      0.7396249771118164,
      0.4955369830131531
    ],
    [
      -0.4949071407318115,
      0.4949071407318115,
      -0.42746520042419434,
      0.04545454680919647,
      0.2474597841501236,
      0.4949195683002472
    ],
    [
      -0.07070168852806091,
      0.07070168852806091,
      -0.0032597556710243225,
      0.2954545319080353,
      0.49590668082237244,
      0.4962763786315918
    ],
    [
      -0.03919278085231781,
      0.03919278085231781,
      0.02824915200471878,
      0.4545454680919647,
      0.730979859828949,
      0.4962763786315918
    ],
    [
      -0.06959161162376404,
      0.06959161162376404,
      -0.0021496787667274475,
      0.3181818127632141,
      0.49557334184646606,
      0.5045336484909058
    ],
    [
      0.006697049830108881,
      0.006697049830108881,
      0.07413898408412933,
      0.7272727489471436,
      0.9844210147857666,
      0.7063738107681274
    ],
    [
      -0.043996378779411316,
      0.043996378779411316,
      0.023445554077625275,
      0.34090909361839294,
      0.741838276386261,
      0.723294734954834
    ],
    [
      -0.036431919783353806,
      0.036431919783353806,
      0.031010013073682785,
      0.5227272510528564,
      0.7482432723045349,
      0.723294734954834
    ],
    [
      -0.038282979279756546,
      0.038282979279756546,
      0.029158953577280045,
      0.47727271914482117,
      0.7463942170143127,
      0.7202313542366028
    ],
    [
      -0.03382563963532448,
      0.03382563963532448,
      0.03361629322171211,
      0.5681818127632141,
      0.748150110244751,
      0.7202313542366028
    ],
    [
      -0.041439931839704514,
      0.041439931839704514,
      0.026002001017332077,
      0.40909090638160706,
      0.7403150796890259,
      0.7194768190383911
    ],
    [
      0.2748028039932251,
      0.2748028039932251,
      0.3422447443008423,
      1.0,
      0.9650672078132629,
      0.806195080280304
    ],
    [
      -0.5033144950866699,
      0.5033144950866699,
      -0.43587255477905273,
      0.022727273404598236,
      0.44980859756469727,
      0.806195080280304
    ],
    [
      -0.1712067872285843,
      0.1712067872285843,
      -0.1037648543715477,
      0.1818181872367859,
      0.6168325543403625,
      0.6448690891265869
    ],
    [
      0.03248301148414612,
      0.03248301148414612,
      0.09992494434118271,
      0.8409090638160706,
      0.7322853207588196,
      0.49537393450737
    ],
    [
      -0.012460789643228054,
      0.012460789643228054,
      0.05498114228248596,
      0.6136363744735718,
      0.9723557233810425,
      0.7177321314811707
    ],
    [
      -0.03509443998336792,
      0.03509443998336792,
      0.03234749287366867,
      0.5454545617103577,
      0.7424984574317932,
      0.7177321314811707
    ],
    [
      -0.039428140968084335,
      0.039428140968084335,
      0.028013791888952255,
      0.4318181872367859,
      0.7451984882354736,
      0.7215616703033447
    ],
    [
      -0.03803325071930885,
      0.03803325071930885,
      0.029408682137727737,
