{
  "canonical_smiles": "COc1cc2c(c3oc(=O)c4c(c13)CCC4=O)[C@@H]1C=CO[C@@H]1O2",
  "xtb_valid": true,
  "atom_valid_mask": [
    [
      1.0
    ],
    [
      1.0
    ],
    [
      1.0
    ],
    [
      1.0
    ],
    [
      1.0
    ],
    [
      1.0
    ],
    [
      1.0
    ],
    [
      1.0
    ],
    [
      1.0
    ],
    [
      1.0
    ],
    [
      1.0
    ],
    [
      1.0
    ],
    [
      1.0
    ],
    [
      1.0
    ],
    [
      1.0
    ],
    [
      1.0
    ],
    [
      1.0
    ],
    [
      1.0
    ],
    [
      1.0
    ],
    [
      1.0
    ],
    [
      1.0
    ],
    [
      1.0
    ],
    [
      1.0
    ]
  ],
  "atom_features": [
    [
      -0.004448810126632452,
      0.004448810126632452,
      0.04420581832528114,
      0.6363636255264282,
      0.2397247850894928,
      0.4794495701789856
    ],
    [
      -0.24154135584831238,
      0.24154135584831238,
      -0.19288672506809235,
      0.22727273404598236,
      0.5188702344894409,
      0.558290958404541
    ],
    [
      0.15176168084144592,
      0.15176168084144592,
      0.20041631162166595,
      0.8181818127632141,
      0.9395081996917725,
      0.692502498626709
    ],
    [
      -0.0963606908917427,
      0.0963606908917427,
      -0.04770606383681297,
      0.3181818127632141,
      0.6868723630905151,
      0.692502498626709
    ],
    [
      0.15333184599876404,
      0.15333184599876404,
      0.20198647677898407,
      0.8636363744735718,
      0.9388477802276611,
      0.6812422871589661
    ],
    [
      -0.036182571202516556,
      0.036182571202516556,
      0.012472055852413177,
      0.5454545617103577,
      0.9251687526702881,
      0.6896350979804993
    ],
    [
      0.13941232860088348,
      0.13941232860088348,
      0.18806695938110352,
      0.7727272510528564,
      0.9221773743629456,
      0.6896350979804993
    ],
    [
      -0.2624140977859497,
      0.2624140977859497,
      -0.21375946700572968,
      0.1818181872367859,
      0.549118161201477,
      0.5203741192817688
    ],
    [
      0.3568446636199951,
      0.3568446636199951,
      0.40549927949905396,
      1.0,
      0.9522978663444519,
      0.8418744206428528
    ],
    [
      -0.46213898062705994,
      0.46213898062705994,
      -0.4134843647480011,
      0.0,
      0.4558999538421631,
      0.8418744206428528
    ],
    [
      -0.06815841048955917,
      0.06815841048955917,
      -0.01950378343462944,
      0.4545454680919647,
      0.920495331287384,
      0.7686730623245239
    ],
    [
      0.05710015818476677,
      0.05710015818476677,
      0.1057547852396965,
      0.6818181872367859,
      0.934334397315979,
      0.7686730623245239
    ],
    [
      -0.03705675154924393,
      0.03705675154924393,
      0.011597875505685806,
      0.5,
      0.9274963140487671,
      0.6467829346656799
    ],
    [
      -0.08853033930063248,
      0.08853033930063248,
      -0.039875712245702744,
      0.3636363744735718,
      0.5115228891372681,
      0.5200091004371643
    ],
    [
      -0.10696793347597122,
      0.10696793347597122,
      -0.05831330642104149,
      0.27272728085517883,
      0.5022545456886292,
      0.5030367374420166
    ],
    [
      0.2445020228624344,
      0.2445020228624344,
      0.2931566536426544,
      0.9545454382896423,
      0.9517388939857483,
      0.872035026550293
    ],
    [
      -0.45698824524879456,
      0.45698824524879456,
      -0.4083336293697357,
      0.04545454680919647,
      0.4360175132751465,
      0.872035026550293
    ],
    [
      -0.01617749035358429,
      0.01617749035358429,
      0.032477136701345444,
      0.5909090638160706,
      0.739861249923706,
      0.49937838315963745
    ],
    [
      -0.07885781675577164,
      0.07885781675577164,
      -0.030203189700841904,
      0.40909090638160706,
      0.7413492798805237,
      0.9249247312545776
    ],
    [
      0.08631937950849533,
      0.08631937950849533,
      0.13497400283813477,
      0.7272727489471436,
      0.7223722338676453,
      0.9249247312545776
    ],
    [
      -0.300348699092865,
      0.300348699092865,
      -0.25169408321380615,
      0.09090909361839294,
      0.5291319489479065,
      0.5198197364807129
    ],
    [
      0.2267214059829712,
      0.2267214059829712,
      0.27537602186203003,
      0.9090909361839294,
      0.7189839482307434,
      0.4836738109588623
    ],
    [
      -0.27887779474258423,
      0.27887779474258423,
      -0.2302231639623642,
      0.13636364042758942,
      0.503333330154419,
      0.532421350479126
    ]
  ],
  "feature_names": [
    "charge",
    "abs_charge",
    "charge_centered",
    "charge_rank_norm",
    "wbo_sum",
    "wbo_max"
  ],
  "status": "ok",
  "error": null
}