{
  "canonical_smiles": "Cc1cn(C2CC(N=[N+]=[N-])C(CO)O2)c(=O)[nH]c1=O",
  "xtb_valid": true,
  "atom_valid_mask": [
    [
      1.0
    ],
    [
      1.0
    ],
    [
      1.0
    ],
    [
      1.0
    ],
    [
      1.0
    ],
    [
      1.0
    ],
    [
      1.0
    ],
    [
      1.0
    ],
    [
      1.0
    ],
    [
      1.0
    ],
    [
      1.0
    ],
    [
      1.0
    ],
    [
      1.0
    ],
    [
      1.0
    ],
    [
      1.0
    ],
    [
      1.0
    ],
    [
      1.0
    ],
    [
      1.0
    ],
    [
      1.0
    ]
  ],
  "atom_features": [
    [
      -0.12354306876659393,
      0.12354306876659393,
      -0.04742005467414856,
      0.3888888955116272,
      0.25801026821136475,
      0.5160205364227295
    ],
    [
      -0.027098199352622032,
      0.027098199352622032,
      0.04902481287717819,
      0.5555555820465088,
      0.9405109882354736,
      0.8348897695541382
    ],
    [
      0.025038689374923706,
      0.025038689374923706,
      0.10116170346736908,
      0.6111111044883728,
      0.7036172151565552,
      0.8348897695541382
    ],
    [
      -0.06366874277591705,
      0.06366874277591705,
      0.01245427131652832,
      0.5,
      0.8457275032997131,
      0.5723446011543274
    ],
    [
      0.17669586837291718,
      0.17669586837291718,
      0.25281888246536255,
      0.8333333134651184,
      0.7291663289070129,
      0.4903455972671509
    ],
    [
      -0.07326901704072952,
      0.07326901704072952,
      0.002853997051715851,
      0.4444444477558136,
      0.49240902066230774,
      0.4944724142551422
    ],
    [
      0.06083910912275314,
      0.06083910912275314,
      0.13696211576461792,
      0.6666666865348816,
      0.7224463820457458,
      0.4944724142551422
    ],
    [
      -0.2336849868297577,
      0.2336849868297577,
      -0.15756197273731232,
      0.2222222238779068,
      0.772456705570221,
      0.777750551700592
    ],
    [
      0.30211690068244934,
      0.30211690068244934,
      0.3782399296760559,
      0.9444444179534912,
      0.9474714994430542,
      1.1171923875808716
    ],
    [
      -0.2237481325864792,
      0.2237481325864792,
      -0.1476251184940338,
      0.2777777910232544,
      0.7106481790542603,
      1.1171923875808716
    ],
    [
      0.10135983675718307,
      0.10135983675718307,
      0.17748284339904785,
      0.7777777910232544,
      0.7288652062416077,
      0.49408823251724243
    ],
    [
      0.06279706954956055,
      0.06279706954956055,
      0.13892008364200592,
      0.7222222089767456,
      0.4958222508430481,
      0.49755626916885376
    ],
    [
      -0.5149860978126526,
      0.5149860978126526,
      -0.4388630986213684,
      0.0555555559694767,
      0.24877813458442688,
      0.49755626916885376
    ],
    [
      -0.3357948064804077,
      0.3357948064804077,
      -0.25967180728912354,
      0.1666666716337204,
      0.48186254501342773,
      0.4874444305896759
    ],
    [
      0.3286401033401489,
      0.3286401033401489,
      0.4047631025314331,
      1.0,
      0.9677004814147949,
      0.7887777090072632
    ],
    [
      -0.5153711438179016,
      0.5153711438179016,
      -0.43924814462661743,
      0.0,
      0.4599725902080536,
      0.7887777090072632
    ],
    [
      -0.18022151291370392,
      0.18022151291370392,
      -0.10409849882125854,
      0.3333333432674408,
      0.6410149335861206,
      0.575888454914093
    ],
    [
      0.2793138325214386,
      0.2793138325214386,
      0.35543686151504517,
      0.8888888955116272,
      0.9601378440856934,
      0.8160973787307739
    ],
    [
      -0.4917529225349426,
      0.4917529225349426,
      -0.41562992334365845,
      0.1111111119389534,
      0.4424186944961548,
      0.8160973787307739
    ]
  ],
  "feature_names": [
    "charge",
    "abs_charge",
    "charge_centered",
    "charge_rank_norm",
    "wbo_sum",
    "wbo_max"
  ],
  "status": "ok",
  "error": null
}