{
  "canonical_smiles": "O=C(O)Cc1cc(O)ccc1Nc1c(Cl)cccc1Cl",
  "xtb_valid": true,
  "atom_valid_mask": [
    [
      1.0
    ],
    [
      1.0
    ],
    [
      1.0
    ],
    [
      1.0
    ],
    [
      1.0
    ],
    [
      1.0
    ],
    [
      1.0
    ],
    [
      1.0
    ],
    [
      1.0
    ],
    [
      1.0
    ],
    [
      1.0
    ],
    [
      1.0
    ],
    [
      1.0
    ],
    [
      1.0
    ],
    [
      1.0
    ],
    [
      1.0
    ],
    [
      1.0
    ],
    [
      1.0
    ],
    [
      1.0
    ],
    [
      1.0
    ]
  ],
  "atom_features": [
    [
      -0.4788949191570282,
      0.4788949191570282,
      -0.3990713655948639,
      0.0,
      0.4661410450935364,
      0.8490757346153259
    ],
    [
      0.3689225912094116,
      0.3689225912094116,
      0.4487461447715759,
      1.0,
      0.962509036064148,
      0.8490757346153259
    ],
    [
      -0.42328545451164246,
      0.42328545451164246,
      -0.34346190094947815,
      0.10526315867900848,
      0.3318718373775482,
      0.5805373787879944
    ],
    [
      -0.10257413238286972,
      0.10257413238286972,
      -0.022750571370124817,
      0.31578946113586426,
      0.4994049370288849,
      0.5034049153327942
    ],
    [
      -0.0019090300193056464,
      0.0019090300193056464,
      0.0779145285487175,
      0.6842105388641357,
      0.9724592566490173,
      0.7141818404197693
    ],
    [
      -0.06978092342615128,
      0.06978092342615128,
      0.010042637586593628,
      0.42105263471603394,
      0.7255245447158813,
      0.7141818404197693
    ],
    [
      0.14032237231731415,
      0.14032237231731415,
      0.22014594078063965,
      0.9473684430122375,
      0.952977180480957,
      0.6866093873977661
    ],
    [
      -0.457708477973938,
      0.457708477973938,
      -0.3778849244117737,
      0.05263157933950424,
      0.267531156539917,
      0.535062313079834
    ],
    [
      -0.079172283411026,
      0.079172283411026,
      0.0006512776017189026,
      0.3684210479259491,
      0.7298367023468018,
      0.7214676737785339
    ],
    [
      -0.05225146934390068,
      0.05225146934390068,
      0.027572091668844223,
      0.4736842215061188,
      0.7339254021644592,
      0.7214676737785339
    ],
    [
      0.060020770877599716,
      0.060020770877599716,
      0.13984432816505432,
      0.7894737124443054,
      0.9439224600791931,
      0.6937985420227051
    ],
    [
      -0.1973269134759903,
      0.1973269134759903,
      -0.11750335246324539,
      0.15789473056793213,
      0.5370374917984009,
      0.5557640194892883
    ],
    [
      0.058836858719587326,
      0.058836858719587326,
      0.13866041600704193,
      0.7368420958518982,
      0.9418205618858337,
      0.6655176877975464
    ],
    [
      0.08155889064073563,
      0.08155889064073563,
      0.16138245165348053,
      0.8947368264198303,
      0.9268197417259216,
      0.7050574421882629
    ],
    [
      -0.18654990196228027,
      0.18654990196228027,
      -0.10672634094953537,
      0.2631579041481018,
      0.24153220653533936,
      0.4830644130706787
    ],
    [
      -0.04903345927596092,
      0.04903345927596092,
      0.03079010173678398,
      0.5263158082962036,
      0.7101258039474487,
      0.7151941657066345
    ],
    [
      -0.04186408966779709,
      0.04186408966779709,
      0.037959471344947815,
      0.6315789222717285,
      0.7144094109535217,
      0.7151941657066345
    ],
    [
      -0.04780232161283493,
      0.04780232161283493,
      0.03202123939990997,
      0.5789473652839661,
      0.7102927565574646,
      0.7136245965957642
    ],
    [
      0.07508958876132965,
      0.07508958876132965,
      0.15491315722465515,
      0.8421052694320679,
      0.9243389368057251,
      0.706960916519165
    ],
    [
      -0.19306893646717072,
      0.19306893646717072,
      -0.11324537545442581,
      0.21052631735801697,
      0.23967880010604858,
      0.47935760021209717
    ]
  ],
  "feature_names": [
    "charge",
    "abs_charge",
    "charge_centered",
    "charge_rank_norm",
    "wbo_sum",
    "wbo_max"
  ],
  "status": "ok",
  "error": null
}