{
  "canonical_smiles": "CC(C)(C)NCC(O)c1ccc(O)c(CO)c1",
  "xtb_valid": true,
  "atom_valid_mask": [
    [
      1.0
    ],
    [
      1.0
    ],
    [
      1.0
    ],
    [
      1.0
    ],
    [
      1.0
    ],
    [
      1.0
    ],
    [
      1.0
    ],
    [
      1.0
    ],
    [
      1.0
    ],
    [
      1.0
    ],
    [
      1.0
    ],
    [
      1.0
    ],
    [
      1.0
    ],
    [
      1.0
    ],
    [
      1.0
    ],
    [
      1.0
    ],
    [
      1.0
    ]
  ],
  "atom_features": [
    [
      -0.1213550865650177,
      0.1213550865650177,
      -0.008063815534114838,
      0.25,
      0.2483304888010025,
      0.496660977602005
    ],
    [
      0.08792728930711746,
      0.08792728930711746,
      0.20121856033802032,
      0.875,
      0.9902951717376709,
      0.49799013137817383
    ],
    [
      -0.11474943906068802,
      0.11474943906068802,
      -0.0014581680297851562,
      0.375,
      0.24715383350849152,
      0.49430766701698303
    ],
    [
      -0.1174592673778534,
      0.1174592673778534,
      -0.004167996346950531,
      0.3125,
      0.24899506568908691,
      0.49799013137817383
    ],
    [
      -0.29212209582328796,
      0.29212209582328796,
      -0.1788308322429657,
      0.1875,
      0.4976576566696167,
      0.5036836266517639
    ],
    [
      0.007214650046080351,
      0.007214650046080351,
      0.1205059215426445,
      0.75,
      0.4931158125400543,
      0.5036836266517639
    ],
    [
      0.1044178232550621,
      0.1044178232550621,
      0.21770909428596497,
      0.9375,
      0.7350494861602783,
      0.49737992882728577
    ],
    [
      -0.5113365650177002,
      0.5113365650177002,
      -0.39804530143737793,
      0.0625,
      0.24508552253246307,
      0.49017104506492615
    ],
    [
      -0.013130630366504192,
      0.013130630366504192,
      0.1001606434583664,
      0.6875,
      0.95274418592453,
      0.7076864242553711
    ],
    [
      -0.03912092000246048,
      0.03912092000246048,
      0.07417035102844238,
      0.5625,
      0.7389563918113708,
      0.7188757658004761
    ],
    [
      -0.07936692982912064,
      0.07936692982912064,
      0.03392434120178223,
      0.4375,
      0.7316077947616577,
      0.7188757658004761
    ],
    [
      0.13042069971561432,
      0.13042069971561432,
      0.24371197819709778,
      1.0,
      0.9475128650665283,
      0.6919255256652832
    ],
    [
      -0.4612572193145752,
      0.4612572193145752,
      -0.34796595573425293,
      0.125,
      0.2669333815574646,
      0.5338667631149292
    ],
    [
      -0.018405700102448463,
      0.018405700102448463,
      0.09488557279109955,
      0.625,
      0.970037043094635,
      0.7149639129638672
    ],
    [
      0.0826304629445076,
      0.0826304629445076,
      0.19592173397541046,
      0.8125,
      0.49943435192108154,
      0.5045260787010193
    ],
    [
      -0.5234882235527039,
      0.5234882235527039,
      -0.4101969599723816,
      0.0,
      0.2471713125705719,
      0.4943426251411438
    ],
    [
      -0.04677049070596695,
      0.04677049070596695,
      0.06652078032493591,
      0.5,
      0.7339001297950745,
      0.7149639129638672
    ]
  ],
  "feature_names": [
    "charge",
    "abs_charge",
    "charge_centered",
    "charge_rank_norm",
    "wbo_sum",
    "wbo_max"
  ],
  "status": "ok",
  "error": null
}