{
  "canonical_smiles": "CC(=O)C[C@H](c1ccccc1)c1c(O)oc2ccccc2c1=O",
  "xtb_valid": true,
  "atom_valid_mask": [
    [
      1.0
    ],
    [
      1.0
    ],
    [
      1.0
    ],
    [
      1.0
    ],
    [
      1.0
    ],
    [
      1.0
    ],
    [
      1.0
    ],
    [
      1.0
    ],
    [
      1.0
    ],
    [
      1.0
    ],
    [
      1.0
    ],
    [
      1.0
    ],
    [
      1.0
    ],
    [
      1.0
    ],
    [
      1.0
    ],
    [
      1.0
    ],
    [
      1.0
    ],
    [
      1.0
    ],
    [
      1.0
    ],
    [
      1.0
    ],
    [
      1.0
    ],
    [
      1.0
    ],
    [
      1.0
    ]
  ],
  "atom_features": [
    [
      -0.15951746702194214,
      0.15951746702194214,
      -0.09926868975162506,
      0.1818181872367859,
      0.25421077013015747,
      0.5084215402603149
    ],
    [
      0.24787703156471252,
      0.24787703156471252,
      0.3081257939338684,
      0.9545454382896423,
      0.9570426940917969,
      0.9058758616447449
    ],
    [
      -0.4316549301147461,
      0.4316549301147461,
      -0.3714061677455902,
      0.04545454680919647,
      0.45293793082237244,
      0.9058758616447449
    ],
    [
      -0.094426229596138,
      0.094426229596138,
      -0.03417745605111122,
      0.22727273404598236,
      0.4951748251914978,
      0.4997880458831787
    ],
    [
      -0.006235300097614527,
      0.006235300097614527,
      0.05401347205042839,
      0.7727272510528564,
      0.7385079860687256,
      0.49663209915161133
    ],
    [
      0.015220110304653645,
      0.015220110304653645,
      0.07546888291835785,
      0.8181818127632141,
      0.9796023368835449,
      0.7089610695838928
    ],
    [
      -0.03446273133158684,
      0.03446273133158684,
      0.02578604221343994,
      0.6363636255264282,
      0.7421734929084778,
      0.7199997901916504
    ],
    [
      -0.03723708912730217,
      0.03723708912730217,
      0.02301168441772461,
      0.5,
      0.7481974959373474,
      0.7203658223152161
    ],
    [
      -0.0382913313806057,
      0.0382913313806057,
      0.02195744216442108,
      0.40909090638160706,
      0.7468374371528625,
      0.7203658223152161
    ],
    [
      -0.036852918565273285,
      0.036852918565273285,
      0.023395854979753494,
      0.5909090638160706,
      0.7482251524925232,
      0.7227405905723572
    ],
    [
      -0.03935438022017479,
      0.03935438022017479,
      0.02089439332485199,
      0.3636363744735718,
      0.7421030402183533,
      0.7227405905723572
    ],
    [
      -0.0705445185303688,
      0.0705445185303688,
      -0.010295744985342026,
      0.27272728085517883,
      0.9141486287117004,
      0.7925599813461304
    ],
    [
      0.2666199505329132,
      0.2666199505329132,
      0.3268687129020691,
      1.0,
      0.9337192177772522,
      0.7925599813461304
    ],
    [
      -0.42322584986686707,
      0.42322584986686707,
      -0.3629770874977112,
      0.09090909361839294,
      0.27525097131729126,
      0.5505019426345825
    ],
    [
      -0.24401183426380157,
      0.24401183426380157,
      -0.1837630569934845,
      0.13636364042758942,
      0.5209577083587646,
      0.5243765115737915
    ],
    [
      0.1407085508108139,
      0.1407085508108139,
      0.20095732808113098,
      0.8636363744735718,
      0.9305129051208496,
      0.6795331835746765
    ],
    [
      -0.05394048988819122,
      0.05394048988819122,
      0.006308283656835556,
      0.3181818127632141,
      0.7346295714378357,
      0.7309147119522095
    ],
    [
      -0.02707058936357498,
      0.02707058936357498,
      0.0331781841814518,
      0.6818181872367859,
      0.7176637053489685,
      0.7309147119522095
    ],
    [
      -0.0370623804628849,
      0.0370623804628849,
      0.023186393082141876,
      0.5454545617103577,
      0.7203337550163269,
      0.736254870891571
    ],
    [
      -0.020245859399437904,
      0.020245859399437904,
      0.040002912282943726,
      0.7272727489471436,
      0.7367240786552429,
      0.736254870891571
    ],
    [
      -0.03820135071873665,
      0.03820135071873665,
      0.02204742282629013,
      0.4545454680919647,
      0.9369314908981323,
      0.6783822178840637
    ],
    [
      0.21673591434955597,
      0.21673591434955597,
      0.27698469161987305,
      0.9090909361839294,
      0.9522501230239868,
      0.8338679671287537
    ],
    [
      -0.4805479347705841,
      0.4805479347705841,
      -0.4202991724014282,
      0.0,
      0.41693398356437683,
      0.8338679671287537
    ]
  ],
  "feature_names": [
    "charge",
    "abs_charge",
    "charge_centered",
    "charge_rank_norm",
    "wbo_sum",
    "wbo_max"
  ],
  "status": "ok",
  "error": null
}