{
  "canonical_smiles": "Cc1cc(Nc2cc(N3CCN(C)CC3)nc(Sc3ccc(NC(=O)C4CC4)cc3)n2)n[nH]1",
  "xtb_valid": true,
  "atom_valid_mask": [
    [
      1.0
    ],
    [
      1.0
    ],
    [
      1.0
    ],
    [
      1.0
    ],
    [
      1.0
    ],
    [
      1.0
    ],
    [
      1.0
    ],
    [
      1.0
    ],
    [
      1.0
    ],
    [
      1.0
    ],
    [
      1.0
    ],
    [
      1.0
    ],
    [
      1.0
    ],
    [
      1.0
    ],
    [
      1.0
    ],
    [
      1.0
    ],
    [
      1.0
    ],
    [
      1.0
    ],
    [
      1.0
    ],
    [
      1.0
    ],
    [
      1.0
    ],
    [
      1.0
    ],
    [
      1.0
    ],
    [
      1.0
    ],
    [
      1.0
    ],
    [
      1.0
    ],
    [
      1.0
    ],
    [
      1.0
    ],
    [
      1.0
    ],
    [
      1.0
    ],
    [
      1.0
    ],
    [
      1.0
    ],
    [
      1.0
    ]
  ],
  "atom_features": [
    [
      -0.13238872587680817,
      0.13238872587680817,
      -0.0720897763967514,
      0.28125,
      0.25904402136802673,
      0.5180880427360535
    ],
    [
      0.04894879832863808,
      0.04894879832863808,
      0.10924775153398514,
      0.78125,
      0.983913779258728,
      0.7475160956382751
    ],
    [
      -0.11429566144943237,
      0.11429566144943237,
      -0.05399670824408531,
      0.3125,
      0.6928577423095703,
      0.7475160956382751
    ],
    [
      0.12949074804782867,
      0.12949074804782867,
      0.18978969752788544,
      0.875,
      0.9564933776855469,
      0.7130199074745178
    ],
    [
      -0.168266162276268,
      0.168266162276268,
      -0.10796721279621124,
      0.1875,
      0.5703485012054443,
      0.5789294242858887
    ],
    [
      0.1654660850763321,
      0.1654660850763321,
      0.22576503455638885,
      0.9375,
      0.9508265256881714,
      0.6797423958778381
    ],
    [
      -0.10307469218969345,
      0.10307469218969345,
      -0.04277573898434639,
      0.34375,
      0.6806355118751526,
      0.6815285682678223
    ],
    [
      0.16466045379638672,
      0.16466045379638672,
      0.22495940327644348,
      0.90625,
      0.9530643820762634,
      0.6815285682678223
    ],
    [
      -0.138096421957016,
      0.138096421957016,
      -0.07779747247695923,
      0.25,
      0.7745167016983032,
      0.5740410685539246
    ],
    [
      0.0012963099870830774,
      0.0012963099870830774,
      0.061595264822244644,
      0.71875,
      0.4921407103538513,
      0.5020917654037476
    ],
    [
      0.002314360113814473,
      0.002314360113814473,
      0.06261331588029861,
      0.75,
      0.5003507137298584,
      0.5020917654037476
    ],
    [
      -0.19745837152004242,
      0.19745837152004242,
      -0.13715942203998566,
      0.15625,
      0.7515783309936523,
      0.5070868134498596
    ],
    [
      -0.04046132043004036,
      0.04046132043004036,
      0.0198376327753067,
      0.53125,
      0.2535434067249298,
      0.5070868134498596
    ],
    [
      -0.001231699949130416,
      0.001231699949130416,
      0.059067253023386,
      0.65625,
      0.4971047341823578,
      0.4974600672721863
    ],
    [
      -0.0009633299778215587,
      0.0009633299778215587,
      0.0593356229364872,
      0.6875,
      0.49477604031562805,
      0.4967494010925293
    ],
    [
      -0.33146369457244873,
      0.33146369457244873,
      -0.27116474509239197,
      0.0625,
      0.6781681776046753,
      0.7057771682739258
    ],
    [
      0.21456502377986908,
      0.21456502377986908,
      0.27486398816108704,
      0.96875,
      0.9482460618019104,
      0.709532618522644
    ],
    [
      -0.21206842362880707,
      0.21206842362880707,
      -0.1517694741487503,
      0.125,
      0.4853947162628174,
      0.48960715532302856
    ],
    [
      0.05183396115899086,
      0.05183396115899086,
      0.11213291436433792,
      0.8125,
      0.9443973898887634,
      0.7011572122573853
    ],
    [
      -0.03680510073900223,
      0.03680510073900223,
      0.023493852466344833,
      0.59375,
      0.7377206683158875,
      0.7215800881385803
    ],
    [
      -0.0460439994931221,
      0.0460439994931221,
      0.01425495371222496,
      0.5,
      0.7305665612220764,
      0.7215800881385803
    ],
    [
      0.07938157021999359,
      0.07938157021999359,
      0.13968051970005035,
      0.84375,
      0.9537550806999207,
      0.6870778799057007
    ],
    [
      -0.1666908711194992,
      0.1666908711194992,
      -0.10639192163944244,
      0.21875,
      0.6138398051261902,
      0.6058015823364258
    ],
    [
      0.28362274169921875,
      0.28362274169921875,
      0.3439216911792755,
      1.0,
      0.964154064655304,
      0.8322969675064087
    ],
    [
      -0.48458331823349,
      0.48458331823349,
      -0.4242843687534332,
      0.0,
      0.4571990668773651,
      0.8322969675064087
    ],
    [
      -0.05958101898431778,
      0.05958101898431778,
      0.0007179342210292816,
      0.4375,
      0.7263099551200867,
      0.4902096092700958
    ],
    [
      -0.06986785680055618,
      0.06986785680055618,
      -0.009568903595209122,
      0.375,
      0.4840453267097473,
      0.4942046105861664
    ],
    [
      -0.06544341892004013,
      0.06544341892004013,
      -0.0051444657146930695,
      0.40625,
      0.491364449262619,
      0.4942046105861664
    ],
    [
      -0.05767606943845749,
      0.05767606943845749,
      0.002622883766889572,
      0.46875,
      0.7303797006607056,
      0.7273998260498047
    ],
    [
      -0.03480258956551552,
      0.03480258956551552,
      0.025496363639831543,
      0.625,
      0.7389527559280396,
      0.7273998260498047
    ],
    [
      -0.3403540849685669,
      0.3403540849685669,
      -0.28005513548851013,
      0.03125,
      0.6762570142745972,
      0.709532618522644
    ],
    [
      -0.29168397188186646,
      0.29168397188186646,
      -0.2313850224018097,
      0.09375,
      0.6869189143180847,
      0.7130199074745178
    ],
    [
      -0.038144711405038834,
      0.038144711405038834,
      0.022154241800308228,
      0.5625,
      0.6084780097007751,
      0.6291807889938354
    ]
  ],
  "feature_names": [
    "charge",
    "abs_charge",
    "charge_centered",
    "charge_rank_norm",
    "wbo_sum",
    "wbo_max"
  ],
  "status": "ok",
  "error": null
}