{
  "canonical_smiles": "COc1ccc(CCN(C)CCC[C@](C#N)(c2ccc(OC)c(OC)c2)C(C)C)cc1OC",
  "xtb_valid": true,
  "atom_valid_mask": [
    [
      1.0
    ],
    [
      1.0
    ],
    [
      1.0
    ],
    [
      1.0
    ],
    [
      1.0
    ],
    [
      1.0
    ],
    [
      1.0
    ],
    [
      1.0
    ],
    [
      1.0
    ],
    [
      1.0
    ],
    [
      1.0
    ],
    [
      1.0
    ],
    [
      1.0
    ],
    [
      1.0
    ],
    [
      1.0
    ],
    [
      1.0
    ],
    [
      1.0
    ],
    [
      1.0
    ],
    [
      1.0
    ],
    [
      1.0
    ],
    [
      1.0
    ],
    [
      1.0
    ],
    [
      1.0
    ],
    [
      1.0
    ],
    [
      1.0
    ],
    [
      1.0
    ],
    [
      1.0
    ],
    [
      1.0
    ],
    [
      1.0
    ],
    [
      1.0
    ],
    [
      1.0
    ],
    [
      1.0
    ],
    [
      1.0
    ]
  ],
  "atom_features": [
    [
      0.02344569005072117,
      0.02344569005072117,
      0.07901232689619064,
      0.78125,
      0.24311783909797668,
      0.48623567819595337
    ],
    [
      -0.30366745591163635,
      0.30366745591163635,
      -0.24810081720352173,
      0.03125,
      0.5044411420822144,
      0.5226466655731201
    ],
    [
      0.11389941722154617,
      0.11389941722154617,
      0.1694660484790802,
      0.875,
      0.9316304922103882,
      0.6977754235267639
    ],
    [
      -0.07607337087392807,
      0.07607337087392807,
      -0.020506732165813446,
      0.28125,
      0.7037283182144165,
      0.7096812725067139
    ],
    [
      -0.05930668115615845,
      0.05930668115615845,
      -0.0037400424480438232,
      0.40625,
      0.7107811570167542,
      0.7118809819221497
    ],
    [
      -0.002595389960333705,
      0.002595389960333705,
      0.0529712475836277,
      0.59375,
      0.9558312296867371,
      0.7118809819221497
    ],
    [
      -0.068349689245224,
      0.068349689245224,
      -0.012783050537109375,
      0.34375,
      0.4995151460170746,
      0.5047922134399414
    ],
    [
      0.012827729806303978,
      0.012827729806303978,
      0.06839437037706375,
      0.6875,
      0.4960974454879761,
      0.4979568421840668
    ],
    [
      -0.1924518197774887,
      0.1924518197774887,
      -0.13688518106937408,
      0.15625,
      0.753420352935791,
      0.5062215924263
    ],
    [
      -0.03823113068938255,
      0.03823113068938255,
      0.01733550801873207,
      0.53125,
      0.25311079621315,
      0.5062215924263
    ],
    [
      -0.001847779960371554,
      0.001847779960371554,
      0.05371885746717453,
      0.625,
      0.4986252188682556,
      0.5026623606681824
    ],
    [
      -0.057536620646715164,
      0.057536620646715164,
      -0.00196998193860054,
      0.4375,
      0.49886760115623474,
      0.5031471252441406
    ],
    [
      -0.05611218884587288,
      0.05611218884587288,
      -0.000545550137758255,
      0.46875,
      0.4907565414905548,
      0.5031471252441406
    ],
    [
      0.023036949336528778,
      0.023036949336528778,
      0.0786035880446434,
      0.75,
      0.9610247611999512,
      0.5029813647270203
    ],
    [
      0.12526646256446838,
      0.12526646256446838,
      0.180833101272583,
      1.0,
      0.9598384499549866,
      1.4166955947875977
    ],
    [
      -0.2914687395095825,
      0.2914687395095825,
      -0.2359021008014679,
      0.125,
      0.7083477973937988,
      1.4166955947875977
    ],
    [
      0.0005303000216372311,
      0.0005303000216372311,
      0.056096937507390976,
      0.65625,
      0.9419074058532715,
      0.7115945816040039
    ],
    [
      -0.050541989505290985,
      0.050541989505290985,
      0.005024649202823639,
      0.5,
      0.712045431137085,
      0.7124963402748108
    ],
    [
      -0.07553219795227051,
      0.07553219795227051,
      -0.019965559244155884,
      0.3125,
      0.7270368337631226,
      0.7124963402748108
    ],
    [
      0.12251190841197968,
      0.12251190841197968,
      0.1780785471200943,
      0.96875,
      0.937542736530304,
      0.6907351613044739
    ],
    [
      -0.29273301362991333,
      0.29273301362991333,
      -0.2371663749217987,
      0.09375,
      0.5074323415756226,
      0.5307132601737976
    ],
    [
      0.01945398934185505,
      0.01945398934185505,
      0.07502062618732452,
      0.71875,
      0.24207572638988495,
      0.4841514527797699
    ],
    [
      0.1159869134426117,
      0.1159869134426117,
      0.17155355215072632,
      0.90625,
      0.9333003163337708,
      0.7080733180046082
    ],
    [
      -0.3339674472808838,
      0.3339674472808838,
      -0.27840080857276917,
      0.0,
      0.49128565192222595,
      0.5048901438713074
    ],
    [
      0.03194184973835945,
      0.03194184973835945,
      0.08750848472118378,
      0.84375,
      0.23884059488773346,
      0.4776811897754669
    ],
    [
      -0.06046447902917862,
      0.06046447902917862,
      -0.004897840321063995,
      0.375,
      0.7278327941894531,
      0.7080733180046082
    ],
    [
      -0.005825680214911699,
      0.005825680214911699,
      0.04974095895886421,
      0.5625,
      0.736753523349762,
      0.5043023228645325
    ],
    [
      -0.11101111024618149,
      0.11101111024618149,
      -0.055444471538066864,
      0.1875,
      0.25215116143226624,
      0.5043023228645325
    ],
    [
      -0.1073724776506424,
      0.1073724776506424,
      -0.05180583894252777,
      0.21875,
      0.2519862651824951,
      0.5039725303649902
    ],
    [
      -0.0785985216498375,
      0.0785985216498375,
      -0.02303188294172287,
      0.25,
      0.6971337199211121,
      0.6992781162261963
    ],
    [
      0.11682610958814621,
      0.11682610958814621,
      0.17239275574684143,
      0.9375,
      0.9334725737571716,
      0.6992781162261963
    ],
    [
      -0.3021448254585266,
      0.3021448254585266,
      -0.246578186750412,
      0.0625,
      0.5051493644714355,
      0.5248280763626099
    ],
    [
      0.026406100019812584,
      0.026406100019812584,
      0.08197274059057236,
      0.8125,
      0.242735356092453,
      0.485470712184906
    ]
  ],
  "feature_names": [
    "charge",
    "abs_charge",
    "charge_centered",
    "charge_rank_norm",
    "wbo_sum",
    "wbo_max"
  ],
  "status": "ok",
  "error": null
}