{
  "canonical_smiles": "Cc1nn(C)c(Cl)c1C(=O)Nc1cccc2c1[C@@H](C)OC2(C)C",
  "xtb_valid": true,
  "atom_valid_mask": [
    [
      1.0
    ],
    [
      1.0
    ],
    [
      1.0
    ],
    [
      1.0
    ],
    [
      1.0
    ],
    [
      1.0
    ],
    [
      1.0
    ],
    [
      1.0
    ],
    [
      1.0
    ],
    [
      1.0
    ],
    [
      1.0
    ],
    [
      1.0
    ],
    [
      1.0
    ],
    [
      1.0
    ],
    [
      1.0
    ],
    [
      1.0
    ],
    [
      1.0
    ],
    [
      1.0
    ],
    [
      1.0
    ],
    [
      1.0
    ],
    [
      1.0
    ],
    [
      1.0
    ],
    [
      1.0
    ]
  ],
  "atom_features": [
    [
      -0.12982945144176483,
      0.12982945144176483,
      -0.06959077715873718,
      0.22727273404598236,
      0.25869661569595337,
      0.5173932313919067
    ],
    [
      0.06567870825529099,
      0.06567870825529099,
      0.12591738998889923,
      0.7272727489471436,
      0.9491665959358215,
      0.7458456754684448
    ],
    [
      -0.2405412644147873,
      0.2405412644147873,
      -0.18030259013175964,
      0.09090909361839294,
      0.7004987001419067,
      0.7458456754684448
    ],
    [
      0.08179900795221329,
      0.08179900795221329,
      0.14203768968582153,
      0.8181818127632141,
      0.8617924451828003,
      0.639333188533783
    ],
    [
      -0.09529106318950653,
      0.09529106318950653,
      -0.03505238518118858,
      0.40909090638160706,
      0.24650631844997406,
      0.4930126368999481
    ],
    [
      0.1209588572382927,
      0.1209588572382927,
      0.18119753897190094,
      0.9090909361839294,
      0.9471813440322876,
      0.6978673338890076
    ],
    [
      -0.16169627010822296,
      0.16169627010822296,
      -0.10145759582519531,
      0.1818181872367859,
      0.2466246634721756,
      0.4932493269443512
    ],
    [
      -0.0856521874666214,
      0.0856521874666214,
      -0.02541350945830345,
      0.4545454680919647,
      0.923470675945282,
      0.6978673338890076
    ],
    [
      0.28625547885894775,
      0.28625547885894775,
      0.3464941680431366,
      1.0,
      0.9637338519096375,
      0.814407467842102
    ],
    [
      -0.5018498301506042,
      0.5018498301506042,
      -0.4416111409664154,
      0.0,
      0.4484587609767914,
      0.814407467842102
    ],
    [
      -0.1658911556005478,
      0.1658911556005478,
      -0.10565248131752014,
      0.13636364042758942,
      0.6083181500434875,
      0.5990803241729736
    ],
    [
      0.06927621364593506,
      0.06927621364593506,
      0.1295148879289627,
      0.7727272510528564,
      0.9485872387886047,
      0.6888453960418701
    ],
    [
      -0.05092474818229675,
      0.05092474818229675,
      0.009313929826021194,
      0.5,
      0.7293499708175659,
      0.7185655832290649
    ],
    [
      -0.038586221635341644,
      0.038586221635341644,
      0.021652456372976303,
      0.5909090638160706,
      0.7449933290481567,
      0.719765305519104
    ],
    [
      -0.045156799256801605,
      0.045156799256801605,
      0.015081878751516342,
      0.5454545617103577,
      0.7119951248168945,
      0.719765305519104
    ],
    [
      -0.004291200079023838,
      0.004291200079023838,
      0.055947478860616684,
      0.6818181872367859,
      0.9729057550430298,
      0.7042249441146851
    ],
    [
      -0.027885349467396736,
      0.027885349467396736,
      0.03235332667827606,
      0.6363636255264282,
      0.9602442383766174,
      0.6958135366439819
    ],
    [
      0.11519815027713776,
      0.11519815027713776,
      0.1754368245601654,
      0.8636363744735718,
      0.7373263835906982,
      0.49973607063293457
    ],
    [
      -0.11690054088830948,
      0.11690054088830948,
      -0.05666186287999153,
      0.3181818127632141,
      0.24755249917507172,
      0.49510499835014343
    ],
    [
      -0.37113431096076965,
      0.37113431096076965,
      -0.3108956217765808,
      0.04545454680919647,
      0.47496283054351807,
      0.47981172800064087
    ],
    [
      0.14568312466144562,
      0.14568312466144562,
      0.20592179894447327,
      0.9545454382896423,
      0.973476767539978,
      0.49448418617248535
    ],
    [
      -0.11881738901138306,
      0.11881738901138306,
      -0.05857871100306511,
      0.27272728085517883,
      0.24597764015197754,
      0.4919552803039551
    ],
    [
      -0.11589138954877853,
      0.11589138954877853,
      -0.05565271154046059,
      0.3636363744735718,
      0.24520011246204376,
      0.4904002249240875
    ]
  ],
  "feature_names": [
    "charge",
    "abs_charge",
    "charge_centered",
    "charge_rank_norm",
    "wbo_sum",
    "wbo_max"
  ],
  "status": "ok",
  "error": null
}