{
  "canonical_smiles": "COc1ccc2ccc(=O)oc2c1",
  "xtb_valid": true,
  "atom_valid_mask": [
    [
      1.0
    ],
    [
      1.0
    ],
    [
      1.0
    ],
    [
      1.0
    ],
    [
      1.0
    ],
    [
      1.0
    ],
    [
      1.0
    ],
    [
      1.0
    ],
    [
      1.0
    ],
    [
      1.0
    ],
    [
      1.0
    ],
    [
      1.0
    ],
    [
      1.0
    ]
  ],
  "atom_features": [
    [
      0.009990089572966099,
      0.009990089572966099,
      0.05964028462767601,
      0.75,
      0.24084292352199554,
      0.4816858470439911
    ],
    [
      -0.2773255407810211,
      0.2773255407810211,
      -0.22767534852027893,
      0.0833333358168602,
      0.5128807425498962,
      0.544075608253479
    ],
    [
      0.15766774117946625,
      0.15766774117946625,
      0.20731793344020844,
      0.9166666865348816,
      0.9461019039154053,
      0.6803644895553589
    ],
    [
      -0.06877809762954712,
      0.06877809762954712,
      -0.019127901643514633,
      0.4166666567325592,
      0.7037996649742126,
      0.7398355603218079
    ],
    [
      -0.03696240112185478,
      0.03696240112185478,
      0.012687794864177704,
      0.5,
      0.7327752113342285,
      0.7398355603218079
    ],
    [
      -0.006044509820640087,
      0.006044509820640087,
      0.043605685234069824,
      0.6666666865348816,
      0.9485064148902893,
      0.672090470790863
    ],
    [
      -0.011587809771299362,
      0.011587809771299362,
      0.038062386214733124,
      0.5833333134651184,
      0.7191356420516968,
      0.8622118830680847
    ],
    [
      -0.07736893743276596,
      0.07736893743276596,
      -0.027718741446733475,
      0.25,
      0.7036573886871338,
      0.8622118830680847
    ],
    [
      0.3511570990085602,
      0.3511570990085602,
      0.40080729126930237,
      1.0,
      0.9526640772819519,
      0.827936053276062
    ],
    [
      -0.4869644343852997,
      0.4869644343852997,
      -0.4373142421245575,
      0.0,
      0.4490642547607422,
      0.827936053276062
    ],
    [
      -0.2693192958831787,
      0.2693192958831787,
      -0.21966910362243652,
      0.1666666716337204,
      0.5524495244026184,
      0.5322891473770142
    ],
    [
      0.1446586698293686,
      0.1446586698293686,
      0.19430886209011078,
      0.8333333134651184,
      0.9264894127845764,
      0.7016984224319458
    ],
    [
      -0.07457511872053146,
      0.07457511872053146,
      -0.024924922734498978,
      0.3333333432674408,
      0.7178436517715454,
      0.7016984224319458
    ]
  ],
  "feature_names": [
    "charge",
    "abs_charge",
    "charge_centered",
    "charge_rank_norm",
    "wbo_sum",
    "wbo_max"
  ],
  "status": "ok",
  "error": null
}