{
  "canonical_smiles": "Cc1cnc2ccc3c(nc(N)n3C)c2n1",
  "xtb_valid": true,
  "atom_valid_mask": [
    [
      1.0
    ],
    [
      1.0
    ],
    [
      1.0
    ],
    [
      1.0
    ],
    [
      1.0
    ],
    [
      1.0
    ],
    [
      1.0
    ],
    [
      1.0
    ],
    [
      1.0
    ],
    [
      1.0
    ],
    [
      1.0
    ],
    [
      1.0
    ],
    [
      1.0
    ],
    [
      1.0
    ],
    [
      1.0
    ],
    [
      1.0
    ]
  ],
  "atom_features": [
    [
      -0.13154509663581848,
      0.13154509663581848,
      -0.06500181555747986,
      0.2666666805744171,
      0.2568581700325012,
      0.5137163400650024
    ],
    [
      0.0893060564994812,
      0.0893060564994812,
      0.15584933757781982,
      0.9333333373069763,
      0.9510396122932434,
      0.7240347862243652
    ],
    [
      0.03186969831585884,
      0.03186969831585884,
      0.09841297566890717,
      0.6666666865348816,
      0.7031126618385315,
      0.7418972849845886
    ],
    [
      -0.2694404125213623,
      0.2694404125213623,
      -0.20289713144302368,
      0.13333334028720856,
      0.7255370020866394,
      0.7418972849845886
    ],
    [
      0.07233971357345581,
      0.07233971357345581,
      0.13888299465179443,
      0.8666666746139526,
      0.9478753805160522,
      0.6578118205070496
    ],
    [
      -0.06495679169893265,
      0.06495679169893265,
      0.0015864893794059753,
      0.46666666865348816,
      0.7003515958786011,
      0.7626131772994995
    ],
    [
      -0.05416174978017807,
      0.05416174978017807,
      0.012381531298160553,
      0.5333333611488342,
      0.7053954601287842,
      0.7626131772994995
    ],
    [
      0.02348770946264267,
      0.02348770946264267,
      0.09003099054098129,
      0.6000000238418579,
      0.934988260269165,
      0.6481777429580688
    ],
    [
      0.044194988906383514,
      0.044194988906383514,
      0.11073826998472214,
      0.7333333492279053,
      0.9333363771438599,
      0.6478974223136902
    ],
    [
      -0.3617410659790039,
      0.3617410659790039,
      -0.2951977849006653,
      0.0,
      0.6666646599769592,
      0.7221083045005798
    ],
    [
      0.2137143611907959,
      0.2137143611907959,
      0.2802576422691345,
      1.0,
      0.9552854299545288,
      0.7221083045005798
    ],
    [
      -0.3163973093032837,
      0.3163973093032837,
      -0.24985402822494507,
      0.06666667014360428,
      0.3024577498435974,
      0.6049154996871948
    ],
    [
      -0.06765952706336975,
      0.06765952706336975,
      -0.001116245985031128,
      0.4000000059604645,
      0.8265272974967957,
      0.5835471153259277
    ],
    [
      -0.06844495981931686,
      0.06844495981931686,
      -0.001901678740978241,
      0.3333333432674408,
      0.24780301749706268,
      0.49560603499412537
    ],
    [
      0.06163911148905754,
      0.06163911148905754,
      0.12818239629268646,
      0.800000011920929,
      0.9349931478500366,
      0.6625829935073853
    ],
    [
      -0.2668972313404083,
      0.2668972313404083,
      -0.2003539502620697,
      0.20000000298023224,
      0.7189913392066956,
      0.7240347862243652
    ]
  ],
  "feature_names": [
    "charge",
    "abs_charge",
    "charge_centered",
    "charge_rank_norm",
    "wbo_sum",
    "wbo_max"
  ],
  "status": "ok",
  "error": null
}