{
  "canonical_smiles": "CN1CCN2c3ccccc3Cc3ccccc3[C@@H]2C1",
  "xtb_valid": true,
  "atom_valid_mask": [
    [
      1.0
    ],
    [
      1.0
    ],
    [
      1.0
    ],
    [
      1.0
    ],
    [
      1.0
    ],
    [
      1.0
    ],
    [
      1.0
    ],
    [
      1.0
    ],
    [
      1.0
    ],
    [
      1.0
    ],
    [
      1.0
    ],
    [
      1.0
    ],
    [
      1.0
    ],
    [
      1.0
    ],
    [
      1.0
    ],
    [
      1.0
    ],
    [
      1.0
    ],
    [
      1.0
    ],
    [
      1.0
    ],
    [
      1.0
    ]
  ],
  "atom_features": [
    [
      -0.03610343858599663,
      0.03610343858599663,
      -0.000367920845746994,
      0.5789473652839661,
      0.2539398670196533,
      0.5078797340393066
    ],
    [
      -0.19912303984165192,
      0.19912303984165192,
      -0.16338752210140228,
      0.0,
      0.7516600489616394,
      0.5078797340393066
    ],
    [
      2.3950000468175858e-05,
      2.3950000468175858e-05,
      0.035759467631578445,
      0.7894737124443054,
      0.49622011184692383,
      0.49633514881134033
    ],
    [
      -0.0019241999834775925,
      0.0019241999834775925,
      0.03381131589412689,
      0.7368420958518982,
      0.49753937125205994,
      0.4989736080169678
    ],
    [
      -0.11900398135185242,
      0.11900398135185242,
      -0.08326846361160278,
      0.05263157933950424,
      0.7755996584892273,
      0.5721235275268555
    ],
    [
      0.05969751998782158,
      0.05969751998782158,
      0.09543304145336151,
      1.0,
      0.951492190361023,
      0.6695965528488159
    ],
    [
      -0.06725942343473434,
      0.06725942343473434,
      -0.03152390569448471,
      0.15789473056793213,
      0.724050760269165,
      0.7266669869422913
    ],
    [
      -0.04349885880947113,
      0.04349885880947113,
      -0.007763341069221497,
      0.3684210479259491,
      0.7457908987998962,
      0.7266669869422913
    ],
    [
      -0.052980031818151474,
      0.052980031818151474,
      -0.01724451407790184,
      0.21052631735801697,
      0.7156707644462585,
      0.7175800204277039
    ],
    [
      -0.04881954938173294,
      0.04881954938173294,
      -0.013084031641483307,
      0.2631579041481018,
      0.7396615147590637,
      0.7175800204277039
    ],
    [
      -0.01577066071331501,
      0.01577066071331501,
      0.019964857026934624,
      0.6315789222717285,
      0.9603191614151001,
      0.7099049091339111
    ],
    [
      -0.06859380006790161,
      0.06859380006790161,
      -0.03285828232765198,
      0.10526315867900848,
      0.5018235445022583,
      0.5053312182426453
    ],
    [
      0.0089359600096941,
      0.0089359600096941,
      0.044671475887298584,
      0.8947368264198303,
      0.978516161441803,
      0.707411527633667
    ],
    [
      -0.043781578540802,
      0.043781578540802,
      -0.008046060800552368,
      0.31578946113586426,
      0.7408883571624756,
      0.7201319932937622
    ],
    [
      -0.038479290902614594,
      0.038479290902614594,
      -0.0027437731623649597,
      0.5263158082962036,
      0.7467296719551086,
      0.7201319932937622
    ],
    [
      -0.04094193875789642,
      0.04094193875789642,
      -0.0052064210176467896,
      0.4736842215061188,
      0.745880126953125,
      0.7199143171310425
    ],
    [
      -0.04260585829615593,
      0.04260585829615593,
      -0.006870340555906296,
      0.42105263471603394,
      0.7411905527114868,
      0.7177355885505676
    ],
    [
      -0.0038205599412322044,
      0.0038205599412322044,
      0.031914956867694855,
      0.6842105388641357,
      0.9741308689117432,
      0.710412323474884
    ],
    [
      0.0321740098297596,
      0.0321740098297596,
      0.06790952384471893,
      0.9473684430122375,
      0.7333794832229614,
      0.494257390499115
    ],
    [
      0.007164460141211748,
      0.007164460141211748,
      0.042899977415800095,
      0.8421052694320679,
      0.49575233459472656,
      0.4991052448749542
    ]
  ],
  "feature_names": [
    "charge",
    "abs_charge",
    "charge_centered",
    "charge_rank_norm",
    "wbo_sum",
    "wbo_max"
  ],
  "status": "ok",
  "error": null
}