{
  "canonical_smiles": "CC(=O)CC(c1ccccc1)c1c(O)c2ccccc2oc1=O",
  "xtb_valid": true,
  "atom_valid_mask": [
    [
      1.0
    ],
    [
      1.0
    ],
    [
      1.0
    ],
    [
      1.0
    ],
    [
      1.0
    ],
    [
      1.0
    ],
    [
      1.0
    ],
    [
      1.0
    ],
    [
      1.0
    ],
    [
      1.0
    ],
    [
      1.0
    ],
    [
      1.0
    ],
    [
      1.0
    ],
    [
      1.0
    ],
    [
      1.0
    ],
    [
      1.0
    ],
    [
      1.0
    ],
    [
      1.0
    ],
    [
      1.0
    ],
    [
      1.0
    ],
    [
      1.0
    ],
    [
      1.0
    ],
    [
      1.0
    ]
  ],
  "atom_features": [
    [
      -0.15698124468326569,
      0.15698124468326569,
      -0.0964372307062149,
      0.1818181872367859,
      0.2560422718524933,
      0.5120845437049866
    ],
    [
      0.2478320151567459,
      0.2478320151567459,
      0.3083760142326355,
      0.9545454382896423,
      0.954908549785614,
      0.9005996584892273
    ],
    [
      -0.45018717646598816,
      0.45018717646598816,
      -0.3896431624889374,
      0.04545454680919647,
      0.45029982924461365,
      0.9005996584892273
    ],
    [
      -0.084989033639431,
      0.084989033639431,
      -0.02444501966238022,
      0.22727273404598236,
      0.48761385679244995,
      0.49713289737701416
    ],
    [
      -0.008002599701285362,
      0.008002599701285362,
      0.05254141241312027,
      0.7727272510528564,
      0.7289918065071106,
      0.4921676814556122
    ],
    [
      0.008764900267124176,
      0.008764900267124176,
      0.06930891424417496,
      0.8181818127632141,
      0.9778391122817993,
      0.7089904546737671
    ],
    [
      -0.034877609461545944,
      0.034877609461545944,
      0.025666404515504837,
      0.6363636255264282,
      0.7418854236602783,
      0.7194163203239441
    ],
    [
      -0.035585690289735794,
      0.035585690289735794,
      0.024958323687314987,
      0.5454545617103577,
      0.7480607628822327,
      0.7205983996391296
    ],
    [
      -0.03719078004360199,
      0.03719078004360199,
      0.02335323393344879,
      0.40909090638160706,
      0.7467384934425354,
      0.7205983996391296
    ],
    [
      -0.036974988877773285,
      0.036974988877773285,
      0.023569025099277496,
      0.4545454680919647,
      0.7482259273529053,
      0.722950279712677
    ],
    [
      -0.043378278613090515,
      0.043378278613090515,
      0.017165735363960266,
      0.3636363744735718,
      0.7416414022445679,
      0.722950279712677
    ],
    [
      -0.0525064691901207,
      0.0525064691901207,
      0.008037544786930084,
      0.27272728085517883,
      0.9151155948638916,
      0.7978623509407043
    ],
    [
      0.15044260025024414,
      0.15044260025024414,
      0.21098661422729492,
      0.9090909361839294,
      0.9461015462875366,
      0.7978623509407043
    ],
    [
      -0.4288944900035858,
      0.4288944900035858,
      -0.36835047602653503,
      0.09090909361839294,
      0.27271121740341187,
      0.5454224348068237
    ],
    [
      -0.02196221984922886,
      0.02196221984922886,
      0.03858179599046707,
      0.7272727489471436,
      0.9433167576789856,
      0.6768770813941956
    ],
    [
      -0.03505222126841545,
      0.03505222126841545,
      0.02549179270863533,
      0.5909090638160706,
      0.7339719533920288,
      0.73378986120224
    ],
    [
      -0.035762589424848557,
      0.035762589424848557,
      0.024781424552202225,
      0.5,
      0.7196672558784485,
      0.73378986120224
    ],
    [
      -0.0256398506462574,
      0.0256398506462574,
      0.03490416333079338,
      0.6818181872367859,
      0.7168920636177063,
      0.7282394766807556
    ],
    [
      -0.04409332945942879,
      0.04409332945942879,
      0.016450684517621994,
      0.3181818127632141,
      0.7358627915382385,
      0.7282394766807556
    ],
    [
      0.14198918640613556,
      0.14198918640613556,
      0.20253320038318634,
      0.8636363744735718,
      0.924260139465332,
      0.6862092018127441
    ],
    [
      -0.2814143896102905,
      0.2814143896102905,
      -0.22087037563323975,
      0.13636364042758942,
      0.5479059815406799,
      0.5268782377243042
    ],
    [
      0.3418755531311035,
      0.3418755531311035,
      0.4024195671081543,
      1.0,
      0.9492166042327881,
      0.8313538432121277
    ],
    [
      -0.4699234664440155,
      0.4699234664440155,
      -0.4093794524669647,
      0.0,
      0.4494071900844574,
      0.8313538432121277
    ]
  ],
  "feature_names": [
    "charge",
    "abs_charge",
    "charge_centered",
    "charge_rank_norm",
    "wbo_sum",
    "wbo_max"
  ],
  "status": "ok",
  "error": null
}