{
  "canonical_smiles": "C=CCc1cc(OC)c2c(c1)OCO2",
  "xtb_valid": true,
  "atom_valid_mask": [
    [
      1.0
    ],
    [
      1.0
    ],
    [
      1.0
    ],
    [
      1.0
    ],
    [
      1.0
    ],
    [
      1.0
    ],
    [
      1.0
    ],
    [
      1.0
    ],
    [
      1.0
    ],
    [
      1.0
    ],
    [
      1.0
    ],
    [
      1.0
    ],
    [
      1.0
    ],
    [
      1.0
    ]
  ],
  "atom_features": [
    [
      -0.10497310012578964,
      0.10497310012578964,
      -0.053035300225019455,
      0.23076923191547394,
      0.4934673607349396,
      0.9869347214698792
    ],
    [
      -0.027973279356956482,
      0.027973279356956482,
      0.023964520543813705,
      0.5384615659713745,
      0.7460513114929199,
      0.9869347214698792
    ],
    [
      -0.06959459185600281,
      0.06959459185600281,
      -0.01765679195523262,
      0.4615384638309479,
      0.5026386380195618,
      0.5051679015159607
    ],
    [
      0.008283309638500214,
      0.008283309638500214,
      0.0602211095392704,
      0.6153846383094788,
      0.951719343662262,
      0.7026624083518982
    ],
    [
      -0.09327985346317291,
      0.09327985346317291,
      -0.041342053562402725,
      0.3076923191547394,
      0.6922181248664856,
      0.7026624083518982
    ],
    [
      0.11794248968362808,
      0.11794248968362808,
      0.16988028585910797,
      0.8461538553237915,
      0.936342716217041,
      0.681773841381073
    ],
    [
      -0.2943848669528961,
      0.2943848669528961,
      -0.24244706332683563,
      0.1538461595773697,
      0.5063104033470154,
      0.5296670198440552
    ],
    [
      0.018233269453048706,
      0.018233269453048706,
      0.07017107307910919,
      0.692307710647583,
      0.2414768934249878,
      0.4829537868499756
    ],
    [
      0.09280762076377869,
      0.09280762076377869,
      0.14474542438983917,
      0.7692307829856873,
      0.9176886677742004,
      0.667872428894043
    ],
    [
      0.11885782331228256,
      0.11885782331228256,
      0.17079561948776245,
      0.9230769276618958,
      0.9357970952987671,
      0.692403256893158
    ],
    [
      -0.0847533568739891,
      0.0847533568739891,
      -0.03281555697321892,
      0.38461539149284363,
      0.6965351104736328,
      0.7006669640541077
    ],
    [
      -0.3059156537055969,
      0.3059156537055969,
      -0.25397786498069763,
      0.07692307978868484,
      0.496843159198761,
      0.511318564414978
    ],
    [
      0.20589679479599,
      0.20589679479599,
      0.2578345835208893,
      1.0,
      0.4831320643424988,
      0.4838963449001312
    ],
    [
      -0.30827584862709045,
      0.30827584862709045,
      -0.25633805990219116,
      0.0,
      0.49507835507392883,
      0.506260335445404
    ]
  ],
  "feature_names": [
    "charge",
    "abs_charge",
    "charge_centered",
    "charge_rank_norm",
    "wbo_sum",
    "wbo_max"
  ],
  "status": "ok",
  "error": null
}