{
  "canonical_smiles": "CN1C(=O)CN=C(c2ccccc2F)c2cc([N+](=O)[O-])ccc21",
  "xtb_valid": true,
  "atom_valid_mask": [
    [
      1.0
    ],
    [
      1.0
    ],
    [
      1.0
    ],
    [
      1.0
    ],
    [
      1.0
    ],
    [
      1.0
    ],
    [
      1.0
    ],
    [
      1.0
    ],
    [
      1.0
    ],
    [
      1.0
    ],
    [
      1.0
    ],
    [
      1.0
    ],
    [
      1.0
    ],
    [
      1.0
    ],
    [
      1.0
    ],
    [
      1.0
    ],
    [
      1.0
    ],
    [
      1.0
    ],
    [
      1.0
    ],
    [
      1.0
    ],
    [
      1.0
    ],
    [
      1.0
    ],
    [
      1.0
    ]
  ],
  "atom_features": [
    [
      -0.06870821863412857,
      0.06870821863412857,
      -0.02487466111779213,
      0.22727273404598236,
      0.2450437694787979,
      0.4900875389575958
    ],
    [
      -0.05949778854846954,
      0.05949778854846954,
      -0.015664231032133102,
      0.27272728085517883,
      0.8540538549423218,
      0.5943634510040283
    ],
    [
      0.2721410095691681,
      0.2721410095691681,
      0.31597456336021423,
      0.9545454382896423,
      0.9550220966339111,
      0.8391773104667664
    ],
    [
      -0.465717613697052,
      0.465717613697052,
      -0.42188405990600586,
      0.0,
      0.4589955508708954,
      0.8391773104667664
    ],
    [
      -0.013512549921870232,
      0.013512549921870232,
      0.03032100759446621,
      0.6363636255264282,
      0.4908187687397003,
      0.5051340460777283
    ],
    [
      -0.25204193592071533,
      0.25204193592071533,
      -0.2082083821296692,
      0.13636364042758942,
      0.6967858672142029,
      0.8884377479553223
    ],
    [
      0.10708855092525482,
      0.10708855092525482,
      0.15092210471630096,
      0.8636363744735718,
      0.9575461745262146,
      0.8884377479553223
    ],
    [
      -0.009148979559540749,
      0.009148979559540749,
      0.03468457609415054,
      0.6818181872367859,
      0.9657477736473083,
      0.6899471282958984
    ],
    [
      -0.027570439502596855,
      0.027570439502596855,
      0.016263118013739586,
      0.5,
      0.7349838018417358,
      0.7254891395568848
    ],
    [
      -0.03477026894688606,
      0.03477026894688606,
      0.009063288569450378,
      0.40909090638160706,
      0.7207573056221008,
      0.7254891395568848
    ],
    [
      -0.027953019365668297,
      0.027953019365668297,
      0.015880538150668144,
      0.4545454680919647,
      0.7418781518936157,
      0.7176880836486816
    ],
    [
      -0.05292858928442001,
      0.05292858928442001,
      -0.009095031768083572,
      0.3181818127632141,
      0.7370519638061523,
      0.7176880836486816
    ],
    [
      0.16864588856697083,
      0.16864588856697083,
      0.21247944235801697,
      0.9090909361839294,
      0.9239577054977417,
      0.7018845081329346
    ],
    [
      -0.2511250972747803,
      0.2511250972747803,
      -0.20729154348373413,
      0.1818181872367859,
      0.2352379709482193,
      0.4704759418964386
    ],
    [
      0.0013676600065082312,
      0.0013676600065082312,
      0.04520121589303017,
      0.7272727489471436,
      0.936737596988678,
      0.7055899500846863
    ],
    [
      -0.014693429693579674,
      0.014693429693579674,
      0.029140127822756767,
      0.5909090638160706,
      0.6969154477119446,
      0.7055899500846863
    ],
    [
      0.015927299857139587,
      0.015927299857139587,
      0.05976085737347603,
      0.7727272510528564,
      0.9246537685394287,
      0.6882410049438477
    ],
    [
      0.547434389591217,
      0.547434389591217,
      0.5912679433822632,
      1.0,
      0.9572968482971191,
      0.7151094675064087
    ],
    [
      -0.4323119819164276,
      0.4323119819164276,
      -0.38847842812538147,
      0.09090909361839294,
      0.4402350187301636,
      0.7151094675064087
    ],
    [
      -0.4369373023509979,
      0.4369373023509979,
      -0.3931037485599518,
      0.04545454680919647,
      0.4398084878921509,
      0.7142564058303833
    ],
    [
      -0.01793362945318222,
      0.01793362945318222,
      0.02589992806315422,
      0.5454545617103577,
      0.707258939743042,
      0.7386791706085205
    ],
    [
      -0.0397430881857872,
      0.0397430881857872,
      0.00409046933054924,
      0.3636363744735718,
      0.706493616104126,
      0.7386791706085205
    ],
    [
      0.0838172435760498,
      0.0838172435760498,
      0.12765079736709595,
      0.8181818127632141,
      0.938166081905365,
      0.6743081212043762
    ]
  ],
  "feature_names": [
    "charge",
    "abs_charge",
    "charge_centered",
    "charge_rank_norm",
    "wbo_sum",
    "wbo_max"
  ],
  "status": "ok",
  "error": null
}