{
  "canonical_smiles": "CC[S@](=O)c1c(C#N)nn(-c2c(Cl)cc(C(F)(F)F)cc2Cl)c1N",
  "xtb_valid": true,
  "atom_valid_mask": [
    [
      1.0
    ],
    [
      1.0
    ],
    [
      1.0
    ],
    [
      1.0
    ],
    [
      1.0
    ],
    [
      1.0
    ],
    [
      1.0
    ],
    [
      1.0
    ],
    [
      1.0
    ],
    [
      1.0
    ],
    [
      1.0
    ],
    [
      1.0
    ],
    [
      1.0
    ],
    [
      1.0
    ],
    [
      1.0
    ],
    [
      1.0
    ],
    [
      1.0
    ],
    [
      1.0
    ],
    [
      1.0
    ],
    [
      1.0
    ],
    [
      1.0
    ],
    [
      1.0
    ],
    [
      1.0
    ],
    [
      1.0
    ]
  ],
  "atom_features": [
    [
      -0.13380929827690125,
      0.13380929827690125,
      -0.08922469615936279,
      0.30434781312942505,
      0.2557646930217743,
      0.5115293860435486
    ],
    [
      -0.0685790628194809,
      0.0685790628194809,
      -0.023994464427232742,
      0.47826087474823,
      0.4883565306663513,
      0.5115293860435486
    ],
    [
      0.4306413531303406,
      0.4306413531303406,
      0.47522595524787903,
      0.95652174949646,
      0.8953542709350586,
      0.8419572114944458
    ],
    [
      -0.6515686511993408,
      0.6515686511993408,
      -0.6069840788841248,
      0.0,
      0.4209786057472229,
      0.8419572114944458
    ],
    [
      -0.08020888268947601,
      0.08020888268947601,
      -0.03562428429722786,
      0.43478259444236755,
      0.9005827903747559,
      0.6833758354187012
    ],
    [
      0.07814501225948334,
      0.07814501225948334,
      0.12272961437702179,
      0.739130437374115,
      0.9459518790245056,
      0.7150599956512451
    ],
    [
      0.12290424853563309,
      0.12290424853563309,
      0.16748884320259094,
      0.9130434989929199,
      0.9698020815849304,
      1.3969824314117432
    ],
    [
      -0.274408221244812,
      0.274408221244812,
      -0.22982361912727356,
      0.043478261679410934,
      0.6984912157058716,
      1.3969824314117432
    ],
    [
      -0.2455804944038391,
      0.2455804944038391,
      -0.20099589228630066,
      0.1304347813129425,
      0.6710771918296814,
      0.7150599956512451
    ],
    [
      0.072445809841156,
      0.072445809841156,
      0.11703041195869446,
      0.695652186870575,
      0.8343445658683777,
      0.5772110223770142
    ],
    [
      0.05632830038666725,
      0.05632830038666725,
      0.1009128987789154,
      0.6521739363670349,
      0.9305218458175659,
      0.6728383898735046
    ],
    [
      0.10166344046592712,
      0.10166344046592712,
      0.14624804258346558,
      0.782608687877655,
      0.9394562244415283,
      0.6987404823303223
    ],
    [
      -0.10606580227613449,
      0.10606580227613449,
      -0.06148120388388634,
      0.3913043439388275,
      0.2537609040737152,
      0.5075218081474304
    ],
    [
      -0.0363859198987484,
      0.0363859198987484,
      0.008198678493499756,
      0.52173912525177,
      0.7010770440101624,
      0.7034135460853577
    ],
    [
      -0.0019041800405830145,
      0.0019041800405830145,
      0.042680419981479645,
      0.6086956262588501,
      0.9429163336753845,
      0.7054035067558289
    ],
    [
      0.4962776303291321,
      0.4962776303291321,
      0.5408622026443481,
      1.0,
      0.945327877998352,
      0.47701549530029297
    ],
    [
      -0.2102297991514206,
      0.2102297991514206,
      -0.16564519703388214,
      0.260869562625885,
      0.2360801249742508,
      0.4721602499485016
    ],
    [
      -0.21447956562042236,
      0.21447956562042236,
      -0.1698949635028839,
      0.17391304671764374,
      0.2345743626356125,
      0.469148725271225
    ],
    [
      -0.21144737303256989,
      0.21144737303256989,
      -0.16686277091503143,
      0.21739129722118378,
      0.23616564273834229,
      0.47233128547668457
    ],
    [
      -0.03535604104399681,
      0.03535604104399681,
      0.009228557348251343,
      0.5652173757553101,
      0.7014874219894409,
      0.7054035067558289
    ],
    [
      0.11220399290323257,
      0.11220399290323257,
      0.15678858757019043,
      0.8260869383811951,
      0.9384058117866516,
      0.697571337223053
    ],
    [
      -0.12114766240119934,
      0.12114766240119934,
      -0.07656306028366089,
      0.3478260934352875,
      0.2532009482383728,
      0.5064018964767456
    ],
    [
      0.12027563154697418,
      0.12027563154697418,
      0.16486023366451263,
      0.8695651888847351,
      0.9691235423088074,
      0.6833758354187012
    ],
    [
      -0.2697449326515198,
      0.2697449326515198,
      -0.22516033053398132,
      0.08695652335882187,
      0.313244491815567,
      0.626488983631134
    ]
  ],
  "feature_names": [
    "charge",
    "abs_charge",
    "charge_centered",
    "charge_rank_norm",
    "wbo_sum",
    "wbo_max"
  ],
  "status": "ok",
  "error": null
}