{
  "canonical_smiles": "Cc1ncc([N+](=O)[O-])n1CC(O)CCl",
  "xtb_valid": true,
  "atom_valid_mask": [
    [
      1.0
    ],
    [
      1.0
    ],
    [
      1.0
    ],
    [
      1.0
    ],
    [
      1.0
    ],
    [
      1.0
    ],
    [
      1.0
    ],
    [
      1.0
    ],
    [
      1.0
    ],
    [
      1.0
    ],
    [
      1.0
    ],
    [
      1.0
    ],
    [
      1.0
    ],
    [
      1.0
    ]
  ],
  "atom_features": [
    [
      -0.14581306278705597,
      0.14581306278705597,
      -0.06070467829704285,
      0.38461539149284363,
      0.26075658202171326,
      0.5215131640434265
    ],
    [
      0.1442263424396515,
      0.1442263424396515,
      0.2293347269296646,
      0.9230769276618958,
      0.9360604882240295,
      0.7334761023521423
    ],
    [
      -0.27224141359329224,
      0.27224141359329224,
      -0.1871330291032791,
      0.23076923191547394,
      0.7017799019813538,
      0.7334761023521423
    ],
    [
      0.027591360732913017,
      0.027591360732913017,
      0.11269974708557129,
      0.692307710647583,
      0.6959977149963379,
      0.7219117283821106
    ],
    [
      0.039222121238708496,
      0.039222121238708496,
      0.12433050572872162,
      0.7692307829856873,
      0.9100954532623291,
      0.7219117283821106
    ],
    [
      0.548938512802124,
      0.548938512802124,
      0.6340469121932983,
      1.0,
      0.9580999612808228,
      0.7025098204612732
    ],
    [
      -0.43810388445854187,
      0.43810388445854187,
      -0.35299551486968994,
      0.1538461595773697,
      0.430517315864563,
      0.7014681696891785
    ],
    [
      -0.44705837965011597,
      0.44705837965011597,
      -0.36194998025894165,
      0.07692307978868484,
      0.43103814125061035,
      0.7025098204612732
    ],
    [
      -0.010539669543504715,
      0.010539669543504715,
      0.0745687186717987,
      0.5384615659713745,
      0.8465566635131836,
      0.617131769657135
    ],
    [
      -0.023809749633073807,
      0.023809749633073807,
      0.061298634856939316,
      0.4615384638309479,
      0.49041569232940674,
      0.49090713262557983
    ],
    [
      0.1163218766450882,
      0.1163218766450882,
      0.20143026113510132,
      0.8461538553237915,
      0.7382171154022217,
      0.4940955340862274
    ],
    [
      -0.5134162306785583,
      0.5134162306785583,
      -0.42830783128738403,
      0.0,
      0.24571581184864044,
      0.4914316236972809
    ],
    [
      0.005728859920054674,
      0.005728859920054674,
      0.09083724766969681,
      0.6153846383094788,
      0.4832419157028198,
      0.4940955340862274
    ],
    [
      -0.22256401181221008,
      0.22256401181221008,
      -0.13745562732219696,
      0.3076923191547394,
      0.23619413375854492,
      0.47238826751708984
    ]
  ],
  "feature_names": [
    "charge",
    "abs_charge",
    "charge_centered",
    "charge_rank_norm",
    "wbo_sum",
    "wbo_max"
  ],
  "status": "ok",
  "error": null
}