{
  "canonical_smiles": "Cc1ccc(O)c([C@H](CCN(C(C)C)C(C)C)c2ccccc2)c1",
  "xtb_valid": true,
  "atom_valid_mask": [
    [
      1.0
    ],
    [
      1.0
    ],
    [
      1.0
    ],
    [
      1.0
    ],
    [
      1.0
    ],
    [
      1.0
    ],
    [
      1.0
    ],
    [
      1.0
    ],
    [
      1.0
    ],
    [
      1.0
    ],
    [
      1.0
    ],
    [
      1.0
    ],
    [
      1.0
    ],
    [
      1.0
    ],
    [
      1.0
    ],
    [
      1.0
    ],
    [
      1.0
    ],
    [
      1.0
    ],
    [
      1.0
    ],
    [
      1.0
    ],
    [
      1.0
    ],
    [
      1.0
    ],
    [
      1.0
    ],
    [
      1.0
    ]
  ],
  "atom_features": [
    [
      -0.11811689287424088,
      0.11811689287424088,
      -0.057772256433963776,
      0.08695652335882187,
      0.2563794255256653,
      0.5127588510513306
    ],
    [
      0.0025148200802505016,
      0.0025148200802505016,
      0.06285945326089859,
      0.782608687877655,
      0.9607389569282532,
      0.7055837512016296
    ],
    [
      -0.05102656036615372,
      0.05102656036615372,
      0.009318076074123383,
      0.43478259444236755,
      0.7392542958259583,
      0.7225886583328247
    ],
    [
      -0.08038213849067688,
      0.08038213849067688,
      -0.02003750205039978,
      0.30434781312942505,
      0.7316563129425049,
      0.7225886583328247
    ],
    [
      0.13333359360694885,
      0.13333359360694885,
      0.19367823004722595,
      1.0,
      0.9467129707336426,
      0.6876704096794128
    ],
    [
      -0.45501676201820374,
      0.45501676201820374,
      -0.39467212557792664,
      0.0,
      0.26576411724090576,
      0.5315282344818115
    ],
    [
      -0.013098309747874737,
      0.013098309747874737,
      0.04724632576107979,
      0.739130437374115,
      0.964669406414032,
      0.7092429399490356
    ],
    [
      -0.023814290761947632,
      0.023814290761947632,
      0.03653034567832947,
      0.695652186870575,
      0.7386723756790161,
      0.49523359537124634
    ],
    [
      -0.06079282984137535,
      0.06079282984137535,
      -0.00044819340109825134,
      0.3478260934352875,
      0.4949115514755249,
      0.5007959604263306
    ],
    [
      0.013952930457890034,
      0.013952930457890034,
      0.07429756969213486,
      0.8260869383811951,
      0.49925917387008667,
      0.5007959604263306
    ],
    [
      -0.20682671666145325,
      0.20682671666145325,
      -0.14648208022117615,
      0.043478261679410934,
      0.7441901564598083,
      0.4977223873138428
    ],
    [
      0.045554060488939285,
      0.045554060488939285,
      0.10589869320392609,
      0.95652174949646,
      0.7470651268959045,
      0.500551164150238
    ],
    [
      -0.11478529870510101,
      0.11478529870510101,
      -0.054440662264823914,
      0.17391304671764374,
      0.250275582075119,
      0.500551164150238
    ],
    [
      -0.11005595326423645,
      0.11005595326423645,
      -0.04971131682395935,
      0.21739129722118378,
      0.24938257038593292,
      0.49876514077186584
    ],
    [
      0.04550417140126228,
      0.04550417140126228,
      0.10584880411624908,
      0.9130434989929199,
      0.7477226853370667,
      0.5011089444160461
    ],
    [
      -0.1065397784113884,
      0.1065397784113884,
      -0.0461951419711113,
      0.260869562625885,
      0.2492462396621704,
      0.4984924793243408
    ],
    [
      -0.11567863076925278,
      0.11567863076925278,
      -0.05533399432897568,
      0.1304347813129425,
      0.25055447220802307,
      0.5011089444160461
    ],
    [
      0.017031699419021606,
      0.017031699419021606,
      0.0773763358592987,
      0.8695651888847351,
      0.9800257682800293,
      0.7089481949806213
    ],
    [
      -0.03860887885093689,
      0.03860887885093689,
      0.02173575758934021,
      0.5652173757553101,
      0.7407810688018799,
      0.7183115482330322
    ],
    [
      -0.03809744119644165,
      0.03809744119644165,
      0.02224719524383545,
      0.6086956262588501,
      0.7480416297912598,
      0.7212754487991333
    ],
    [
      -0.04015928879380226,
      0.04015928879380226,
      0.020185347646474838,
      0.52173912525177,
      0.7462942004203796,
      0.7212754487991333
    ],
    [
      -0.037325140088796616,
      0.037325140088796616,
      0.023019496351480484,
      0.6521739363670349,
      0.7482673525810242,
      0.7254753708839417
    ],
    [
      -0.040690138936042786,
      0.040690138936042786,
      0.019654497504234314,
      0.47826087474823,
      0.7416426539421082,
      0.7254753708839417
    ],
    [
      -0.05514751002192497,
      0.05514751002192497,
      0.005197126418352127,
      0.3913043439388275,
      0.7339401841163635,
      0.7092429399490356
    ]
  ],
  "feature_names": [
    "charge",
    "abs_charge",
    "charge_centered",
    "charge_rank_norm",
    "wbo_sum",
    "wbo_max"
  ],
  "status": "ok",
  "error": null
}