{
  "canonical_smiles": "C/C=C/C[C@@H](C)C(=O)[C@H]1C(=O)N[C@@H](C(C)C)C(=O)N(C)CC(=O)N(C)[C@@H](CC(C)C)C(=O)N[C@@H](C(C)C)C(=O)N(C)[C@@H](CC(C)C)C(=O)N[C@@H](C)C(=O)N[C@H](C)C(=O)N(C)[C@@H](CC(C)C)C(=O)N(C)[C@@H](CC(C)C)C(=O)N(C)[C@@H](C(C)C)C(=O)N1C",
  "xtb_valid": true,
  "atom_valid_mask": [
    [
      1.0
    ],
    [
      1.0
    ],
    [
      1.0
    ],
    [
      1.0
    ],
    [
      1.0
    ],
    [
      1.0
    ],
    [
      1.0
    ],
    [
      1.0
    ],
    [
      1.0
    ],
    [
      1.0
    ],
    [
      1.0
    ],
    [
      1.0
    ],
    [
      1.0
    ],
    [
      1.0
    ],
    [
      1.0
    ],
    [
      1.0
    ],
    [
      1.0
    ],
    [
      1.0
    ],
    [
      1.0
    ],
    [
      1.0
    ],
    [
      1.0
    ],
    [
      1.0
    ],
    [
      1.0
    ],
    [
      1.0
    ],
    [
      1.0
    ],
    [
      1.0
    ],
    [
      1.0
    ],
    [
      1.0
    ],
    [
      1.0
    ],
    [
      1.0
    ],
    [
      1.0
    ],
    [
      1.0
    ],
    [
      1.0
    ],
    [
      1.0
    ],
    [
      1.0
    ],
    [
      1.0
    ],
    [
      1.0
    ],
    [
      1.0
    ],
    [
      1.0
    ],
    [
      1.0
    ],
    [
      1.0
    ],
    [
      1.0
    ],
    [
      1.0
    ],
    [
      1.0
    ],
    [
      1.0
    ],
    [
      1.0
    ],
    [
      1.0
    ],
    [
      1.0
    ],
    [
      1.0
    ],
    [
      1.0
    ],
    [
      1.0
    ],
    [
      1.0
    ],
    [
      1.0
    ],
    [
      1.0
    ],
    [
      1.0
    ],
    [
      1.0
    ],
    [
      1.0
    ],
    [
      1.0
    ],
    [
      1.0
    ],
    [
      1.0
    ],
    [
      1.0
    ],
    [
      1.0
    ],
    [
      1.0
    ],
    [
      1.0
    ],
    [
      1.0
    ],
    [
      1.0
    ],
    [
      1.0
    ],
    [
      1.0
    ],
    [
      1.0
    ],
    [
      1.0
    ],
    [
      1.0
    ],
    [
      1.0
    ],
    [
      1.0
    ],
    [
      1.0
    ],
    [
      1.0
    ],
    [
      1.0
    ],
    [
      1.0
    ],
    [
      1.0
    ],
    [
      1.0
    ],
    [
      1.0
    ],
    [
      1.0
    ],
    [
      1.0
    ],
    [
      1.0
    ],
    [
      1.0
    ],
    [
      1.0
    ],
    [
      1.0
    ]
  ],
  "atom_features": [
    [
      -0.11619874089956284,
      0.11619874089956284,
      -0.03776324540376663,
      0.3294117748737335,
      0.26006603240966797,
      0.5201320648193359
    ],
    [
      -0.045317959040403366,
      0.045317959040403366,
      0.03311753645539284,
      0.6000000238418579,
      0.7406194806098938,
      0.9611068964004517
    ],
    [
      -0.05164607986807823,
      0.05164607986807823,
      0.026789415627717972,
      0.5647059082984924,
      0.7350603938102722,
      0.9611068964004517
    ],
    [
      -0.05353663116693497,
      0.05353663116693497,
      0.024898864328861237,
      0.5529412031173706,
      0.49686726927757263,
      0.5090138912200928
    ],
    [
      -0.03522538021206856,
      0.03522538021206856,
      0.043210115283727646,
      0.6352941393852234,
      0.7338622808456421,
      0.4957466721534729
    ],
    [
      -0.11676707863807678,
      0.11676707863807678,
      -0.03833158314228058,
      0.3176470696926117,
      0.24787333607673645,
      0.4957466721534729
    ],
    [
      0.22821274399757385,
      0.22821274399757385,
      0.30664825439453125,
      0.8705882430076599,
      0.9423763155937195,
      0.9160377979278564
    ],
    [
      -0.39753299951553345,
      0.39753299951553345,
      -0.31909751892089844,
      0.12941177189350128,
      0.4580188989639282,
      0.9160377979278564
    ],
    [
      0.010027620010077953,
      0.010027620010077953,
      0.08846311271190643,
      0.7764706015586853,
      0.7038138508796692,
      0.48145759105682373
    ],
    [
      0.2765365242958069,
      0.2765365242958069,
      0.3549720048904419,
      0.9764705896377563,
      0.9628961682319641,
      0.8217067718505859
    ],
    [
      -0.47720959782600403,
      0.47720959782600403,
      -0.39877408742904663,
      0.07058823853731155,
      0.4628106951713562,
      0.8217067718505859
    ],
    [
      -0.17398589849472046,
      0.17398589849472046,
      -0.09555040299892426,
      0.1764705926179886,
      0.6200020909309387,
      0.6494303345680237
    ],
    [
      0.029474269598722458,
      0.029474269598722458,
      0.10790976881980896,
      0.8235294222831726,
      0.7181389927864075,
      0.4866591691970825
    ],
    [
      -0.011641879566013813,
      0.011641879566013813,
      0.06679361313581467,
      0.7176470756530762,
      0.7421886920928955,
      0.5050461888313293
    ],
    [
      -0.11011651903390884,
      0.11011651903390884,
      -0.03168102353811264,
      0.4117647111415863,
      0.2525230944156647,
      0.5050461888313293
    ],
    [
      -0.12356837838888168,
      0.12356837838888168,
      -0.04513288289308548,
      0.21176470816135406,
      0.2518249452114105,
      0.503649890422821
    ],
    [
      0.26255038380622864,
      0.26255038380622864,
      0.34098589420318604,
      0.9058823585510254,
      0.9617324471473694,
      0.818077564239502
    ],
    [
      -0.4916946589946747,
      0.4916946589946747,
      -0.4132591485977173,
      0.0235294122248888,
      0.45544612407684326,
      0.818077564239502
    ],
    [
      -0.07546140998601913,
      0.07546140998601913,
      0.002974085509777069,
      0.47058823704719543,
      0.8564776182174683,
      0.6314499378204346
    ],
    [
      -0.059522781521081924,
      0.059522781521081924,
      0.01891271397471428,
      0.529411792755127,
      0.2470318078994751,
      0.4940636157989502
    ],
    [
      -0.03985977917909622,
      0.03985977917909622,
      0.03857571631669998,
      0.6235294342041016,
      0.48537319898605347,
      0.4946269690990448
    ],
    [
      0.26295629143714905,
      0.26295629143714905,
      0.34139180183410645,
      0.9176470637321472,
      0.9611945152282715,
      0.8336426019668579
    ],
    [
      -0.48361122608184814,
      0.48361122608184814,
      -0.40517574548721313,
      0.05882352963089943,
      0.46215659379959106,
      0.8336426019668579
    ],
    [
      -0.10609863698482513,
      0.10609863698482513,
      -0.02766314148902893,
      0.43529412150382996,
      0.8400782346725464,
      0.6126270890235901
    ],
    [
      -0.04543770104646683,
      0.04543770104646683,
      0.032997794449329376,
      0.5882353186607361,
      0.24840135872364044,
      0.4968027174472809
    ],
    [
      0.007075710222125053,
      0.007075710222125053,
      0.0855112075805664,
      0.7529411911964417,
      0.7169995307922363,
      0.4899640679359436
    ],
    [
      -0.06622947752475739,
      0.06622947752475739,
      0.012206017971038818,
      0.5176470875740051,
      0.49281907081604004,
      0.4956740736961365
    ],
    [
      -0.01248335000127554,
      0.01248335000127554,
      0.06595214456319809,
      0.6941176652908325,
      0.7525858879089355,
      0.5053778886795044
    ],
    [
      -0.11693401634693146,
      0.11693401634693146,
      -0.038498520851135254,
      0.30588236451148987,
      0.2526889443397522,
      0.5053778886795044
    ],
    [
      -0.11750458925962448,
      0.11750458925962448,
      -0.03906909376382828,
      0.2705882489681244,
      0.25205984711647034,
      0.5041196942329407
    ],
    [
      0.2812451720237732,
      0.2812451720237732,
      0.3596806526184082,
      0.9882352948188782,
      0.9613784551620483,
      0.8523317575454712
    ],
    [
      -0.4679960608482361,
      0.4679960608482361,
      -0.3895605802536011,
      0.08235294371843338,
      0.4678328335285187,
      0.8523317575454712
    ],
    [
      -0.21343541145324707,
      0.21343541145324707,
      -0.13499991595745087,
      0.1411764770746231,
      0.5880100727081299,
      0.6064461469650269
