{
  "canonical_smiles": "O=P1(N(CCCl)CCCl)NCCCO1",
  "xtb_valid": true,
  "atom_valid_mask": [
    [
      1.0
    ],
    [
      1.0
    ],
    [
      1.0
    ],
    [
      1.0
    ],
    [
      1.0
    ],
    [
      1.0
    ],
    [
      1.0
    ],
    [
      1.0
    ],
    [
      1.0
    ],
    [
      1.0
    ],
    [
      1.0
    ],
    [
      1.0
    ],
    [
      1.0
    ],
    [
      1.0
    ]
  ],
  "atom_features": [
    [
      -0.5469057559967041,
      0.5469057559967041,
      -0.45602771639823914,
      0.0,
      0.4524807631969452,
      0.9049615263938904
    ],
    [
      0.43374988436698914,
      0.43374988436698914,
      0.5246279239654541,
      1.0,
      1.3183677196502686,
      0.9049615263938904
    ],
    [
      -0.1715858429670334,
      0.1715858429670334,
      -0.08070781081914902,
      0.38461539149284363,
      0.7647218108177185,
      0.555048942565918
    ],
    [
      -0.005530079826712608,
      0.005530079826712608,
      0.08534795045852661,
      0.6153846383094788,
      0.49415671825408936,
      0.5004051923751831
    ],
    [
      0.020376410335302353,
      0.020376410335302353,
      0.11125443875789642,
      0.7692307829856873,
      0.48532184958457947,
      0.5004051923751831
    ],
    [
      -0.22586412727832794,
      0.22586412727832794,
      -0.13498610258102417,
      0.23076923191547394,
      0.2351192682981491,
      0.4702385365962982
    ],
    [
      -0.007480349857360125,
      0.007480349857360125,
      0.08339767903089523,
      0.5384615659713745,
      0.4934033155441284,
      0.5003201961517334
    ],
    [
      0.02559439092874527,
      0.02559439092874527,
      0.11647242307662964,
      0.8461538553237915,
      0.48547181487083435,
      0.5003201961517334
    ],
    [
      -0.22412283718585968,
      0.22412283718585968,
      -0.1332448124885559,
      0.3076923191547394,
      0.23531170189380646,
      0.4706234037876129
    ],
    [
      -0.27681440114974976,
      0.27681440114974976,
      -0.1859363615512848,
      0.1538461595773697,
      0.5335562229156494,
      0.5833704471588135
    ],
    [
      0.01155890990048647,
      0.01155890990048647,
      0.10243694484233856,
      0.692307710647583,
      0.4946775436401367,
      0.5056131482124329
    ],
    [
      -0.08313611894845963,
      0.08313611894845963,
      0.007741913199424744,
      0.4615384638309479,
      0.5026729106903076,
      0.5056131482124329
    ],
    [
      0.07862713187932968,
      0.07862713187932968,
      0.16950516402721405,
      0.9230769276618958,
      0.4800208806991577,
      0.4997326731681824
    ],
    [
      -0.3007596433162689,
      0.3007596433162689,
      -0.20988160371780396,
      0.07692307978868484,
      0.5268317461013794,
      0.5933544635772705
    ]
  ],
  "feature_names": [
    "charge",
    "abs_charge",
    "charge_centered",
    "charge_rank_norm",
    "wbo_sum",
    "wbo_max"
  ],
  "status": "ok",
  "error": null
}