{
  "canonical_smiles": "CN(C)Cc1nnc2n1-c1ccc(Cl)cc1C(c1ccccc1)=NC2",
  "xtb_valid": true,
  "atom_valid_mask": [
    [
      1.0
    ],
    [
      1.0
    ],
    [
      1.0
    ],
    [
      1.0
    ],
    [
      1.0
    ],
    [
      1.0
    ],
    [
      1.0
    ],
    [
      1.0
    ],
    [
      1.0
    ],
    [
      1.0
    ],
    [
      1.0
    ],
    [
      1.0
    ],
    [
      1.0
    ],
    [
      1.0
    ],
    [
      1.0
    ],
    [
      1.0
    ],
    [
      1.0
    ],
    [
      1.0
    ],
    [
      1.0
    ],
    [
      1.0
    ],
    [
      1.0
    ],
    [
      1.0
    ],
    [
      1.0
    ],
    [
      1.0
    ],
    [
      1.0
    ]
  ],
  "atom_features": [
    [
      -0.04403313994407654,
      0.04403313994407654,
      -0.005588643252849579,
      0.2083333283662796,
      0.2521112561225891,
      0.5042225122451782
    ],
    [
      -0.18744996190071106,
      0.18744996190071106,
      -0.1490054726600647,
      0.125,
      0.7528676390647888,
      0.5056027770042419
    ],
    [
      -0.031973179429769516,
      0.031973179429769516,
      0.006471317261457443,
      0.4583333432674408,
      0.25280138850212097,
      0.5056027770042419
    ],
    [
      0.000879360013641417,
      0.000879360013641417,
      0.03932385519146919,
      0.7083333134651184,
      0.5004199147224426,
      0.5049299597740173
    ],
    [
      0.12525656819343567,
      0.12525656819343567,
      0.16370105743408203,
      0.9583333134651184,
      0.9397040009498596,
      0.7887378334999084
    ],
    [
      -0.24361354112625122,
      0.24361354112625122,
      -0.20516905188560486,
      0.0833333358168602,
      0.6975332498550415,
      0.7887378334999084
    ],
    [
      -0.24894936382770538,
      0.24894936382770538,
      -0.21050485968589783,
      0.0416666679084301,
      0.6957570910453796,
      0.7851854562759399
    ],
    [
      0.13176411390304565,
      0.13176411390304565,
      0.17020860314369202,
      1.0,
      0.936833918094635,
      0.7851854562759399
    ],
    [
      -0.039655521512031555,
      0.039655521512031555,
      -0.001211024820804596,
      0.25,
      0.8438548445701599,
      0.5876532793045044
    ],
    [
      0.06822136789560318,
      0.06822136789560318,
      0.10666586458683014,
      0.8333333134651184,
      0.9377221465110779,
      0.6894696354866028
    ],
    [
      -0.03463362902402878,
      0.03463362902402878,
      0.003810867667198181,
      0.375,
      0.7338116765022278,
      0.7245784401893616
    ],
    [
      -0.038904111832380295,
      0.038904111832380295,
      -0.00045961514115333557,
      0.3333333432674408,
      0.7097174525260925,
      0.7245784401893616
    ],
    [
      0.10516911745071411,
      0.10516911745071411,
      0.14361360669136047,
      0.875,
      0.9436955451965332,
      0.706279993057251
    ],
    [
      -0.18538525700569153,
      0.18538525700569153,
      -0.14694076776504517,
      0.1666666716337204,
      0.24312733113765717,
      0.48625466227531433
    ],
    [
      -0.038905028253793716,
      0.038905028253793716,
      -0.0004605315625667572,
      0.2916666567325592,
      0.7267094254493713,
      0.706279993057251
    ],
    [
      -0.0023879399523139,
      0.0023879399523139,
      0.036056555807590485,
      0.6666666865348816,
      0.9361053109169006,
      0.6935635805130005
    ],
    [
      0.10637897253036499,
      0.10637897253036499,
      0.14482346177101135,
      0.9166666865348816,
      0.9581073522567749,
      0.8958239555358887
    ],
    [
      0.007378540001809597,
      0.007378540001809597,
      0.04582303762435913,
      0.7916666865348816,
      0.9758923649787903,
      0.6942968368530273
    ],
    [
      -0.027457570657134056,
      0.027457570657134056,
      0.010986926034092903,
      0.625,
      0.7361719012260437,
      0.7245314121246338
    ],
    [
      -0.03145397827029228,
      0.03145397827029228,
      0.006990518420934677,
      0.5,
      0.7480379343032837,
      0.7245314121246338
    ],
    [
      -0.029691509902477264,
      0.029691509902477264,
      0.008752986788749695,
      0.5833333134651184,
      0.7428601980209351,
      0.7175499796867371
    ],
    [
      -0.03269730880856514,
      0.03269730880856514,
      0.0057471878826618195,
      0.4166666567325592,
      0.7479622960090637,
      0.7236328125
    ],
    [
      -0.029975570738315582,
      0.029975570738315582,
      0.008468925952911377,
      0.5416666865348816,
      0.7361595034599304,
      0.7236328125
    ],
    [
      -0.2659047245979309,
      0.2659047245979309,
      -0.22746023535728455,
      0.0,
      0.6985509991645813,
      0.8958239555358887
    ],
    [
      0.006910889875143766,
      0.006910889875143766,
      0.04535538703203201,
      0.75,
      0.5010535717010498,
      0.5012780427932739
    ]
  ],
  "feature_names": [
    "charge",
    "abs_charge",
    "charge_centered",
    "charge_rank_norm",
    "wbo_sum",
    "wbo_max"
  ],
  "status": "ok",
  "error": null
}