{
  "canonical_smiles": "C#CCN[C@@H]1CCc2ccccc21",
  "xtb_valid": true,
  "atom_valid_mask": [
    [
      1.0
    ],
    [
      1.0
    ],
    [
      1.0
    ],
    [
      1.0
    ],
    [
      1.0
    ],
    [
      1.0
    ],
    [
      1.0
    ],
    [
      1.0
    ],
    [
      1.0
    ],
    [
      1.0
    ],
    [
      1.0
    ],
    [
      1.0
    ],
    [
      1.0
    ]
  ],
  "atom_features": [
    [
      -0.12486416846513748,
      0.12486416846513748,
      -0.07434605062007904,
      0.0833333358168602,
      0.7261899709701538,
      1.4523799419403076
    ],
    [
      -0.03386298939585686,
      0.03386298939585686,
      0.016655132174491882,
      0.6666666865348816,
      0.985377848148346,
      1.4523799419403076
    ],
    [
      0.03078486956655979,
      0.03078486956655979,
      0.08130299299955368,
      0.9166666865348816,
      0.5086410045623779,
      0.518375813961029
    ],
    [
      -0.27016645669937134,
      0.27016645669937134,
      -0.2196483314037323,
      0.0,
      0.4986365735530853,
      0.4989061653614044
    ],
    [
      0.04297468066215515,
      0.04297468066215515,
      0.09349280595779419,
      1.0,
      0.7400683164596558,
      0.4983670115470886
    ],
    [
      -0.06578865647315979,
      0.06578865647315979,
      -0.01527053490281105,
      0.1666666716337204,
      0.49495771527290344,
      0.5016104578971863
    ],
    [
      -0.06540518254041672,
      0.06540518254041672,
      -0.014887060970067978,
      0.25,
      0.5040260553359985,
      0.5064417123794556
    ],
    [
      0.003661520080640912,
      0.003661520080640912,
      0.05417964234948158,
      0.8333333134651184,
      0.9808316230773926,
      0.7159974575042725
    ],
    [
      -0.04574669897556305,
      0.04574669897556305,
      0.00477142259478569,
      0.3333333432674408,
      0.7420769929885864,
      0.7159974575042725
    ],
    [
      -0.040136899799108505,
      0.040136899799108505,
      0.010381221771240234,
      0.5,
      0.7459473609924316,
      0.7210979461669922
    ],
    [
      -0.041174620389938354,
      0.041174620389938354,
      0.009343501180410385,
      0.4166666567325592,
      0.7454056143760681,
      0.7210979461669922
    ],
    [
      -0.03932613134384155,
      0.03932613134384155,
      0.011191990226507187,
      0.5833333134651184,
      0.7429659366607666,
      0.7178055047988892
    ],
    [
      -0.007684919983148575,
      0.007684919983148575,
      0.042833201587200165,
      0.75,
      0.9757737517356873,
      0.7178055047988892
    ]
  ],
  "feature_names": [
    "charge",
    "abs_charge",
    "charge_centered",
    "charge_rank_norm",
    "wbo_sum",
    "wbo_max"
  ],
  "status": "ok",
  "error": null
}