{
  "canonical_smiles": "Cc1cc2ccccc2c2ccc3ccccc3c12",
  "xtb_valid": true,
  "atom_valid_mask": [
    [
      1.0
    ],
    [
      1.0
    ],
    [
      1.0
    ],
    [
      1.0
    ],
    [
      1.0
    ],
    [
      1.0
    ],
    [
      1.0
    ],
    [
      1.0
    ],
    [
      1.0
    ],
    [
      1.0
    ],
    [
      1.0
    ],
    [
      1.0
    ],
    [
      1.0
    ],
    [
      1.0
    ],
    [
      1.0
    ],
    [
      1.0
    ],
    [
      1.0
    ],
    [
      1.0
    ],
    [
      1.0
    ]
  ],
  "atom_features": [
    [
      -0.1160687804222107,
      0.1160687804222107,
      -0.08816661685705185,
      0.0,
      0.2570152282714844,
      0.5140304565429688
    ],
    [
      0.00791557040065527,
      0.00791557040065527,
      0.03581773489713669,
      0.8888888955116272,
      0.9503380060195923,
      0.7613419890403748
    ],
    [
      -0.05449043959379196,
      0.05449043959379196,
      -0.026588276028633118,
      0.0555555559694767,
      0.699168860912323,
      0.7613419890403748
    ],
    [
      0.013437219895422459,
      0.013437219895422459,
      0.04133938252925873,
      0.9444444179534912,
      0.9571554660797119,
      0.6465862393379211
    ],
    [
      -0.04423239082098007,
      0.04423239082098007,
      -0.016330227255821228,
      0.1666666716337204,
      0.7323403358459473,
      0.7548903822898865
    ],
    [
      -0.036322709172964096,
      0.036322709172964096,
      -0.008420545607805252,
      0.5555555820465088,
      0.7212088704109192,
      0.7548903822898865
    ],
    [
      -0.038131650537252426,
      0.038131650537252426,
      -0.010229486972093582,
      0.5,
      0.7183532118797302,
      0.7491791248321533
    ],
    [
      -0.040244150906801224,
      0.040244150906801224,
      -0.01234198734164238,
      0.3888888955116272,
      0.7367964386940002,
      0.7491791248321533
    ],
    [
      0.001910789986141026,
      0.001910789986141026,
      0.029812954366207123,
      0.7222222089767456,
      0.9413957595825195,
      0.6612097024917603
    ],
    [
      0.0051210299134254456,
      0.0051210299134254456,
      0.03302319347858429,
      0.7777777910232544,
      0.9430174827575684,
      0.6556984782218933
    ],
    [
      -0.04253850877285004,
      0.04253850877285004,
      -0.014636345207691193,
      0.3333333432674408,
      0.7096846103668213,
      0.7798857688903809
    ],
    [
      -0.04406702145934105,
      0.04406702145934105,
      -0.016164857894182205,
      0.2222222238779068,
      0.7069248557090759,
      0.7798857688903809
    ],
    [
      0.0154523104429245,
      0.0154523104429245,
      0.043354474008083344,
      1.0,
      0.9565683007240295,
      0.6506210565567017
    ],
    [
      -0.04323368892073631,
      0.04323368892073631,
      -0.015331525355577469,
      0.2777777910232544,
      0.7318359613418579,
      0.7510045170783997
    ],
    [
      -0.03590688109397888,
      0.03590688109397888,
      -0.008004717528820038,
      0.6111111044883728,
      0.7215301990509033,
      0.7510045170783997
    ],
    [
      -0.038675371557474136,
      0.038675371557474136,
      -0.010773207992315292,
      0.4444444477558136,
      0.7175014615058899,
      0.742946982383728
    ],
    [
      -0.0456862710416317,
      0.0456862710416317,
      -0.017784107476472855,
      0.1111111119389534,
      0.7364776730537415,
      0.742946982383728
    ],
    [
      0.007774230092763901,
      0.007774230092763901,
      0.035676393657922745,
      0.8333333134651184,
      0.9415895342826843,
      0.6679620146751404
    ],
    [
      -0.0021543800830841064,
      0.0021543800830841064,
      0.025747783482074738,
      0.6666666865348816,
      0.9338338375091553,
      0.6556984782218933
    ]
  ],
  "feature_names": [
    "charge",
    "abs_charge",
    "charge_centered",
    "charge_rank_norm",
    "wbo_sum",
    "wbo_max"
  ],
  "status": "ok",
  "error": null
}