{
  "canonical_smiles": "NC(N)=Nc1nc(CSCCC(N)=NS(N)(=O)=O)cs1",
  "xtb_valid": true,
  "atom_valid_mask": [
    [
      1.0
    ],
    [
      1.0
    ],
    [
      1.0
    ],
    [
      1.0
    ],
    [
      1.0
    ],
    [
      1.0
    ],
    [
      1.0
    ],
    [
      1.0
    ],
    [
      1.0
    ],
    [
      1.0
    ],
    [
      1.0
    ],
    [
      1.0
    ],
    [
      1.0
    ],
    [
      1.0
    ],
    [
      1.0
    ],
    [
      1.0
    ],
    [
      1.0
    ],
    [
      1.0
    ],
    [
      1.0
    ],
    [
      1.0
    ]
  ],
  "atom_features": [
    [
      -0.33508989214897156,
      0.33508989214897156,
      -0.21239633858203888,
      0.31578946113586426,
      0.32840627431869507,
      0.6049405932426453
    ],
    [
      0.25694820284843445,
      0.25694820284843445,
      0.3796417713165283,
      0.9473684430122375,
      0.9671656489372253,
      0.7224127650260925
    ],
    [
      -0.3284364938735962,
      0.3284364938735962,
      -0.2057429403066635,
      0.3684210479259491,
      0.3034890294075012,
      0.6069780588150024
    ],
    [
      -0.3791179955005646,
      0.3791179955005646,
      -0.2564244270324707,
      0.21052631735801697,
      0.6901475191116333,
      0.7224127650260925
    ],
    [
      0.19372880458831787,
      0.19372880458831787,
      0.31642234325408936,
      0.8947368264198303,
      0.9517158269882202,
      0.7409348487854004
    ],
    [
      -0.34259530901908875,
      0.34259530901908875,
      -0.21990175545215607,
      0.2631579041481018,
      0.703984260559082,
      0.7409348487854004
    ],
    [
      0.06382918357849121,
      0.06382918357849121,
      0.1865227371454239,
      0.7894737124443054,
      0.9567796587944031,
      0.793616533279419
    ],
    [
      -0.01979837939143181,
      0.01979837939143181,
      0.10289517045021057,
      0.6842105388641357,
      0.49964484572410583,
      0.5095879435539246
    ],
    [
      -0.1937161237001419,
      0.1937161237001419,
      -0.07102257013320923,
      0.4736842215061188,
      0.49282339215278625,
      0.4959450364112854
    ],
    [
      -0.011033049784600735,
      0.011033049784600735,
      0.11166050285100937,
      0.7368420958518982,
      0.496568500995636,
      0.49719199538230896
    ],
    [
      -0.085033118724823,
      0.085033118724823,
      0.03766043484210968,
      0.5263158082962036,
      0.49596887826919556,
      0.49719199538230896
    ],
    [
      0.1935296654701233,
      0.1935296654701233,
      0.3162232041358948,
      0.8421052694320679,
      0.9660859704017639,
      0.7836350202560425
    ],
    [
      -0.2849101424217224,
      0.2849101424217224,
      -0.16221658885478973,
      0.42105263471603394,
      0.36699172854423523,
      0.6537911295890808
    ],
    [
      -0.4595701992511749,
      0.4595701992511749,
      -0.33687663078308105,
      0.15789473056793213,
      0.6736228466033936,
      0.7836350202560425
    ],
    [
      1.3199048042297363,
      1.3199048042297363,
      1.4425983428955078,
      1.0,
      1.227352499961853,
      0.7507022619247437
    ],
    [
      -0.516203761100769,
      0.516203761100769,
      -0.39351022243499756,
      0.10526315867900848,
      0.24215064942836761,
      0.48430129885673523
    ],
    [
      -0.6948533654212952,
      0.6948533654212952,
      -0.5721598267555237,
      0.0,
      0.3681415617465973,
      0.7362831234931946
    ],
    [
      -0.6932321190834045,
      0.6932321190834045,
      -0.5705385804176331,
      0.05263157933950424,
      0.3753511309623718,
      0.7507022619247437
    ],
    [
      -0.054679229855537415,
      0.054679229855537415,
      0.06801432371139526,
      0.6315789222717285,
      0.6898831725120544,
      0.793616533279419
    ],
    [
      -0.08354269713163376,
      0.08354269713163376,
      0.03915085643529892,
      0.5789473652839661,
      0.5996575951576233,
      0.5861498117446899
    ]
  ],
  "feature_names": [
    "charge",
    "abs_charge",
    "charge_centered",
    "charge_rank_norm",
    "wbo_sum",
    "wbo_max"
  ],
  "status": "ok",
  "error": null
}