{
  "canonical_smiles": "CN(C)CCc1c[nH]c2ccc(C[C@H]3COC(=O)N3)cc12",
  "xtb_valid": true,
  "atom_valid_mask": [
    [
      1.0
    ],
    [
      1.0
    ],
    [
      1.0
    ],
    [
      1.0
    ],
    [
      1.0
    ],
    [
      1.0
    ],
    [
      1.0
    ],
    [
      1.0
    ],
    [
      1.0
    ],
    [
      1.0
    ],
    [
      1.0
    ],
    [
      1.0
    ],
    [
      1.0
    ],
    [
      1.0
    ],
    [
      1.0
    ],
    [
      1.0
    ],
    [
      1.0
    ],
    [
      1.0
    ],
    [
      1.0
    ],
    [
      1.0
    ],
    [
      1.0
    ]
  ],
  "atom_features": [
    [
      -0.036844510585069656,
      0.036844510585069656,
      0.022833090275526047,
      0.5,
      0.2531406581401825,
      0.506281316280365
    ],
    [
      -0.19437873363494873,
      0.19437873363494873,
      -0.13470113277435303,
      0.15000000596046448,
      0.7555571794509888,
      0.5072135925292969
    ],
    [
      -0.035350650548934937,
      0.035350650548934937,
      0.024326950311660767,
      0.6000000238418579,
      0.25360679626464844,
      0.5072135925292969
    ],
    [
      0.011034379713237286,
      0.011034379713237286,
      0.07071197777986526,
      0.800000011920929,
      0.49599510431289673,
      0.4976193904876709
    ],
    [
      -0.06540708243846893,
      0.06540708243846893,
      -0.00572948157787323,
      0.30000001192092896,
      0.5008827447891235,
      0.5073947310447693
    ],
    [
      -0.035777151584625244,
      0.035777151584625244,
      0.02390044927597046,
      0.550000011920929,
      0.9489131569862366,
      0.7866293787956238
    ],
    [
      -0.010932330042123795,
      0.010932330042123795,
      0.04874527081847191,
      0.699999988079071,
      0.6952011585235596,
      0.7866293787956238
    ],
    [
      -0.1241128221154213,
      0.1241128221154213,
      -0.06443522125482559,
      0.20000000298023224,
      0.5958013534545898,
      0.6037729382514954
    ],
    [
      0.042576681822538376,
      0.042576681822538376,
      0.10225428640842438,
      0.8500000238418579,
      0.9420921802520752,
      0.6678698062896729
    ],
    [
      -0.06185223162174225,
      0.06185223162174225,
      -0.0021746307611465454,
      0.3499999940395355,
      0.7348158359527588,
      0.74056476354599
    ],
    [
      -0.05085216835141182,
      0.05085216835141182,
      0.008825432509183884,
      0.44999998807907104,
      0.7113794088363647,
      0.74056476354599
    ],
    [
      -0.0063449000008404255,
      0.0063449000008404255,
      0.053332701325416565,
      0.75,
      0.9585858583450317,
      0.7314515113830566
    ],
    [
      -0.08011815696954727,
      0.08011815696954727,
      -0.02044055610895157,
      0.25,
      0.4938109815120697,
      0.5035260915756226
    ],
    [
      0.04608362913131714,
      0.04608362913131714,
      0.10576122999191284,
      0.8999999761581421,
      0.7358411550521851,
      0.49402886629104614
    ],
    [
      0.055964451283216476,
      0.055964451283216476,
      0.11564205586910248,
      0.949999988079071,
      0.4819413423538208,
      0.49402886629104614
    ],
    [
      -0.30617231130599976,
      0.30617231130599976,
      -0.24649471044540405,
      0.05000000074505806,
      0.5312447547912598,
      0.5330691337585449
    ],
    [
      0.4124608635902405,
      0.4124608635902405,
      0.4721384644508362,
      1.0,
      0.9729136228561401,
      0.8020951747894287
    ],
    [
      -0.5273728370666504,
      0.5273728370666504,
      -0.4676952362060547,
      0.0,
      0.4714929163455963,
      0.8020951747894287
    ],
    [
      -0.21232910454273224,
      0.21232910454273224,
      -0.15265150368213654,
      0.10000000149011612,
      0.5927723050117493,
      0.6106629371643066
    ],
    [
      -0.05418166145682335,
      0.05418166145682335,
      0.005495939403772354,
      0.4000000059604645,
      0.7279765009880066,
      0.7314515113830566
    ],
    [
      -0.01932292990386486,
      0.01932292990386486,
      0.04035466909408569,
      0.6499999761581421,
      0.9477956295013428,
      0.6633043885231018
    ]
  ],
  "feature_names": [
    "charge",
    "abs_charge",
    "charge_centered",
    "charge_rank_norm",
    "wbo_sum",
    "wbo_max"
  ],
  "status": "ok",
  "error": null
}