{
  "canonical_smiles": "CCc1cc2c(cc1N1CCC(N3CCOCC3)CC1)C(C)(C)c1[nH]c3cc(C#N)ccc3c1C2=O",
  "xtb_valid": true,
  "atom_valid_mask": [
    [
      1.0
    ],
    [
      1.0
    ],
    [
      1.0
    ],
    [
      1.0
    ],
    [
      1.0
    ],
    [
      1.0
    ],
    [
      1.0
    ],
    [
      1.0
    ],
    [
      1.0
    ],
    [
      1.0
    ],
    [
      1.0
    ],
    [
      1.0
    ],
    [
      1.0
    ],
    [
      1.0
    ],
    [
      1.0
    ],
    [
      1.0
    ],
    [
      1.0
    ],
    [
      1.0
    ],
    [
      1.0
    ],
    [
      1.0
    ],
    [
      1.0
    ],
    [
      1.0
    ],
    [
      1.0
    ],
    [
      1.0
    ],
    [
      1.0
    ],
    [
      1.0
    ],
    [
      1.0
    ],
    [
      1.0
    ],
    [
      1.0
    ],
    [
      1.0
    ],
    [
      1.0
    ],
    [
      1.0
    ],
    [
      1.0
    ],
    [
      1.0
    ],
    [
      1.0
    ],
    [
      1.0
    ]
  ],
  "atom_features": [
    [
      -0.10238437354564667,
      0.10238437354564667,
      -0.05629739537835121,
      0.20000000298023224,
      0.2508966028690338,
      0.5017932057380676
    ],
    [
      -0.06042039021849632,
      0.06042039021849632,
      -0.014333412051200867,
      0.3142857253551483,
      0.503487229347229,
      0.5051812529563904
    ],
    [
      0.000591269985307008,
      0.000591269985307008,
      0.046678248792886734,
      0.5714285969734192,
      0.9489619731903076,
      0.7161597013473511
    ],
    [
      -0.03303061053156853,
      0.03303061053156853,
      0.013056367635726929,
      0.4571428596973419,
      0.7276138067245483,
      0.7161597013473511
    ],
    [
      -0.03463238105177879,
      0.03463238105177879,
      0.011454597115516663,
      0.4285714328289032,
      0.93988436460495,
      0.6888961791992188
    ],
    [
      0.001549690030515194,
      0.001549690030515194,
      0.047636669129133224,
      0.6000000238418579,
      0.9391988515853882,
      0.711493730545044
    ],
    [
      -0.056226279586553574,
      0.056226279586553574,
      -0.010139301419258118,
      0.37142857909202576,
      0.7294319868087769,
      0.711493730545044
    ],
    [
      0.0665680319070816,
      0.0665680319070816,
      0.11265501379966736,
      0.8857142925262451,
      0.9448447227478027,
      0.6971985697746277
    ],
    [
      -0.1702370047569275,
      0.1702370047569275,
      -0.12415002286434174,
      0.11428571492433548,
      0.7495301365852356,
      0.515907883644104
    ],
    [
      0.013404020108282566,
      0.013404020108282566,
      0.05949099734425545,
      0.6857143044471741,
      0.49800941348075867,
      0.5012912154197693
    ],
    [
      -0.06979408860206604,
      0.06979408860206604,
      -0.023707110434770584,
      0.2857142984867096,
      0.49920448660850525,
      0.5012912154197693
    ],
    [
      0.04774478077888489,
      0.04774478077888489,
      0.09383176267147064,
      0.800000011920929,
      0.7417894601821899,
      0.4971177875995636
    ],
    [
      -0.2074003368616104,
      0.2074003368616104,
      -0.16131335496902466,
      0.08571428805589676,
      0.744158923625946,
      0.498893678188324
    ],
    [
      -0.0061948602087795734,
      0.0061948602087795734,
      0.03989211842417717,
      0.5428571701049805,
      0.49827834963798523,
      0.498893678188324
    ],
    [
      0.07533256709575653,
      0.07533256709575653,
      0.12141954898834229,
      0.9428571462631226,
      0.4915754199028015,
      0.4976629912853241
    ],
    [
      -0.3684277832508087,
      0.3684277832508087,
      -0.32234081625938416,
      0.02857142873108387,
      0.48488208651542664,
      0.48548781871795654
    ],
    [
      0.07142119854688644,
      0.07142119854688644,
      0.1175081729888916,
      0.9142857193946838,
      0.492597758769989,
      0.5009191632270813
    ],
    [
      0.003209389979019761,
      0.003209389979019761,
      0.04929636791348457,
      0.6285714507102966,
      0.49985551834106445,
      0.5009191632270813
    ],
    [
      -0.0729803815484047,
      0.0729803815484047,
      -0.026893403381109238,
      0.2571428716182709,
      0.4987737834453583,
      0.5017185807228088
    ],
    [
      0.013818290084600449,
      0.013818290084600449,
      0.059905268251895905,
      0.7142857313156128,
      0.495071679353714,
      0.5017185807228088
    ],
    [
      0.025896809995174408,
      0.025896809995174408,
      0.07198378443717957,
      0.7714285850524902,
      0.9787978529930115,
      0.4998740553855896
    ],
    [
      -0.1128549873828888,
      0.1128549873828888,
      -0.06676800549030304,
      0.17142857611179352,
      0.24192661046981812,
      0.48385322093963623
    ],
    [
      -0.1132233589887619,
      0.1132233589887619,
      -0.06713637709617615,
      0.1428571492433548,
      0.24200589954853058,
      0.48401179909706116
    ],
    [
      0.06165200099349022,
      0.06165200099349022,
      0.10773897916078568,
      0.8571428656578064,
      0.9216974973678589,
      0.7189915180206299
    ],
    [
      -0.09686551988124847,
      0.09686551988124847,
      -0.05077854171395302,
      0.22857142984867096,
      0.6015006899833679,
      0.6245294213294983
    ],
    [
      0.05433278903365135,
      0.05433278903365135,
      0.10041976720094681,
      0.8285714387893677,
      0.9444109201431274,
      0.6795880198478699
    ],
    [
      -0.04400261119008064,
      0.04400261119008064,
      0.0020843669772148132,
      0.4000000059604645,
      0.7137100100517273,
      0.6918941140174866
    ],
    [
      0.014920700341463089,
      0.014920700341463089,
      0.061007678508758545,
      0.7428571581840515,
      0.9501634240150452,
      0.6918941140174866
    ],
    [
      0.11898648738861084,
      0.11898648738861084,
      0.1650734692811966,
      0.9714285731315613,
      0.9691298604011536,
      1.3915302753448486
    ],
    [
      -0.29384222626686096,
      0.29384222626686096,
      -0.2477552443742752,
      0.05714285746216774,
      0.6957651376724243,
      1.3915302753448486
    ],
    [
      -0.03213229030370712,
      0.03213229030370712,
      0.013954687863588333,
      0.5142857432365417,
      0.7046278715133667,
      0.7475523948669434
    ],
    [
      -0.032987069338560104,
      0.032987069338560104,
      0.013099908828735352,
      0.48571428656578064,
      0.7342514991760254,
      0.7475523948669434
    ],
    [
      0.003335010027512908,
      0.003335010027512908,
      0.04942198842763901,
      0.6571428775787354,
      0.9439949989318848,
      0.6650127172470093
    ],
    [
      -0.059237681329250336,
      0.059237681329250336,
      -0.01315070316195488,
      0.34285715222358704,
      0.9314924478530884,
      0.7189915180206299
    ],
    [
      0.22305376827716827,
      0.22305376827716827,
      0.26914075016975403,
      1.0,
      0.9507187604904175,
      0.8358344435691833
    ],
    [
      -0.4880737066268921,
      0.4880737066268921,
      -0.44198673963546753,
      0.0,
      0.4179172217845917,
      0.8358344435691833
    ]
  ],
  "feature_names": [
    "charge",
    "abs_charge",
    "charge_centered",
    "charge_rank_norm",
    "wbo_sum",
    "wbo_max"
  ],
  "status": "ok",
  "error": null
}