{
  "canonical_smiles": "CC12CCC3C(CC=C4CC(O)CCC43C)C1CCC2=O",
  "xtb_valid": true,
  "atom_valid_mask": [
    [
      1.0
    ],
    [
      1.0
    ],
    [
      1.0
    ],
    [
      1.0
    ],
    [
      1.0
    ],
    [
      1.0
    ],
    [
      1.0
    ],
    [
      1.0
    ],
    [
      1.0
    ],
    [
      1.0
    ],
    [
      1.0
    ],
    [
      1.0
    ],
    [
      1.0
    ],
    [
      1.0
    ],
    [
      1.0
    ],
    [
      1.0
    ],
    [
      1.0
    ],
    [
      1.0
    ],
    [
      1.0
    ],
    [
      1.0
    ],
    [
      1.0
    ]
  ],
  "atom_features": [
    [
      -0.10321719944477081,
      0.10321719944477081,
      -0.03237257897853851,
      0.15000000596046448,
      0.2445223033428192,
      0.4890446066856384
    ],
    [
      0.0004918599734082818,
      0.0004918599734082818,
      0.07133647799491882,
      0.8500000238418579,
      0.9700329303741455,
      0.4890446066856384
    ],
    [
      -0.049675438553094864,
      0.049675438553094864,
      0.021169181913137436,
      0.6000000238418579,
      0.4922724664211273,
      0.4984172284603119
    ],
    [
      -0.060767121613025665,
      0.060767121613025665,
      0.010077498853206635,
      0.5,
      0.49804484844207764,
      0.4984172284603119
    ],
    [
      -0.03293837979435921,
      0.03293837979435921,
      0.03790624067187309,
      0.699999988079071,
      0.734573245048523,
      0.4976724684238434
    ],
    [
      -0.020118139684200287,
      0.020118139684200287,
      0.05072648078203201,
      0.75,
      0.7397904992103577,
      0.4946494400501251
    ],
    [
      -0.06137752905488014,
      0.06137752905488014,
      0.009467091411352158,
      0.44999998807907104,
      0.5036245584487915,
      0.5125997066497803
    ],
    [
      -0.05948331952095032,
      0.05948331952095032,
      0.011361300945281982,
      0.550000011920929,
      0.7260198593139648,
      0.9394400119781494
    ],
    [
      -0.005721279885619879,
      0.005721279885619879,
      0.06512334197759628,
      0.800000011920929,
      0.969393253326416,
      0.9394400119781494
    ],
    [
      -0.0671902596950531,
      0.0671902596950531,
      0.0036543607711791992,
      0.30000001192092896,
      0.4975444972515106,
      0.505125880241394
    ],
    [
      0.12031588703393936,
      0.12031588703393936,
      0.19116050004959106,
      0.949999988079071,
      0.7354937791824341,
      0.49394160509109497
    ],
    [
      -0.5234048962593079,
      0.5234048962593079,
      -0.45256027579307556,
      0.0,
      0.2435414046049118,
      0.4870828092098236
    ],
    [
      -0.06897544115781784,
      0.06897544115781784,
      0.0018691793084144592,
      0.25,
      0.49941936135292053,
      0.5048971176147461
    ],
    [
      -0.06711515784263611,
      0.06711515784263611,
      0.0037294626235961914,
      0.3499999940395355,
      0.4978450834751129,
      0.5048971176147461
    ],
    [
      0.012838440015912056,
      0.012838440015912056,
      0.0836830586194992,
      0.8999999761581421,
      0.9768380522727966,
      0.49422064423561096
    ],
    [
      -0.10571993142366409,
      0.10571993142366409,
      -0.03487531095743179,
      0.10000000149011612,
      0.24538761377334595,
      0.4907752275466919
    ],
    [
      -0.036169640719890594,
      0.036169640719890594,
      0.034674979746341705,
      0.6499999761581421,
      0.7361584901809692,
      0.49652427434921265
    ],
    [
      -0.06684353947639465,
      0.06684353947639465,
      0.0040010809898376465,
      0.4000000059604645,
      0.49897170066833496,
      0.5014191269874573
    ],
    [
      -0.09546855092048645,
      0.09546855092048645,
      -0.02462393045425415,
      0.20000000298023224,
      0.5019598603248596,
      0.502500593662262
    ],
    [
      0.24376776814460754,
      0.24376776814460754,
      0.31461238861083984,
      1.0,
      0.9445990324020386,
      0.9062520265579224
    ],
    [
      -0.4409651756286621,
      0.4409651756286621,
      -0.3701205551624298,
      0.05000000074505806,
      0.4531260132789612,
      0.9062520265579224
    ]
  ],
  "feature_names": [
    "charge",
    "abs_charge",
    "charge_centered",
    "charge_rank_norm",
    "wbo_sum",
    "wbo_max"
  ],
  "status": "ok",
  "error": null
}