{
  "canonical_smiles": "CC(C)(C)C(O)/C=C/c1ccc2c(c1)OCO2",
  "xtb_valid": true,
  "atom_valid_mask": [
    [
      1.0
    ],
    [
      1.0
    ],
    [
      1.0
    ],
    [
      1.0
    ],
    [
      1.0
    ],
    [
      1.0
    ],
    [
      1.0
    ],
    [
      1.0
    ],
    [
      1.0
    ],
    [
      1.0
    ],
    [
      1.0
    ],
    [
      1.0
    ],
    [
      1.0
    ],
    [
      1.0
    ],
    [
      1.0
    ],
    [
      1.0
    ],
    [
      1.0
    ]
  ],
  "atom_features": [
    [
      -0.11132816225290298,
      0.11132816225290298,
      -0.043123677372932434,
      0.25,
      0.24914668500423431,
      0.49829337000846863
    ],
    [
      0.02679583989083767,
      0.02679583989083767,
      0.09500032663345337,
      0.75,
      0.9852837920188904,
      0.49968671798706055
    ],
    [
      -0.10986209660768509,
      0.10986209660768509,
      -0.04165761172771454,
      0.3125,
      0.24984335899353027,
      0.49968671798706055
    ],
    [
      -0.11698593944311142,
      0.11698593944311142,
      -0.04878145456314087,
      0.1875,
      0.24954308569431305,
      0.4990861713886261
    ],
    [
      0.11079101264476776,
      0.11079101264476776,
      0.17899549007415771,
      0.8125,
      0.7335646152496338,
      0.5038595199584961
    ],
    [
      -0.507445216178894,
      0.507445216178894,
      -0.4392407238483429,
      0.0,
      0.2448841631412506,
      0.4897683262825012
    ],
    [
      -0.055795468389987946,
      0.055795468389987946,
      0.012409016489982605,
      0.5,
      0.719115674495697,
      0.934371829032898
    ],
    [
      -0.04237179085612297,
      0.04237179085612297,
      0.02583269402384758,
      0.625,
      0.7348694801330566,
      0.934371829032898
    ],
    [
      0.007662270218133926,
      0.007662270218133926,
      0.07586675882339478,
      0.6875,
      0.9565483331680298,
      0.6932224631309509
    ],
    [
      -0.050736140459775925,
      0.050736140459775925,
      0.017468344420194626,
      0.5625,
      0.7043302059173584,
      0.7154379487037659
    ],
    [
      -0.066947340965271,
      0.066947340965271,
      0.0012571439146995544,
      0.4375,
      0.7062519788742065,
      0.7154379487037659
    ],
    [
      0.12074238061904907,
      0.12074238061904907,
      0.18894687294960022,
      0.875,
      0.9320622086524963,
      0.697066068649292
    ],
    [
      0.12112396955490112,
      0.12112396955490112,
      0.18932846188545227,
      0.9375,
      0.9351251721382141,
      0.7031521201133728
    ],
    [
      -0.07133028656244278,
      0.07133028656244278,
      -0.003125801682472229,
      0.375,
      0.6938296556472778,
      0.7031521201133728
    ],
    [
      -0.30976349115371704,
      0.30976349115371704,
      -0.2415589988231659,
      0.0625,
      0.4965730309486389,
      0.5103315114974976
    ],
    [
      0.20569808781147003,
      0.20569808781147003,
      0.27390256524086,
      1.0,
      0.48279017210006714,
      0.48281458020210266
    ],
    [
      -0.3097238838672638,
      0.3097238838672638,
      -0.24151939153671265,
      0.125,
      0.49652865529060364,
      0.510291576385498
    ]
  ],
  "feature_names": [
    "charge",
    "abs_charge",
    "charge_centered",
    "charge_rank_norm",
    "wbo_sum",
    "wbo_max"
  ],
  "status": "ok",
  "error": null
}