{
  "canonical_smiles": "CN1[C@@H]2CC[C@H]1C[C@H](OC(=O)c1c[nH]c3ccccc13)C2",
  "xtb_valid": true,
  "atom_valid_mask": [
    [
      1.0
    ],
    [
      1.0
    ],
    [
      1.0
    ],
    [
      1.0
    ],
    [
      1.0
    ],
    [
      1.0
    ],
    [
      1.0
    ],
    [
      1.0
    ],
    [
      1.0
    ],
    [
      1.0
    ],
    [
      1.0
    ],
    [
      1.0
    ],
    [
      1.0
    ],
    [
      1.0
    ],
    [
      1.0
    ],
    [
      1.0
    ],
    [
      1.0
    ],
    [
      1.0
    ],
    [
      1.0
    ],
    [
      1.0
    ],
    [
      1.0
    ]
  ],
  "atom_features": [
    [
      -0.04039116948843002,
      0.04039116948843002,
      0.009188849478960037,
      0.550000011920929,
      0.2529689371585846,
      0.5059378743171692
    ],
    [
      -0.19391556084156036,
      0.19391556084156036,
      -0.14433553814888,
      0.10000000149011612,
      0.7472123503684998,
      0.5059378743171692
    ],
    [
      0.03820456936955452,
      0.03820456936955452,
      0.08778458833694458,
      0.800000011920929,
      0.741417407989502,
      0.4958663880825043
    ],
    [
      -0.06601613014936447,
      0.06601613014936447,
      -0.01643611118197441,
      0.30000001192092896,
      0.49769338965415955,
      0.5025720596313477
    ],
    [
      -0.06501264125108719,
      0.06501264125108719,
      -0.015432622283697128,
      0.3499999940395355,
      0.4977246820926666,
      0.5025720596313477
    ],
    [
      0.03927621990442276,
      0.03927621990442276,
      0.08885623514652252,
      0.8500000238418579,
      0.7413743138313293,
      0.49553823471069336
    ],
    [
      -0.06823974847793579,
      0.06823974847793579,
      -0.01865972951054573,
      0.25,
      0.4946710169315338,
      0.49553823471069336
    ],
    [
      0.12232238054275513,
      0.12232238054275513,
      0.17190240323543549,
      0.949999988079071,
      0.7261080741882324,
      0.49555107951164246
    ],
    [
      -0.30029296875,
      0.30029296875,
      -0.25071296095848083,
      0.05000000074505806,
      0.5429998636245728,
      0.548316478729248
    ],
    [
      0.348671555519104,
      0.348671555519104,
      0.39825156331062317,
      1.0,
      0.9538760781288147,
      0.8202605843544006
    ],
    [
      -0.5098557472229004,
      0.5098557472229004,
      -0.4602757394313812,
      0.0,
      0.4475412666797638,
      0.8202605843544006
    ],
    [
      -0.062485139816999435,
      0.062485139816999435,
      -0.012905120849609375,
      0.4000000059604645,
      0.932262122631073,
      0.7377025485038757
    ],
    [
      0.015203390270471573,
      0.015203390270471573,
      0.06478340923786163,
      0.75,
      0.6902945637702942,
      0.7377025485038757
    ],
    [
      -0.09388186782598495,
      0.09388186782598495,
      -0.044301848858594894,
      0.15000000596046448,
      0.6110892295837402,
      0.6428866386413574
    ],
    [
      0.05055547133088112,
      0.05055547133088112,
      0.10013549029827118,
      0.8999999761581421,
      0.9432839155197144,
      0.6683980226516724
    ],
    [
      -0.056506428867578506,
      0.056506428867578506,
      -0.006926409900188446,
      0.44999998807907104,
      0.7353718280792236,
      0.7396650910377502
    ],
    [
      -0.03828971087932587,
      0.03828971087932587,
      0.011290308088064194,
      0.6499999761581421,
      0.7185361385345459,
      0.7396650910377502
    ],
    [
      -0.0418509803712368,
      0.0418509803712368,
      0.007729038596153259,
      0.5,
      0.7205052375793457,
      0.7436032891273499
    ],
    [
      -0.03835318982601166,
      0.03835318982601166,
      0.011226829141378403,
      0.6000000238418579,
      0.7366875410079956,
      0.7436032891273499
    ],
    [
      -0.004039609804749489,
      0.004039609804749489,
      0.04554040729999542,
      0.699999988079071,
      0.9468080401420593,
      0.6670913696289062
    ],
    [
      -0.0762830302119255,
      0.0762830302119255,
      -0.026703011244535446,
      0.20000000298023224,
      0.49570873379707336,
      0.4958663880825043
    ]
  ],
  "feature_names": [
    "charge",
    "abs_charge",
    "charge_centered",
    "charge_rank_norm",
    "wbo_sum",
    "wbo_max"
  ],
  "status": "ok",
  "error": null
}