{
  "canonical_smiles": "CN(C)CCCN1c2ccccc2Sc2ccc(Cl)cc21",
  "xtb_valid": true,
  "atom_valid_mask": [
    [
      1.0
    ],
    [
      1.0
    ],
    [
      1.0
    ],
    [
      1.0
    ],
    [
      1.0
    ],
    [
      1.0
    ],
    [
      1.0
    ],
    [
      1.0
    ],
    [
      1.0
    ],
    [
      1.0
    ],
    [
      1.0
    ],
    [
      1.0
    ],
    [
      1.0
    ],
    [
      1.0
    ],
    [
      1.0
    ],
    [
      1.0
    ],
    [
      1.0
    ],
    [
      1.0
    ],
    [
      1.0
    ],
    [
      1.0
    ],
    [
      1.0
    ]
  ],
  "atom_features": [
    [
      -0.03728802129626274,
      0.03728802129626274,
      0.003707587718963623,
      0.6000000238418579,
      0.25293490290641785,
      0.5058698058128357
    ],
    [
      -0.19341805577278137,
      0.19341805577278137,
      -0.1524224430322647,
      0.05000000074505806,
      0.7558091282844543,
      0.5073936581611633
    ],
    [
      -0.03195440024137497,
      0.03195440024137497,
      0.009041208773851395,
      0.6499999761581421,
      0.25369682908058167,
      0.5073936581611633
    ],
    [
      0.011095039546489716,
      0.011095039546489716,
      0.05209064856171608,
      0.75,
      0.49983811378479004,
      0.5013214945793152
    ],
    [
      -0.0722966119647026,
      0.0722966119647026,
      -0.03130100294947624,
      0.20000000298023224,
      0.5006440877914429,
      0.5013214945793152
    ],
    [
      -0.010246619582176208,
      0.010246619582176208,
      0.030748989433050156,
      0.699999988079071,
      0.4923665523529053,
      0.49996668100357056
    ],
    [
      -0.09093598276376724,
      0.09093598276376724,
      -0.04994037374854088,
      0.15000000596046448,
      0.7857905626296997,
      0.5495812296867371
    ],
    [
      0.06239601969718933,
      0.06239601969718933,
      0.103391632437706,
      0.8999999761581421,
      0.9447326064109802,
      0.6836784482002258
    ],
    [
      -0.05414813011884689,
      0.05414813011884689,
      -0.01315252110362053,
      0.3499999940395355,
      0.7266868352890015,
      0.7194840908050537
    ],
    [
      -0.039276059716939926,
      0.039276059716939926,
      0.001719549298286438,
      0.550000011920929,
      0.7179099917411804,
      0.7194840908050537
    ],
    [
      -0.04229341819882393,
      0.04229341819882393,
      -0.0012978091835975647,
      0.5,
      0.7160492539405823,
      0.7163358330726624
    ],
    [
      -0.0439218208193779,
      0.0439218208193779,
      -0.002926211804151535,
      0.44999998807907104,
      0.7339652180671692,
      0.7157626748085022
    ],
    [
      0.03127681836485863,
      0.03127681836485863,
      0.07227242738008499,
      0.8500000238418579,
      0.938546895980835,
      0.7019566893577576
    ],
    [
      -0.16483700275421143,
      0.16483700275421143,
      -0.12384139001369476,
      0.10000000149011612,
      0.5102770328521729,
      0.5139703154563904
    ],
    [
      0.028022650629281998,
      0.028022650629281998,
      0.06901825964450836,
      0.800000011920929,
      0.9384496808052063,
      0.7018231153488159
    ],
    [
      -0.04500092938542366,
      0.04500092938542366,
      -0.004005320370197296,
      0.4000000059604645,
      0.7074123024940491,
      0.713001549243927
    ],
    [
      -0.0549066998064518,
      0.0549066998064518,
      -0.013911090791225433,
      0.30000001192092896,
      0.7060373425483704,
      0.713001549243927
    ],
    [
      0.09478665143251419,
      0.09478665143251419,
      0.13578225672245026,
      1.0,
      0.9391753673553467,
      0.7008139491081238
    ],
    [
      -0.20743145048618317,
      0.20743145048618317,
      -0.1664358377456665,
      0.0,
      0.2392318695783615,
      0.478463739156723
    ],
    [
      -0.06734397262334824,
      0.06734397262334824,
      -0.026348363608121872,
      0.25,
      0.6903849840164185,
      0.7008139491081238
    ],
    [
      0.06681420654058456,
      0.06681420654058456,
      0.10780981183052063,
      0.949999988079071,
      0.9453216791152954,
      0.6799560785293579
    ]
  ],
  "feature_names": [
    "charge",
    "abs_charge",
    "charge_centered",
    "charge_rank_norm",
    "wbo_sum",
    "wbo_max"
  ],
  "status": "ok",
  "error": null
}