{
  "canonical_smiles": "O=P1(N(CCCl)CCCl)OCCCN1CCCl",
  "xtb_valid": true,
  "atom_valid_mask": [
    [
      1.0
    ],
    [
      1.0
    ],
    [
      1.0
    ],
    [
      1.0
    ],
    [
      1.0
    ],
    [
      1.0
    ],
    [
      1.0
    ],
    [
      1.0
    ],
    [
      1.0
    ],
    [
      1.0
    ],
    [
      1.0
    ],
    [
      1.0
    ],
    [
      1.0
    ],
    [
      1.0
    ],
    [
      1.0
    ],
    [
      1.0
    ],
    [
      1.0
    ]
  ],
  "atom_features": [
    [
      -0.526863694190979,
      0.526863694190979,
      -0.44486039876937866,
      0.0,
      0.4660516381263733,
      0.9321032762527466
    ],
    [
      0.3894529342651367,
      0.3894529342651367,
      0.47145622968673706,
      1.0,
      1.341086983680725,
      0.9321032762527466
    ],
    [
      -0.16714325547218323,
      0.16714325547218323,
      -0.08513994514942169,
      0.3125,
      0.7621190547943115,
      0.5572643280029297
    ],
    [
      -0.0051336102187633514,
      0.0051336102187633514,
      0.07686969637870789,
      0.5,
      0.4930092692375183,
      0.5020342469215393
    ],
    [
      0.016263850033283234,
      0.016263850033283234,
      0.09826716035604477,
      0.75,
      0.48535609245300293,
      0.5020342469215393
    ],
    [
      -0.23514792323112488,
      0.23514792323112488,
      -0.15314461290836334,
      0.125,
      0.23433898389339447,
      0.46867796778678894
    ],
    [
      -0.00048089001211337745,
      0.00048089001211337745,
      0.08152242004871368,
      0.625,
      0.493793785572052,
      0.5045981407165527
    ],
    [
      0.020780319347977638,
      0.020780319347977638,
      0.10278362780809402,
      0.8125,
      0.488016277551651,
      0.5045981407165527
    ],
    [
      -0.22270816564559937,
      0.22270816564559937,
      -0.14070485532283783,
      0.25,
      0.23571720719337463,
      0.47143441438674927
    ],
    [
      -0.2844795286655426,
      0.2844795286655426,
      -0.20247621834278107,
      0.0625,
      0.5389378666877747,
      0.6189373135566711
    ],
    [
      0.07517486065626144,
      0.07517486065626144,
      0.15717816352844238,
      0.9375,
      0.4810374677181244,
      0.5031365156173706
    ],
    [
      -0.08317819237709045,
      0.08317819237709045,
      -0.0011748820543289185,
      0.4375,
      0.5023489594459534,
      0.5031365156173706
    ],
    [
      -0.005053860135376453,
      0.005053860135376453,
      0.07694944739341736,
      0.5625,
      0.4934194087982178,
      0.5015614032745361
    ],
    [
      -0.16402168571949005,
      0.16402168571949005,
      -0.08201837539672852,
      0.375,
      0.7751939296722412,
      0.5738689303398132
    ],
    [
      0.001318400027230382,
      0.001318400027230382,
      0.083321712911129,
      0.6875,
      0.49651578068733215,
      0.5017901062965393
    ],
    [
      0.025211600586771965,
      0.025211600586771965,
      0.10721491277217865,
      0.875,
      0.48566097021102905,
      0.5017901062965393
    ],
    [
      -0.2280474305152893,
      0.2280474305152893,
      -0.14604412019252777,
      0.1875,
      0.2347659170627594,
      0.4695318341255188
    ]
  ],
  "feature_names": [
    "charge",
    "abs_charge",
    "charge_centered",
    "charge_rank_norm",
    "wbo_sum",
    "wbo_max"
  ],
  "status": "ok",
  "error": null
}