{
  "canonical_smiles": "CN1/C(=C(/O)Nc2ccccn2)C(=O)c2sccc2S1(=O)=O",
  "xtb_valid": true,
  "atom_valid_mask": [
    [
      1.0
    ],
    [
      1.0
    ],
    [
      1.0
    ],
    [
      1.0
    ],
    [
      1.0
    ],
    [
      1.0
    ],
    [
      1.0
    ],
    [
      1.0
    ],
    [
      1.0
    ],
    [
      1.0
    ],
    [
      1.0
    ],
    [
      1.0
    ],
    [
      1.0
    ],
    [
      1.0
    ],
    [
      1.0
    ],
    [
      1.0
    ],
    [
      1.0
    ],
    [
      1.0
    ],
    [
      1.0
    ],
    [
      1.0
    ],
    [
      1.0
    ],
    [
      1.0
    ]
  ],
  "atom_features": [
    [
      -0.059243541210889816,
      0.059243541210889816,
      0.0012561380863189697,
      0.4285714328289032,
      0.24331386387348175,
      0.4866277277469635
    ],
    [
      -0.3013068735599518,
      0.3013068735599518,
      -0.2408071905374527,
      0.190476194024086,
      0.7101210355758667,
      0.4876302182674408
    ],
    [
      -0.051009971648454666,
      0.051009971648454666,
      0.00948970764875412,
      0.4761904776096344,
      0.8852171897888184,
      0.7583550214767456
    ],
    [
      0.2188427448272705,
      0.2188427448272705,
      0.2793424129486084,
      0.9523809552192688,
      0.9538639187812805,
      0.7583550214767456
    ],
    [
      -0.42011094093322754,
      0.42011094093322754,
      -0.35961127281188965,
      0.1428571492433548,
      0.2827959656715393,
      0.5655919313430786
    ],
    [
      -0.15902647376060486,
      0.15902647376060486,
      -0.09852679073810577,
      0.2857142984867096,
      0.5656757354736328,
      0.583780825138092
    ],
    [
      0.15600870549678802,
      0.15600870549678802,
      0.2165083885192871,
      0.8571428656578064,
      0.9504639506340027,
      0.677521824836731
    ],
    [
      -0.060702450573444366,
      0.060702450573444366,
      -0.00020277127623558044,
      0.380952388048172,
      0.7313316464424133,
      0.7308899760246277
    ],
    [
      -0.010946819558739662,
      0.010946819558739662,
      0.049552857875823975,
      0.7142857313156128,
      0.7191511988639832,
      0.7308899760246277
    ],
    [
      -0.04614460840821266,
      0.04614460840821266,
      0.014355070888996124,
      0.523809552192688,
      0.7164165377616882,
      0.7254207134246826
    ],
    [
      0.05332646146416664,
      0.05332646146416664,
      0.11382614076137543,
      0.761904776096344,
      0.7411525845527649,
      0.7254207134246826
    ],
    [
      -0.27071553468704224,
      0.27071553468704224,
      -0.21021585166454315,
      0.2380952388048172,
      0.68923419713974,
      0.700946569442749
    ],
    [
      0.21514642238616943,
      0.21514642238616943,
      0.2756460905075073,
      0.9047619104385376,
      0.9563036561012268,
      0.847012996673584
    ],
    [
      -0.4298715889453888,
      0.4298715889453888,
      -0.3693719208240509,
      0.095238097012043,
      0.423506498336792,
      0.847012996673584
    ],
    [
      -0.025405390188097954,
      0.025405390188097954,
      0.03509429097175598,
      0.6666666865348816,
      0.931929886341095,
      0.7323471307754517
    ],
    [
      0.14035722613334656,
      0.14035722613334656,
      0.20085690915584564,
      0.8095238208770752,
      0.6353939175605774,
      0.6286851763725281
    ],
    [
      -0.031064430251717567,
      0.031064430251717567,
      0.02943524904549122,
      0.6190476417541504,
      0.707161545753479,
      0.7856379151344299
    ],
    [
      -0.04530635103583336,
      0.04530635103583336,
      0.015193328261375427,
      0.5714285969734192,
      0.7180859446525574,
      0.7856379151344299
    ],
    [
      -0.10669814050197601,
      0.10669814050197601,
      -0.04619846120476723,
      0.3333333432674408,
      0.911467432975769,
      0.7323471307754517
    ],
    [
      1.1647104024887085,
      1.1647104024887085,
      1.2252100706100464,
      1.0,
      1.2069222927093506,
      0.7922689914703369
    ],
    [
      -0.6375367641448975,
      0.6375367641448975,
      -0.5770370960235596,
      0.0,
      0.4197878837585449,
      0.7872730493545532
    ],
    [
      -0.6242950558662415,
      0.6242950558662415,
      -0.5637953877449036,
      0.0476190485060215,
      0.42228585481643677,
      0.7922689914703369
    ]
  ],
  "feature_names": [
    "charge",
    "abs_charge",
    "charge_centered",
    "charge_rank_norm",
    "wbo_sum",
    "wbo_max"
  ],
  "status": "ok",
  "error": null
}