{
  "canonical_smiles": "CNC(C)Cc1ccc2c(c1)OCO2",
  "xtb_valid": true,
  "atom_valid_mask": [
    [
      1.0
    ],
    [
      1.0
    ],
    [
      1.0
    ],
    [
      1.0
    ],
    [
      1.0
    ],
    [
      1.0
    ],
    [
      1.0
    ],
    [
      1.0
    ],
    [
      1.0
    ],
    [
      1.0
    ],
    [
      1.0
    ],
    [
      1.0
    ],
    [
      1.0
    ],
    [
      1.0
    ]
  ],
  "atom_features": [
    [
      -0.03032447025179863,
      0.03032447025179863,
      0.028213370591402054,
      0.6153846383094788,
      0.25607192516326904,
      0.5121438503265381
    ],
    [
      -0.28847581148147583,
      0.28847581148147583,
      -0.22993797063827515,
      0.1538461595773697,
      0.5048325061798096,
      0.5121438503265381
    ],
    [
      0.05778612941503525,
      0.05778612941503525,
      0.11632397025823593,
      0.7692307829856873,
      0.7448264956474304,
      0.50377357006073
    ],
    [
      -0.11579175293445587,
      0.11579175293445587,
      -0.05725391209125519,
      0.23076923191547394,
      0.251886785030365,
      0.50377357006073
    ],
    [
      -0.07716906815767288,
      0.07716906815767288,
      -0.0186312273144722,
      0.3076923191547394,
      0.4976285398006439,
      0.506898820400238
    ],
    [
      0.007022600155323744,
      0.007022600155323744,
      0.06556043773889542,
      0.692307710647583,
      0.955600917339325,
      0.7074226140975952
    ],
    [
      -0.05501050129532814,
      0.05501050129532814,
      0.0035273395478725433,
      0.5384615659713745,
      0.7099006772041321,
      0.712378740310669
    ],
    [
      -0.06772594898939133,
      0.06772594898939133,
      -0.009188108146190643,
      0.4615384638309479,
      0.7056846022605896,
      0.712378740310669
    ],
    [
      0.11819437891244888,
      0.11819437891244888,
      0.17673221230506897,
      0.8461538553237915,
      0.9331257343292236,
      0.6989904046058655
    ],
    [
      0.12025143951177597,
      0.12025143951177597,
      0.17878928780555725,
      0.9230769276618958,
      0.9346824288368225,
      0.7011367678642273
    ],
    [
      -0.07211451232433319,
      0.07211451232433319,
      -0.013576671481132507,
      0.38461539149284363,
      0.699008584022522,
      0.7011367678642273
    ],
    [
      -0.3110318183898926,
      0.3110318183898926,
      -0.2524939775466919,
      0.07692307978868484,
      0.4962647259235382,
      0.5098103880882263
    ],
    [
      0.20632784068584442,
      0.20632784068584442,
      0.2648656964302063,
      1.0,
      0.4829217195510864,
      0.48312434554100037
    ],
    [
      -0.31146833300590515,
      0.31146833300590515,
      -0.25293049216270447,
      0.0,
      0.4959838092327118,
      0.5088432431221008
    ]
  ],
  "feature_names": [
    "charge",
    "abs_charge",
    "charge_centered",
    "charge_rank_norm",
    "wbo_sum",
    "wbo_max"
  ],
  "status": "ok",
  "error": null
}