{
  "canonical_smiles": "Cc1ccc(Sc2ccccc2N2CCNCC2)c(C)c1",
  "xtb_valid": true,
  "atom_valid_mask": [
    [
      1.0
    ],
    [
      1.0
    ],
    [
      1.0
    ],
    [
      1.0
    ],
    [
      1.0
    ],
    [
      1.0
    ],
    [
      1.0
    ],
    [
      1.0
    ],
    [
      1.0
    ],
    [
      1.0
    ],
    [
      1.0
    ],
    [
      1.0
    ],
    [
      1.0
    ],
    [
      1.0
    ],
    [
      1.0
    ],
    [
      1.0
    ],
    [
      1.0
    ],
    [
      1.0
    ],
    [
      1.0
    ],
    [
      1.0
    ],
    [
      1.0
    ]
  ],
  "atom_features": [
    [
      -0.12055090069770813,
      0.12055090069770813,
      -0.06961005926132202,
      0.15000000596046448,
      0.2569824159145355,
      0.513964831829071
    ],
    [
      0.0146566703915596,
      0.0146566703915596,
      0.06559750437736511,
      0.8500000238418579,
      0.9603044986724854,
      0.7048279643058777
    ],
    [
      -0.051222849637269974,
      0.051222849637269974,
      -0.0002820119261741638,
      0.3499999940395355,
      0.7373831868171692,
      0.7221044301986694
    ],
    [
      -0.041009798645973206,
      0.041009798645973206,
      0.009931039065122604,
      0.44999998807907104,
      0.7396132946014404,
      0.7221044301986694
    ],
    [
      0.034763529896736145,
      0.034763529896736145,
      0.08570437133312225,
      0.949999988079071,
      0.9409056305885315,
      0.7041476964950562
    ],
    [
      -0.24521556496620178,
      0.24521556496620178,
      -0.19427472352981567,
      0.05000000074505806,
      0.4891411066055298,
      0.4904667139053345
    ],
    [
      0.025886839255690575,
      0.025886839255690575,
      0.07682767510414124,
      0.8999999761581421,
      0.9572533965110779,
      0.7118955254554749
    ],
    [
      -0.036855459213256836,
      0.036855459213256836,
      0.014085378497838974,
      0.550000011920929,
      0.7402896881103516,
      0.7161224484443665
    ],
    [
      -0.04641418904066086,
      0.04641418904066086,
      0.004526648670434952,
      0.4000000059604645,
      0.7155956029891968,
      0.7161224484443665
    ],
    [
      -0.03816695883870125,
      0.03816695883870125,
      0.012773878872394562,
      0.5,
      0.7445998191833496,
      0.7238426208496094
    ],
    [
      -0.059679921716451645,
      0.059679921716451645,
      -0.008739084005355835,
      0.25,
      0.7286738157272339,
      0.7238426208496094
    ],
    [
      0.06162839010357857,
      0.06162839010357857,
      0.11256922781467438,
      1.0,
      0.9499820470809937,
      0.6809436082839966
    ],
    [
      -0.14833375811576843,
      0.14833375811576843,
      -0.09739291667938232,
      0.10000000149011612,
      0.768104612827301,
      0.5545129776000977
    ],
    [
      0.0061888000927865505,
      0.0061888000927865505,
      0.0571296364068985,
      0.6499999761581421,
      0.4903675615787506,
      0.49446356296539307
    ],
    [
      0.00478518009185791,
      0.00478518009185791,
      0.05572601780295372,
      0.6000000238418579,
      0.5007069110870361,
      0.5069502592086792
    ],
    [
      -0.2922186851501465,
      0.2922186851501465,
      -0.24127784371376038,
      0.0,
      0.5040782690048218,
      0.5069502592086792
    ],
    [
      0.009015480056405067,
      0.009015480056405067,
      0.05995631963014603,
      0.75,
      0.5011973977088928,
      0.5012062788009644
    ],
    [
      0.008075609803199768,
      0.008075609803199768,
      0.05901644751429558,
      0.699999988079071,
      0.49830663204193115,
      0.5011885762214661
    ],
    [
      0.009541640058159828,
      0.009541640058159828,
      0.06048247963190079,
      0.800000011920929,
      0.9794014096260071,
      0.7066695690155029
    ],
    [
      -0.10904540121555328,
      0.10904540121555328,
      -0.058104563504457474,
      0.20000000298023224,
      0.25704532861709595,
      0.5140906572341919
    ],
    [
      -0.05558627098798752,
      0.05558627098798752,
      -0.004645433276891708,
      0.30000001192092896,
      0.7322360277175903,
      0.7066695690155029
    ]
  ],
  "feature_names": [
    "charge",
    "abs_charge",
    "charge_centered",
    "charge_rank_norm",
    "wbo_sum",
    "wbo_max"
  ],
  "status": "ok",
  "error": null
}