{
  "canonical_smiles": "CN1CCN2c3ncccc3Cc3ccccc3[C@H]2C1",
  "xtb_valid": true,
  "atom_valid_mask": [
    [
      1.0
    ],
    [
      1.0
    ],
    [
      1.0
    ],
    [
      1.0
    ],
    [
      1.0
    ],
    [
      1.0
    ],
    [
      1.0
    ],
    [
      1.0
    ],
    [
      1.0
    ],
    [
      1.0
    ],
    [
      1.0
    ],
    [
      1.0
    ],
    [
      1.0
    ],
    [
      1.0
    ],
    [
      1.0
    ],
    [
      1.0
    ],
    [
      1.0
    ],
    [
      1.0
    ],
    [
      1.0
    ],
    [
      1.0
    ]
  ],
  "atom_features": [
    [
      -0.03627299889922142,
      0.03627299889922142,
      0.0030395612120628357,
      0.4736842215061188,
      0.2534883916378021,
      0.5069767832756042
    ],
    [
      -0.18699952960014343,
      0.18699952960014343,
      -0.14768697321414948,
      0.05263157933950424,
      0.7549061179161072,
      0.5069767832756042
    ],
    [
      -0.006371410097926855,
      0.006371410097926855,
      0.03294115141034126,
      0.6842105388641357,
      0.4984677731990814,
      0.5002637505531311
    ],
    [
      0.006032189819961786,
      0.006032189819961786,
      0.045344751328229904,
      0.7894737124443054,
      0.4946649670600891,
      0.4966718256473541
    ],
    [
      -0.1671903133392334,
      0.1671903133392334,
      -0.12787775695323944,
      0.10526315867900848,
      0.7572827339172363,
      0.5437566041946411
    ],
    [
      0.14401216804981232,
      0.14401216804981232,
      0.18332472443580627,
      1.0,
      0.946660041809082,
      0.6855084896087646
    ],
    [
      -0.30297183990478516,
      0.30297183990478516,
      -0.26365926861763,
      0.0,
      0.6953830718994141,
      0.7052575945854187
    ],
    [
      0.04719506949186325,
      0.04719506949186325,
      0.0865076333284378,
      0.9473684430122375,
      0.7421252727508545,
      0.7238046526908875
    ],
    [
      -0.05482586845755577,
      0.05482586845755577,
      -0.015513308346271515,
      0.21052631735801697,
      0.716235339641571,
      0.7238046526908875
    ],
    [
      -0.029188239946961403,
      0.029188239946961403,
      0.010124320164322853,
      0.5263158082962036,
      0.7131163477897644,
      0.7175666689872742
    ],
    [
      -0.009759659878909588,
      0.009759659878909588,
      0.029552899301052094,
      0.5789473652839661,
      0.9692227244377136,
      0.7175666689872742
    ],
    [
      -0.07030273973941803,
      0.07030273973941803,
      -0.030990179628133774,
      0.15789473056793213,
      0.49998739361763,
      0.5016356110572815
    ],
    [
      0.012045550160109997,
      0.012045550160109997,
      0.05135811120271683,
      0.8421052694320679,
      0.9743470549583435,
      0.7020303010940552
    ],
    [
      -0.04458202049136162,
      0.04458202049136162,
      -0.005269460380077362,
      0.2631579041481018,
      0.7404707074165344,
      0.7232522368431091
    ],
    [
      -0.03872920945286751,
      0.03872920945286751,
      0.000583350658416748,
      0.42105263471603394,
      0.7461571097373962,
      0.7232522368431091
    ],
    [
      -0.03937029838562012,
      0.03937029838562012,
      -5.7738274335861206e-05,
      0.3684210479259491,
      0.7460696697235107,
      0.7245445847511292
    ],
    [
      -0.04337013140320778,
      0.04337013140320778,
      -0.004057571291923523,
      0.31578946113586426,
      0.7408148050308228,
      0.7245445847511292
    ],
    [
      -0.00805949978530407,
      0.00805949978530407,
      0.031253062188625336,
      0.6315789222717285,
      0.9733496308326721,
      0.7014262676239014
    ],
    [
      0.04644694924354553,
      0.04644694924354553,
      0.08575950562953949,
      0.8947368264198303,
      0.7261694669723511,
      0.4954811930656433
    ],
    [
      -0.003989319782704115,
      0.003989319782704115,
      0.035323239862918854,
      0.7368420958518982,
      0.49063923954963684,
      0.5025716423988342
    ]
  ],
  "feature_names": [
    "charge",
    "abs_charge",
    "charge_centered",
    "charge_rank_norm",
    "wbo_sum",
    "wbo_max"
  ],
  "status": "ok",
  "error": null
}