{
  "canonical_smiles": "COc1ccc(-c2nc3cc(C4=NNC(=O)C[C@@H]4C)ccc3[nH]2)cc1",
  "xtb_valid": true,
  "atom_valid_mask": [
    [
      1.0
    ],
    [
      1.0
    ],
    [
      1.0
    ],
    [
      1.0
    ],
    [
      1.0
    ],
    [
      1.0
    ],
    [
      1.0
    ],
    [
      1.0
    ],
    [
      1.0
    ],
    [
      1.0
    ],
    [
      1.0
    ],
    [
      1.0
    ],
    [
      1.0
    ],
    [
      1.0
    ],
    [
      1.0
    ],
    [
      1.0
    ],
    [
      1.0
    ],
    [
      1.0
    ],
    [
      1.0
    ],
    [
      1.0
    ],
    [
      1.0
    ],
    [
      1.0
    ],
    [
      1.0
    ],
    [
      1.0
    ],
    [
      1.0
    ]
  ],
  "atom_features": [
    [
      0.01900813914835453,
      0.01900813914835453,
      0.07322654873132706,
      0.75,
      0.2423207014799118,
      0.4846414029598236
    ],
    [
      -0.2956564724445343,
      0.2956564724445343,
      -0.24143806099891663,
      0.0833333358168602,
      0.5086073279380798,
      0.5325732827186584
    ],
    [
      0.14817996323108673,
      0.14817996323108673,
      0.2023983746767044,
      0.9583333134651184,
      0.944535493850708,
      0.682874321937561
    ],
    [
      -0.05820024013519287,
      0.05820024013519287,
      -0.003981832414865494,
      0.4166666567325592,
      0.732450008392334,
      0.7391828298568726
    ],
    [
      -0.03135868161916733,
      0.03135868161916733,
      0.02285972610116005,
      0.5833333134651184,
      0.7091073989868164,
      0.7391828298568726
    ],
    [
      -0.009604879654943943,
      0.009604879654943943,
      0.04461352899670601,
      0.6666666865348816,
      0.9532077312469482,
      0.6900073885917664
    ],
    [
      0.14079919457435608,
      0.14079919457435608,
      0.19501760601997375,
      0.9166666865348816,
      0.9428250789642334,
      0.7502246499061584
    ],
    [
      -0.324401319026947,
      0.324401319026947,
      -0.27018290758132935,
      0.0416666679084301,
      0.7066246867179871,
      0.7502246499061584
    ],
    [
      0.06774892657995224,
      0.06774892657995224,
      0.12196733057498932,
      0.8333333134651184,
      0.9514135718345642,
      0.663274884223938
    ],
    [
      -0.04860261082649231,
      0.04860261082649231,
      0.005615796893835068,
      0.4583333432674408,
      0.7193804383277893,
      0.7174927592277527
    ],
    [
      0.0010752599919214845,
      0.0010752599919214845,
      0.05529366806149483,
      0.7083333134651184,
      0.9529985189437866,
      0.7174927592277527
    ],
    [
      0.08382034301757812,
      0.08382034301757812,
      0.1380387544631958,
      0.875,
      0.9355106353759766,
      0.8658086657524109
    ],
    [
      -0.1950845569372177,
      0.1950845569372177,
      -0.14086614549160004,
      0.125,
      0.7064782977104187,
      0.8658086657524109
    ],
    [
      -0.0917275920510292,
      0.0917275920510292,
      -0.03750918433070183,
      0.25,
      0.61968994140625,
      0.6121283769607544
    ],
    [
      0.2715800702571869,
      0.2715800702571869,
      0.32579848170280457,
      1.0,
      0.9609298706054688,
      0.8163819313049316
    ],
    [
      -0.5150658488273621,
      0.5150658488273621,
      -0.4608474373817444,
      0.0,
      0.448242723941803,
      0.8163819313049316
    ],
    [
      -0.08559492975473404,
      0.08559492975473404,
      -0.03137652203440666,
      0.2916666567325592,
      0.4941195845603943,
      0.49488967657089233
    ],
    [
      -0.018900740891695023,
      0.018900740891695023,
      0.035317666828632355,
      0.625,
      0.7427745461463928,
      0.5014057755470276
    ],
    [
      -0.11445686966180801,
      0.11445686966180801,
      -0.06023846194148064,
      0.2083333283662796,
      0.2507028877735138,
      0.5014057755470276
    ],
    [
      -0.04063986986875534,
      0.04063986986875534,
      0.013578537851572037,
      0.5,
      0.7066512703895569,
      0.7407572269439697
    ],
    [
      -0.06018707901239395,
      0.06018707901239395,
      -0.005968671292066574,
      0.375,
      0.7329855561256409,
      0.7407572269439697
    ],
    [
      0.04628125950694084,
      0.04628125950694084,
      0.10049966722726822,
      0.7916666865348816,
      0.9398815631866455,
      0.6672205924987793
    ],
    [
      -0.13542859256267548,
      0.13542859256267548,
      -0.0812101811170578,
      0.1666666716337204,
      0.6170321106910706,
      0.5980492830276489
    ],
    [
      -0.03964335843920708,
      0.03964335843920708,
      0.0145750492811203,
      0.5416666865348816,
      0.733319103717804,
      0.7245370149612427
    ],
    [
      -0.06939969211816788,
      0.06939969211816788,
      -0.0151812843978405,
      0.3333333432674408,
      0.7037056684494019,
      0.7245370149612427
    ]
  ],
  "feature_names": [
    "charge",
    "abs_charge",
    "charge_centered",
    "charge_rank_norm",
    "wbo_sum",
    "wbo_max"
  ],
  "status": "ok",
  "error": null
}