{
  "canonical_smiles": "CC1=C(C)C(=O)C([C@@H](CCCCCC(=O)O)c2ccccc2)=C(C)C1=O",
  "xtb_valid": true,
  "atom_valid_mask": [
    [
      1.0
    ],
    [
      1.0
    ],
    [
      1.0
    ],
    [
      1.0
    ],
    [
      1.0
    ],
    [
      1.0
    ],
    [
      1.0
    ],
    [
      1.0
    ],
    [
      1.0
    ],
    [
      1.0
    ],
    [
      1.0
    ],
    [
      1.0
    ],
    [
      1.0
    ],
    [
      1.0
    ],
    [
      1.0
    ],
    [
      1.0
    ],
    [
      1.0
    ],
    [
      1.0
    ],
    [
      1.0
    ],
    [
      1.0
    ],
    [
      1.0
    ],
    [
      1.0
    ],
    [
      1.0
    ],
    [
      1.0
    ],
    [
      1.0
    ],
    [
      1.0
    ]
  ],
  "atom_features": [
    [
      -0.11883962154388428,
      0.11883962154388428,
      -0.049537286162376404,
      0.1599999964237213,
      0.25877153873443604,
      0.5175430774688721
    ],
    [
      -0.00477103004232049,
      0.00477103004232049,
      0.06453130394220352,
      0.7599999904632568,
      0.9410386085510254,
      0.8509690165519714
    ],
    [
      -0.003912219777703285,
      0.003912219777703285,
      0.06539011746644974,
      0.800000011920929,
      0.9401180148124695,
      0.8509690165519714
    ],
    [
      -0.11868096143007278,
      0.11868096143007278,
      -0.04937862604856491,
      0.20000000298023224,
      0.25874823331832886,
      0.5174964666366577
    ],
    [
      0.2230263203382492,
      0.2230263203382492,
      0.2923286557197571,
      0.9200000166893005,
      0.9486379027366638,
      0.8734428882598877
    ],
    [
      -0.4037196934223175,
      0.4037196934223175,
      -0.33441734313964844,
      0.07999999821186066,
      0.43672144412994385,
      0.8734428882598877
    ],
    [
      -0.009584699757397175,
      0.009584699757397175,
      0.05971763655543327,
      0.7200000286102295,
      0.9304777979850769,
      0.8558143973350525
    ],
    [
      -0.025248270481824875,
      0.025248270481824875,
      0.044054064899683,
      0.6800000071525574,
      0.7353258728981018,
      0.49307888746261597
    ],
    [
      -0.059710729867219925,
      0.059710729867219925,
      0.009591605514287949,
      0.36000001430511475,
      0.495643675327301,
      0.5030003190040588
    ],
    [
      -0.05667603015899658,
      0.05667603015899658,
      0.012626305222511292,
      0.4399999976158142,
      0.5030279755592346,
      0.5030556321144104
    ],
    [
      -0.0622018501162529,
      0.0622018501162529,
      0.007100485265254974,
      0.3199999928474426,
      0.503352165222168,
      0.5036486983299255
    ],
    [
      -0.056930478662252426,
      0.056930478662252426,
      0.012371856719255447,
      0.4000000059604645,
      0.49677416682243347,
      0.5036486983299255
    ],
    [
      -0.09528929740190506,
      0.09528929740190506,
      -0.025986962020397186,
      0.2800000011920929,
      0.492647647857666,
      0.4953956604003906
    ],
    [
      0.3662106692790985,
      0.3662106692790985,
      0.4355130195617676,
      1.0,
      0.9662041664123535,
      0.8549174070358276
    ],
    [
      -0.48450765013694763,
      0.48450765013694763,
      -0.41520529985427856,
      0.0,
      0.4702676236629486,
      0.8549174070358276
    ],
    [
      -0.42063790559768677,
      0.42063790559768677,
      -0.3513355851173401,
      0.03999999910593033,
      0.3338565528392792,
      0.5820952653884888
    ],
    [
      0.011627069674432278,
      0.011627069674432278,
      0.08092940598726273,
      0.8799999952316284,
      0.9772651195526123,
      0.7085635662078857
    ],
    [
      -0.041123390197753906,
      0.041123390197753906,
      0.028178945183753967,
      0.47999998927116394,
      0.7405953407287598,
      0.7182712554931641
    ],
    [
      -0.0362887904047966,
      0.0362887904047966,
      0.03301354497671127,
      0.6000000238418579,
      0.7478685975074768,
      0.7210156321525574
    ],
    [
      -0.03770101070404053,
      0.03770101070404053,
      0.031601324677467346,
      0.5600000023841858,
      0.7464127540588379,
      0.7210156321525574
    ],
    [
      -0.03535608947277069,
      0.03535608947277069,
      0.03394624590873718,
      0.6399999856948853,
      0.7482041120529175,
      0.7249152660369873
    ],
    [
      -0.03939243033528328,
      0.03939243033528328,
      0.029909905046224594,
      0.5199999809265137,
      0.7416867613792419,
      0.7249152660369873
    ],
    [
      0.0016240900149568915,
      0.0016240900149568915,
      0.07092642784118652,
      0.8399999737739563,
      0.9418780207633972,
      0.8558143973350525
    ],
    [
      -0.11541017144918442,
      0.11541017144918442,
      -0.046107836067676544,
      0.23999999463558197,
      0.2592064142227173,
      0.5184128284454346
    ],
    [
      0.22360390424728394,
      0.22360390424728394,
      0.2929062247276306,
      0.9599999785423279,
      0.9493269920349121,
      0.8755602836608887
    ],
    [
      -0.40197065472602844,
      0.40197065472602844,
      -0.3326683044433594,
      0.11999999731779099,
      0.43778014183044434,
      0.8755602836608887
    ]
  ],
  "feature_names": [
    "charge",
    "abs_charge",
    "charge_centered",
    "charge_rank_norm",
    "wbo_sum",
    "wbo_max"
  ],
  "status": "ok",
  "error": null
}