{
  "canonical_smiles": "CC[C@H]1OC(=O)[C@H](C)[C@@H](O[C@@H]2C[C@@](C)(OC)[C@@H](O)[C@H](C)O2)[C@H](C)[C@@H](O[C@H]2O[C@H](C)C[C@H](N(C)C)[C@H]2O)[C@@](C)(OC)C[C@@H](C)C(=O)[C@H](C)[C@@H](O)[C@@]1(C)O",
  "xtb_valid": true,
  "atom_valid_mask": [
    [
      1.0
    ],
    [
      1.0
    ],
    [
      1.0
    ],
    [
      1.0
    ],
    [
      1.0
    ],
    [
      1.0
    ],
    [
      1.0
    ],
    [
      1.0
    ],
    [
      1.0
    ],
    [
      1.0
    ],
    [
      1.0
    ],
    [
      1.0
    ],
    [
      1.0
    ],
    [
      1.0
    ],
    [
      1.0
    ],
    [
      1.0
    ],
    [
      1.0
    ],
    [
      1.0
    ],
    [
      1.0
    ],
    [
      1.0
    ],
    [
      1.0
    ],
    [
      1.0
    ],
    [
      1.0
    ],
    [
      1.0
    ],
    [
      1.0
    ],
    [
      1.0
    ],
    [
      1.0
    ],
    [
      1.0
    ],
    [
      1.0
    ],
    [
      1.0
    ],
    [
      1.0
    ],
    [
      1.0
    ],
    [
      1.0
    ],
    [
      1.0
    ],
    [
      1.0
    ],
    [
      1.0
    ],
    [
      1.0
    ],
    [
      1.0
    ],
    [
      1.0
    ],
    [
      1.0
    ],
    [
      1.0
    ],
    [
      1.0
    ],
    [
      1.0
    ],
    [
      1.0
    ],
    [
      1.0
    ],
    [
      1.0
    ],
    [
      1.0
    ],
    [
      1.0
    ],
    [
      1.0
    ],
    [
      1.0
    ],
    [
      1.0
    ],
    [
      1.0
    ]
  ],
  "atom_features": [
    [
      -0.1113000214099884,
      0.1113000214099884,
      -0.01980624347925186,
      0.37254902720451355,
      0.25442323088645935,
      0.5088464617729187
    ],
    [
      -0.0670560672879219,
      0.0670560672879219,
      0.024437710642814636,
      0.5098039507865906,
      0.5009010434150696,
      0.5088464617729187
    ],
    [
      0.09326966851949692,
      0.09326966851949692,
      0.18476344645023346,
      0.7450980544090271,
      0.7130165696144104,
      0.49295565485954285
    ],
    [
      -0.27823182940483093,
      0.27823182940483093,
      -0.1867380440235138,
      0.23529411852359772,
      0.5553845763206482,
      0.5650432109832764
    ],
    [
      0.35548049211502075,
      0.35548049211502075,
      0.4469742774963379,
      1.0,
      0.9562009572982788,
      0.8695253729820251
    ],
    [
      -0.4398614764213562,
      0.4398614764213562,
      -0.34836769104003906,
      0.0784313753247261,
      0.4769120514392853,
      0.8695253729820251
    ],
    [
      -0.04443781077861786,
      0.04443781077861786,
      0.04705596715211868,
      0.5686274766921997,
      0.7265949845314026,
      0.4986673593521118
    ],
    [
      -0.1030113697052002,
      0.1030113697052002,
      -0.011517591774463654,
      0.45098039507865906,
      0.2493336796760559,
      0.4986673593521118
    ],
    [
      0.11087854951620102,
      0.11087854951620102,
      0.20237232744693756,
      0.843137264251709,
      0.7196413278579712,
      0.4814510941505432
    ],
    [
      -0.32742324471473694,
      0.32742324471473694,
      -0.2359294593334198,
      0.21568627655506134,
      0.4857388734817505,
      0.49002665281295776
    ],
    [
      0.25225311517715454,
      0.25225311517715454,
      0.3437469005584717,
      0.9803921580314636,
      0.7304532527923584,
      0.49002665281295776
    ],
    [
      -0.08376319706439972,
      0.08376319706439972,
      0.0077305808663368225,
      0.47058823704719543,
      0.48925116658210754,
      0.4894418716430664
    ],
    [
      0.1375732570886612,
      0.1375732570886612,
      0.22906702756881714,
      0.9215686321258545,
      0.9703366160392761,
      0.4970654547214508
    ],
    [
      -0.12581537663936615,
      0.12581537663936615,
      -0.03432159870862961,
      0.3137255012989044,
      0.2485327273607254,
      0.4970654547214508
    ],
    [
      -0.36164936423301697,
      0.36164936423301697,
      -0.27015557885169983,
      0.11764705926179886,
      0.4814337491989136,
      0.488943487405777
    ],
    [
      0.021907290443778038,
      0.021907290443778038,
      0.11340107023715973,
      0.6666666865348816,
      0.2444717437028885,
      0.488943487405777
    ],
    [
      0.08877553045749664,
      0.08877553045749664,
      0.1802693009376526,
      0.7254902124404907,
      0.7274916768074036,
      0.4883019030094147
    ],
    [
      -0.5218703150749207,
      0.5218703150749207,
      -0.4303765296936035,
      0.0,
      0.24415095150470734,
      0.4883019030094147
    ],
    [
      0.11483199894428253,
      0.11483199894428253,
      0.20632576942443848,
      0.8627451062202454,
      0.7320093512535095,
      0.5020298361778259
    ],
    [
      -0.12803681194782257,
      0.12803681194782257,
      -0.03654303401708603,
      0.29411765933036804,
      0.25101491808891296,
      0.5020298361778259
    ],
    [
      -0.35677292943000793,
      0.35677292943000793,
      -0.2652791440486908,
      0.1568627506494522,
      0.4786843955516815,
      0.48143795132637024
    ],
    [
      -0.03276421129703522,
      0.03276421129703522,
      0.058729566633701324,
      0.6274510025978088,
      0.7341233491897583,
      0.5043246746063232
    ],
    [
      -0.10387766361236572,
      0.10387766361236572,
      -0.012383885681629181,
      0.4313725531101227,
      0.2521623373031616,
      0.5043246746063232
    ],
    [
      0.09897298365831375,
      0.09897298365831375,
      0.1904667615890503,
      0.7843137383460999,
      0.7174793481826782,
      0.482779860496521
    ],
    [
      -0.3499305546283722,
      0.3499305546283722,
      -0.25843676924705505,
      0.19607843458652496,
      0.48200178146362305,
      0.4853276312351227
    ],
    [
      0.23642994463443756,
      0.23642994463443756,
      0.3279237151145935,
      0.9607843160629272,
      0.7261362075805664,
      0.4853276312351227
    ],
    [
      -0.3562370836734772,
      0.3562370836734772,
      -0.26474329829216003,
      0.1764705926179886,
      0.4784189760684967,
      0.48451924324035645
    ],
    [
      0.10978174954652786,
      0.10978174954652786,
      0.2012755274772644,
      0.8235294222831726,
      0.7344825267791748,
      0.5010454654693604
    ],
    [
      -0.1286458522081375,
      0.1286458522081375,
      -0.03715207427740097,
      0.27450981736183167,
      0.2505227327346802,
      0.5010454654693604
    ],
    [
      -0.08229312300682068,
      0.08229312300682068,
      0.009200654923915863,
      0.4901960790157318,
      0.49596354365348816,
      0.4963262379169464
    ],
    [
      0.04037579149007797,
      0.04037579149007797,
      0.13186956942081451,
      0.7058823704719543,
      0.7379499673843384,
      0.4963262379169464
    ],
    [
      -0.19925345480442047,
      0.19925345480442047,
      -0.10775967687368393,
      0.2549019753932953,
      0.750917911529541,
      0.5051010251045227
    ],
    [
      -0.04458814114332199,
      0.04458814114332199,
      0.04690563678741455,
      0.5490196347236633,
      0.2521378993988037,
      0.5042757987976074
    ],
    [
      -0.04192380979657173,
      0.04192380979657173,
      0.04956996813416481,
      0.5882353186607361,
      0.25255051255226135,
      0.5051010251045227
    ],
    [
      0.0995618999004364,
      0.0995618999004364,
      0.19105568528175354,
      0.8039215803146362,
      0.731128990650177,
      0.4927177131175995
    ],
    [
      -0.4992920160293579,
      0.4992920160293579,
      -0.40779823064804077,
      0.019607843831181526,
      0.24635885655879974,
      0.4927177131175995
    ],
    [
      0.13065099716186523,
      0.13065099716186523,
      0.22214478254318237,
      0.9019607901573181,
      0.9662015438079834,
      0.49586495757102966
    ],
    [
      -0.11914478987455368,
      0.11914478987455368,
      -0.02765101194381714,
      0.3333333432674408,
      0.24793247878551483,
      0.49586495757102966
    ],
    [
