{
  "canonical_smiles": "Clc1ccc2c(c1)C(c1ccccc1)=NCc1nncn1-2",
  "xtb_valid": true,
  "atom_valid_mask": [
    [
      1.0
    ],
    [
      1.0
    ],
    [
      1.0
    ],
    [
      1.0
    ],
    [
      1.0
    ],
    [
      1.0
    ],
    [
      1.0
    ],
    [
      1.0
    ],
    [
      1.0
    ],
    [
      1.0
    ],
    [
      1.0
    ],
    [
      1.0
    ],
    [
      1.0
    ],
    [
      1.0
    ],
    [
      1.0
    ],
    [
      1.0
    ],
    [
      1.0
    ],
    [
      1.0
    ],
    [
      1.0
    ],
    [
      1.0
    ],
    [
      1.0
    ]
  ],
  "atom_features": [
    [
      -0.18317517638206482,
      0.18317517638206482,
      -0.14986594021320343,
      0.15000000596046448,
      0.2436429113149643,
      0.4872858226299286
    ],
    [
      0.10540329664945602,
      0.10540329664945602,
      0.13871252536773682,
      0.949999988079071,
      0.9436672925949097,
      0.7062246203422546
    ],
    [
      -0.03891143947839737,
      0.03891143947839737,
      -0.005602207034826279,
      0.25,
      0.7098541855812073,
      0.7258843183517456
    ],
    [
      -0.041538938879966736,
      0.041538938879966736,
      -0.008229706436395645,
      0.20000000298023224,
      0.7331017255783081,
      0.7258843183517456
    ],
    [
      0.06183119863271713,
      0.06183119863271713,
      0.09514042735099792,
      0.800000011920929,
      0.9377732276916504,
      0.6870416402816772
    ],
    [
      -0.0032312599942088127,
      0.0032312599942088127,
      0.030077971518039703,
      0.6499999761581421,
      0.935248076915741,
      0.693592369556427
    ],
    [
      -0.03838285058736801,
      0.03838285058736801,
      -0.005073618143796921,
      0.30000001192092896,
      0.7265472412109375,
      0.7062246203422546
    ],
    [
      0.10520315915346146,
      0.10520315915346146,
      0.13851238787174225,
      0.8999999761581421,
      0.9580764770507812,
      0.8981820940971375
    ],
    [
      0.007692889776080847,
      0.007692889776080847,
      0.041002120822668076,
      0.75,
      0.9755843877792358,
      0.6951501965522766
    ],
    [
      -0.027203109115362167,
      0.027203109115362167,
      0.006106123328208923,
      0.550000011920929,
      0.7362871766090393,
      0.7242664098739624
    ],
    [
      -0.031072940677404404,
      0.031072940677404404,
      0.002236291766166687,
      0.4000000059604645,
      0.7480418682098389,
      0.7242664098739624
    ],
    [
      -0.02950925938785076,
      0.02950925938785076,
      0.0037999730557203293,
      0.5,
      0.7431507110595703,
      0.7177070379257202
    ],
    [
      -0.032529011368751526,
      0.032529011368751526,
      0.0007802210748195648,
      0.3499999940395355,
      0.7479120492935181,
      0.7232703566551208
    ],
    [
      -0.0308547206223011,
      0.0308547206223011,
      0.002454511821269989,
      0.44999998807907104,
      0.736449122428894,
      0.7232703566551208
    ],
    [
      -0.26088616251945496,
      0.26088616251945496,
      -0.22757692635059357,
      0.0,
      0.7000411748886108,
      0.8981820940971375
    ],
    [
      0.0059492201544344425,
      0.0059492201544344425,
      0.039258453994989395,
      0.699999988079071,
      0.5016919374465942,
      0.501900315284729
    ],
    [
      0.13377468287944794,
      0.13377468287944794,
      0.16708391904830933,
      1.0,
      0.9372779726982117,
      0.7851603031158447
    ],
    [
      -0.2425810545682907,
      0.2425810545682907,
      -0.20927181839942932,
      0.05000000074505806,
      0.6965610980987549,
      0.7851603031158447
    ],
    [
      -0.2196941375732422,
      0.2196941375732422,
      -0.1863849014043808,
      0.10000000149011612,
      0.7079455852508545,
      0.8079292178153992
    ],
    [
      0.08562824875116348,
      0.08562824875116348,
      0.11893747746944427,
      0.8500000238418579,
      0.7035754323005676,
      0.8079292178153992
    ],
    [
      -0.02540653944015503,
      0.02540653944015503,
      0.007902693003416061,
      0.6000000238418579,
      0.8527016639709473,
      0.5992217063903809
    ]
  ],
  "feature_names": [
    "charge",
    "abs_charge",
    "charge_centered",
    "charge_rank_norm",
    "wbo_sum",
    "wbo_max"
  ],
  "status": "ok",
  "error": null
}