{
  "canonical_smiles": "CN[C@@H](C)Cc1ccccc1OC",
  "xtb_valid": true,
  "atom_valid_mask": [
    [
      1.0
    ],
    [
      1.0
    ],
    [
      1.0
    ],
    [
      1.0
    ],
    [
      1.0
    ],
    [
      1.0
    ],
    [
      1.0
    ],
    [
      1.0
    ],
    [
      1.0
    ],
    [
      1.0
    ],
    [
      1.0
    ],
    [
      1.0
    ],
    [
      1.0
    ]
  ],
  "atom_features": [
    [
      -0.028838809579610825,
      0.028838809579610825,
      0.03228629007935524,
      0.6666666865348816,
      0.25615423917770386,
      0.5123084783554077
    ],
    [
      -0.2866612672805786,
      0.2866612672805786,
      -0.22553616762161255,
      0.0833333358168602,
      0.5050179362297058,
      0.5123084783554077
    ],
    [
      0.05878761038184166,
      0.05878761038184166,
      0.11991271376609802,
      0.9166666865348816,
      0.7447261810302734,
      0.5040409564971924
    ],
    [
      -0.10872986167669296,
      0.10872986167669296,
      -0.0476047620177269,
      0.1666666716337204,
      0.2520204782485962,
      0.5040409564971924
    ],
    [
      -0.06907510757446289,
      0.06907510757446289,
      -0.007950007915496826,
      0.3333333432674408,
      0.49672383069992065,
      0.5057636499404907
    ],
    [
      -0.008553720079362392,
      0.008553720079362392,
      0.0525713786482811,
      0.75,
      0.9709898233413696,
      0.713598906993866
    ],
    [
      -0.04180001839995384,
      0.04180001839995384,
      0.019325081259012222,
      0.5833333134651184,
      0.7410609126091003,
      0.7165197134017944
    ],
    [
      -0.049059681594371796,
      0.049059681594371796,
      0.012065418064594269,
      0.4166666567325592,
      0.7185696363449097,
      0.7206195592880249
    ],
    [
      -0.04268836975097656,
      0.04268836975097656,
      0.018436729907989502,
      0.5,
      0.7460167407989502,
      0.7206195592880249
    ],
    [
      -0.07336419075727463,
      0.07336419075727463,
      -0.012239091098308563,
      0.25,
      0.7293650507926941,
      0.7168012261390686
    ],
    [
      0.1326545774936676,
      0.1326545774936676,
      0.19377967715263367,
      1.0,
      0.9410455226898193,
      0.6899255514144897
    ],
    [
      -0.30140766501426697,
      0.30140766501426697,
      -0.2402825653553009,
      0.0,
      0.5055800676345825,
      0.5241610407829285
    ],
    [
      0.024110279977321625,
      0.024110279977321625,
      0.08523537963628769,
      0.8333333134651184,
      0.24349956214427948,
      0.48699912428855896
    ]
  ],
  "feature_names": [
    "charge",
    "abs_charge",
    "charge_centered",
    "charge_rank_norm",
    "wbo_sum",
    "wbo_max"
  ],
  "status": "ok",
  "error": null
}