{
  "canonical_smiles": "COc1ccc2c3c1O[C@H]1[C@@H](O)C=C[C@H]4[C@@H](C2)N(C)CC[C@@]341",
  "xtb_valid": true,
  "atom_valid_mask": [
    [
      1.0
    ],
    [
      1.0
    ],
    [
      1.0
    ],
    [
      1.0
    ],
    [
      1.0
    ],
    [
      1.0
    ],
    [
      1.0
    ],
    [
      1.0
    ],
    [
      1.0
    ],
    [
      1.0
    ],
    [
      1.0
    ],
    [
      1.0
    ],
    [
      1.0
    ],
    [
      1.0
    ],
    [
      1.0
    ],
    [
      1.0
    ],
    [
      1.0
    ],
    [
      1.0
    ],
    [
      1.0
    ],
    [
      1.0
    ],
    [
      1.0
    ],
    [
      1.0
    ]
  ],
  "atom_features": [
    [
      0.02489043027162552,
      0.02489043027162552,
      0.08433383703231812,
      0.761904776096344,
      0.24255333840847015,
      0.4851066768169403
    ],
    [
      -0.3052927851676941,
      0.3052927851676941,
      -0.2458493858575821,
      0.095238097012043,
      0.5040570497512817,
      0.5230074524879456
    ],
    [
      0.11220163851976395,
      0.11220163851976395,
      0.17164504528045654,
      0.9047619104385376,
      0.9333254098892212,
      0.6860135793685913
    ],
    [
      -0.08193652331829071,
      0.08193652331829071,
      -0.022493120282888412,
      0.190476194024086,
      0.6996784806251526,
      0.7133434414863586
    ],
    [
      -0.06477814167737961,
      0.06477814167737961,
      -0.00533473864197731,
      0.3333333432674408,
      0.7086352109909058,
      0.7133434414863586
    ],
    [
      -0.004856029991060495,
      0.004856029991060495,
      0.05458737164735794,
      0.6190476417541504,
      0.9519900679588318,
      0.7039269208908081
    ],
    [
      -0.027961069718003273,
      0.027961069718003273,
      0.031482331454753876,
      0.5714285969734192,
      0.9335601925849915,
      0.6936497092247009
    ],
    [
      0.1138949990272522,
      0.1138949990272522,
      0.1733383983373642,
      0.9523809552192688,
      0.9289252161979675,
      0.681067168712616
    ],
    [
      -0.3131139576435089,
      0.3131139576435089,
      -0.2536705434322357,
      0.0476190485060215,
      0.49529218673706055,
      0.5191534757614136
    ],
    [
      0.10043025016784668,
      0.10043025016784668,
      0.15987364947795868,
      0.8571428656578064,
      0.7166568636894226,
      0.483087420463562
    ],
    [
      0.114879310131073,
      0.114879310131073,
      0.174322709441185,
      1.0,
      0.7374136447906494,
      0.5037623047828674
    ],
    [
      -0.516695499420166,
      0.516695499420166,
      -0.4572520852088928,
      0.0,
      0.24613478779792786,
      0.4922695755958557
    ],
    [
      -0.07301078736782074,
      0.07301078736782074,
      -0.013567384332418442,
      0.2380952388048172,
      0.731834352016449,
      0.9599063992500305
    ],
    [
      -0.049581509083509445,
      0.049581509083509445,
      0.009861893951892853,
      0.4285714328289032,
      0.7336302399635315,
      0.9599063992500305
    ],
    [
      -0.029476910829544067,
      0.029476910829544067,
      0.02996649220585823,
      0.523809552192688,
      0.7381076812744141,
      0.5073541402816772
    ],
    [
      0.03385467082262039,
      0.03385467082262039,
      0.09329807758331299,
      0.8095238208770752,
      0.7354411482810974,
      0.49569639563560486
    ],
    [
      -0.070906862616539,
      0.070906862616539,
      -0.011463459581136703,
      0.2857142984867096,
      0.49769699573516846,
      0.5064035654067993
    ],
    [
      -0.18947851657867432,
      0.18947851657867432,
      -0.13003511726856232,
      0.1428571492433548,
      0.751862108707428,
      0.5069466829299927
    ],
    [
      -0.0409330315887928,
      0.0409330315887928,
      0.018510371446609497,
      0.4761904776096344,
      0.25347334146499634,
      0.5069466829299927
    ],
    [
      0.010684629902243614,
      0.010684629902243614,
      0.07012803107500076,
      0.6666666865348816,
      0.5013540983200073,
      0.5016269683837891
    ],
    [
      -0.06397654861211777,
      0.06397654861211777,
      -0.004533145576715469,
      0.380952388048172,
      0.49314314126968384,
      0.5016269683837891
    ],
    [
      0.013407399877905846,
      0.013407399877905846,
      0.072850801050663,
      0.7142857313156128,
      0.9714080095291138,
      0.4924035370349884
    ]
  ],
  "feature_names": [
    "charge",
    "abs_charge",
    "charge_centered",
    "charge_rank_norm",
    "wbo_sum",
    "wbo_max"
  ],
  "status": "ok",
  "error": null
}