{
  "canonical_smiles": "OCCN1CCN(CCCN2c3ccccc3Sc3ccc(C(F)(F)F)cc32)CC1",
  "xtb_valid": true,
  "atom_valid_mask": [
    [
      1.0
    ],
    [
      1.0
    ],
    [
      1.0
    ],
    [
      1.0
    ],
    [
      1.0
    ],
    [
      1.0
    ],
    [
      1.0
    ],
    [
      1.0
    ],
    [
      1.0
    ],
    [
      1.0
    ],
    [
      1.0
    ],
    [
      1.0
    ],
    [
      1.0
    ],
    [
      1.0
    ],
    [
      1.0
    ],
    [
      1.0
    ],
    [
      1.0
    ],
    [
      1.0
    ],
    [
      1.0
    ],
    [
      1.0
    ],
    [
      1.0
    ],
    [
      1.0
    ],
    [
      1.0
    ],
    [
      1.0
    ],
    [
      1.0
    ],
    [
      1.0
    ],
    [
      1.0
    ],
    [
      1.0
    ],
    [
      1.0
    ],
    [
      1.0
    ]
  ],
  "atom_features": [
    [
      -0.5303162336349487,
      0.5303162336349487,
      -0.4818198084831238,
      0.0,
      0.24685119092464447,
      0.49370238184928894
    ],
    [
      0.07430900633335114,
      0.07430900633335114,
      0.12280544638633728,
      0.9655172228813171,
      0.49678853154182434,
      0.49987465143203735
    ],
    [
      0.006375160068273544,
      0.006375160068273544,
      0.05487160012125969,
      0.6896551847457886,
      0.5005516409873962,
      0.5012286901473999
    ],
    [
      -0.2018745392560959,
      0.2018745392560959,
      -0.15337809920310974,
      0.13793103396892548,
      0.7489061951637268,
      0.5012286901473999
    ],
    [
      -0.0020267299842089415,
      0.0020267299842089415,
      0.046469710767269135,
      0.6551724076271057,
      0.49821120500564575,
      0.49924275279045105
    ],
    [
      0.009902150370180607,
      0.009902150370180607,
      0.05839858949184418,
      0.7931034564971924,
      0.4995712637901306,
      0.4998997747898102
    ],
    [
      -0.1984134167432785,
      0.1984134167432785,
      -0.14991697669029236,
      0.17241379618644714,
      0.7491069436073303,
      0.5007369518280029
    ],
    [
      0.00904874037951231,
      0.00904874037951231,
      0.05754518136382103,
      0.7241379022598267,
      0.5005626678466797,
      0.5007369518280029
    ],
    [
      -0.07315538078546524,
      0.07315538078546524,
      -0.024658940732479095,
      0.27586206793785095,
      0.49964407086372375,
      0.5003883242607117
    ],
    [
      -0.011959570460021496,
      0.011959570460021496,
      0.036536868661642075,
      0.5862069129943848,
      0.49476712942123413,
      0.49889978766441345
    ],
    [
      -0.07349967211484909,
      0.07349967211484909,
      -0.025003232061862946,
      0.24137930572032928,
      0.7940988540649414,
      0.557054340839386
    ],
    [
      0.0607076995074749,
      0.0607076995074749,
      0.10920414328575134,
      0.8965517282485962,
      0.9448323845863342,
      0.6809422969818115
    ],
    [
      -0.05607961118221283,
      0.05607961118221283,
      -0.007583171129226685,
      0.3103448152542114,
      0.6994602084159851,
      0.7179781198501587
    ],
    [
      -0.038876768201589584,
      0.038876768201589584,
      0.00961967185139656,
      0.48275861144065857,
      0.7176558971405029,
      0.7179781198501587
    ],
    [
      -0.04174251854419708,
      0.04174251854419708,
      0.0067539215087890625,
      0.4482758641242981,
      0.7164514064788818,
      0.7173337340354919
    ],
    [
      -0.04349889978766441,
      0.04349889978766441,
      0.004997540265321732,
      0.37931033968925476,
      0.7083892822265625,
      0.7155690789222717
    ],
    [
      0.031269848346710205,
      0.031269848346710205,
      0.07976628839969635,
      0.8275862336158752,
      0.9382447600364685,
      0.7012094855308533
    ],
    [
      -0.13320811092853546,
      0.13320811092853546,
      -0.08471167087554932,
      0.2068965584039688,
      0.5153116583824158,
      0.5235568881034851
    ],
    [
      0.04148770123720169,
      0.04148770123720169,
      0.08998414129018784,
      0.8620689511299133,
      0.9408234357833862,
      0.699885368347168
    ],
    [
      -0.043150100857019424,
      0.043150100857019424,
      0.005346339195966721,
      0.4137931168079376,
      0.7070339322090149,
      0.7141824960708618
    ],
    [
      -0.036854781210422516,
      0.036854781210422516,
      0.01164165884256363,
      0.517241358757019,
      0.7081000208854675,
      0.7141824960708618
    ],
    [
      -0.03330482915043831,
      0.03330482915043831,
      0.015191610902547836,
      0.5517241358757019,
      0.935703456401825,
      0.7020174860954285
    ],
    [
      0.49120447039604187,
      0.49120447039604187,
      0.5397009253501892,
      1.0,
      0.9371040463447571,
      0.4752522110939026
    ],
    [
      -0.22514179348945618,
      0.22514179348945618,
      -0.17664535343647003,
      0.1034482792019844,
      0.23408445715904236,
      0.4681689143180847
    ],
    [
      -0.2312043160200119,
      0.2312043160200119,
      -0.18270787596702576,
      0.03448275849223137,
      0.23181918263435364,
      0.4636383652687073
    ],
    [
      -0.22845475375652313,
      0.22845475375652313,
      -0.179958313703537,
      0.06896551698446274,
      0.2335743010044098,
      0.4671486020088196
    ],
    [
      -0.05356200039386749,
      0.05356200039386749,
      -0.005065560340881348,
      0.3448275923728943,
      0.686906099319458,
      0.6941372156143188
    ],
    [
      0.06970445066690445,
      0.06970445066690445,
      0.1182008907198906,
      0.931034505367279,
      0.947467029094696,
      0.6796750426292419
    ],
    [
      -0.002241540001705289,
      0.002241540001705289,
      0.046254899352788925,
      0.6206896305084229,
      0.49833524227142334,
      0.49909332394599915
    ],
    [
      0.009663090109825134,
      0.009663090109825134,
      0.05815953016281128,
      0.7586206793785095,
      0.4992487132549286,
      0.49940407276153564
    ]
  ],
  "feature_names": [
    "charge",
    "abs_charge",
    "charge_centered",
    "charge_rank_norm",
    "wbo_sum",
    "wbo_max"
  ],
  "status": "ok",
  "error": null
}