{
  "canonical_smiles": "CC(C)/N=C(N)/N=C(\\N)NOCCCOc1ccc(OC(F)(F)F)cc1Cl",
  "xtb_valid": true,
  "atom_valid_mask": [
    [
      1.0
    ],
    [
      1.0
    ],
    [
      1.0
    ],
    [
      1.0
    ],
    [
      1.0
    ],
    [
      1.0
    ],
    [
      1.0
    ],
    [
      1.0
    ],
    [
      1.0
    ],
    [
      1.0
    ],
    [
      1.0
    ],
    [
      1.0
    ],
    [
      1.0
    ],
    [
      1.0
    ],
    [
      1.0
    ],
    [
      1.0
    ],
    [
      1.0
    ],
    [
      1.0
    ],
    [
      1.0
    ],
    [
      1.0
    ],
    [
      1.0
    ],
    [
      1.0
    ],
    [
      1.0
    ],
    [
      1.0
    ],
    [
      1.0
    ],
    [
      1.0
    ],
    [
      1.0
    ]
  ],
  "atom_features": [
    [
      -0.10486043244600296,
      0.10486043244600296,
      -0.032980337738990784,
      0.4615384638309479,
      0.2488432079553604,
      0.4976864159107208
    ],
    [
      0.06716257333755493,
      0.06716257333755493,
      0.1390426754951477,
      0.7307692170143127,
      0.7487619519233704,
      0.5013312101364136
    ],
    [
      -0.11274270713329315,
      0.11274270713329315,
      -0.040862612426280975,
      0.42307692766189575,
      0.2506656050682068,
      0.5013312101364136
    ],
    [
      -0.40076640248298645,
      0.40076640248298645,
      -0.3288863003253937,
      0.0,
      0.6822826862335205,
      0.8003644943237305
    ],
    [
      0.2424073964357376,
      0.2424073964357376,
      0.3142874836921692,
      0.9615384340286255,
      0.9731760025024414,
      0.8003644943237305
    ],
    [
      -0.3454718291759491,
      0.3454718291759491,
      -0.2735917270183563,
      0.11538461595773697,
      0.3220680058002472,
      0.5784413814544678
    ],
    [
      -0.3674817383289337,
      0.3674817383289337,
      -0.29560163617134094,
      0.03846153989434242,
      0.6919379830360413,
      0.7661241888999939
    ],
    [
      0.23399069905281067,
      0.23399069905281067,
      0.30587080121040344,
      0.9230769276618958,
      0.965426504611969,
      0.7661241888999939
    ],
    [
      -0.35958993434906006,
      0.35958993434906006,
      -0.2877098321914673,
      0.07692307978868484,
      0.31727904081344604,
      0.5843525528907776
    ],
    [
      -0.09410297125577927,
      0.09410297125577927,
      -0.02222287654876709,
      0.5,
      0.5360743999481201,
      0.5803762674331665
    ],
    [
      -0.2627401053905487,
      0.2627401053905487,
      -0.19086000323295593,
      0.23076923191547394,
      0.4858444333076477,
      0.4917725920677185
    ],
    [
      0.069818876683712,
      0.069818876683712,
      0.14169897139072418,
      0.7692307829856873,
      0.4898677468299866,
      0.499819278717041
    ],
    [
      -0.07702940702438354,
      0.07702940702438354,
      -0.005149312317371368,
      0.5384615659713745,
      0.5006386637687683,
      0.5014580488204956
    ],
    [
      0.06700339913368225,
      0.06700339913368225,
      0.13888350129127502,
      0.692307710647583,
      0.48902997374534607,
      0.5014580488204956
    ],
    [
      -0.27210986614227295,
      0.27210986614227295,
      -0.20022976398468018,
      0.19230769574642181,
      0.5078797936439514,
      0.5391576886177063
    ],
    [
      0.1387113332748413,
      0.1387113332748413,
      0.21059143543243408,
      0.8461538553237915,
      0.941522479057312,
      0.6856138110160828
    ],
    [
      -0.06595546752214432,
      0.06595546752214432,
      0.005924627184867859,
      0.5769230723381042,
      0.7254276275634766,
      0.713034987449646
    ],
    [
      -0.06586834043264389,
      0.06586834043264389,
      0.006011754274368286,
      0.6153846383094788,
      0.7059809565544128,
      0.713034987449646
    ],
    [
      0.14223405718803406,
      0.14223405718803406,
      0.21411415934562683,
      0.8846153616905212,
      0.9322534203529358,
      0.6989269852638245
    ],
    [
      -0.27515655755996704,
      0.27515655755996704,
      -0.20327645540237427,
      0.1538461595773697,
      0.4893433153629303,
      0.4956451654434204
    ],
    [
      0.6218502521514893,
      0.6218502521514893,
      0.693730354309082,
      1.0,
      0.9616127610206604,
      0.4956451654434204
    ],
    [
      -0.193706214427948,
      0.193706214427948,
      -0.12182611972093582,
      0.26923078298568726,
      0.23687969148159027,
      0.47375938296318054
    ],
    [
      -0.18700501322746277,
      0.18700501322746277,
      -0.11512491852045059,
      0.3461538553237915,
      0.2395074963569641,
      0.4790149927139282
    ],
    [
      -0.19330893456935883,
      0.19330893456935883,
      -0.12142883986234665,
      0.3076923191547394,
      0.237403005361557,
      0.474806010723114
    ],
    [
      -0.0634419322013855,
      0.0634419322013855,
      0.008438162505626678,
      0.6538461446762085,
      0.7240859866142273,
      0.7134271264076233
    ],
    [
      0.08117832243442535,
      0.08117832243442535,
      0.15305840969085693,
      0.807692289352417,
      0.9307578206062317,
      0.7134271264076233
    ],
    [
      -0.16378165781497955,
      0.16378165781497955,
      -0.09190156310796738,
      0.38461539149284363,
      0.24490749835968018,
      0.48981499671936035
    ]
  ],
  "feature_names": [
    "charge",
    "abs_charge",
    "charge_centered",
    "charge_rank_norm",
    "wbo_sum",
    "wbo_max"
  ],
  "status": "ok",
  "error": null
}