{
  "canonical_smiles": "C#C[C@]1(O)CC[C@H]2[C@@H]3CCc4cc(O)ccc4[C@H]3CC[C@@]21C",
  "xtb_valid": true,
  "atom_valid_mask": [
    [
      1.0
    ],
    [
      1.0
    ],
    [
      1.0
    ],
    [
      1.0
    ],
    [
      1.0
    ],
    [
      1.0
    ],
    [
      1.0
    ],
    [
      1.0
    ],
    [
      1.0
    ],
    [
      1.0
    ],
    [
      1.0
    ],
    [
      1.0
    ],
    [
      1.0
    ],
    [
      1.0
    ],
    [
      1.0
    ],
    [
      1.0
    ],
    [
      1.0
    ],
    [
      1.0
    ],
    [
      1.0
    ],
    [
      1.0
    ],
    [
      1.0
    ],
    [
      1.0
    ]
  ],
  "atom_features": [
    [
      -0.11931809037923813,
      0.11931809037923813,
      -0.04709358513355255,
      0.095238097012043,
      0.7253188490867615,
      1.450637698173523
    ],
    [
      -0.045753490179777145,
      0.045753490179777145,
      0.026471015065908432,
      0.6190476417541504,
      0.9773052930831909,
      1.450637698173523
    ],
    [
      0.15695887804031372,
      0.15695887804031372,
      0.2291833758354187,
      1.0,
      0.9669952988624573,
      0.5039729475975037
    ],
    [
      -0.49248337745666504,
      0.49248337745666504,
      -0.42025887966156006,
      0.0,
      0.24215459823608398,
      0.48430919647216797
    ],
    [
      -0.06329657882452011,
      0.06329657882452011,
      0.008927926421165466,
      0.380952388048172,
      0.49011704325675964,
      0.499760240316391
    ],
    [
      -0.06351996958255768,
      0.06351996958255768,
      0.0087045356631279,
      0.3333333432674408,
      0.49872854351997375,
      0.499760240316391
    ],
    [
      -0.0259466003626585,
      0.0259466003626585,
      0.04627790302038193,
      0.6666666865348816,
      0.7386356592178345,
      0.4976968765258789
    ],
    [
      -0.022810399532318115,
      0.022810399532318115,
      0.04941410571336746,
      0.761904776096344,
      0.7409586906433105,
      0.49844762682914734
    ],
    [
      -0.061042699962854385,
      0.061042699962854385,
      0.011181805282831192,
      0.4285714328289032,
      0.5008920431137085,
      0.5033364295959473
    ],
    [
      -0.06575074046850204,
      0.06575074046850204,
      0.006473764777183533,
      0.2857142984867096,
      0.5049465894699097,
      0.5065568089485168
    ],
    [
      0.002873319899663329,
      0.002873319899663329,
      0.07509782165288925,
      0.8571428656578064,
      0.9785544872283936,
      0.7055811285972595
    ],
    [
      -0.08968961238861084,
      0.08968961238861084,
      -0.017465107142925262,
      0.190476194024086,
      0.7249653339385986,
      0.7055811285972595
    ],
    [
      0.13803048431873322,
      0.13803048431873322,
      0.2102549970149994,
      0.9523809552192688,
      0.9532620906829834,
      0.6912561655044556
    ],
    [
      -0.46674156188964844,
      0.46674156188964844,
      -0.39451706409454346,
      0.0476190485060215,
      0.265462189912796,
      0.530924379825592
    ],
    [
      -0.06915406137704849,
      0.06915406137704849,
      0.003070443868637085,
      0.2380952388048172,
      0.7306660413742065,
      0.7242836952209473
    ],
    [
      -0.04836849123239517,
      0.04836849123239517,
      0.023856014013290405,
      0.5714285969734192,
      0.7406553626060486,
      0.7242836952209473
    ],
    [
      -0.010412929579615593,
      0.010412929579615593,
      0.061811573803424835,
      0.8095238208770752,
      0.9470928311347961,
      0.703933596611023
    ],
    [
      -0.02518640086054802,
      0.02518640086054802,
      0.04703810438513756,
      0.7142857313156128,
      0.7412548065185547,
      0.4979857802391052
    ],
    [
      -0.058762069791555405,
      0.058762069791555405,
      0.013462435454130173,
      0.523809552192688,
      0.4984704256057739,
      0.5013830065727234
    ],
    [
      -0.06025917828083038,
      0.06025917828083038,
      0.011965326964855194,
      0.4761904776096344,
      0.4983396530151367,
      0.5013830065727234
    ],
    [
      0.005373250227421522,
      0.005373250227421522,
      0.07759775221347809,
      0.9047619104385376,
      0.9715165495872498,
      0.4974313974380493
    ],
    [
      -0.10367856919765472,
      0.10367856919765472,
      -0.03145406395196915,
      0.1428571492433548,
      0.24871569871902466,
      0.4974313974380493
    ]
  ],
  "feature_names": [
    "charge",
    "abs_charge",
    "charge_centered",
    "charge_rank_norm",
    "wbo_sum",
    "wbo_max"
  ],
  "status": "ok",
  "error": null
}