{
  "canonical_smiles": "CC[C@]1(c2ccccc2)NC(=O)N(C)C1=O",
  "xtb_valid": true,
  "atom_valid_mask": [
    [
      1.0
    ],
    [
      1.0
    ],
    [
      1.0
    ],
    [
      1.0
    ],
    [
      1.0
    ],
    [
      1.0
    ],
    [
      1.0
    ],
    [
      1.0
    ],
    [
      1.0
    ],
    [
      1.0
    ],
    [
      1.0
    ],
    [
      1.0
    ],
    [
      1.0
    ],
    [
      1.0
    ],
    [
      1.0
    ],
    [
      1.0
    ]
  ],
  "atom_features": [
    [
      -0.11319208890199661,
      0.11319208890199661,
      -0.05047377943992615,
      0.20000000298023224,
      0.254961758852005,
      0.50992351770401
    ],
    [
      -0.057812999933958054,
      0.057812999933958054,
      0.0049053095281124115,
      0.4000000059604645,
      0.49141553044319153,
      0.50992351770401
    ],
    [
      0.05780243128538132,
      0.05780243128538132,
      0.12052074074745178,
      0.8666666746139526,
      0.9517102241516113,
      0.4845399558544159
    ],
    [
      0.007005880121141672,
      0.007005880121141672,
      0.0697241872549057,
      0.800000011920929,
      0.9728615283966064,
      0.7103044390678406
    ],
    [
      -0.034250400960445404,
      0.034250400960445404,
      0.02846790850162506,
      0.5333333611488342,
      0.7417632341384888,
      0.718055248260498
    ],
    [
      -0.032409440726041794,
      0.032409440726041794,
      0.03030886873602867,
      0.7333333492279053,
      0.7481804490089417,
      0.7216672897338867
    ],
    [
      -0.03251140937209129,
      0.03251140937209129,
      0.030206900089979172,
      0.6666666865348816,
      0.7471417784690857,
      0.7216672897338867
    ],
    [
      -0.033200521022081375,
      0.033200521022081375,
      0.02951778843998909,
      0.6000000238418579,
      0.7482361793518066,
      0.7234228253364563
    ],
    [
      -0.03620583936572075,
      0.03620583936572075,
      0.026512470096349716,
      0.46666666865348816,
      0.7410954833030701,
      0.7234228253364563
    ],
    [
      -0.2257622629404068,
      0.2257622629404068,
      -0.16304394602775574,
      0.13333334028720856,
      0.5874459147453308,
      0.6056641340255737
    ],
    [
      0.33445483446121216,
      0.33445483446121216,
      0.397173136472702,
      1.0,
      0.9728180766105652,
      0.7905241250991821
    ],
    [
      -0.5203345417976379,
      0.5203345417976379,
      -0.45761623978614807,
      0.0,
      0.43760591745376587,
      0.7905241250991821
    ],
    [
      -0.08372548967599869,
      0.08372548967599869,
      -0.021007180213928223,
      0.2666666805744171,
      0.8530977964401245,
      0.5933380126953125
    ],
    [
      -0.05838267132639885,
      0.05838267132639885,
      0.004335638135671616,
      0.3333333432674408,
      0.24393494427204132,
      0.48786988854408264
    ],
    [
      0.27445468306541443,
      0.27445468306541443,
      0.3371729850769043,
      0.9333333373069763,
      0.9534117579460144,
      0.8460679650306702
    ],
    [
      -0.4494231045246124,
      0.4494231045246124,
      -0.38670480251312256,
      0.06666667014360428,
      0.4608038663864136,
      0.8460679650306702
    ]
  ],
  "feature_names": [
    "charge",
    "abs_charge",
    "charge_centered",
    "charge_rank_norm",
    "wbo_sum",
    "wbo_max"
  ],
  "status": "ok",
  "error": null
}