{
  "canonical_smiles": "CN(C)C[C@@H]1CCn2cc(c3ccccc32)C2=C(C(=O)NC2=O)c2cn(c3ccccc23)CCO1",
  "xtb_valid": true,
  "atom_valid_mask": [
    [
      1.0
    ],
    [
      1.0
    ],
    [
      1.0
    ],
    [
      1.0
    ],
    [
      1.0
    ],
    [
      1.0
    ],
    [
      1.0
    ],
    [
      1.0
    ],
    [
      1.0
    ],
    [
      1.0
    ],
    [
      1.0
    ],
    [
      1.0
    ],
    [
      1.0
    ],
    [
      1.0
    ],
    [
      1.0
    ],
    [
      1.0
    ],
    [
      1.0
    ],
    [
      1.0
    ],
    [
      1.0
    ],
    [
      1.0
    ],
    [
      1.0
    ],
    [
      1.0
    ],
    [
      1.0
    ],
    [
      1.0
    ],
    [
      1.0
    ],
    [
      1.0
    ],
    [
      1.0
    ],
    [
      1.0
    ],
    [
      1.0
    ],
    [
      1.0
    ],
    [
      1.0
    ],
    [
      1.0
    ],
    [
      1.0
    ],
    [
      1.0
    ],
    [
      1.0
    ]
  ],
  "atom_features": [
    [
      -0.03996993973851204,
      0.03996993973851204,
      0.0026015378534793854,
      0.38235294818878174,
      0.2535404860973358,
      0.5070809721946716
    ],
    [
      -0.19135776162147522,
      0.19135776162147522,
      -0.1487862765789032,
      0.11764705926179886,
      0.755748450756073,
      0.5070809721946716
    ],
    [
      -0.04035165160894394,
      0.04035165160894394,
      0.0022198259830474854,
      0.3529411852359772,
      0.25274696946144104,
      0.5054939389228821
    ],
    [
      -0.008106029592454433,
      0.008106029592454433,
      0.034465447068214417,
      0.7647058963775635,
      0.494895339012146,
      0.4989219903945923
    ],
    [
      0.10432042926549911,
      0.10432042926549911,
      0.14689190685749054,
      0.9411764740943909,
      0.7336512207984924,
      0.494489461183548
    ],
    [
      -0.07293259352445602,
      0.07293259352445602,
      -0.0303611159324646,
      0.14705882966518402,
      0.4947220981121063,
      0.4949547052383423
    ],
    [
      -0.009411309845745564,
      0.009411309845745564,
      0.033160168677568436,
      0.7352941036224365,
      0.4936923086643219,
      0.4949547052383423
    ],
    [
      -0.03234865888953209,
      0.03234865888953209,
      0.010222818702459335,
      0.5,
      0.830353856086731,
      0.6027480959892273
    ],
    [
      0.004800720140337944,
      0.004800720140337944,
      0.04737219959497452,
      0.8235294222831726,
      0.6885813474655151,
      0.7744145393371582
    ],
    [
      -0.02255341038107872,
      0.02255341038107872,
      0.020018067210912704,
      0.5882353186607361,
      0.9414405226707458,
      0.7744145393371582
    ],
    [
      -0.012462089769542217,
      0.012462089769542217,
      0.030109386891126633,
      0.6764705777168274,
      0.9389808773994446,
      0.6914548873901367
    ],
    [
      -0.03370825946331024,
      0.03370825946331024,
      0.008863218128681183,
      0.44117647409439087,
      0.7377467751502991,
      0.7290542125701904
    ],
    [
      -0.045834630727767944,
      0.045834630727767944,
      -0.0032631531357765198,
      0.2647058963775635,
      0.7163998484611511,
      0.7290542125701904
    ],
    [
      -0.042458970099687576,
      0.042458970099687576,
      0.00011250749230384827,
      0.3235294222831726,
      0.7159219980239868,
      0.728098452091217
    ],
    [
      -0.05169450864195824,
      0.05169450864195824,
      -0.009123031049966812,
      0.20588235557079315,
      0.7348536252975464,
      0.728098452091217
    ],
    [
      0.04222965985536575,
      0.04222965985536575,
      0.08480113744735718,
      0.8529411554336548,
      0.9411315321922302,
      0.6866244077682495
    ],
    [
      -0.02162845991551876,
      0.02162845991551876,
      0.020943017676472664,
      0.6176470518112183,
      0.9273552894592285,
      0.8079851865768433
    ],
    [
      -0.02418660931289196,
      0.02418660931289196,
      0.018384868279099464,
      0.5588235259056091,
      0.9221262335777283,
      0.8079851865768433
    ],
    [
      0.29277434945106506,
      0.29277434945106506,
      0.3353458344936371,
      0.970588207244873,
      0.9552115201950073,
      0.8406447172164917
    ],
    [
      -0.4477764070034027,
      0.4477764070034027,
      -0.4052049219608307,
      0.0,
      0.44862252473831177,
      0.8406447172164917
    ],
    [
      -0.19190862774848938,
      0.19190862774848938,
      -0.14933714270591736,
      0.0882352963089943,
      0.6316044330596924,
      0.5757244825363159
    ],
    [
      0.2941284477710724,
      0.2941284477710724,
      0.3366999328136444,
      1.0,
      0.9572201371192932,
      0.8440590500831604
    ],
    [
      -0.44326353073120117,
      0.44326353073120117,
      -0.40069204568862915,
      0.029411764815449715,
      0.45117759704589844,
      0.8440590500831604
    ],
    [
      -0.025187769904732704,
      0.025187769904732704,
      0.01738370768725872,
      0.529411792755127,
      0.9417761564254761,
      0.784859299659729
    ],
    [
      0.004099609795957804,
      0.004099609795957804,
      0.04667108878493309,
      0.7941176295280457,
      0.6909492611885071,
      0.784859299659729
    ],
    [
      -0.032909441739320755,
      0.032909441739320755,
      0.00966203585267067,
      0.47058823704719543,
      0.8299506306648254,
      0.5970392227172852
    ],
    [
      0.04236495867371559,
      0.04236495867371559,
      0.08493643999099731,
      0.8823529481887817,
      0.9409742951393127,
      0.6852880120277405
    ],
    [
      -0.053328871726989746,
      0.053328871726989746,
      -0.010757394134998322,
      0.1764705926179886,
      0.7350046038627625,
      0.7291359901428223
    ],
    [
      -0.04336325079202652,
      0.04336325079202652,
      -0.0007917732000350952,
      0.29411765933036804,
      0.7156892418861389,
      0.7291359901428223
    ],
    [
      -0.046617090702056885,
      0.046617090702056885,
      -0.00404561311006546,
      0.23529411852359772,
      0.7166032791137695,
      0.7309640049934387
    ],
    [
      -0.03528549149632454,
      0.03528549149632454,
      0.007285986095666885,
      0.4117647111415863,
      0.7376455068588257,
      0.7309640049934387
    ],
    [
      -0.012335740029811859,
      0.012335740029811859,
      0.030235737562179565,
      0.7058823704719543,
      0.937984824180603,
      0.6887416839599609
    ],
    [
      -0.01675128936767578,
      0.01675128936767578,
      0.025820188224315643,
      0.6470588445663452,
      0.49474579095840454,
      0.49567851424217224
    ],
    [
      0.07060085237026215,
      0.07060085237026215,
      0.11317232996225357,
      0.9117646813392639,
      0.49090585112571716,
      0.49567851424217224
    ],
    [
      -0.34758827090263367,
      0.34758827090263367,
      -0.30501678586006165,
      0.05882352963089943,
      0.48403874039649963,
      0.4861331880092621
    ]
  ],
  "feature_names": [
    "charge",
    "abs_charge",
    "charge_centered",
    "charge_rank_norm",
    "wbo_sum",
    "wbo_max"
  ],
  "status": "ok",
  "error": null
}