{
  "canonical_smiles": "C[S+](CCC(N)C(=O)O)CC1OC(n2cnc3c(N)ncnc32)C(O)C1O.Cc1ccc(S(=O)(=O)[O-])cc1",
  "xtb_valid": true,
  "atom_valid_mask": [
    [
      1.0
    ],
    [
      1.0
    ],
    [
      1.0
    ],
    [
      1.0
    ],
    [
      1.0
    ],
    [
      1.0
    ],
    [
      1.0
    ],
    [
      1.0
    ],
    [
      1.0
    ],
    [
      1.0
    ],
    [
      1.0
    ],
    [
      1.0
    ],
    [
      1.0
    ],
    [
      1.0
    ],
    [
      1.0
    ],
    [
      1.0
    ],
    [
      1.0
    ],
    [
      1.0
    ],
    [
      1.0
    ],
    [
      1.0
    ],
    [
      1.0
    ],
    [
      1.0
    ],
    [
      1.0
    ],
    [
      1.0
    ],
    [
      1.0
    ],
    [
      1.0
    ],
    [
      1.0
    ],
    [
      1.0
    ],
    [
      1.0
    ],
    [
      1.0
    ],
    [
      1.0
    ],
    [
      1.0
    ],
    [
      1.0
    ],
    [
      1.0
    ],
    [
      1.0
    ],
    [
      1.0
    ],
    [
      1.0
    ],
    [
      1.0
    ]
  ],
  "atom_features": [
    [
      -0.11031836271286011,
      0.11031836271286011,
      0.03417228162288666,
      0.4324324429035187,
      0.21541465818881989,
      0.43082931637763977
    ],
    [
      -0.8362208008766174,
      0.8362208008766174,
      -0.6917301416397095,
      0.0,
      0.8002640604972839,
      0.4639756977558136
    ],
    [
      -0.046421609818935394,
      0.046421609818935394,
      0.09806903451681137,
      0.4864864945411682,
      0.8009165525436401,
      0.9456421732902527
    ],
    [
      0.06026690825819969,
      0.06026690825819969,
      0.20475755631923676,
      0.7297297120094299,
      0.42248106002807617,
      0.43452826142311096
    ],
    [
      0.006069180089980364,
      0.006069180089980364,
      0.15055982768535614,
      0.6216216087341309,
      0.7128130793571472,
      0.5068157911300659
    ],
    [
      -0.4061211943626404,
      0.4061211943626404,
      -0.2616305351257324,
      0.2432432472705841,
      0.25340789556503296,
      0.5068157911300659
    ],
    [
      0.3099025785923004,
      0.3099025785923004,
      0.454393208026886,
      0.9459459185600281,
      0.9009772539138794,
      0.7611909508705139
    ],
    [
      -0.5752638578414917,
      0.5752638578414917,
      -0.43077319860458374,
      0.0810810774564743,
      0.4165886342525482,
      0.7611909508705139
    ],
    [
      -0.3629714846611023,
      0.3629714846611023,
      -0.21848084032535553,
      0.2702702581882477,
      0.3142339289188385,
      0.5564815402030945
    ],
    [
      -0.02561368979513645,
      0.02561368979513645,
      0.11887695640325546,
      0.5675675868988037,
      0.4554086923599243,
      0.6939480900764465
    ],
    [
      -0.00620563980191946,
      0.00620563980191946,
      0.13828501105308533,
      0.5945945978164673,
      0.7900916337966919,
      0.41429436206817627
    ],
    [
      0.10261841118335724,
      0.10261841118335724,
      0.247109055519104,
      0.8918918967247009,
      0.5805585384368896,
      0.5423145294189453
    ],
    [
      0.009623399935662746,
      0.009623399935662746,
      0.1541140377521515,
      0.6486486196517944,
      0.7699434757232666,
      0.8814447522163391
    ],
    [
      0.0968901515007019,
      0.0968901515007019,
      0.24138079583644867,
      0.837837815284729,
      0.6890822649002075,
      0.7975732088088989
    ],
    [
      -0.2034059762954712,
      0.2034059762954712,
      -0.058915331959724426,
      0.37837839126586914,
      0.4325411915779114,
      0.5534571409225464
    ],
    [
      -0.4983356297016144,
      0.4983356297016144,
      -0.3538450002670288,
      0.13513512909412384,
      0.6203376650810242,
      0.6370664238929749
    ],
    [
      -0.03251009061932564,
      0.03251009061932564,
      0.11198055744171143,
      0.5135135054588318,
      0.9106705784797668,
      0.6370664238929749
    ],
    [
      0.10256951302289963,
      0.10256951302289963,
      0.2470601499080658,
      0.8648648858070374,
      0.9133033752441406,
      0.6306560039520264
    ],
    [
      -0.34491410851478577,
      0.34491410851478577,
      -0.200423464179039,
      0.29729729890823364,
      0.28535759449005127,
      0.5707151889801025
    ],
    [
      -0.411980539560318,
      0.411980539560318,
      -0.2674899101257324,
      0.21621622145175934,
      0.6805191040039062,
      0.6798208951950073
    ],
    [
      0.09483624249696732,
      0.09483624249696732,
      0.23932689428329468,
      0.7837837934494019,
      0.6971790790557861,
      0.6798208951950073
    ],
    [
      -0.4894882142543793,
      0.4894882142543793,
      -0.3449975848197937,
      0.18918919563293457,
      0.639629065990448,
      0.6643854975700378
    ],
    [
      -0.11008758842945099,
      0.11008758842945099,
      0.034403055906295776,
      0.45945945382118225,
      0.7136393189430237,
      0.5643112063407898
    ],
    [
      0.04349527880549431,
      0.04349527880549431,
      0.18798592686653137,
      0.7027027010917664,
      0.6326881051063538,
      0.48473256826400757
    ],
    [
      -0.4918312728404999,
      0.4918312728404999,
      -0.3473406434059143,
      0.1621621549129486,
      0.24236628413200378,
      0.48473256826400757
    ],
    [
      0.04093391075730324,
      0.04093391075730324,
      0.1854245513677597,
      0.6756756901741028,
      0.6739855408668518,
      0.4859958589076996
    ],
    [
      -0.5028692483901978,
      0.5028692483901978,
      -0.3583785891532898,
      0.10810811072587967,
      0.2429979294538498,
      0.4859958589076996
    ],
    [
      -0.029420290142297745,
      0.029420290142297745,
      0.11507035791873932,
      0.5405405163764954,
      0.6016932129859924,
      0.7975732088088989
    ],
    [
      0.3516594469547272,
      0.3516594469547272,
      0.49615007638931274,
      0.9729729890823364,
      0.8942790627479553,
      0.8814447522163391
    ],
    [
      0.07386045157909393,
      0.07386045157909393,
      0.2183510959148407,
      0.7567567825317383,
      0.5836051106452942,
      0.4978247880935669
    ],
    [
      0.09658213704824448,
      0.09658213704824448,
      0.24107277393341064,
      0.8108108043670654,
      0.8482829928398132,
      0.6939480900764465
    ],
    [
      -0.26797014474868774,
      0.26797014474868774,
      -0.12347950041294098,
      0.3513513505458832,
      0.6184266805648804,
      0.36472415924072266
    ],
    [
      0.73291015625,
      0.73291015625,
      0.877400815486908,
      1.0,
      1.2730231285095215,
      0.9456421732902527
    ],
    [
      0.15638549625873566,
      0.15638549625873566,
      0.3008761405944824,
      0.9189189076423645,
      0.6408507227897644,
      0.5473141670227051
    ],
    [
      -0.696566104888916,
      0.696566104888916,
      -0.5520754456520081,
      0.054054055362939835,
      0.31424885988235474,
      0.6284977197647095
    ],
    [
      -0.8133337497711182,
      0.8133337497711182,
      -0.6688430905342102,
      0.027027027681469917,
      0.28554755449295044,
      0.5710951089859009
    ],
    [
      -0.3067355453968048,
      0.3067355453968048,
      -0.16224490106105804,
      0.3243243098258972,
      0.42784368991851807,
      0.4909631907939911
    ],
    [
      -0.20066207647323608,
      0.20066207647323608,
      -0.05617143213748932,
      0.4054054021835327,
      0.40128374099731445,
      0.4909631907939911
    ]
  ],
  "feature_names": [
    "charge",
    "abs_charge",
    "charge_centered",
    "charge_rank_norm",
    "wbo_sum",
    "wbo_max"
  ],
  "status": "ok",
  "error": null
}