{
  "canonical_smiles": "COc1cc2ncnc(Nc3ccc(F)c(Cl)c3)c2cc1OCCCN1CCOCC1",
  "xtb_valid": true,
  "atom_valid_mask": [
    [
      1.0
    ],
    [
      1.0
    ],
    [
      1.0
    ],
    [
      1.0
    ],
    [
      1.0
    ],
    [
      1.0
    ],
    [
      1.0
    ],
    [
      1.0
    ],
    [
      1.0
    ],
    [
      1.0
    ],
    [
      1.0
    ],
    [
      1.0
    ],
    [
      1.0
    ],
    [
      1.0
    ],
    [
      1.0
    ],
    [
      1.0
    ],
    [
      1.0
    ],
    [
      1.0
    ],
    [
      1.0
    ],
    [
      1.0
    ],
    [
      1.0
    ],
    [
      1.0
    ],
    [
      1.0
    ],
    [
      1.0
    ],
    [
      1.0
    ],
    [
      1.0
    ],
    [
      1.0
    ],
    [
      1.0
    ],
    [
      1.0
    ],
    [
      1.0
    ],
    [
      1.0
    ]
  ],
  "atom_features": [
    [
      0.017450829967856407,
      0.017450829967856407,
      0.06713975220918655,
      0.6333333253860474,
      0.24167495965957642,
      0.48334991931915283
    ],
    [
      -0.27542534470558167,
      0.27542534470558167,
      -0.22573642432689667,
      0.13333334028720856,
      0.5118019580841064,
      0.5402539968490601
    ],
    [
      0.1340843141078949,
      0.1340843141078949,
      0.1837732344865799,
      0.8999999761581421,
      0.937452495098114,
      0.7210451364517212
    ],
    [
      -0.08986687660217285,
      0.08986687660217285,
      -0.040177952498197556,
      0.30000001192092896,
      0.7086496949195862,
      0.7210451364517212
    ],
    [
      0.10223148763179779,
      0.10223148763179779,
      0.1519204080104828,
      0.8333333134651184,
      0.9511974453926086,
      0.6447606086730957
    ],
    [
      -0.29541653394699097,
      0.29541653394699097,
      -0.24572761356830597,
      0.03333333507180214,
      0.692625880241394,
      0.7407631874084473
    ],
    [
      0.13700051605701447,
      0.13700051605701447,
      0.18668943643569946,
      0.9333333373069763,
      0.7130637168884277,
      0.7407631874084473
    ],
    [
      -0.294312447309494,
      0.294312447309494,
      -0.24462352693080902,
      0.10000000149011612,
      0.6917433142662048,
      0.6981223225593567
    ],
    [
      0.16240502893924713,
      0.16240502893924713,
      0.21209394931793213,
      1.0,
      0.9373384714126587,
      0.6981223225593567
    ],
    [
      -0.16940096020698547,
      0.16940096020698547,
      -0.11971203982830048,
      0.2666666805744171,
      0.5546852350234985,
      0.5554488301277161
    ],
    [
      0.08442520350217819,
      0.08442520350217819,
      0.1341141313314438,
      0.800000011920929,
      0.9569146037101746,
      0.6795923709869385
    ],
    [
      -0.04695636034011841,
      0.04695636034011841,
      0.002732563763856888,
      0.46666666865348816,
      0.7022135853767395,
      0.7256391644477844
    ],
    [
      -0.053488701581954956,
      0.053488701581954956,
      -0.00379977747797966,
      0.4333333373069763,
      0.735262930393219,
      0.7256391644477844
    ],
    [
      0.15693314373493195,
      0.15693314373493195,
      0.20662206411361694,
      0.9666666388511658,
      0.9216178059577942,
      0.6938397288322449
    ],
    [
      -0.24674147367477417,
      0.24674147367477417,
      -0.19705255329608917,
      0.1666666716337204,
      0.2354804426431656,
      0.4709608852863312
    ],
    [
      0.08348718285560608,
      0.08348718285560608,
      0.13317610323429108,
      0.7666666507720947,
      0.9347557425498962,
      0.7047151327133179
    ],
    [
      -0.180624321103096,
      0.180624321103096,
      -0.130935400724411,
      0.23333333432674408,
      0.24318070709705353,
      0.48636141419410706
    ],
    [
      -0.06904316693544388,
      0.06904316693544388,
      -0.019354242831468582,
      0.4000000059604645,
      0.7176772356033325,
      0.7047151327133179
    ],
    [
      -0.03192916139960289,
      0.03192916139960289,
      0.017759762704372406,
      0.5,
      0.9378620982170105,
      0.6399458050727844
    ],
    [
      -0.07775796949863434,
      0.07775796949863434,
      -0.028069045394659042,
      0.36666667461395264,
      0.7130026817321777,
      0.7345658540725708
    ],
    [
      0.12844982743263245,
      0.12844982743263245,
      0.17813874781131744,
      0.8666666746139526,
      0.9383214116096497,
      0.7345658540725708
    ],
    [
      -0.2943197786808014,
      0.2943197786808014,
      -0.2446308583021164,
      0.06666667014360428,
      0.500379741191864,
      0.5284711718559265
    ],
    [
      0.07540053874254227,
      0.07540053874254227,
      0.12508946657180786,
      0.7333333492279053,
      0.48709526658058167,
      0.5019022226333618
    ],
    [
      -0.07812324166297913,
      0.07812324166297913,
      -0.02843431755900383,
      0.3333333432674408,
      0.5016039609909058,
      0.5019022226333618
    ],
    [
      0.005511850118637085,
      0.005511850118637085,
      0.05520077422261238,
      0.5666666626930237,
      0.5000779032707214,
      0.5013056993484497
    ],
    [
      -0.19964516162872314,
      0.19964516162872314,
      -0.14995624125003815,
      0.20000000298023224,
      0.7476748824119568,
      0.49885013699531555
    ],
    [
      0.00576596986502409,
      0.00576596986502409,
      0.05545489490032196,
      0.6000000238418579,
      0.49922293424606323,
      0.5006536841392517
    ],
    [
      0.0736783966422081,
      0.0736783966422081,
      0.1233673244714737,
      0.6666666865348816,
      0.4929812550544739,
      0.5006536841392517
    ],
    [
      -0.3695273697376251,
      0.3695273697376251,
      -0.31983843445777893,
      0.0,
      0.48457321524620056,
      0.48530885577201843
    ],
    [
      0.07477989047765732,
      0.07477989047765732,
      0.12446881830692291,
      0.699999988079071,
      0.49100327491760254,
      0.4981689453125
    ],
    [
      -0.00938201043754816,
      0.00938201043754816,
      0.04030691459774971,
      0.5333333611488342,
      0.49843814969062805,
      0.4987073540687561
    ]
  ],
  "feature_names": [
    "charge",
    "abs_charge",
    "charge_centered",
    "charge_rank_norm",
    "wbo_sum",
    "wbo_max"
  ],
  "status": "ok",
  "error": null
}