{
  "canonical_smiles": "CC(C)(C)NC[C@H](O)COc1nsnc1N1CCOCC1",
  "xtb_valid": true,
  "atom_valid_mask": [
    [
      1.0
    ],
    [
      1.0
    ],
    [
      1.0
    ],
    [
      1.0
    ],
    [
      1.0
    ],
    [
      1.0
    ],
    [
      1.0
    ],
    [
      1.0
    ],
    [
      1.0
    ],
    [
      1.0
    ],
    [
      1.0
    ],
    [
      1.0
    ],
    [
      1.0
    ],
    [
      1.0
    ],
    [
      1.0
    ],
    [
      1.0
    ],
    [
      1.0
    ],
    [
      1.0
    ],
    [
      1.0
    ],
    [
      1.0
    ],
    [
      1.0
    ]
  ],
  "atom_features": [
    [
      -0.12030324339866638,
      0.12030324339866638,
      -0.040591128170490265,
      0.3499999940395355,
      0.24911659955978394,
      0.49823319911956787
    ],
    [
      0.08778040111064911,
      0.08778040111064911,
      0.16749250888824463,
      0.800000011920929,
      0.9901484251022339,
      0.49823319911956787
    ],
    [
      -0.11745481938123703,
      0.11745481938123703,
      -0.03774270415306091,
      0.4000000059604645,
      0.2470788210630417,
      0.4941576421260834
    ],
    [
      -0.12376879900693893,
      0.12376879900693893,
      -0.04405668377876282,
      0.30000001192092896,
      0.2482248693704605,
      0.496449738740921
    ],
    [
      -0.289361834526062,
      0.289361834526062,
      -0.2096497118473053,
      0.25,
      0.49921825528144836,
      0.5069802403450012
    ],
    [
      0.0033820399548858404,
      0.0033820399548858404,
      0.08309415727853775,
      0.6000000238418579,
      0.4991709887981415,
      0.5069802403450012
    ],
    [
      0.10376787185668945,
      0.10376787185668945,
      0.18347999453544617,
      0.8500000238418579,
      0.7380024194717407,
      0.49324318766593933
    ],
    [
      -0.5097644925117493,
      0.5097644925117493,
      -0.43005236983299255,
      0.0,
      0.24569997191429138,
      0.49139994382858276
    ],
    [
      0.05911197140812874,
      0.05911197140812874,
      0.13882409036159515,
      0.6499999761581421,
      0.47814083099365234,
      0.49324318766593933
    ],
    [
      -0.30145955085754395,
      0.30145955085754395,
      -0.22174742817878723,
      0.20000000298023224,
      0.49907585978507996,
      0.5351132750511169
    ],
    [
      0.19727998971939087,
      0.19727998971939087,
      0.2769921123981476,
      0.949999988079071,
      0.9626187682151794,
      0.7474051713943481
    ],
    [
      -0.32572200894355774,
      0.32572200894355774,
      -0.24600988626480103,
      0.10000000149011612,
      0.7213961482048035,
      0.7474051713943481
    ],
    [
      0.20305988192558289,
      0.20305988192558289,
      0.2827720046043396,
      1.0,
      0.676071286201477,
      0.639985203742981
    ],
    [
      -0.3237815797328949,
      0.3237815797328949,
      -0.24406945705413818,
      0.15000000596046448,
      0.7381775975227356,
      0.7086002826690674
    ],
    [
      0.11300435662269592,
      0.11300435662269592,
      0.19271647930145264,
      0.8999999761581421,
      0.9438509941101074,
      0.7086002826690674
    ],
    [
      -0.08724869042634964,
      0.08724869042634964,
      -0.007536575198173523,
      0.44999998807907104,
      0.8300362229347229,
      0.6127366423606873
    ],
    [
      -0.008856689557433128,
      0.008856689557433128,
      0.07085542380809784,
      0.550000011920929,
      0.4948079288005829,
      0.4998384416103363
    ],
    [
      0.06616899371147156,
      0.06616899371147156,
      0.14588111639022827,
      0.75,
      0.4935734272003174,
      0.4998384416103363
    ],
    [
      -0.3531971871852875,
      0.3531971871852875,
      -0.27348506450653076,
      0.05000000074505806,
      0.4866066873073578,
      0.48730841279029846
    ],
    [
      0.06581869721412659,
      0.06581869721412659,
      0.1455308198928833,
      0.699999988079071,
      0.4931028187274933,
      0.5003006458282471
    ],
    [
      -0.012409679591655731,
      0.012409679591655731,
      0.06730243563652039,
      0.5,
      0.49483656883239746,
      0.5003006458282471
    ]
  ],
  "feature_names": [
    "charge",
    "abs_charge",
    "charge_centered",
    "charge_rank_norm",
    "wbo_sum",
    "wbo_max"
  ],
  "status": "ok",
  "error": null
}