{
  "canonical_smiles": "Nc1c2c(nc3ccccc13)CCCC2",
  "xtb_valid": true,
  "atom_valid_mask": [
    [
      1.0
    ],
    [
      1.0
    ],
    [
      1.0
    ],
    [
      1.0
    ],
    [
      1.0
    ],
    [
      1.0
    ],
    [
      1.0
    ],
    [
      1.0
    ],
    [
      1.0
    ],
    [
      1.0
    ],
    [
      1.0
    ],
    [
      1.0
    ],
    [
      1.0
    ],
    [
      1.0
    ],
    [
      1.0
    ]
  ],
  "atom_features": [
    [
      -0.3556661903858185,
      0.3556661903858185,
      -0.29593798518180847,
      0.0,
      0.271049439907074,
      0.542098879814148
    ],
    [
      0.06954529136419296,
      0.06954529136419296,
      0.12927350401878357,
      0.8571428656578064,
      0.964039146900177,
      0.7099384665489197
    ],
    [
      -0.021239720284938812,
      0.021239720284938812,
      0.038488488644361496,
      0.7857142686843872,
      0.9389543533325195,
      0.7099384665489197
    ],
    [
      0.09071607142686844,
      0.09071607142686844,
      0.15044428408145905,
      1.0,
      0.944327712059021,
      0.720073938369751
    ],
    [
      -0.3117039203643799,
      0.3117039203643799,
      -0.2519757151603699,
      0.0714285746216774,
      0.7112299799919128,
      0.720073938369751
    ],
    [
      0.08811546117067337,
      0.08811546117067337,
      0.14784367382526398,
      0.9285714030265808,
      0.9536885619163513,
      0.6505573391914368
    ],
    [
      -0.04900553077459335,
      0.04900553077459335,
      0.010722678154706955,
      0.4285714328289032,
      0.7337564826011658,
      0.7553634643554688
    ],
    [
      -0.03637038171291351,
      0.03637038171291351,
      0.023357827216386795,
      0.6428571343421936,
      0.7193575501441956,
      0.7553634643554688
    ],
    [
      -0.03987070173025131,
      0.03987070173025131,
      0.019857507199048996,
      0.5714285969734192,
      0.7199652791023254,
      0.7565789222717285
    ],
    [
      -0.043839678168296814,
      0.043839678168296814,
      0.015888530761003494,
      0.5,
      0.7358329892158508,
      0.7565789222717285
    ],
    [
      -0.027738390490412712,
      0.027738390490412712,
      0.031989820301532745,
      0.7142857313156128,
      0.9419847130775452,
      0.6499108672142029
    ],
    [
      -0.07214135676622391,
      0.07214135676622391,
      -0.0124131478369236,
      0.1428571492433548,
      0.5047411322593689,
      0.5061897039413452
    ],
    [
      -0.059797871857881546,
      0.059797871857881546,
      -6.966292858123779e-05,
      0.3571428656578064,
      0.5042463541030884,
      0.5052001476287842
    ],
    [
      -0.06055295839905739,
      0.06055295839905739,
      -0.0008247494697570801,
      0.2857142984867096,
      0.5043636560440063,
      0.5052001476287842
    ],
    [
      -0.06637325882911682,
      0.06637325882911682,
      -0.006645049899816513,
      0.2142857164144516,
      0.5045527219772339,
      0.505578339099884
    ]
  ],
  "feature_names": [
    "charge",
    "abs_charge",
    "charge_centered",
    "charge_rank_norm",
    "wbo_sum",
    "wbo_max"
  ],
  "status": "ok",
  "error": null
}