{
  "canonical_smiles": "CC(C)(C)c1cc(C[C@@H]2SCNC2=O)cc(C(C)(C)C)c1O",
  "xtb_valid": true,
  "atom_valid_mask": [
    [
      1.0
    ],
    [
      1.0
    ],
    [
      1.0
    ],
    [
      1.0
    ],
    [
      1.0
    ],
    [
      1.0
    ],
    [
      1.0
    ],
    [
      1.0
    ],
    [
      1.0
    ],
    [
      1.0
    ],
    [
      1.0
    ],
    [
      1.0
    ],
    [
      1.0
    ],
    [
      1.0
    ],
    [
      1.0
    ],
    [
      1.0
    ],
    [
      1.0
    ],
    [
      1.0
    ],
    [
      1.0
    ],
    [
      1.0
    ],
    [
      1.0
    ],
    [
      1.0
    ]
  ],
  "atom_features": [
    [
      -0.10838072746992111,
      0.10838072746992111,
      -0.03197304904460907,
      0.3333333432674408,
      0.24672608077526093,
      0.49345216155052185
    ],
    [
      0.0313154011964798,
      0.0313154011964798,
      0.10772307962179184,
      0.8095238208770752,
      0.9881640076637268,
      0.4973355531692505
    ],
    [
      -0.1112663671374321,
      0.1112663671374321,
      -0.034858688712120056,
      0.2380952388048172,
      0.2481311708688736,
      0.4962623417377472
    ],
    [
      -0.11168830096721649,
      0.11168830096721649,
      -0.03528062254190445,
      0.190476194024086,
      0.24866777658462524,
      0.4973355531692505
    ],
    [
      -0.027069050818681717,
      0.027069050818681717,
      0.049338627606630325,
      0.6190476417541504,
      0.9648036360740662,
      0.7082854509353638
    ],
    [
      -0.05382300913333893,
      0.05382300913333893,
      0.022584669291973114,
      0.5714285969734192,
      0.7332697510719299,
      0.7082854509353638
    ],
    [
      -0.008817300200462341,
      0.008817300200462341,
      0.0675903782248497,
      0.7142857313156128,
      0.9562735557556152,
      0.7071258425712585
    ],
    [
      -0.05606300011277199,
      0.05606300011277199,
      0.020344678312540054,
      0.523809552192688,
      0.4959089159965515,
      0.501997172832489
    ],
    [
      0.014308730140328407,
      0.014308730140328407,
      0.0907164067029953,
      0.761904776096344,
      0.7274327278137207,
      0.4898206293582916
    ],
    [
      -0.19057461619377136,
      0.19057461619377136,
      -0.11416693776845932,
      0.1428571492433548,
      0.48910999298095703,
      0.49348190426826477
    ],
    [
      0.046654801815748215,
      0.046654801815748215,
      0.12306247651576996,
      0.9047619104385376,
      0.5002524256706238,
      0.5070229768753052
    ],
    [
      -0.19470128417015076,
      0.19470128417015076,
      -0.11829360574483871,
      0.095238097012043,
      0.6225253939628601,
      0.639725923538208
    ],
    [
      0.2800121605396271,
      0.2800121605396271,
      0.3564198315143585,
      1.0,
      0.9687110781669617,
      0.8173896670341492
    ],
    [
      -0.5108986496925354,
      0.5108986496925354,
      -0.43449097871780396,
      0.0,
      0.4578457772731781,
      0.8173896670341492
    ],
    [
      -0.05652682110667229,
      0.05652682110667229,
      0.019880857318639755,
      0.4761904776096344,
      0.7337486743927002,
      0.7128217816352844
    ],
    [
      -0.01679603010416031,
      0.01679603010416031,
      0.05961164832115173,
      0.6666666865348816,
      0.9651727080345154,
      0.7128217816352844
    ],
    [
      0.03295547887682915,
      0.03295547887682915,
      0.10936315357685089,
      0.8571428656578064,
      0.9884496331214905,
      0.49825984239578247
    ],
    [
      -0.10859327018260956,
      0.10859327018260956,
      -0.032185591757297516,
      0.2857142984867096,
      0.24912992119789124,
      0.49825984239578247
    ],
    [
      -0.10740985721349716,
      0.10740985721349716,
      -0.03100217878818512,
      0.380952388048172,
      0.24709030985832214,
      0.4941806197166443
    ],
    [
      -0.10672958195209503,
      0.10672958195209503,
      -0.03032190352678299,
      0.4285714328289032,
      0.24731402099132538,
      0.49462804198265076
    ],
    [
      0.12625600397586823,
      0.12625600397586823,
      0.20266368985176086,
      0.9523809552192688,
      0.9395827651023865,
      0.6807923913002014
    ],
    [
      -0.4431338906288147,
      0.4431338906288147,
      -0.36672621965408325,
      0.0476190485060215,
      0.2609041929244995,
      0.521808385848999
    ]
  ],
  "feature_names": [
    "charge",
    "abs_charge",
    "charge_centered",
    "charge_rank_norm",
    "wbo_sum",
    "wbo_max"
  ],
  "status": "ok",
  "error": null
}