{
  "canonical_smiles": "COc1ccc2cc(CCC(C)=O)ccc2c1",
  "xtb_valid": true,
  "atom_valid_mask": [
    [
      1.0
    ],
    [
      1.0
    ],
    [
      1.0
    ],
    [
      1.0
    ],
    [
      1.0
    ],
    [
      1.0
    ],
    [
      1.0
    ],
    [
      1.0
    ],
    [
      1.0
    ],
    [
      1.0
    ],
    [
      1.0
    ],
    [
      1.0
    ],
    [
      1.0
    ],
    [
      1.0
    ],
    [
      1.0
    ],
    [
      1.0
    ],
    [
      1.0
    ]
  ],
  "atom_features": [
    [
      0.023852940648794174,
      0.023852940648794174,
      0.07945437729358673,
      0.875,
      0.24282628297805786,
      0.4856525659561157
    ],
    [
      -0.307624489068985,
      0.307624489068985,
      -0.25202304124832153,
      0.0625,
      0.5054301619529724,
      0.5252076983451843
    ],
    [
      0.13931171596050262,
      0.13931171596050262,
      0.19491314888000488,
      0.9375,
      0.946273684501648,
      0.7129955291748047
    ],
    [
      -0.06822779029607773,
      0.06822779029607773,
      -0.012626353651285172,
      0.3125,
      0.7059304118156433,
      0.7575167417526245
    ],
    [
      -0.04488686844706535,
      0.04488686844706535,
      0.010714568197727203,
      0.5,
      0.7356629967689514,
      0.7575167417526245
    ],
    [
      0.0062913899309933186,
      0.0062913899309933186,
      0.06189282611012459,
      0.6875,
      0.9549259543418884,
      0.6491033434867859
    ],
    [
      -0.050374798476696014,
      0.050374798476696014,
      0.005226638168096542,
      0.4375,
      0.728840172290802,
      0.7446051836013794
    ],
    [
      0.006738409865647554,
      0.006738409865647554,
      0.062339846044778824,
      0.75,
      0.9574927091598511,
      0.7446051836013794
    ],
    [
      -0.05899950861930847,
      0.05899950861930847,
      -0.003398071974515915,
      0.375,
      0.5007702708244324,
      0.504413366317749
    ],
    [
      -0.08893226832151413,
      0.08893226832151413,
      -0.03333083167672157,
      0.1875,
      0.4990236461162567,
      0.5009200572967529
    ],
    [
      0.24623018503189087,
      0.24623018503189087,
      0.3018316328525543,
      1.0,
      0.9558686017990112,
      0.9016916751861572
    ],
    [
      -0.159036323428154,
      0.159036323428154,
      -0.10343489050865173,
      0.125,
      0.25456273555755615,
      0.5091254711151123
    ],
    [
      -0.4428766071796417,
      0.4428766071796417,
      -0.38727515935897827,
      0.0,
      0.4508458375930786,
      0.9016916751861572
    ],
    [
      -0.04243136942386627,
      0.04243136942386627,
      0.013170067220926285,
      0.625,
      0.7145629525184631,
      0.7631590366363525
    ],
    [
      -0.044591501355171204,
      0.044591501355171204,
      0.011009935289621353,
      0.5625,
      0.736042857170105,
      0.7631590366363525
    ],
    [
      0.012046869844198227,
      0.012046869844198227,
      0.06764830648899078,
      0.8125,
      0.9560025930404663,
      0.6553268432617188
    ],
    [
      -0.07171446084976196,
      0.07171446084976196,
      -0.016113024204969406,
      0.25,
      0.7165533900260925,
      0.7129955291748047
    ]
  ],
  "feature_names": [
    "charge",
    "abs_charge",
    "charge_centered",
    "charge_rank_norm",
    "wbo_sum",
    "wbo_max"
  ],
  "status": "ok",
  "error": null
}