{
  "canonical_smiles": "O=c1ccc2ncc(=O)n3c2n1C[C@H]3CN1CCC(NCc2cc3c(cn2)OCCC3)CC1",
  "xtb_valid": true,
  "atom_valid_mask": [
    [
      1.0
    ],
    [
      1.0
    ],
    [
      1.0
    ],
    [
      1.0
    ],
    [
      1.0
    ],
    [
      1.0
    ],
    [
      1.0
    ],
    [
      1.0
    ],
    [
      1.0
    ],
    [
      1.0
    ],
    [
      1.0
    ],
    [
      1.0
    ],
    [
      1.0
    ],
    [
      1.0
    ],
    [
      1.0
    ],
    [
      1.0
    ],
    [
      1.0
    ],
    [
      1.0
    ],
    [
      1.0
    ],
    [
      1.0
    ],
    [
      1.0
    ],
    [
      1.0
    ],
    [
      1.0
    ],
    [
      1.0
    ],
    [
      1.0
    ],
    [
      1.0
    ],
    [
      1.0
    ],
    [
      1.0
    ],
    [
      1.0
    ],
    [
      1.0
    ],
    [
      1.0
    ],
    [
      1.0
    ],
    [
      1.0
    ]
  ],
  "atom_features": [
    [
      -0.5000308752059937,
      0.5000308752059937,
      -0.44882041215896606,
      0.0,
      0.4402140974998474,
      0.8083043694496155
    ],
    [
      0.26693812012672424,
      0.26693812012672424,
      0.31814858317375183,
      1.0,
      0.9584717154502869,
      0.8083043694496155
    ],
    [
      -0.0804285928606987,
      0.0804285928606987,
      -0.029218129813671112,
      0.21875,
      0.6984866857528687,
      0.8614562749862671
    ],
    [
      -0.03226178139448166,
      0.03226178139448166,
      0.01894868165254593,
      0.46875,
      0.720275342464447,
      0.8614562749862671
    ],
    [
      0.05092645063996315,
      0.05092645063996315,
      0.10213690996170044,
      0.8125,
      0.933434784412384,
      0.6879035234451294
    ],
    [
      -0.2028913050889969,
      0.2028913050889969,
      -0.1516808420419693,
      0.15625,
      0.7259103059768677,
      0.8519489169120789
    ],
    [
      0.012966480106115341,
      0.012966480106115341,
      0.06417694687843323,
      0.6875,
      0.6811423897743225,
      0.8519489169120789
    ],
    [
      0.25883352756500244,
      0.25883352756500244,
      0.31004399061203003,
      0.96875,
      0.9534027576446533,
      0.8136596083641052
    ],
    [
      -0.49241313338279724,
      0.49241313338279724,
      -0.44120267033576965,
      0.03125,
      0.445936918258667,
      0.8136596083641052
    ],
    [
      -0.03292306885123253,
      0.03292306885123253,
      0.01828739419579506,
      0.4375,
      0.8598138093948364,
      0.5875301957130432
    ],
    [
      0.1283109039068222,
      0.1283109039068222,
      0.1795213669538498,
      0.90625,
      0.9330230951309204,
      0.6879035234451294
    ],
    [
      -0.03902015835046768,
      0.03902015835046768,
      0.012190304696559906,
      0.40625,
      0.8580182194709778,
      0.5906123518943787
    ],
    [
      -0.01683524064719677,
      0.01683524064719677,
      0.03437522053718567,
      0.5,
      0.48764753341674805,
      0.49511680006980896
    ],
    [
      0.029622910544276237,
      0.029622910544276237,
      0.08083337545394897,
      0.75,
      0.7268685102462769,
      0.49511680006980896
    ],
    [
      -0.003365709912031889,
      0.003365709912031889,
      0.04784475266933441,
      0.53125,
      0.495895653963089,
      0.504244327545166
    ],
    [
      -0.19359615445137024,
      0.19359615445137024,
      -0.14238569140434265,
      0.1875,
      0.7515929341316223,
      0.504244327545166
    ],
    [
      0.004943029955029488,
      0.004943029955029488,
      0.056153491139411926,
      0.65625,
      0.49908262491226196,
      0.5015112161636353
    ],
    [
      -0.07091475278139114,
      0.07091475278139114,
      -0.019704289734363556,
      0.3125,
      0.49355679750442505,
      0.4966540038585663
    ],
    [
      0.05049747973680496,
      0.05049747973680496,
      0.10170794278383255,
      0.78125,
      0.7436985969543457,
      0.4999452531337738
    ],
    [
      -0.2834899425506592,
      0.2834899425506592,
      -0.2322794795036316,
      0.09375,
      0.5000999569892883,
      0.5002546906471252
    ],
    [
      0.003313629887998104,
      0.003313629887998104,
      0.05452409386634827,
      0.625,
      0.499595582485199,
      0.5002546906471252
    ],
    [
      0.07547557353973389,
      0.07547557353973389,
      0.12668603658676147,
      0.875,
      0.9510372281074524,
      0.7057605385780334
    ],
    [
      -0.061935871839523315,
      0.061935871839523315,
      -0.010725408792495728,
      0.375,
      0.7332014441490173,
      0.7077382802963257
    ],
    [
      8.33000012789853e-06,
      8.33000012789853e-06,
      0.05121879279613495,
      0.5625,
      0.9423837065696716,
      0.7077382802963257
    ],
    [
      0.12975366413593292,
      0.12975366413593292,
      0.1809641271829605,
      0.9375,
      0.9404101967811584,
      0.6840623617172241
    ],
    [
      0.02226731926202774,
      0.02226731926202774,
      0.07347778230905533,
      0.71875,
      0.7262417674064636,
      0.715516984462738
    ],
    [
      -0.26782262325286865,
      0.26782262325286865,
      -0.21661216020584106,
      0.125,
      0.7064472436904907,
      0.715516984462738
    ],
    [
      -0.3080052137374878,
      0.3080052137374878,
      -0.2567947506904602,
      0.0625,
      0.5016466975212097,
      0.5277372002601624
    ],
    [
      0.07241173833608627,
      0.07241173833608627,
      0.12362220138311386,
      0.84375,
      0.4889838397502899,
      0.5024114847183228
    ],
    [
      -0.0710553526878357,
      0.0710553526878357,
      -0.019844889640808105,
      0.28125,
      0.5030767321586609,
      0.503741979598999
    ],
    [
      -0.06699895858764648,
      0.06699895858764648,
      -0.015788495540618896,
      0.34375,
      0.5058751702308655,
      0.5080083608627319
    ],
    [
      -0.0739804282784462,
      0.0739804282784462,
      -0.02276996523141861,
      0.25,
      0.49820879101753235,
      0.4994252324104309
    ],
    [
      0.0017546099843457341,
      0.0017546099843457341,
      0.05296507477760315,
      0.59375,
      0.49842777848243713,
      0.4994252324104309
    ]
  ],
  "feature_names": [
    "charge",
    "abs_charge",
    "charge_centered",
    "charge_rank_norm",
    "wbo_sum",
    "wbo_max"
  ],
  "status": "ok",
  "error": null
}