{
  "canonical_smiles": "C#Cc1cccc(Nc2ncnc3cc4c(cc23)OCCOCCOCCO4)c1",
  "xtb_valid": true,
  "atom_valid_mask": [
    [
      1.0
    ],
    [
      1.0
    ],
    [
      1.0
    ],
    [
      1.0
    ],
    [
      1.0
    ],
    [
      1.0
    ],
    [
      1.0
    ],
    [
      1.0
    ],
    [
      1.0
    ],
    [
      1.0
    ],
    [
      1.0
    ],
    [
      1.0
    ],
    [
      1.0
    ],
    [
      1.0
    ],
    [
      1.0
    ],
    [
      1.0
    ],
    [
      1.0
    ],
    [
      1.0
    ],
    [
      1.0
    ],
    [
      1.0
    ],
    [
      1.0
    ],
    [
      1.0
    ],
    [
      1.0
    ],
    [
      1.0
    ],
    [
      1.0
    ],
    [
      1.0
    ],
    [
      1.0
    ],
    [
      1.0
    ],
    [
      1.0
    ]
  ],
  "atom_features": [
    [
      -0.11573269218206406,
      0.11573269218206406,
      -0.06811526417732239,
      0.25,
      0.7099486589431763,
      1.4198973178863525
    ],
    [
      -0.0260471198707819,
      0.0260471198707819,
      0.02157031185925007,
      0.5357142686843872,
      0.9838787317276001,
      1.4198973178863525
    ],
    [
      0.03848594054579735,
      0.03848594054579735,
      0.08610337227582932,
      0.5714285969734192,
      0.9606146216392517,
      0.6897874474525452
    ],
    [
      -0.03949403017759323,
      0.03949403017759323,
      0.008123401552438736,
      0.4285714328289032,
      0.7019405364990234,
      0.7202993035316467
    ],
    [
      -0.03466704115271568,
      0.03466704115271568,
      0.012950390577316284,
      0.4642857015132904,
      0.7472527623176575,
      0.7230663895606995
    ],
    [
      -0.05645325034856796,
      0.05645325034856796,
      -0.008835818618535995,
      0.3571428656578064,
      0.7012471556663513,
      0.7230663895606995
    ],
    [
      0.07559482008218765,
      0.07559482008218765,
      0.12321224808692932,
      0.7857142686843872,
      0.9550232291221619,
      0.6894332766532898
    ],
    [
      -0.1798677146434784,
      0.1798677146434784,
      -0.13225027918815613,
      0.2142857164144516,
      0.5544445514678955,
      0.5677037835121155
    ],
    [
      0.16707636415958405,
      0.16707636415958405,
      0.2146937996149063,
      1.0,
      0.939041256904602,
      0.6963253617286682
    ],
    [
      -0.2927789092063904,
      0.2927789092063904,
      -0.24516147375106812,
      0.1428571492433548,
      0.691429853439331,
      0.6963253617286682
    ],
    [
      0.1399855613708496,
      0.1399855613708496,
      0.18760299682617188,
      0.9642857313156128,
      0.713456928730011,
      0.7403795719146729
    ],
    [
      -0.2923327684402466,
      0.2923327684402466,
      -0.24471533298492432,
      0.1785714328289032,
      0.6919023990631104,
      0.7403795719146729
    ],
    [
      0.1041262298822403,
      0.1041262298822403,
      0.15174366533756256,
      0.8571428656578064,
      0.952312707901001,
      0.6463581323623657
    ],
    [
      -0.0745384693145752,
      0.0745384693145752,
      -0.026921037584543228,
      0.2857142984867096,
      0.7181029319763184,
      0.7293470501899719
    ],
    [
      0.1293809562921524,
      0.1293809562921524,
      0.17699839174747467,
      0.9285714030265808,
      0.9386242628097534,
      0.7293470501899719
    ],
    [
      0.12656080722808838,
      0.12656080722808838,
      0.17417824268341064,
      0.8928571343421936,
      0.9400444030761719,
      0.732818603515625
    ],
    [
      -0.06719701737165451,
      0.06719701737165451,
      -0.019579585641622543,
      0.3214285671710968,
      0.7208048105239868,
      0.732818603515625
    ],
    [
      -0.029400110244750977,
      0.029400110244750977,
      0.01821732148528099,
      0.5,
      0.9385928511619568,
      0.64829021692276
    ],
    [
      -0.3176550567150116,
      0.3176550567150116,
      -0.27003762125968933,
      0.1071428582072258,
      0.4898202419281006,
      0.509677529335022
    ],
    [
      0.06768056750297546,
      0.06768056750297546,
      0.11529800295829773,
      0.6785714030265808,
      0.48396408557891846,
      0.4979652762413025
    ],
    [
      0.07395847141742706,
      0.07395847141742706,
      0.12157590687274933,
      0.75,
      0.4933355450630188,
      0.4979652762413025
    ],
    [
      -0.3443296551704407,
      0.3443296551704407,
      -0.2967122197151184,
      0.0357142873108387,
      0.48794442415237427,
      0.4887058138847351
    ],
    [
      0.07243333756923676,
      0.07243333756923676,
      0.12005077302455902,
      0.7142857313156128,
      0.4921884834766388,
      0.4971938729286194
    ],
    [
      0.06475432962179184,
      0.06475432962179184,
      0.11237175762653351,
      0.6071428656578064,
      0.49327516555786133,
      0.4971938729286194
    ],
    [
      -0.3464212119579315,
      0.3464212119579315,
      -0.29880377650260925,
      0.0,
      0.48905500769615173,
      0.48935648798942566
    ],
    [
      0.0650673508644104,
      0.0650673508644104,
      0.11268478631973267,
      0.6428571343421936,
      0.49326470494270325,
      0.4977759122848511
    ],
    [
      0.075813427567482,
      0.075813427567482,
      0.12343086302280426,
      0.8214285969734192,
      0.48211589455604553,
      0.4977759122848511
    ],
    [
      -0.321028470993042,
      0.321028470993042,
      -0.2734110355377197,
      0.0714285746216774,
      0.48838236927986145,
      0.5103088617324829
    ],
    [
      -0.04388026148080826,
      0.04388026148080826,
      0.003737170249223709,
      0.3928571343421936,
      0.7151802778244019,
      0.6897874474525452
    ]
  ],
  "feature_names": [
    "charge",
    "abs_charge",
    "charge_centered",
    "charge_rank_norm",
    "wbo_sum",
    "wbo_max"
  ],
  "status": "ok",
  "error": null
}