{
  "canonical_smiles": "C[C@@H]([C@@H](O)c1ccc(O)cc1)N1CCC(O)(c2ccccc2)CC1",
  "xtb_valid": true,
  "atom_valid_mask": [
    [
      1.0
    ],
    [
      1.0
    ],
    [
      1.0
    ],
    [
      1.0
    ],
    [
      1.0
    ],
    [
      1.0
    ],
    [
      1.0
    ],
    [
      1.0
    ],
    [
      1.0
    ],
    [
      1.0
    ],
    [
      1.0
    ],
    [
      1.0
    ],
    [
      1.0
    ],
    [
      1.0
    ],
    [
      1.0
    ],
    [
      1.0
    ],
    [
      1.0
    ],
    [
      1.0
    ],
    [
      1.0
    ],
    [
      1.0
    ],
    [
      1.0
    ],
    [
      1.0
    ],
    [
      1.0
    ],
    [
      1.0
    ]
  ],
  "atom_features": [
    [
      -0.10985393822193146,
      0.10985393822193146,
      -0.0293259397149086,
      0.17391304671764374,
      0.2521214783191681,
      0.5042429566383362
    ],
    [
      0.04434923827648163,
      0.04434923827648163,
      0.12487723678350449,
      0.8695651888847351,
      0.7373315095901489,
      0.5042429566383362
    ],
    [
      0.10463640093803406,
      0.10463640093803406,
      0.18516439199447632,
      0.9130434989929199,
      0.7305262088775635,
      0.4957903027534485
    ],
    [
      -0.5175004601478577,
      0.5175004601478577,
      -0.4369724690914154,
      0.0,
      0.24377146363258362,
      0.48754292726516724
    ],
    [
      -0.016796499490737915,
      0.016796499490737915,
      0.06373149901628494,
      0.695652186870575,
      0.9513261318206787,
      0.7037062644958496
    ],
    [
      -0.03999403864145279,
      0.03999403864145279,
      0.04053395986557007,
      0.43478259444236755,
      0.7414377927780151,
      0.7250736355781555
    ],
    [
      -0.07574111223220825,
      0.07574111223220825,
      0.004786886274814606,
      0.21739129722118378,
      0.7318596839904785,
      0.7250736355781555
    ],
    [
      0.14447616040706635,
      0.14447616040706635,
      0.2250041663646698,
      1.0,
      0.9532501101493835,
      0.6857698559761047
    ],
    [
      -0.4606339931488037,
      0.4606339931488037,
      -0.38010600209236145,
      0.08695652335882187,
      0.2675051987171173,
      0.5350103974342346
    ],
    [
      -0.0630248486995697,
      0.0630248486995697,
      0.017503149807453156,
      0.30434781312942505,
      0.7325505614280701,
      0.7247350811958313
    ],
    [
      -0.038627248257398605,
      0.038627248257398605,
      0.04190075024962425,
      0.47826087474823,
      0.7406585812568665,
      0.7247350811958313
    ],
    [
      -0.2070484757423401,
      0.2070484757423401,
      -0.12652048468589783,
      0.1304347813129425,
      0.7448644638061523,
      0.4996817409992218
    ],
    [
      0.012999740429222584,
      0.012999740429222584,
      0.09352774173021317,
      0.8260869383811951,
      0.5001707077026367,
      0.5029951333999634
    ],
    [
      -0.0625227764248848,
      0.0625227764248848,
      0.01800522208213806,
      0.3478260934352875,
      0.4945530891418457,
      0.5029951333999634
    ],
    [
      0.1383335143327713,
      0.1383335143327713,
      0.21886152029037476,
      0.95652174949646,
      0.9709597229957581,
      0.48858311772346497
    ],
    [
      -0.5151373744010925,
      0.5151373744010925,
      -0.43460938334465027,
      0.043478261679410934,
      0.23972171545028687,
      0.47944343090057373
    ],
    [
      -0.0128729697316885,
      0.0128729697316885,
      0.06765502691268921,
      0.739130437374115,
      0.9777488708496094,
      0.7088941931724548
    ],
    [
      -0.04211435839533806,
      0.04211435839533806,
      0.0384136401116848,
      0.3913043439388275,
      0.7416228652000427,
      0.7192312479019165
    ],
    [
      -0.03629416972398758,
      0.03629416972398758,
      0.04423382878303528,
      0.5652173757553101,
      0.7481798529624939,
      0.7206672430038452
    ],
    [
      -0.0360526517033577,
      0.0360526517033577,
      0.04447534680366516,
      0.6086956262588501,
      0.7469848990440369,
      0.7206672430038452
    ],
    [
      -0.03593797981739044,
      0.03593797981739044,
      0.044590018689632416,
      0.6521739363670349,
      0.748324990272522,
      0.7230822443962097
    ],
    [
      -0.03670661896467209,
      0.03670661896467209,
      0.04382137954235077,
      0.52173912525177,
      0.7417550683021545,
      0.7230822443962097
    ],
    [
      -0.07177893817424774,
      0.07177893817424774,
      0.008749060332775116,
      0.260869562625885,
      0.4942929446697235,
      0.5000027418136597
    ],
    [
      0.001171319978311658,
      0.001171319978311658,
      0.08169931918382645,
      0.782608687877655,
      0.49984225630760193,
      0.5000027418136597
    ]
  ],
  "feature_names": [
    "charge",
    "abs_charge",
    "charge_centered",
    "charge_rank_norm",
    "wbo_sum",
    "wbo_max"
  ],
  "status": "ok",
  "error": null
}