{
  "canonical_smiles": "C[C@@H](c1ncncc1F)[C@](O)(Cn1cncn1)c1ccc(F)cc1F",
  "xtb_valid": true,
  "atom_valid_mask": [
    [
      1.0
    ],
    [
      1.0
    ],
    [
      1.0
    ],
    [
      1.0
    ],
    [
      1.0
    ],
    [
      1.0
    ],
    [
      1.0
    ],
    [
      1.0
    ],
    [
      1.0
    ],
    [
      1.0
    ],
    [
      1.0
    ],
    [
      1.0
    ],
    [
      1.0
    ],
    [
      1.0
    ],
    [
      1.0
    ],
    [
      1.0
    ],
    [
      1.0
    ],
    [
      1.0
    ],
    [
      1.0
    ],
    [
      1.0
    ],
    [
      1.0
    ],
    [
      1.0
    ],
    [
      1.0
    ],
    [
      1.0
    ],
    [
      1.0
    ]
  ],
  "atom_features": [
    [
      -0.1197795495390892,
      0.1197795495390892,
      -0.06349083036184311,
      0.3333333432674408,
      0.24769966304302216,
      0.4953993260860443
    ],
    [
      -0.025193890556693077,
      0.025193890556693077,
      0.031094828620553017,
      0.5833333134651184,
      0.7277432680130005,
      0.4997570812702179
    ],
    [
      0.09242399036884308,
      0.09242399036884308,
      0.14871270954608917,
      0.75,
      0.9623838663101196,
      0.6974176168441772
    ],
    [
      -0.2348468154668808,
      0.2348468154668808,
      -0.1785580962896347,
      0.2083333283662796,
      0.7321113348007202,
      0.7148699164390564
    ],
    [
      0.12937483191490173,
      0.12937483191490173,
      0.18566355109214783,
      0.8333333134651184,
      0.7150956988334656,
      0.7153214812278748
    ],
    [
      -0.23452208936214447,
      0.23452208936214447,
      -0.17823337018489838,
      0.25,
      0.7377007603645325,
      0.7153214812278748
    ],
    [
      0.04976287856698036,
      0.04976287856698036,
      0.10605159401893616,
      0.625,
      0.7314362525939941,
      0.7090254426002502
    ],
    [
      0.1528242975473404,
      0.1528242975473404,
      0.2091130167245865,
      0.9166666865348816,
      0.9266332387924194,
      0.7019117474555969
    ],
    [
      -0.23638275265693665,
      0.23638275265693665,
      -0.18009403347969055,
      0.1666666716337204,
      0.2374081015586853,
      0.4748162031173706
    ],
    [
      0.14840222895145416,
      0.14840222895145416,
      0.20469094812870026,
      0.875,
      0.962274968624115,
      0.49063754081726074
    ],
    [
      -0.49730193614959717,
      0.49730193614959717,
      -0.4410132169723511,
      0.0,
      0.24531877040863037,
      0.49063754081726074
    ],
    [
      -0.030986839905381203,
      0.030986839905381203,
      0.02530187927186489,
      0.5,
      0.4876963496208191,
      0.4904608726501465
    ],
    [
      0.07774682343006134,
      0.07774682343006134,
      0.13403554260730743,
      0.6666666865348816,
      0.8705359697341919,
      0.6558656096458435
    ],
    [
      0.08736135810613632,
      0.08736135810613632,
      0.143650084733963,
      0.7083333134651184,
      0.734870433807373,
      0.7492580413818359
    ],
    [
      -0.3084030747413635,
      0.3084030747413635,
      -0.25211435556411743,
      0.0416666679084301,
      0.7088859677314758,
      0.7492580413818359
    ],
    [
      0.10625520348548889,
      0.10625520348548889,
      0.16254392266273499,
      0.7916666865348816,
      0.7180280685424805,
      0.7675422430038452
    ],
    [
      -0.2557026147842407,
      0.2557026147842407,
      -0.19941389560699463,
      0.0833333358168602,
      0.7134524583816528,
      0.7675422430038452
    ],
    [
      -0.02553490921854973,
      0.02553490921854973,
      0.030753809958696365,
      0.5416666865348816,
      0.9390008449554443,
      0.7044325470924377
    ],
    [
      -0.03616344928741455,
      0.03616344928741455,
      0.020125269889831543,
      0.4583333432674408,
      0.7403741478919983,
      0.7216420769691467
    ],
    [
      -0.057974498718976974,
      0.057974498718976974,
      -0.0016857795417308807,
      0.4166666567325592,
      0.7094472646713257,
      0.7216420769691467
    ],
    [
      0.18024806678295135,
      0.18024806678295135,
      0.23653678596019745,
      1.0,
      0.9358531832695007,
      0.697722315788269
    ],
    [
      -0.2367367148399353,
      0.2367367148399353,
      -0.1804479956626892,
      0.125,
      0.2383657842874527,
      0.4767315685749054
    ],
    [
      -0.07357127964496613,
      0.07357127964496613,
      -0.017282560467720032,
      0.375,
      0.7270883917808533,
      0.7017807960510254
    ],
    [
      0.1700301617383957,
      0.1700301617383957,
      0.22631888091564178,
      0.9583333134651184,
      0.9288637042045593,
      0.7017807960510254
    ],
    [
      -0.2285473495721817,
      0.2285473495721817,
      -0.1722586303949356,
      0.2916666567325592,
      0.23551394045352936,
      0.4710278809070587
    ]
  ],
  "feature_names": [
    "charge",
    "abs_charge",
    "charge_centered",
    "charge_rank_norm",
    "wbo_sum",
    "wbo_max"
  ],
  "status": "ok",
  "error": null
}