{
  "canonical_smiles": "COC(OC)[C@@]1(C)Oc2ccc(N)cc2[C@H](N(Cc2nnn(C)n2)c2ccc(Cl)cc2)[C@H]1O",
  "xtb_valid": true,
  "atom_valid_mask": [
    [
      1.0
    ],
    [
      1.0
    ],
    [
      1.0
    ],
    [
      1.0
    ],
    [
      1.0
    ],
    [
      1.0
    ],
    [
      1.0
    ],
    [
      1.0
    ],
    [
      1.0
    ],
    [
      1.0
    ],
    [
      1.0
    ],
    [
      1.0
    ],
    [
      1.0
    ],
    [
      1.0
    ],
    [
      1.0
    ],
    [
      1.0
    ],
    [
      1.0
    ],
    [
      1.0
    ],
    [
      1.0
    ],
    [
      1.0
    ],
    [
      1.0
    ],
    [
      1.0
    ],
    [
      1.0
    ],
    [
      1.0
    ],
    [
      1.0
    ],
    [
      1.0
    ],
    [
      1.0
    ],
    [
      1.0
    ],
    [
      1.0
    ],
    [
      1.0
    ],
    [
      1.0
    ],
    [
      1.0
    ],
    [
      1.0
    ]
  ],
  "atom_features": [
    [
      0.024773139506578445,
      0.024773139506578445,
      0.09379109740257263,
      0.6875,
      0.24303142726421356,
      0.4860628545284271
    ],
    [
      -0.3598790466785431,
      0.3598790466785431,
      -0.2908610999584198,
      0.03125,
      0.485409677028656,
      0.4860628545284271
    ],
    [
      0.23705577850341797,
      0.23705577850341797,
      0.30607372522354126,
      1.0,
      0.7210912108421326,
      0.48662447929382324
    ],
    [
      -0.35910823941230774,
      0.35910823941230774,
      -0.29009029269218445,
      0.0625,
      0.4860689043998718,
      0.48662447929382324
    ],
    [
      0.033552948385477066,
      0.033552948385477066,
      0.10257090628147125,
      0.71875,
      0.2427566647529602,
      0.4855133295059204
    ],
    [
      0.12661714851856232,
      0.12661714851856232,
      0.1956351101398468,
      0.90625,
      0.961328387260437,
      0.49443554878234863
    ],
    [
      -0.12189412117004395,
      0.12189412117004395,
      -0.05287616699934006,
      0.3125,
      0.24721777439117432,
      0.49443554878234863
    ],
    [
      -0.30882158875465393,
      0.30882158875465393,
      -0.23980364203453064,
      0.125,
      0.49479731917381287,
      0.5137723684310913
    ],
    [
      0.121461421251297,
      0.121461421251297,
      0.1904793679714203,
      0.875,
      0.9351246356964111,
      0.6799759864807129
    ],
    [
      -0.06358905136585236,
      0.06358905136585236,
      0.005428902804851532,
      0.4375,
      0.7315626740455627,
      0.7292309403419495
    ],
    [
      -0.06746789067983627,
      0.06746789067983627,
      0.0015500634908676147,
      0.375,
      0.702114462852478,
      0.7292309403419495
    ],
    [
      0.07157106697559357,
      0.07157106697559357,
      0.14058902859687805,
      0.78125,
      0.9636837244033813,
      0.6816127896308899
    ],
    [
      -0.3238736093044281,
      0.3238736093044281,
      -0.2548556625843048,
      0.09375,
      0.2853783071041107,
      0.5707566142082214
    ],
    [
      -0.06484942883253098,
      0.06484942883253098,
      0.004168525338172913,
      0.40625,
      0.7206544280052185,
      0.7057775259017944
    ],
    [
      -0.03439898043870926,
      0.03439898043870926,
      0.03461897373199463,
      0.59375,
      0.9393253922462463,
      0.7057775259017944
    ],
    [
      0.02459884062409401,
      0.02459884062409401,
      0.0936167985200882,
      0.65625,
      0.7307477593421936,
      0.4963723123073578
    ],
    [
      -0.12771408259868622,
      0.12771408259868622,
      -0.05869612842798233,
      0.28125,
      0.768954336643219,
      0.5665681958198547
    ],
    [
      -0.006044450215995312,
      0.006044450215995312,
      0.0629735067486763,
      0.625,
      0.49548158049583435,
      0.5021218657493591
    ],
    [
      0.1462043672800064,
      0.1462043672800064,
      0.2152223289012909,
      0.9375,
      0.957126259803772,
      0.7224594950675964
    ],
    [
      -0.2320372462272644,
      0.2320372462272644,
      -0.1630192995071411,
      0.1875,
      0.729752242565155,
      0.7088274359703064
    ],
    [
      -0.1396660953760147,
      0.1396660953760147,
      -0.07064814120531082,
      0.25,
      0.7285654544830322,
      0.7088274359703064
    ],
    [
      0.19212627410888672,
      0.19212627410888672,
      0.26114422082901,
      0.96875,
      0.9202256202697754,
      0.659281313419342
    ],
    [
      -0.10739953815937042,
      0.10739953815937042,
      -0.038381583988666534,
      0.34375,
      0.24767202138900757,
      0.49534404277801514
    ],
    [
      -0.2528960704803467,
      0.2528960704803467,
      -0.1838781237602234,
      0.15625,
      0.7181508541107178,
      0.7224594950675964
    ],
    [
      0.06515064835548401,
      0.06515064835548401,
      0.1341685950756073,
      0.75,
      0.9549726843833923,
      0.6725708246231079
    ],
    [
      -0.06141059100627899,
      0.06141059100627899,
      0.007607363164424896,
      0.46875,
      0.7243166565895081,
      0.7250737547874451
    ],
    [
      -0.04761365056037903,
      0.04761365056037903,
      0.02140430361032486,
      0.53125,
      0.7383798360824585,
      0.7250737547874451
    ],
    [
      0.08795761317014694,
      0.08795761317014694,
      0.15697556734085083,
      0.8125,
      0.9344916939735413,
      0.6994768977165222
    ],
    [
      -0.2265072911977768,
      0.2265072911977768,
      -0.1574893295764923,
      0.21875,
      0.23593349754810333,
      0.47186699509620667
    ],
    [
      -0.04641246050596237,
      0.04641246050596237,
      0.022605493664741516,
      0.5625,
      0.7382784485816956,
      0.7279287576675415
    ],
    [
      -0.05591434985399246,
      0.05591434985399246,
      0.013103604316711426,
      0.5,
      0.7254720330238342,
      0.7279287576675415
    ],
    [
      0.09986118972301483,
      0.09986118972301483,
      0.16887915134429932,
      0.84375,
      0.7279148101806641,
      0.4916081130504608
    ],
    [
      -0.5010252594947815,
      0.5010252594947815,
      -0.4320073127746582,
      0.0,
      0.2458040565252304,
      0.4916081130504608
    ]
  ],
  "feature_names": [
    "charge",
    "abs_charge",
    "charge_centered",
    "charge_rank_norm",
    "wbo_sum",
    "wbo_max"
  ],
  "status": "ok",
  "error": null
}