{
  "canonical_smiles": "C[C@@H]1C[C@H]2[C@@H]3CCC4=CC(=O)C=C[C@]4(C)[C@@]3(F)[C@@H](O)C[C@]2(C)[C@@]1(O)C(=O)CO",
  "xtb_valid": true,
  "atom_valid_mask": [
    [
      1.0
    ],
    [
      1.0
    ],
    [
      1.0
    ],
    [
      1.0
    ],
    [
      1.0
    ],
    [
      1.0
    ],
    [
      1.0
    ],
    [
      1.0
    ],
    [
      1.0
    ],
    [
      1.0
    ],
    [
      1.0
    ],
    [
      1.0
    ],
    [
      1.0
    ],
    [
      1.0
    ],
    [
      1.0
    ],
    [
      1.0
    ],
    [
      1.0
    ],
    [
      1.0
    ],
    [
      1.0
    ],
    [
      1.0
    ],
    [
      1.0
    ],
    [
      1.0
    ],
    [
      1.0
    ],
    [
      1.0
    ],
    [
      1.0
    ],
    [
      1.0
    ],
    [
      1.0
    ],
    [
      1.0
    ]
  ],
  "atom_features": [
    [
      -0.11360912770032883,
      0.11360912770032883,
      -0.023026086390018463,
      0.25925925374031067,
      0.25364169478416443,
      0.5072833895683289
    ],
    [
      -0.028281740844249725,
      0.028281740844249725,
      0.06230130046606064,
      0.5925925970077515,
      0.7384189367294312,
      0.5072833895683289
    ],
    [
      -0.0731266513466835,
      0.0731266513466835,
      0.01745638996362686,
      0.4444444477558136,
      0.4959380328655243,
      0.49848833680152893
    ],
    [
      -0.024427279829978943,
      0.024427279829978943,
      0.06615576148033142,
      0.6296296119689941,
      0.7362931370735168,
      0.49848833680152893
    ],
    [
      -0.029060950502753258,
      0.029060950502753258,
      0.06152208894491196,
      0.5555555820465088,
      0.7350044846534729,
      0.4973747432231903
    ],
    [
      -0.060905441641807556,
      0.060905441641807556,
      0.029677599668502808,
      0.5185185074806213,
      0.49588415026664734,
      0.4973747432231903
    ],
    [
      -0.07371239364147186,
      0.07371239364147186,
      0.0168706476688385,
      0.40740740299224854,
      0.5033348202705383,
      0.5122761130332947
    ],
    [
      0.036215249449014664,
      0.036215249449014664,
      0.12679828703403473,
      0.7777777910232544,
      0.9467566013336182,
      0.8866366744041443
    ],
    [
      -0.07893995195627213,
      0.07893995195627213,
      0.011643089354038239,
      0.3333333432674408,
      0.7131080627441406,
      0.8866366744041443
    ],
    [
      0.23222972452640533,
      0.23222972452640533,
      0.3228127658367157,
      1.0,
      0.9564363360404968,
      0.8415715098381042
    ],
    [
      -0.48303401470184326,
      0.48303401470184326,
      -0.3924509882926941,
      0.07407407462596893,
      0.4207857549190521,
      0.8415715098381042
    ],
    [
      -0.06635347008705139,
      0.06635347008705139,
      0.024229571223258972,
      0.48148149251937866,
      0.7260538935661316,
      0.920386016368866
    ],
    [
      -0.01621174067258835,
      0.01621174067258835,
      0.07437130063772202,
      0.6666666865348816,
      0.7119817733764648,
      0.920386016368866
    ],
    [
      0.020890269428491592,
      0.020890269428491592,
      0.11147330701351166,
      0.7407407164573669,
      0.9686933755874634,
      0.5035775303840637
    ],
    [
      -0.11237677931785583,
      0.11237677931785583,
      -0.02179373800754547,
      0.29629629850387573,
      0.23935969173908234,
      0.4787193834781647
    ],
    [
      0.16844385862350464,
      0.16844385862350464,
      0.2590268850326538,
      0.9259259104728699,
      0.9363493919372559,
      0.48164916038513184
    ],
    [
      -0.28852930665016174,
      0.28852930665016174,
      -0.19794626533985138,
      0.18518517911434174,
      0.22509710490703583,
      0.45019420981407166
    ],
    [
      0.11031168699264526,
      0.11031168699264526,
      0.20089472830295563,
      0.8518518805503845,
      0.7337472438812256,
      0.4970492124557495
    ],
    [
      -0.49241775274276733,
      0.49241775274276733,
      -0.40183472633361816,
      0.03703703731298447,
      0.24852460622787476,
      0.4970492124557495
    ],
    [
      -0.07439198344945908,
      0.07439198344945908,
      0.016191057860851288,
      0.37037035822868347,
      0.49252766370773315,
      0.49497607350349426
    ],
    [
      0.017929650843143463,
      0.017929650843143463,
      0.10851269215345383,
      0.7037037014961243,
      0.9692432880401611,
      0.4988972842693329
    ],
    [
      -0.12037576735019684,
      0.12037576735019684,
      -0.029792726039886475,
      0.2222222238779068,
      0.24944864213466644,
      0.4988972842693329
    ],
    [
      0.11642114073038101,
      0.11642114073038101,
      0.20700418949127197,
      0.8888888955116272,
      0.9502794146537781,
      0.4878774583339691
    ],
    [
      -0.4751366674900055,
      0.4751366674900055,
      -0.38455361127853394,
      0.1111111119389534,
      0.24393872916698456,
      0.4878774583339691
    ],
    [
      0.21143096685409546,
      0.21143096685409546,
      0.30201399326324463,
      0.9629629850387573,
      0.9416621923446655,
      0.9199623465538025
    ],
    [
      -0.4006725251674652,
      0.4006725251674652,
      -0.31008946895599365,
      0.14814814925193787,
      0.45998117327690125,
      0.9199623465538025
    ],
    [
      0.056557029485702515,
      0.056557029485702515,
      0.14714007079601288,
      0.8148148059844971,
      0.49581030011177063,
      0.5032730102539062
    ],
    [
      -0.4951910674571991,
      0.4951910674571991,
      -0.40460801124572754,
      0.0,
      0.2516365051269531,
      0.5032730102539062
    ]
  ],
  "feature_names": [
    "charge",
    "abs_charge",
    "charge_centered",
    "charge_rank_norm",
    "wbo_sum",
    "wbo_max"
  ],
  "status": "ok",
  "error": null
}