{
  "canonical_smiles": "C=CCc1ccc(OC)c(OC)c1",
  "xtb_valid": true,
  "atom_valid_mask": [
    [
      1.0
    ],
    [
      1.0
    ],
    [
      1.0
    ],
    [
      1.0
    ],
    [
      1.0
    ],
    [
      1.0
    ],
    [
      1.0
    ],
    [
      1.0
    ],
    [
      1.0
    ],
    [
      1.0
    ],
    [
      1.0
    ],
    [
      1.0
    ],
    [
      1.0
    ]
  ],
  "atom_features": [
    [
      -0.1054777279496193,
      0.1054777279496193,
      -0.04838419333100319,
      0.1666666716337204,
      0.49314844608306885,
      0.9862968921661377
    ],
    [
      -0.02779223956167698,
      0.02779223956167698,
      0.029301295056939125,
      0.5833333134651184,
      0.7464220523834229,
      0.9862968921661377
    ],
    [
      -0.0674632117152214,
      0.0674632117152214,
      -0.010369677096605301,
      0.4166666567325592,
      0.5025100111961365,
      0.506547212600708
    ],
    [
      0.002325870096683502,
      0.002325870096683502,
      0.059419404715299606,
      0.6666666865348816,
      0.9523995518684387,
      0.7118592262268066
    ],
    [
      -0.05919089913368225,
      0.05919089913368225,
      -0.002097364515066147,
      0.5,
      0.7104353904724121,
      0.7118592262268066
    ],
    [
      -0.07636480033397675,
      0.07636480033397675,
      -0.01927126571536064,
      0.3333333432674408,
      0.7035525441169739,
      0.7090114951133728
    ],
    [
      0.1142553836107254,
      0.1142553836107254,
      0.1713489145040512,
      0.9166666865348816,
      0.931726336479187,
      0.6980936527252197
    ],
    [
      -0.3034666180610657,
      0.3034666180610657,
      -0.24637308716773987,
      0.0,
      0.504669189453125,
      0.5229426026344299
    ],
    [
      0.023710990324616432,
      0.023710990324616432,
      0.08080452680587769,
      0.75,
      0.24319787323474884,
      0.4863957464694977
    ],
    [
      0.1163780465722084,
      0.1163780465722084,
      0.1734715849161148,
      1.0,
      0.9332263469696045,
      0.700014591217041
    ],
    [
      -0.30211886763572693,
      0.30211886763572693,
      -0.24502533674240112,
      0.0833333358168602,
      0.5051069259643555,
      0.5240216851234436
    ],
    [
      0.023744409903883934,
      0.023744409903883934,
      0.08083794265985489,
      0.8333333134651184,
      0.24309606850147247,
      0.48619213700294495
    ],
    [
      -0.0807562917470932,
      0.0807562917470932,
      -0.023662757128477097,
      0.25,
      0.6972408890724182,
      0.700014591217041
    ]
  ],
  "feature_names": [
    "charge",
    "abs_charge",
    "charge_centered",
    "charge_rank_norm",
    "wbo_sum",
    "wbo_max"
  ],
  "status": "ok",
  "error": null
}