{
  "canonical_smiles": "C[C@@H](NCCCc1cccc(C(F)(F)F)c1)c1cccc2ccccc12",
  "xtb_valid": true,
  "atom_valid_mask": [
    [
      1.0
    ],
    [
      1.0
    ],
    [
      1.0
    ],
    [
      1.0
    ],
    [
      1.0
    ],
    [
      1.0
    ],
    [
      1.0
    ],
    [
      1.0
    ],
    [
      1.0
    ],
    [
      1.0
    ],
    [
      1.0
    ],
    [
      1.0
    ],
    [
      1.0
    ],
    [
      1.0
    ],
    [
      1.0
    ],
    [
      1.0
    ],
    [
      1.0
    ],
    [
      1.0
    ],
    [
      1.0
    ],
    [
      1.0
    ],
    [
      1.0
    ],
    [
      1.0
    ],
    [
      1.0
    ],
    [
      1.0
    ],
    [
      1.0
    ],
    [
      1.0
    ]
  ],
  "atom_features": [
    [
      -0.1096922978758812,
      0.1096922978758812,
      -0.06928364932537079,
      0.1599999964237213,
      0.24821990728378296,
      0.4964398145675659
    ],
    [
      0.05128040909767151,
      0.05128040909767151,
      0.09168906509876251,
      0.9599999785423279,
      0.7434617877006531,
      0.4964398145675659
    ],
    [
      -0.28363296389579773,
      0.28363296389579773,
      -0.24322430789470673,
      0.0,
      0.500450849533081,
      0.5060414671897888
    ],
    [
      0.01640336960554123,
      0.01640336960554123,
      0.056812021881341934,
      0.8799999952316284,
      0.5035536885261536,
      0.5060414671897888
    ],
    [
      -0.05855054035782814,
      0.05855054035782814,
      -0.018141888082027435,
      0.23999999463558197,
      0.49784207344055176,
      0.5010659098625183
    ],
    [
      -0.07357899099588394,
      0.07357899099588394,
      -0.03317033872008324,
      0.20000000298023224,
      0.5006601810455322,
      0.5067020654678345
    ],
    [
      0.028029359877109528,
      0.028029359877109528,
      0.06843800842761993,
      0.9200000166893005,
      0.9840530157089233,
      0.7057511806488037
    ],
    [
      -0.032079849392175674,
      0.032079849392175674,
      0.00832880288362503,
      0.6000000238418579,
      0.7389320731163025,
      0.7224152684211731
    ],
    [
      -0.02987322025001049,
      0.02987322025001049,
      0.010535432025790215,
      0.6800000071525574,
      0.7476269602775574,
      0.7224152684211731
    ],
    [
      -0.030088510364294052,
      0.030088510364294052,
      0.010320141911506653,
      0.6399999856948853,
      0.737214207649231,
      0.7192478179931641
    ],
    [
      -0.02954043075442314,
      0.02954043075442314,
      0.010868221521377563,
      0.7200000286102295,
      0.9667031764984131,
      0.7039309144020081
    ],
    [
      0.49081742763519287,
      0.49081742763519287,
      0.5312260985374451,
      1.0,
      0.9358370304107666,
      0.4744987189769745
    ],
    [
      -0.23211680352687836,
      0.23211680352687836,
      -0.19170814752578735,
      0.03999999910593033,
      0.23188342154026031,
      0.46376684308052063
    ],
    [
      -0.22995704412460327,
      0.22995704412460327,
      -0.18954838812351227,
      0.07999999821186066,
      0.23336663842201233,
      0.46673327684402466
    ],
    [
      -0.2293800711631775,
      0.2293800711631775,
      -0.1889714151620865,
      0.11999999731779099,
      0.23333756625652313,
      0.46667513251304626
    ],
    [
      -0.03362442925572395,
      0.03362442925572395,
      0.006784223020076752,
      0.5600000023841858,
      0.7316364645957947,
      0.7057511806488037
    ],
    [
      -0.007526310160756111,
      0.007526310160756111,
      0.032882340252399445,
      0.7599999904632568,
      0.9693813323974609,
      0.7442228198051453
    ],
    [
      -0.03939076140522957,
      0.03939076140522957,
      0.0010178908705711365,
      0.4000000059604645,
      0.7138009667396545,
      0.7442228198051453
    ],
    [
      -0.037455759942531586,
      0.037455759942531586,
      0.0029528923332691193,
      0.4399999976158142,
      0.7205601334571838,
      0.7577410936355591
    ],
    [
      -0.04487049952149391,
      0.04487049952149391,
      -0.004461847245693207,
      0.2800000011920929,
      0.7350960373878479,
      0.7577410936355591
    ],
    [
      0.014433779753744602,
      0.014433779753744602,
      0.05484243109822273,
      0.8399999737739563,
      0.9556571245193481,
      0.647965133190155
    ],
    [
      -0.041631270200014114,
      0.041631270200014114,
      -0.0012226179242134094,
      0.3199999928474426,
      0.7364811301231384,
      0.7591090798377991
    ],
    [
      -0.03693946823477745,
      0.03693946823477745,
      0.0034691840410232544,
      0.5199999809265137,
      0.7202461361885071,
      0.7591090798377991
    ],
    [
      -0.03714042156934738,
      0.03714042156934738,
      0.0032682307064533234,
      0.47999998927116394,
      0.7199048399925232,
      0.7584264874458313
    ],
    [
      -0.041504718363285065,
      0.041504718363285065,
      -0.0010960660874843597,
      0.36000001430511475,
      0.7368866205215454,
      0.7584264874458313
    ],
    [
      0.006985090207308531,
      0.006985090207308531,
      0.04739374294877052,
      0.800000011920929,
      0.9496365785598755,
      0.649458646774292
    ]
  ],
  "feature_names": [
    "charge",
    "abs_charge",
    "charge_centered",
    "charge_rank_norm",
    "wbo_sum",
    "wbo_max"
  ],
  "status": "ok",
  "error": null
}