{
  "canonical_smiles": "COc1ccc2cc(C#N)c(=O)oc2c1",
  "xtb_valid": true,
  "atom_valid_mask": [
    [
      1.0
    ],
    [
      1.0
    ],
    [
      1.0
    ],
    [
      1.0
    ],
    [
      1.0
    ],
    [
      1.0
    ],
    [
      1.0
    ],
    [
      1.0
    ],
    [
      1.0
    ],
    [
      1.0
    ],
    [
      1.0
    ],
    [
      1.0
    ],
    [
      1.0
    ],
    [
      1.0
    ],
    [
      1.0
    ]
  ],
  "atom_features": [
    [
      0.005777120124548674,
      0.005777120124548674,
      0.04678787291049957,
      0.7142857313156128,
      0.24076610803604126,
      0.4815322160720825
    ],
    [
      -0.25828224420547485,
      0.25828224420547485,
      -0.21727149188518524,
      0.0714285746216774,
      0.5174555778503418,
      0.5533789396286011
    ],
    [
      0.16578468680381775,
      0.16578468680381775,
      0.20679543912410736,
      0.9285714030265808,
      0.9454923868179321,
      0.6837361454963684
    ],
    [
      -0.05631411075592041,
      0.05631411075592041,
      -0.015303358435630798,
      0.3571428656578064,
      0.7056390047073364,
      0.7574084401130676
    ],
    [
      -0.03146861121058464,
      0.03146861121058464,
      0.009542141109704971,
      0.4285714328289032,
      0.7073500156402588,
      0.7574084401130676
    ],
    [
      -0.0019211999606341124,
      0.0019211999606341124,
      0.03908955305814743,
      0.5714285969734192,
      0.9477941989898682,
      0.65729159116745
    ],
    [
      0.0016456700395792723,
      0.0016456700395792723,
      0.04265642166137695,
      0.6428571343421936,
      0.6941149830818176,
      0.7969076633453369
    ],
    [
      -0.01576291024684906,
      0.01576291024684906,
      0.025247842073440552,
      0.5,
      0.935391902923584,
      0.7969076633453369
    ],
    [
      0.12965644896030426,
      0.12965644896030426,
      0.17066720128059387,
      0.7857142686843872,
      0.972449004650116,
      1.3954598903656006
    ],
    [
      -0.25671741366386414,
      0.25671741366386414,
      -0.21570666134357452,
      0.2142857164144516,
      0.6977299451828003,
      1.3954598903656006
    ],
    [
      0.35820862650871277,
      0.35820862650871277,
      0.3992193937301636,
      1.0,
      0.9477416276931763,
      0.8382231593132019
    ],
    [
      -0.4694462716579437,
      0.4694462716579437,
      -0.4284355044364929,
      0.0,
      0.4551817774772644,
      0.8382231593132019
    ],
    [
      -0.2581441104412079,
      0.2581441104412079,
      -0.21713335812091827,
      0.1428571492433548,
      0.5544008016586304,
      0.5328221321105957
    ],
    [
      0.15011006593704224,
      0.15011006593704224,
      0.19112081825733185,
      0.8571428656578064,
      0.923165500164032,
      0.695517361164093
    ],
    [
      -0.0782870426774025,
      0.0782870426774025,
      -0.037276290357112885,
      0.2857142984867096,
      0.6896267533302307,
      0.695517361164093
    ]
  ],
  "feature_names": [
    "charge",
    "abs_charge",
    "charge_centered",
    "charge_rank_norm",
    "wbo_sum",
    "wbo_max"
  ],
  "status": "ok",
  "error": null
}