{
  "canonical_smiles": "O=P1(NCCCl)OCCCN1CCCl",
  "xtb_valid": true,
  "atom_valid_mask": [
    [
      1.0
    ],
    [
      1.0
    ],
    [
      1.0
    ],
    [
      1.0
    ],
    [
      1.0
    ],
    [
      1.0
    ],
    [
      1.0
    ],
    [
      1.0
    ],
    [
      1.0
    ],
    [
      1.0
    ],
    [
      1.0
    ],
    [
      1.0
    ],
    [
      1.0
    ],
    [
      1.0
    ]
  ],
  "atom_features": [
    [
      -0.5374139547348022,
      0.5374139547348022,
      -0.4456476867198944,
      0.0,
      0.4582095146179199,
      0.9164190292358398
    ],
    [
      0.41118812561035156,
      0.41118812561035156,
      0.5029544234275818,
      1.0,
      1.3357924222946167,
      0.9164190292358398
    ],
    [
      -0.2511606812477112,
      0.2511606812477112,
      -0.15939441323280334,
      0.1538461595773697,
      0.5465143322944641,
      0.6043800711631775
    ],
    [
      0.01903272047638893,
      0.01903272047638893,
      0.11079899966716766,
      0.8461538553237915,
      0.49815014004707336,
      0.5076517462730408
    ],
    [
      0.010132960043847561,
      0.010132960043847561,
      0.10189923644065857,
      0.692307710647583,
      0.48866763710975647,
      0.5076517462730408
    ],
    [
      -0.22687934339046478,
      0.22687934339046478,
      -0.13511306047439575,
      0.3076923191547394,
      0.23484176397323608,
      0.46968352794647217
    ],
    [
      -0.3081977069377899,
      0.3081977069377899,
      -0.21643143892288208,
      0.07692307978868484,
      0.5270266532897949,
      0.5913012623786926
    ],
    [
      0.07974182814359665,
      0.07974182814359665,
      0.17150810360908508,
      0.9230769276618958,
      0.4829522371292114,
      0.5031523704528809
    ],
    [
      -0.08748649805784225,
      0.08748649805784225,
      0.004279777407646179,
      0.4615384638309479,
      0.5026229619979858,
      0.5031523704528809
    ],
    [
      0.007584969978779554,
      0.007584969978779554,
      0.09935124218463898,
      0.6153846383094788,
      0.49245163798332214,
      0.5020935535430908
    ],
    [
      -0.17382894456386566,
      0.17382894456386566,
      -0.08206266909837723,
      0.38461539149284363,
      0.7660888433456421,
      0.5594845414161682
    ],
    [
      -0.01220805011689663,
      0.01220805011689663,
      0.07955822348594666,
      0.5384615659713745,
      0.49598997831344604,
      0.5020965337753296
    ],
    [
      0.018293730914592743,
      0.018293730914592743,
      0.11006000638008118,
      0.7692307829856873,
      0.48539999127388,
      0.5020965337753296
    ],
    [
      -0.23352700471878052,
      0.23352700471878052,
      -0.14176073670387268,
      0.23076923191547394,
      0.2343517243862152,
      0.4687034487724304
    ]
  ],
  "feature_names": [
    "charge",
    "abs_charge",
    "charge_centered",
    "charge_rank_norm",
    "wbo_sum",
    "wbo_max"
  ],
  "status": "ok",
  "error": null
}