{
  "canonical_smiles": "Cc1c(O)cccc1C(=O)N[C@@H](CSc1ccccc1)[C@H](O)CN1C[C@H]2CCCC[C@H]2C[C@H]1C(=O)NC(C)(C)C",
  "xtb_valid": true,
  "atom_valid_mask": [
    [
      1.0
    ],
    [
      1.0
    ],
    [
      1.0
    ],
    [
      1.0
    ],
    [
      1.0
    ],
    [
      1.0
    ],
    [
      1.0
    ],
    [
      1.0
    ],
    [
      1.0
    ],
    [
      1.0
    ],
    [
      1.0
    ],
    [
      1.0
    ],
    [
      1.0
    ],
    [
      1.0
    ],
    [
      1.0
    ],
    [
      1.0
    ],
    [
      1.0
    ],
    [
      1.0
    ],
    [
      1.0
    ],
    [
      1.0
    ],
    [
      1.0
    ],
    [
      1.0
    ],
    [
      1.0
    ],
    [
      1.0
    ],
    [
      1.0
    ],
    [
      1.0
    ],
    [
      1.0
    ],
    [
      1.0
    ],
    [
      1.0
    ],
    [
      1.0
    ],
    [
      1.0
    ],
    [
      1.0
    ],
    [
      1.0
    ],
    [
      1.0
    ],
    [
      1.0
    ],
    [
      1.0
    ],
    [
      1.0
    ],
    [
      1.0
    ],
    [
      1.0
    ],
    [
      1.0
    ]
  ],
  "atom_features": [
    [
      -0.11031024158000946,
      0.11031024158000946,
      -0.03627005219459534,
      0.28205129504203796,
      0.25693076848983765,
      0.5138615369796753
    ],
    [
      -0.004619299899786711,
      0.004619299899786711,
      0.06942088901996613,
      0.7435897588729858,
      0.9636695384979248,
      0.6916618347167969
    ],
    [
      0.1389259546995163,
      0.1389259546995163,
      0.21296614408493042,
      0.9487179517745972,
      0.9488353729248047,
      0.6877700686454773
    ],
    [
      -0.4475342929363251,
      0.4475342929363251,
      -0.37349408864974976,
      0.07692307978868484,
      0.269575834274292,
      0.539151668548584
    ],
    [
      -0.07561518251895905,
      0.07561518251895905,
      -0.0015749931335449219,
      0.3076923191547394,
      0.7040242552757263,
      0.7202784419059753
    ],
    [
      -0.04065028950572014,
      0.04065028950572014,
      0.033389899879693985,
      0.4871794879436493,
      0.7453191876411438,
      0.7202784419059753
    ],
    [
      -0.041097600013017654,
      0.041097600013017654,
      0.03294258937239647,
      0.4615384638309479,
      0.7072021961212158,
      0.7192932367324829
    ],
    [
      -0.03193115070462227,
      0.03193115070462227,
      0.042109038680791855,
      0.6410256624221802,
      0.9386915564537048,
      0.6951112151145935
    ],
    [
      0.2864985466003418,
      0.2864985466003418,
      0.3605387210845947,
      1.0,
      0.9669101238250732,
      0.8207113146781921
    ],
    [
      -0.507099449634552,
      0.507099449634552,
      -0.4330592751502991,
      0.0,
      0.45815151929855347,
      0.8207113146781921
    ],
    [
      -0.19567522406578064,
      0.19567522406578064,
      -0.12163503468036652,
      0.1794871836900711,
      0.6053585410118103,
      0.6224988698959351
    ],
    [
      0.046147558838129044,
      0.046147558838129044,
      0.12018774449825287,
      0.8461538553237915,
      0.7362259030342102,
      0.4931838810443878
    ],
    [
      -0.0060160900466144085,
      0.0060160900466144085,
      0.06802409887313843,
      0.7179487347602844,
      0.49049392342567444,
      0.4931838810443878
    ],
    [
      -0.20129787921905518,
      0.20129787921905518,
      -0.12725768983364105,
      0.1538461595773697,
      0.4986812174320221,
      0.5095584988594055
    ],
    [
      0.04849535971879959,
      0.04849535971879959,
      0.12253554910421371,
      0.8717948794364929,
      0.9793897867202759,
      0.7010893821716309
    ],
    [
      -0.03928777948021889,
      0.03928777948021889,
      0.034752409905195236,
      0.5384615659713745,
      0.7376357913017273,
      0.7197376489639282
    ],
    [
      -0.034617651253938675,
      0.034617651253938675,
      0.03942253813147545,
      0.5897436141967773,
      0.7465249300003052,
      0.7197376489639282
    ],
    [
      -0.036915481090545654,
      0.036915481090545654,
      0.03712470829486847,
      0.5641025900840759,
      0.7427689433097839,
      0.7182495594024658
    ],
    [
      -0.033615730702877045,
      0.033615730702877045,
      0.04042445868253708,
      0.6153846383094788,
      0.747016429901123,
      0.7224613428115845
    ],
    [
      -0.03955531865358353,
      0.03955531865358353,
      0.0344848707318306,
      0.5128205418586731,
      0.7377471923828125,
      0.7224613428115845
    ],
    [
      0.10325451195240021,
      0.10325451195240021,
      0.17729470133781433,
      0.9230769276618958,
      0.7366048693656921,
      0.495017945766449
    ],
    [
      -0.5017151832580566,
      0.5017151832580566,
      -0.4276750087738037,
      0.025641025975346565,
      0.2475089728832245,
      0.495017945766449
    ],
    [
      -0.0025491099804639816,
      0.0025491099804639816,
      0.07149107754230499,
      0.7692307829856873,
      0.4955129027366638,
      0.4994753301143646
    ],
    [
      -0.20182661712169647,
      0.20182661712169647,
      -0.12778642773628235,
      0.12820513546466827,
      0.7428041100502014,
      0.4994753301143646
    ],
    [
      0.002811949932947755,
      0.002811949932947755,
      0.07685214281082153,
      0.7948718070983887,
      0.495556116104126,
      0.4978720545768738
    ],
    [
      -0.023987310007214546,
      0.023987310007214546,
      0.05005288124084473,
      0.6666666865348816,
      0.7419566512107849,
      0.4978720545768738
    ],
    [
      -0.061276789754629135,
      0.061276789754629135,
      0.012763399630784988,
      0.3589743673801422,
      0.5005351305007935,
      0.5051458477973938
    ],
    [
      -0.05934210866689682,
      0.05934210866689682,
      0.014698080718517303,
      0.43589743971824646,
      0.5037971138954163,
      0.5051458477973938
    ],
    [
      -0.06110668182373047,
      0.06110668182373047,
      0.012933507561683655,
      0.38461539149284363,
      0.5022380948066711,
      0.5024483799934387
    ],
    [
      -0.05991363897919655,
      0.05991363897919655,
      0.014126550406217575,
      0.41025641560554504,
      0.5008923411369324,
      0.5020277500152588
    ],
    [
      -0.019954340532422066,
      0.019954340532422066,
      0.05408585071563721,
      0.692307710647583,
      0.7427873015403748,
      0.49975696206092834
    ],
    [
      -0.06796423345804214,
      0.06796423345804214,
      0.006075955927371979,
      0.3333333432674408,
      0.494033545255661,
      0.4957009255886078
    ],
    [
      0.014268450438976288,
      0.014268450438976288,
      0.08830863982439041,
      0.8205128312110901,
      0.7287107706069946,
      0.4928928017616272
    ],
    [
      0.2677344083786011,
      0.2677344083786011,
      0.341774582862854,
      0.9743589758872986,
      0.9655396342277527,
      0.8294797539710999
    ],
    [
      -0.492217093706131,
      0.492217093706131,
      -0.41817688941955566,
      0.05128205195069313,
      0.4615807831287384,
      0.8294797539710999
    ],
    [
      -0.20295417308807373,
      0.20295417308807373,
      -0.1289139837026596,
      0.10256410390138626,
      0.6007726192474365,
      0.6294369697570801
    ],
    [
      0.09776204079389572,
      0.09776204079389572,
      0.17180222272872925,
      0.8974359035491943,
      0.9839118123054504,
      0.49758780002593994
    ],
    [
      -0.11971218138933182,
      0.11971218138933182,
      -0.045671992003917694,
      0.23076923191547394,
      0.2473323941230774,
      0.4946647882461548
    ],
    [
      -0.13094797730445862,
      0.13094797730445862,
      -0.056907787919044495,
      0.20512820780277252,
      0.24879390001296997,
      0.49758780002593994
    ],
    [
      -0.11620008200407028,
      0.11620008200407028,
      -0.04215989261865616,
      0.25641027092933655,
      0.24857230484485626,
      0.4971446096897125
    ]
  ],