{
  "canonical_smiles": "CC[C@H]1OC[C@H](C)[C@@H](O[C@H]2C[C@@](C)(OC)[C@@H](O)[C@H](C)O2)[C@H](C)[C@@H](O[C@@H]2O[C@H](C)C[C@H](N(C)C)[C@H]2O)[C@](C)(O)C[C@@H](C)C[C@H](C)[C@@H](O)[C@]1(C)O",
  "xtb_valid": true,
  "atom_valid_mask": [
    [
      1.0
    ],
    [
      1.0
    ],
    [
      1.0
    ],
    [
      0.0
    ],
    [
      1.0
    ],
    [
      1.0
    ],
    [
      1.0
    ],
    [
      1.0
    ],
    [
      0.0
    ],
    [
      1.0
    ],
    [
      1.0
    ],
    [
      0.0
    ],
    [
      1.0
    ],
    [
      0.0
    ],
    [
      1.0
    ],
    [
      1.0
    ],
    [
      0.0
    ],
    [
      1.0
    ],
    [
      1.0
    ],
    [
      0.0
    ],
    [
      1.0
    ],
    [
      1.0
    ],
    [
      1.0
    ],
    [
      0.0
    ],
    [
      1.0
    ],
    [
      0.0
    ],
    [
      1.0
    ],
    [
      1.0
    ],
    [
      1.0
    ],
    [
      1.0
    ],
    [
      0.0
    ],
    [
      1.0
    ],
    [
      1.0
    ],
    [
      1.0
    ],
    [
      0.0
    ],
    [
      0.0
    ],
    [
      1.0
    ],
    [
      0.0
    ],
    [
      1.0
    ],
    [
      1.0
    ],
    [
      1.0
    ],
    [
      1.0
    ],
    [
      1.0
    ],
    [
      1.0
    ],
    [
      1.0
    ],
    [
      0.0
    ],
    [
      0.0
    ],
    [
      1.0
    ],
    [
      0.0
    ]
  ],
  "atom_features": [
    [
      0.6919999718666077,
      0.002358490601181984,
      0.6919999718666077,
      0.6919999718666077,
      0.0,
      1.0,
      0.5,
      0.7699999809265137
    ],
    [
      0.6499999761581421,
      0.0024183797650039196,
      0.6499999761581421,
      0.6499999761581421,
      0.0,
      0.9166666865348816,
      0.5,
      0.7699999809265137
    ],
    [
      0.5400000214576721,
      0.0025906735099852085,
      0.5400000214576721,
      0.5400000214576721,
      0.0,
      0.0,
      0.5,
      0.7699999809265137
    ],
    [
      0.0,
      0.0,
      0.0,
      0.0,
      0.0,
      0.0,
      0.0,
      0.0
    ],
    [
      0.5400000214576721,
      0.0025906735099852085,
      0.5400000214576721,
      0.5400000214576721,
      0.0,
      0.0,
      0.5,
      0.7699999809265137
    ],
    [
      0.6151999831199646,
      0.002470355713739991,
      0.6151999831199646,
      0.6151999831199646,
      0.0,
      0.6266666650772095,
      0.5,
      0.7699999809265137
    ],
    [
      0.6919999718666077,
      0.002358490601181984,
      0.6919999718666077,
      0.6919999718666077,
      0.0,
      1.0,
      0.5,
      0.7699999809265137
    ],
    [
      0.5400000214576721,
      0.0025906735099852085,
      0.5400000214576721,
      0.5400000214576721,
      0.0,
      0.0,
      0.5,
      0.7699999809265137
    ],
    [
      0.0,
      0.0,
      0.0,
      0.0,
      0.0,
      0.0,
      0.0,
      0.0
    ],
    [
      0.5400000214576721,
      0.0025906735099852085,
      0.5400000214576721,
      0.5400000214576721,
      0.0,
      0.0,
      0.5,
      0.7699999809265137
    ],
    [
      0.6499999761581421,
      0.0024183797650039196,
      0.6499999761581421,
      0.6499999761581421,
      0.0,
      0.9166666865348816,
      0.5,
      0.7699999809265137
    ],
    [
      0.0,
      0.0,
      0.0,
      0.0,
      0.0,
      0.0,
      0.0,
      0.0
    ],
    [
      0.6919999718666077,
      0.002358490601181984,
      0.6919999718666077,
      0.6919999718666077,
      0.0,
      1.0,
      0.5,
      0.7699999809265137
    ],
    [
      0.0,
      0.0,
      0.0,
      0.0,
      0.0,
      0.0,
      0.0,
      0.0
    ],
    [
      0.5400000214576721,
      0.0025906735099852085,
      0.5400000214576721,
      0.5400000214576721,
      0.0,
      0.0,
      0.5,
      0.7699999809265137
    ],
    [
      0.5400000214576721,
      0.0025906735099852085,
      0.5400000214576721,
      0.5400000214576721,
      0.0,
      0.0,
      0.5,
      0.7699999809265137
    ],
    [
      0.0,
      0.0,
      0.0,
      0.0,
      0.0,
      0.0,
      0.0,
      0.0
    ],
    [
      0.5400000214576721,
      0.0025906735099852085,
      0.5400000214576721,
      0.5400000214576721,
      0.0,
      0.0,
      0.5,
      0.7699999809265137
    ],
    [
      0.6919999718666077,
      0.002358490601181984,
      0.6919999718666077,
      0.6919999718666077,
      0.0,
      1.0,
      0.5,
      0.7699999809265137
    ],
    [
      0.0,
      0.0,
      0.0,
      0.0,
      0.0,
      0.0,
      0.0,
      0.0
    ],
    [
      0.6151999831199646,
      0.002470355713739991,
      0.6151999831199646,
      0.6151999831199646,
      0.0,
      0.6266666650772095,
      0.5,
      0.7699999809265137
    ],
    [
      0.6919999718666077,
      0.002358490601181984,
      0.6919999718666077,
      0.6919999718666077,
      0.0,
      1.0,
      0.5,
      0.7699999809265137
    ],
    [
      0.5400000214576721,
      0.0025906735099852085,
      0.5400000214576721,
      0.5400000214576721,
      0.0,
      0.0,
      0.5,
      0.7699999809265137
    ],
    [
      0.0,
      0.0,
      0.0,
      0.0,
      0.0,
      0.0,
      0.0,
      0.0
    ],
    [
      0.5400000214576721,
      0.0025906735099852085,
      0.5400000214576721,
      0.5400000214576721,
      0.0,
      0.0,
      0.5,
      0.7699999809265137
    ],
    [
      0.0,
      0.0,
      0.0,
      0.0,
      0.0,
      0.0,
      0.0,
      0.0
    ],
    [
      0.5400000214576721,
      0.0025906735099852085,
      0.5400000214576721,
      0.5400000214576721,
      0.0,
      0.0,
      0.5,
      0.7699999809265137
    ],
    [
      0.6919999718666077,
      0.002358490601181984,
      0.6919999718666077,
      0.6919999718666077,
      0.0,
      1.0,
      0.5,
      0.7699999809265137
    ],
    [
      0.6499999761581421,
      0.0024183797650039196,
      0.6499999761581421,
      0.6499999761581421,
      0.0,
      0.9166666865348816,
      0.5,
      0.7699999809265137
    ],
    [
      0.5400000214576721,
      0.0025906735099852085,
      0.5400000214576721,
      0.5400000214576721,
      0.0,
      0.0,
      0.5,
      0.7699999809265137
    ],
    [
      0.0,
      0.0,
      0.0,
      0.0,
      0.0,
      0.0,
      0.0,
      0.0
    ],
    [
      0.5400000214576721,
      0.0025906735099852085,
      0.5400000214576721,
      0.5400000214576721,
      0.0,
      0.0,
      0.5,
      0.7699999809265137
    ],
    [
      0.5400000214576721,
      0.0025906735099852085,
      0.5400000214576721,
      0.5400000214576721,
      0.0,
      0.0,
      0.5,
      0.7699999809265137
    ],
    [
      0.5400000214576721,
      0.0025906735099852085,
      0.5400000214576721,
      0.5400000214576721,
      0.0,
      0.0,
      0.5,
      0.7699999809265137
    ],
    [
      0.0,
      0.0,
      0.0,
      0.0,
      0.0,
      0.0,
      0.0,
      0.0
    ],
    [
      0.0,
      0.0,
      0.0,
      0.0,
      0.0,
      0.0,
      0.0,
      0.0
    ],
    [
      0.6919999718666077,
      0.002358490601181984,
      0.6919999718666077,
      0.6919999718666077,
      0.0,
      1.0,
      0.5,
      0.7699999809265137
    ],
    [
      0.0,
      0.0,
      0.0,
      0.0,
      0.0,
      0.0,
      0.0,
      0.0
    ],
    [
      0.6499999761581421,
      0.0024183797650039196,
      0.6499999761581421,
      0.6499999761581421,
      0.0,
      0.9166666865348816,
      0.5,
      0.7699999809265137
    ],
    [
      0.6151999831199646,
      0.002470355713739991,
      0.6151999831199646,
      0.6151999831199646,
      0.0,
      0.6266666650772095,
      0.5,
      0.7699999809265137
    ],
    [
      0.6919999718666077,
      0.002358490601181984,
      0.6919999718666077,
      0.6919999718666077,
      0.0,
      1.0,
      0.5,
      0.7699999809265137
    ],
    [
      0.6499999761581421,
      0.0024183797650039196,
      0.6499999761581421,
      0.6499999761581421,
      0.0,
      0.9166666865348816,
