{
  "canonical_smiles": "CC[C@H]1OC[C@H](C)[C@@H](O[C@H]2C[C@@](C)(OC)[C@@H](O)[C@H](C)O2)[C@H](C)[C@@H](O[C@@H]2O[C@H](C)C[C@H](N(C)C)[C@H]2O)[C@](C)(O)C[C@@H](C)C[C@H](C)[C@@H](O)[C@]1(C)O",
  "xtb_valid": true,
  "atom_valid_mask": [
    [
      1.0
    ],
    [
      1.0
    ],
    [
      1.0
    ],
    [
      1.0
    ],
    [
      1.0
    ],
    [
      1.0
    ],
    [
      1.0
    ],
    [
      1.0
    ],
    [
      1.0
    ],
    [
      1.0
    ],
    [
      1.0
    ],
    [
      1.0
    ],
    [
      1.0
    ],
    [
      1.0
    ],
    [
      1.0
    ],
    [
      1.0
    ],
    [
      1.0
    ],
    [
      1.0
    ],
    [
      1.0
    ],
    [
      1.0
    ],
    [
      1.0
    ],
    [
      1.0
    ],
    [
      1.0
    ],
    [
      1.0
    ],
    [
      1.0
    ],
    [
      1.0
    ],
    [
      1.0
    ],
    [
      1.0
    ],
    [
      1.0
    ],
    [
      1.0
    ],
    [
      1.0
    ],
    [
      1.0
    ],
    [
      1.0
    ],
    [
      1.0
    ],
    [
      1.0
    ],
    [
      1.0
    ],
    [
      1.0
    ],
    [
      1.0
    ],
    [
      1.0
    ],
    [
      1.0
    ],
    [
      1.0
    ],
    [
      1.0
    ],
    [
      1.0
    ],
    [
      1.0
    ],
    [
      1.0
    ],
    [
      1.0
    ],
    [
      1.0
    ],
    [
      1.0
    ],
    [
      1.0
    ]
  ],
  "atom_features": [
    [
      -0.1063641682267189,
      0.1063641682267189,
      -0.008939817547798157,
      0.4166666567325592,
      0.2547416090965271,
      0.5094832181930542
    ],
    [
      -0.06498830765485764,
      0.06498830765485764,
      0.03243604302406311,
      0.5416666865348816,
      0.5015783905982971,
      0.5094832181930542
    ],
    [
      0.09047389030456543,
      0.09047389030456543,
      0.18789824843406677,
      0.75,
      0.72332763671875,
      0.49367353320121765
    ],
    [
      -0.3510788381099701,
      0.3510788381099701,
      -0.25365447998046875,
      0.1875,
      0.4848784804344177,
      0.4889487624168396
    ],
    [
      0.08500684052705765,
      0.08500684052705765,
      0.1824311912059784,
      0.7291666865348816,
      0.49029427766799927,
      0.49163976311683655
    ],
    [
      -0.025184839963912964,
      0.025184839963912964,
      0.07223951071500778,
      0.6458333134651184,
      0.741361141204834,
      0.5040777325630188
    ],
    [
      -0.10438326746225357,
      0.10438326746225357,
      -0.006958916783332825,
      0.4375,
      0.2520388662815094,
      0.5040777325630188
    ],
    [
      0.0978025496006012,
      0.0978025496006012,
      0.19522690773010254,
      0.8125,
      0.7212337851524353,
      0.487004816532135
    ],
    [
      -0.3587266206741333,
      0.3587266206741333,
      -0.26130226254463196,
      0.1458333283662796,
      0.4814060926437378,
      0.49172571301460266
    ],
    [
      0.25014588236808777,
      0.25014588236808777,
      0.3475702404975891,
      1.0,
      0.7308226227760315,
      0.49172571301460266
    ],
    [
      -0.09189774096012115,
      0.09189774096012115,
      0.005526609718799591,
      0.4583333432674408,
      0.48880288004875183,
      0.48926880955696106
    ],
    [
      0.1394696831703186,
      0.1394696831703186,
      0.23689404129981995,
      0.9583333134651184,
      0.970700740814209,
      0.49558547139167786
    ],
    [
      -0.1266849935054779,
      0.1266849935054779,
      -0.02926064282655716,
      0.2708333432674408,
      0.24779273569583893,
      0.49558547139167786
    ],
    [
      -0.35549598932266235,
      0.35549598932266235,
      -0.258071631193161,
      0.1666666716337204,
      0.484592080116272,
      0.4916153848171234
    ],
    [
      0.03248731046915054,
      0.03248731046915054,
      0.1299116611480713,
      0.7083333134651184,
      0.2458076924085617,
      0.4916153848171234
    ],
    [
      0.09457062184810638,
      0.09457062184810638,
      0.19199496507644653,
      0.7708333134651184,
      0.729300856590271,
      0.4954182803630829
    ],
    [
      -0.49841073155403137,
      0.49841073155403137,
      -0.40098637342453003,
      0.0833333358168602,
      0.24770914018154144,
      0.4954182803630829
    ],
    [
      0.1039239764213562,
      0.1039239764213562,
      0.20134833455085754,
      0.875,
      0.7289774417877197,
      0.5010626316070557
    ],
    [
      -0.12721605598926544,
      0.12721605598926544,
      -0.029791705310344696,
      0.25,
      0.25053131580352783,
      0.5010626316070557
    ],
    [
      -0.3616666793823242,
      0.3616666793823242,
      -0.2642423212528229,
      0.1041666641831398,
      0.47713491320610046,
      0.48065072298049927
    ],
    [
      -0.033998578786849976,
      0.033998578786849976,
      0.06342577189207077,
      0.6041666865348816,
      0.736738383769989,
      0.5034700036048889
    ],
    [
      -0.10726580768823624,
      0.10726580768823624,
      -0.00984145700931549,
      0.375,
      0.25173500180244446,
      0.5034700036048889
    ],
    [
      0.0949464812874794,
      0.0949464812874794,
      0.19237083196640015,
      0.7916666865348816,
      0.7169058322906494,
      0.4856305420398712
    ],
    [
      -0.34820446372032166,
      0.34820446372032166,
      -0.2507801055908203,
      0.2083333283662796,
      0.48247385025024414,
      0.4887293875217438
    ],
    [
      0.240245059132576,
      0.240245059132576,
      0.33766940236091614,
      0.9791666865348816,
      0.7241390943527222,
      0.4887293875217438
    ],
    [
      -0.3598039746284485,
      0.3598039746284485,
      -0.26237961649894714,
      0.125,
      0.4749199450016022,
      0.47890210151672363
    ],
    [
      0.10921762138605118,
      0.10921762138605118,
      0.20664197206497192,
      0.8958333134651184,
      0.7319022417068481,
      0.5019164681434631
    ],
    [
      -0.12480878829956055,
      0.12480878829956055,
      -0.0273844376206398,
      0.2916666567325592,
      0.25095823407173157,
      0.5019164681434631
    ],
    [
      -0.08622224628925323,
      0.08622224628925323,
      0.011202104389667511,
      0.4791666567325592,
      0.4920070767402649,
      0.4930639863014221
    ],
    [
      0.030631249770522118,
      0.030631249770522118,
      0.128055602312088,
      0.6875,
      0.7372208833694458,
      0.4936346113681793
    ],
    [
      -0.192964106798172,
      0.192964106798172,
      -0.09553975611925125,
      0.2291666716337204,
      0.7517617344856262,
      0.5057734847068787
    ],
    [
      -0.04599964991211891,
      0.04599964991211891,
      0.051424700766801834,
      0.5625,
      0.25205764174461365,
      0.5041152834892273
    ],
    [
      -0.04481501132249832,
      0.04481501132249832,
      0.052609339356422424,
      0.5833333134651184,
      0.25288674235343933,
      0.5057734847068787
    ],
    [
      0.09840147197246552,
      0.09840147197246552,
      0.19582581520080566,
      0.8541666865348816,
      0.7316914200782776,
      0.4949929714202881
    ],
    [
      -0.5115799307823181,
      0.5115799307823181,
      -0.4141555726528168,
      0.0,
      0.24749648571014404,
      0.4949929714202881
    ],
    [
      0.13237933814525604,
      0.13237933814525604,
      0.2298036813735962,
      0.9375,
      0.9735066294670105,
      0.4976041316986084
    ],
    [
      -0.11390134692192078,
      0.11390134692192078,
      -0.01647699624300003,
      0.3333333432674408,
      0.2488020658493042,
      0.4976041316986084
    ],
    [
      -0.5091341733932495,
      0.5091341733932495,
      -0.41170981526374817,
      0.0416666679084301,
      0.24559295177459717,
      0.49118590354919434
    ],
    [
      -0.07413599640130997,
      0.07413599640130997,
      0.02328835427761078,
      0.5208333134651184,
      0.49175018072128296,
      0.4972399175167084
    ],
    [
      -0.008895520120859146,
      0.008895520120859146,
