{
  "canonical_smiles": "CCCCc1oc2ccc(NS(C)(=O)=O)cc2c1C(=O)c1ccc(OCCCN(CCCC)CCCC)cc1",
  "xtb_valid": true,
  "atom_valid_mask": [
    [
      1.0
    ],
    [
      1.0
    ],
    [
      1.0
    ],
    [
      1.0
    ],
    [
      1.0
    ],
    [
      1.0
    ],
    [
      1.0
    ],
    [
      1.0
    ],
    [
      1.0
    ],
    [
      1.0
    ],
    [
      1.0
    ],
    [
      1.0
    ],
    [
      1.0
    ],
    [
      1.0
    ],
    [
      1.0
    ],
    [
      1.0
    ],
    [
      1.0
    ],
    [
      1.0
    ],
    [
      1.0
    ],
    [
      1.0
    ],
    [
      1.0
    ],
    [
      1.0
    ],
    [
      1.0
    ],
    [
      1.0
    ],
    [
      1.0
    ],
    [
      1.0
    ],
    [
      1.0
    ],
    [
      1.0
    ],
    [
      1.0
    ],
    [
      1.0
    ],
    [
      1.0
    ],
    [
      1.0
    ],
    [
      1.0
    ],
    [
      1.0
    ],
    [
      1.0
    ],
    [
      1.0
    ],
    [
      1.0
    ],
    [
      1.0
    ],
    [
      1.0
    ]
  ],
  "atom_features": [
    [
      -0.11101321876049042,
      0.11101321876049042,
      -0.05063581094145775,
      0.21052631735801697,
      0.25511014461517334,
      0.5102202892303467
    ],
    [
      -0.05943743884563446,
      0.05943743884563446,
      0.0009399689733982086,
      0.4736842215061188,
      0.5071992874145508,
      0.5102202892303467
    ],
    [
      -0.0594189390540123,
      0.0594189390540123,
      0.0009584687650203705,
      0.5,
      0.5025398135185242,
      0.5041782855987549
    ],
    [
      -0.06954790651798248,
      0.06954790651798248,
      -0.009170498698949814,
      0.31578946113586426,
      0.5057608485221863,
      0.5106203556060791
    ],
    [
      0.12321709841489792,
      0.12321709841489792,
      0.1835945099592209,
      0.9210526347160339,
      0.916254460811615,
      0.7720151543617249
    ],
    [
      -0.2032664567232132,
      0.2032664567232132,
      -0.14288905262947083,
      0.18421052396297455,
      0.543335497379303,
      0.549873411655426
    ],
    [
      0.11586160957813263,
      0.11586160957813263,
      0.176239013671875,
      0.8947368264198303,
      0.9275336265563965,
      0.675894558429718
    ],
    [
      -0.05810457095503807,
      0.05810457095503807,
      0.0022728368639945984,
      0.5526315569877625,
      0.7361738085746765,
      0.7366693615913391
    ],
    [
      -0.0624232292175293,
      0.0624232292175293,
      -0.002045821398496628,
      0.3947368562221527,
      0.7042520046234131,
      0.7366693615913391
    ],
    [
      0.06558842211961746,
      0.06558842211961746,
      0.12596583366394043,
      0.8421052694320679,
      0.9528971314430237,
      0.7152955532073975
    ],
    [
      -0.36309221386909485,
      0.36309221386909485,
      -0.3027147948741913,
      0.07894736528396606,
      0.4960423409938812,
      0.5186640024185181
    ],
    [
      1.1745957136154175,
      1.1745957136154175,
      1.2349730730056763,
      1.0,
      1.2124676704406738,
      0.7830299139022827
    ],
    [
      -0.23664222657680511,
      0.23664222657680511,
      -0.17626482248306274,
      0.1315789520740509,
      0.19301006197929382,
      0.38602012395858765
    ],
    [
      -0.647770345211029,
      0.647770345211029,
      -0.5873929262161255,
      0.0,
      0.41683414578437805,
      0.7824647426605225
    ],
    [
      -0.6468040943145752,
      0.6468040943145752,
      -0.5864266753196716,
      0.02631578966975212,
      0.4171167314052582,
      0.7830299139022827
    ],
    [
      -0.05851433053612709,
      0.05851433053612709,
      0.0018630772829055786,
      0.5263158082962036,
      0.7185796499252319,
      0.7152955532073975
    ],
    [
      -0.006507279817014933,
      0.006507279817014933,
      0.053870126605033875,
      0.7368420958518982,
      0.9453223943710327,
      0.6620799899101257
    ],
    [
      -0.06147390976548195,
      0.06147390976548195,
      -0.0010965019464492798,
      0.42105263471603394,
      0.9339584708213806,
      0.7720151543617249
    ],
    [
      0.237188920378685,
      0.237188920378685,
      0.29756632447242737,
      0.9736841917037964,
      0.949345588684082,
      0.8719229102134705
    ],
    [
      -0.44554537534713745,
      0.44554537534713745,
      -0.3851679563522339,
      0.05263157933950424,
      0.43596145510673523,
      0.8719229102134705
    ],
    [
      -0.024585900828242302,
      0.024585900828242302,
      0.035791508853435516,
      0.6842105388641357,
      0.9421806931495667,
      0.6849754452705383
    ],
    [
      -0.029862070456147194,
      0.029862070456147194,
      0.030515337362885475,
      0.6578947305679321,
      0.7338846921920776,
      0.7324470281600952
    ],
    [
      -0.06131559982895851,
      0.06131559982895851,
      -0.0009381920099258423,
      0.44736841320991516,
      0.7069706320762634,
      0.7324470281600952
    ],
    [
      0.15469883382320404,
      0.15469883382320404,
      0.2150762379169464,
      0.9473684430122375,
      0.9449911117553711,
      0.6814942359924316
    ],
    [
      -0.301532119512558,
      0.301532119512558,
      -0.2411547154188156,
      0.10526315867900848,
      0.500942587852478,
      0.5300785303115845
    ],
    [
      0.07496564090251923,
      0.07496564090251923,
      0.1353430449962616,
      0.8684210777282715,
      0.48674190044403076,
      0.5016770958900452
    ],
    [
      -0.07415106892585754,
      0.07415106892585754,
      -0.013773661106824875,
      0.28947368264198303,
      0.501729428768158,
      0.5017817616462708
    ],
    [
      0.009586789645254612,
      0.009586789645254612,
      0.069964200258255,
      0.8157894611358643,
      0.5003716945648193,
      0.5017817616462708
    ],
    [
      -0.20465323328971863,
      0.20465323328971863,
      -0.14427582919597626,
      0.15789473056793213,
      0.747381329536438,
      0.49896159768104553
    ],
    [
      0.008394699543714523,
      0.008394699543714523,
      0.06877210736274719,
      0.7894737124443054,
      0.49991101026535034,
      0.5015128254890442
    ],
    [
      -0.0680706724524498,
      0.0680706724524498,
      -0.0076932646334171295,
      0.34210526943206787,
      0.5023595094680786,
      0.5032062530517578
    ],
    [
      -0.05548277869820595,
      0.05548277869820595,
      0.004894629120826721,
      0.6052631735801697,
      0.5066977739334106,
      0.5101893544197083
    ],
    [
      -0.11009226739406586,
      0.11009226739406586,
      -0.04971485957503319,
      0.2368421107530594,
      0.2550946772098541,
      0.5101893544197083
    ],
    [
      0.007398319896310568,
      0.007398319896310568,
      0.06777572631835938,
      0.7631579041481018,
      0.49965330958366394,
      0.5018148422241211
    ],
    [
      -0.0673549622297287,
      0.0673549622297287,
      -0.00697755441069603,
      0.3684210479259491,
      0.5024444460868835,
      0.503074049949646
    ],
    [
      -0.05778196081519127,
      0.05778196081519127,
      0.0025954470038414,
      0.5789473652839661,
      0.5068458318710327,
      0.5106176137924194
    ],
    [
      -0.1066812127828598,
      0.1066812127828598,
      -0.04630380496382713,
      0.2631579041481018,
      0.2553088068962097,
      0.5106176137924194
    ],
    [
      -0.05481341853737831,
      0.05481341853737831,
      0.005563989281654358,
      0.6315789222717285,
      0.7324810028076172,
      0.7362056374549866
    ],
    [
      -0.0202765092253685,
      0.0202765092253685,
      0.04010089859366417,
      0.7105262875556946,
      0.7092678546905518,
      0.7362056374549866
    ]
  ],
  "feature_names": [
    "charge",
    "abs_charge",
    "charge_centered",
    "charge_rank_norm",
    "wbo_sum",
    "wbo_max"
  ],
  "status": "ok",
  "error": null
}