{
  "canonical_smiles": "CC[C@@H](OC(C)=O)C(C[C@@H](C)NC)(c1ccccc1)c1ccccc1",
  "xtb_valid": true,
  "atom_valid_mask": [
    [
      1.0
    ],
    [
      1.0
    ],
    [
      1.0
    ],
    [
      1.0
    ],
    [
      1.0
    ],
    [
      1.0
    ],
    [
      1.0
    ],
    [
      1.0
    ],
    [
      1.0
    ],
    [
      1.0
    ],
    [
      1.0
    ],
    [
      1.0
    ],
    [
      1.0
    ],
    [
      1.0
    ],
    [
      1.0
    ],
    [
      1.0
    ],
    [
      1.0
    ],
    [
      1.0
    ],
    [
      1.0
    ],
    [
      1.0
    ],
    [
      1.0
    ],
    [
      1.0
    ],
    [
      1.0
    ],
    [
      1.0
    ],
    [
      1.0
    ]
  ],
  "atom_features": [
    [
      -0.09822162985801697,
      0.09822162985801697,
      -0.042059704661369324,
      0.2083333283662796,
      0.2549333870410919,
      0.5098667740821838
    ],
    [
      -0.059083499014377594,
      0.059083499014377594,
      -0.00292157381772995,
      0.2916666567325592,
      0.4992581605911255,
      0.5098667740821838
    ],
    [
      0.1080462634563446,
      0.1080462634563446,
      0.16420818865299225,
      0.9583333134651184,
      0.7129244804382324,
      0.48864954710006714
    ],
    [
      -0.26808640360832214,
      0.26808640360832214,
      -0.2119244784116745,
      0.0833333358168602,
      0.5588151216506958,
      0.5714311599731445
    ],
    [
      0.3663943111896515,
      0.3663943111896515,
      0.42255622148513794,
      1.0,
      0.9626185297966003,
      0.8519375920295715
    ],
    [
      -0.16369445621967316,
      0.16369445621967316,
      -0.10753253102302551,
      0.125,
      0.2509341239929199,
      0.5018682479858398
    ],
    [
      -0.48191142082214355,
      0.48191142082214355,
      -0.4257494807243347,
      0.0,
      0.46789711713790894,
      0.8519375920295715
    ],
    [
      0.0012262800009921193,
      0.0012262800009921193,
      0.05738820508122444,
      0.7916666865348816,
      0.9634876847267151,
      0.4893593490123749
    ],
    [
      -0.07387179136276245,
      0.07387179136276245,
      -0.017709866166114807,
      0.25,
      0.49046939611434937,
      0.493924617767334
    ],
    [
      0.04518985003232956,
      0.04518985003232956,
      0.1013517752289772,
      0.9166666865348816,
      0.746125340461731,
      0.5023564100265503
    ],
    [
      -0.10720814764499664,
      0.10720814764499664,
      -0.051046222448349,
      0.1666666716337204,
      0.25117820501327515,
      0.5023564100265503
    ],
    [
      -0.28930410742759705,
      0.28930410742759705,
      -0.2331421822309494,
      0.0416666679084301,
      0.5043953657150269,
      0.5128211379051208
    ],
    [
      -0.029880380257964134,
      0.029880380257964134,
      0.02628154493868351,
      0.75,
      0.2564105689525604,
      0.5128211379051208
    ],
    [
      0.012740270234644413,
      0.012740270234644413,
      0.06890219449996948,
      0.875,
      0.9766582250595093,
      0.7085696458816528
    ],
    [
      -0.04221725836396217,
      0.04221725836396217,
      0.01394466683268547,
      0.3333333432674408,
      0.7401215434074402,
      0.7175681591033936
    ],
    [
      -0.03668329864740372,
      0.03668329864740372,
      0.019478626549243927,
      0.5833333134651184,
      0.7478711009025574,
      0.7215572595596313
    ],
    [
      -0.03693652153015137,
      0.03693652153015137,
      0.019225403666496277,
      0.5416666865348816,
      0.7466222047805786,
      0.7215572595596313
    ],
    [
      -0.03547712042927742,
      0.03547712042927742,
      0.020684804767370224,
      0.6666666865348816,
      0.7480370402336121,
      0.7250266075134277
    ],
    [
      -0.03289623185992241,
      0.03289623185992241,
      0.023265693336725235,
      0.7083333134651184,
      0.7411429286003113,
      0.7250266075134277
    ],
    [
      0.00623861001804471,
      0.00623861001804471,
      0.06240053474903107,
      0.8333333134651184,
      0.9738732576370239,
      0.7112579941749573
    ],
    [
      -0.03721224144101143,
      0.03721224144101143,
      0.018949683755636215,
      0.5,
      0.7425184845924377,
      0.7232523560523987
    ],
    [
      -0.03568192943930626,
      0.03568192943930626,
      0.020479995757341385,
      0.625,
      0.7479664087295532,
      0.7232523560523987
    ],
    [
      -0.03731530159711838,
      0.03731530159711838,
      0.018846623599529266,
      0.4583333432674408,
      0.7472852468490601,
      0.7212770581245422
    ],
    [
      -0.0378069207072258,
      0.0378069207072258,
      0.018355004489421844,
      0.4166666567325592,
      0.7477397322654724,
      0.7212770581245422
    ],
    [
      -0.04039502888917923,
      0.04039502888917923,
      0.015766896307468414,
      0.375,
      0.7419032454490662,
      0.7177667021751404
    ]
  ],
  "feature_names": [
    "charge",
    "abs_charge",
    "charge_centered",
    "charge_rank_norm",
    "wbo_sum",
    "wbo_max"
  ],
  "status": "ok",
  "error": null
}