{
  "canonical_smiles": "CC(COc1ccccc1)N(CCCl)Cc1ccccc1",
  "xtb_valid": true,
  "atom_valid_mask": [
    [
      1.0
    ],
    [
      1.0
    ],
    [
      1.0
    ],
    [
      1.0
    ],
    [
      1.0
    ],
    [
      1.0
    ],
    [
      1.0
    ],
    [
      1.0
    ],
    [
      1.0
    ],
    [
      1.0
    ],
    [
      1.0
    ],
    [
      1.0
    ],
    [
      1.0
    ],
    [
      1.0
    ],
    [
      1.0
    ],
    [
      1.0
    ],
    [
      1.0
    ],
    [
      1.0
    ],
    [
      1.0
    ],
    [
      1.0
    ],
    [
      1.0
    ]
  ],
  "atom_features": [
    [
      -0.11246463656425476,
      0.11246463656425476,
      -0.06409479677677155,
      0.15000000596046448,
      0.2501193583011627,
      0.5002387166023254
    ],
    [
      0.03538887947797775,
      0.03538887947797775,
      0.08375871926546097,
      0.8999999761581421,
      0.740262508392334,
      0.5002387166023254
    ],
    [
      0.06370511651039124,
      0.06370511651039124,
      0.11207495629787445,
      0.949999988079071,
      0.4846101701259613,
      0.48800528049468994
    ],
    [
      -0.30231982469558716,
      0.30231982469558716,
      -0.25394999980926514,
      0.0,
      0.5037556886672974,
      0.5262963771820068
    ],
    [
      0.1423075795173645,
      0.1423075795173645,
      0.19067741930484772,
      1.0,
      0.9468976259231567,
      0.6882638335227966
    ],
    [
      -0.06709513813257217,
      0.06709513813257217,
      -0.01872529834508896,
      0.20000000298023224,
      0.729820191860199,
      0.7182607650756836
    ],
    [
      -0.03593701124191284,
      0.03593701124191284,
      0.012432828545570374,
      0.550000011920929,
      0.7478405237197876,
      0.7212225794792175
    ],
    [
      -0.047143369913101196,
      0.047143369913101196,
      0.001226469874382019,
      0.30000001192092896,
      0.7177820801734924,
      0.7212225794792175
    ],
    [
      -0.03689216822385788,
      0.03689216822385788,
      0.011477671563625336,
      0.44999998807907104,
      0.7478360533714294,
      0.728214681148529
    ],
    [
      -0.060822080820798874,
      0.060822080820798874,
      -0.012452241033315659,
      0.25,
      0.731823742389679,
      0.728214681148529
    ],
    [
      -0.19563879072666168,
      0.19563879072666168,
      -0.14726895093917847,
      0.10000000149011612,
      0.7428073883056641,
      0.49902623891830444
    ],
    [
      0.0033554600086063147,
      0.0033554600086063147,
      0.051725298166275024,
      0.75,
      0.500653862953186,
      0.5022815465927124
    ],
    [
      0.02302508056163788,
      0.02302508056163788,
      0.0713949203491211,
      0.8500000238418579,
      0.4847313165664673,
      0.5022815465927124
    ],
    [
      -0.2438976913690567,
      0.2438976913690567,
      -0.1955278515815735,
      0.05000000074505806,
      0.2335905283689499,
      0.4671810567378998
    ],
    [
      -0.0009408799814991653,
      0.0009408799814991653,
      0.047428958117961884,
      0.699999988079071,
      0.49760758876800537,
      0.5009076595306396
    ],
    [
      0.0064093200489878654,
      0.0064093200489878654,
      0.054779160767793655,
      0.800000011920929,
      0.9844465255737305,
      0.708885669708252
    ],
    [
      -0.04115309938788414,
      0.04115309938788414,
      0.007216740399599075,
      0.3499999940395355,
      0.7416573166847229,
      0.7195347547531128
    ],
    [
      -0.03563302010297775,
      0.03563302010297775,
      0.012736819684505463,
      0.6000000238418579,
      0.7483946084976196,
      0.7207651138305664
    ],
    [
      -0.03659898042678833,
      0.03659898042678833,
      0.011770859360694885,
      0.5,
      0.7466983795166016,
      0.7207651138305664
    ],
    [
      -0.03492413088679314,
      0.03492413088679314,
      0.013445708900690079,
      0.6499999761581421,
      0.748436450958252,
      0.7243167757987976
    ],
    [
      -0.03849717974662781,
      0.03849717974662781,
      0.009872660040855408,
      0.4000000059604645,
      0.7424680590629578,
      0.7243167757987976
    ]
  ],
  "feature_names": [
    "charge",
    "abs_charge",
    "charge_centered",
    "charge_rank_norm",
    "wbo_sum",
    "wbo_max"
  ],
  "status": "ok",
  "error": null
}