{
  "canonical_smiles": "COc1ccc(CCNCCC[C@](C#N)(c2ccc(OC)c(OC)c2)C(C)C)cc1OC",
  "xtb_valid": true,
  "atom_valid_mask": [
    [
      1.0
    ],
    [
      1.0
    ],
    [
      1.0
    ],
    [
      1.0
    ],
    [
      1.0
    ],
    [
      1.0
    ],
    [
      1.0
    ],
    [
      1.0
    ],
    [
      1.0
    ],
    [
      1.0
    ],
    [
      1.0
    ],
    [
      1.0
    ],
    [
      1.0
    ],
    [
      1.0
    ],
    [
      1.0
    ],
    [
      1.0
    ],
    [
      1.0
    ],
    [
      1.0
    ],
    [
      1.0
    ],
    [
      1.0
    ],
    [
      1.0
    ],
    [
      1.0
    ],
    [
      1.0
    ],
    [
      1.0
    ],
    [
      1.0
    ],
    [
      1.0
    ],
    [
      1.0
    ],
    [
      1.0
    ],
    [
      1.0
    ],
    [
      1.0
    ],
    [
      1.0
    ],
    [
      1.0
    ]
  ],
  "atom_features": [
    [
      0.024418100714683533,
      0.024418100714683533,
      0.08305181562900543,
      0.8064516186714172,
      0.24334238469600677,
      0.48668476939201355
    ],
    [
      -0.30616194009780884,
      0.30616194009780884,
      -0.24752822518348694,
      0.032258063554763794,
      0.5038884878158569,
      0.5210922360420227
    ],
    [
      0.1132907122373581,
      0.1132907122373581,
      0.17192442715168,
      0.8709677457809448,
      0.9317032098770142,
      0.6982794404029846
    ],
    [
      -0.07636073976755142,
      0.07636073976755142,
      -0.01772702857851982,
      0.32258063554763794,
      0.7036304473876953,
      0.708981454372406
    ],
    [
      -0.057539839297533035,
      0.057539839297533035,
      0.0010938718914985657,
      0.4516128897666931,
      0.7111204266548157,
      0.7132594585418701
    ],
    [
      0.00015042000450193882,
      0.00015042000450193882,
      0.058784130960702896,
      0.5806451439857483,
      0.95615553855896,
      0.7132594585418701
    ],
    [
      -0.07176519930362701,
      0.07176519930362701,
      -0.013131488114595413,
      0.35483869910240173,
      0.5028898119926453,
      0.5053565502166748
    ],
    [
      0.0141692403703928,
      0.0141692403703928,
      0.07280295342206955,
      0.6451612710952759,
      0.5023066401481628,
      0.50419020652771
    ],
    [
      -0.2816556692123413,
      0.2816556692123413,
      -0.2230219542980194,
      0.16129031777381897,
      0.5052736401557922,
      0.5063570737838745
    ],
    [
      0.014872919768095016,
      0.014872919768095016,
      0.07350663095712662,
      0.6774193644523621,
      0.50334632396698,
      0.5063570737838745
    ],
    [
      -0.06259292364120483,
      0.06259292364120483,
      -0.003959212452173233,
      0.3870967626571655,
      0.5017412304878235,
      0.5031469464302063
    ],
    [
      -0.049567531794309616,
      0.049567531794309616,
      0.009066179394721985,
      0.5161290168762207,
      0.48769378662109375,
      0.5031469464302063
    ],
    [
      0.02244699001312256,
      0.02244699001312256,
      0.08108070492744446,
      0.7419354915618896,
      0.9611586332321167,
      0.5036641955375671
    ],
    [
      0.1273857057094574,
      0.1273857057094574,
      0.1860194206237793,
      1.0,
      0.9611486196517944,
      1.418632984161377
    ],
    [
      -0.28786519169807434,
      0.28786519169807434,
      -0.22923147678375244,
      0.12903225421905518,
      0.7093164920806885,
      1.418632984161377
    ],
    [
      0.005810509901493788,
      0.005810509901493788,
      0.06444422155618668,
      0.6129032373428345,
      0.9688683152198792,
      0.7071386575698853
    ],
    [
      -0.05137750878930092,
      0.05137750878930092,
      0.007256202399730682,
      0.4838709533214569,
      0.7106612324714661,
      0.7173346281051636
    ],
    [
      -0.05915987864136696,
      0.05915987864136696,
      -0.0005261674523353577,
      0.4193548262119293,
      0.7111322283744812,
      0.7173346281051636
    ],
    [
      0.11590220034122467,
      0.11590220034122467,
      0.17453591525554657,
      0.9354838728904724,
      0.9575093984603882,
      0.7049298286437988
    ],
    [
      -0.3368852138519287,
      0.3368852138519287,
      -0.2782514989376068,
      0.0,
      0.4891720116138458,
      0.5010296702384949
    ],
    [
      0.03313944861292839,
      0.03313944861292839,
      0.09177315980195999,
      0.8387096524238586,
      0.23865719139575958,
      0.47731438279151917
    ],
    [
      0.12220107764005661,
      0.12220107764005661,
      0.1808347851037979,
      0.9677419066429138,
      0.9375662207603455,
      0.6857786774635315
    ],
    [
      -0.292755663394928,
      0.292755663394928,
      -0.23412194848060608,
      0.09677419066429138,
      0.5073469281196594,
      0.5305798649787903
    ],
    [
      0.02105667069554329,
      0.02105667069554329,
      0.07969038188457489,
      0.7096773982048035,
      0.2420569807291031,
      0.4841139614582062
    ],
    [
      -0.07788808643817902,
      0.07788808643817902,
      -0.019254375249147415,
      0.29032257199287415,
      0.6964586973190308,
      0.7071386575698853
    ],
    [
      -0.007800720166414976,
      0.007800720166414976,
      0.05083299055695534,
      0.5483871102333069,
      0.7391611337661743,
      0.5043517351150513
    ],
    [
      -0.10986042767763138,
      0.10986042767763138,
      -0.05122671648859978,
      0.22580644488334656,
      0.25194135308265686,
      0.5038827061653137
    ],
    [
      -0.11265172809362411,
      0.11265172809362411,
      -0.054018016904592514,
      0.19354838132858276,
      0.25217586755752563,
      0.5043517351150513
    ],
    [
      -0.08469764143228531,
      0.08469764143228531,
      -0.026063930243253708,
      0.25806450843811035,
      0.6968697905540466,
      0.7000445127487183
    ],
    [
      0.1152363121509552,
      0.1152363121509552,
      0.1738700270652771,
      0.9032257795333862,
      0.9331422448158264,
      0.7000445127487183
    ],
    [
      -0.3040720522403717,
      0.3040720522403717,
      -0.2454383373260498,
      0.06451612710952759,
      0.5044916272163391,
      0.5222051739692688
    ],
    [
      0.024298839271068573,
      0.024298839271068573,
      0.08293254673480988,
      0.774193525314331,
      0.24338902533054352,
      0.48677805066108704
    ]
  ],
  "feature_names": [
    "charge",
    "abs_charge",
    "charge_centered",
    "charge_rank_norm",
    "wbo_sum",
    "wbo_max"
  ],
  "status": "ok",
  "error": null
}