{
  "canonical_smiles": "CCCc1nc(C)c2c(=O)[nH]c(-c3cc(S(=O)(=O)N4CCN(CC)CC4)ccc3OCC)nn12",
  "xtb_valid": true,
  "atom_valid_mask": [
    [
      1.0
    ],
    [
      1.0
    ],
    [
      1.0
    ],
    [
      1.0
    ],
    [
      1.0
    ],
    [
      1.0
    ],
    [
      1.0
    ],
    [
      1.0
    ],
    [
      1.0
    ],
    [
      1.0
    ],
    [
      1.0
    ],
    [
      1.0
    ],
    [
      1.0
    ],
    [
      1.0
    ],
    [
      1.0
    ],
    [
      1.0
    ],
    [
      1.0
    ],
    [
      1.0
    ],
    [
      1.0
    ],
    [
      1.0
    ],
    [
      1.0
    ],
    [
      1.0
    ],
    [
      1.0
    ],
    [
      1.0
    ],
    [
      1.0
    ],
    [
      1.0
    ],
    [
      1.0
    ],
    [
      1.0
    ],
    [
      1.0
    ],
    [
      1.0
    ],
    [
      1.0
    ],
    [
      1.0
    ],
    [
      1.0
    ],
    [
      1.0
    ]
  ],
  "atom_features": [
    [
      -0.11195529997348785,
      0.11195529997348785,
      -0.0515962578356266,
      0.3636363744735718,
      0.25539422035217285,
      0.5107884407043457
    ],
    [
      -0.05564102903008461,
      0.05564102903008461,
      0.004718013107776642,
      0.4848484992980957,
      0.5013004541397095,
      0.5107884407043457
    ],
    [
      -0.07521381229162216,
      0.07521381229162216,
      -0.01485477015376091,
      0.42424243688583374,
      0.5010069012641907,
      0.5102012753486633
    ],
    [
      0.11869999021291733,
      0.11869999021291733,
      0.17905902862548828,
      0.8787878751754761,
      0.9263529777526855,
      0.7378321886062622
    ],
    [
      -0.3038060665130615,
      0.3038060665130615,
      -0.24344702064990997,
      0.12121212482452393,
      0.6931409239768982,
      0.7378321886062622
    ],
    [
      0.06828197836875916,
      0.06828197836875916,
      0.1286410242319107,
      0.8181818127632141,
      0.9406169652938843,
      0.712847888469696
    ],
    [
      -0.12290112674236298,
      0.12290112674236298,
      -0.06254208087921143,
      0.3030303120613098,
      0.2599681317806244,
      0.5199362635612488
    ],
    [
      -0.032368261367082596,
      0.032368261367082596,
      0.027990780770778656,
      0.5151515007019043,
      0.9136868119239807,
      0.712847888469696
    ],
    [
      0.28143179416656494,
      0.28143179416656494,
      0.3417908251285553,
      0.9696969985961914,
      0.9643717408180237,
      0.8006768822669983
    ],
    [
      -0.5117709040641785,
      0.5117709040641785,
      -0.4514118731021881,
      0.06060606241226196,
      0.4337683320045471,
      0.8006768822669983
    ],
    [
      -0.17000657320022583,
      0.17000657320022583,
      -0.10964752733707428,
      0.24242424964904785,
      0.608892560005188,
      0.5816681981086731
    ],
    [
      0.16107259690761566,
      0.16107259690761566,
      0.2214316427707672,
      0.939393937587738,
      0.949990451335907,
      0.7951042652130127
    ],
    [
      -0.010457449592649937,
      0.010457449592649937,
      0.04990159347653389,
      0.6060606241226196,
      0.9361817240715027,
      0.6993014812469482
    ],
    [
      -0.02575892023742199,
      0.02575892023742199,
      0.03460012376308441,
      0.5757575631141663,
      0.7302441000938416,
      0.7101867198944092
    ],
    [
      -0.08798552304506302,
      0.08798552304506302,
      -0.027626480907201767,
      0.39393940567970276,
      0.894392728805542,
      0.7101867198944092
    ],
    [
      1.1441590785980225,
      1.1441590785980225,
      1.2045180797576904,
      1.0,
      1.1989293098449707,
      0.7893009781837463
    ],
    [
      -0.6354702711105347,
      0.6354702711105347,
      -0.5751112103462219,
      0.03030303120613098,
      0.42014703154563904,
      0.7893009781837463
    ],
    [
      -0.6487666368484497,
      0.6487666368484497,
      -0.588407576084137,
      0.0,
      0.4141353666782379,
      0.7772776484489441
    ],
    [
      -0.3111104965209961,
      0.3111104965209961,
      -0.25075146555900574,
      0.09090909361839294,
      0.7100809812545776,
      0.4849531352519989
    ],
    [
      -0.007728959899395704,
      0.007728959899395704,
      0.05263008177280426,
      0.6666666865348816,
      0.493552029132843,
      0.5021508932113647
    ],
    [
      0.0013053499860689044,
      0.0013053499860689044,
      0.0616643913090229,
      0.6969696879386902,
      0.5003547072410583,
      0.5021508932113647
    ],
    [
      -0.19240887463092804,
      0.19240887463092804,
      -0.1320498287677765,
      0.21212121844291687,
      0.7485785484313965,
      0.5007689595222473
    ],
    [
      0.008598259650170803,
      0.008598259650170803,
      0.06895729899406433,
      0.7272727489471436,
      0.5030227303504944,
      0.5082158446311951
    ],
    [
      -0.12191566079854965,
      0.12191566079854965,
      -0.0615566186606884,
      0.3333333432674408,
      0.25410792231559753,
      0.5082158446311951
    ],
    [
      -0.009329009801149368,
      0.009329009801149368,
      0.051030032336711884,
      0.6363636255264282,
      0.4989859163761139,
      0.5007689595222473
    ],
    [
      0.008786249905824661,
      0.008786249905824661,
      0.06914529204368591,
      0.7575757503509521,
      0.48954465985298157,
      0.49720290303230286
    ],
    [
      -0.026868660002946854,
      0.026868660002946854,
      0.0334903821349144,
      0.5454545617103577,
      0.7115047574043274,
      0.7223682999610901
    ],
    [
      -0.05684405937790871,
      0.05684405937790871,
      0.003514982759952545,
      0.4545454680919647,
      0.7277482151985168,
      0.7223682999610901
    ],
    [
      0.1596088409423828,
      0.1596088409423828,
      0.21996788680553436,
      0.9090909361839294,
      0.9390708804130554,
      0.6821280717849731
    ],
    [
      -0.26717838644981384,
      0.26717838644981384,
      -0.2068193405866623,
      0.1515151560306549,
      0.5057231783866882,
      0.546160101890564
    ],
    [
      0.06214047968387604,
      0.06214047968387604,
      0.12249952554702759,
      0.7878788113594055,
      0.4862004220485687,
      0.5071146488189697
    ],
    [
      -0.132486492395401,
      0.132486492395401,
      -0.07212744653224945,
      0.27272728085517883,
      0.25355732440948486,
      0.5071146488189697
    ],
    [
      -0.21746154129505157,
      0.21746154129505157,
      -0.15710249543190002,
      0.1818181872367859,
      0.6709703803062439,
      0.7951042652130127
    ],
    [
      0.06914205849170685,
      0.06914205849170685,
      0.1295011043548584,
      0.8484848737716675,
      0.8536126017570496,
      0.604672372341156
    ]
  ],
  "feature_names": [
    "charge",
    "abs_charge",
    "charge_centered",
    "charge_rank_norm",
    "wbo_sum",
    "wbo_max"
  ],
  "status": "ok",
  "error": null
}