{
  "canonical_smiles": "C[C@H](Cc1ccccc1)N(C)Cc1ccccc1",
  "xtb_valid": true,
  "atom_valid_mask": [
    [
      1.0
    ],
    [
      1.0
    ],
    [
      1.0
    ],
    [
      1.0
    ],
    [
      1.0
    ],
    [
      1.0
    ],
    [
      1.0
    ],
    [
      1.0
    ],
    [
      1.0
    ],
    [
      1.0
    ],
    [
      1.0
    ],
    [
      1.0
    ],
    [
      1.0
    ],
    [
      1.0
    ],
    [
      1.0
    ],
    [
      1.0
    ],
    [
      1.0
    ],
    [
      1.0
    ]
  ],
  "atom_features": [
    [
      -0.11193489283323288,
      0.11193489283323288,
      -0.07101410627365112,
      0.05882352963089943,
      0.2514609694480896,
      0.5029219388961792
    ],
    [
      0.05358843877911568,
      0.05358843877911568,
      0.09450922906398773,
      1.0,
      0.741513192653656,
      0.5029219388961792
    ],
    [
      -0.0722198411822319,
      0.0722198411822319,
      -0.03129905089735985,
      0.11764705926179886,
      0.4974220395088196,
      0.5054256916046143
    ],
    [
      0.013022559694945812,
      0.013022559694945812,
      0.05394335091114044,
      0.9411764740943909,
      0.9850854277610779,
      0.7058408856391907
    ],
    [
      -0.04036080092191696,
      0.04036080092191696,
      0.0005599893629550934,
      0.23529411852359772,
      0.7416922450065613,
      0.7230482697486877
    ],
    [
      -0.037175968289375305,
      0.037175968289375305,
      0.00374482199549675,
      0.5882353186607361,
      0.7483222484588623,
      0.7230482697486877
    ],
    [
      -0.03977515920996666,
      0.03977515920996666,
      0.0011456310749053955,
      0.29411765933036804,
      0.7461865544319153,
      0.7196300625801086
    ],
    [
      -0.037155210971832275,
      0.037155210971832275,
      0.0037655793130397797,
      0.6470588445663452,
      0.7483645081520081,
      0.7212663888931274
    ],
    [
      -0.042944490909576416,
      0.042944490909576416,
      -0.002023700624704361,
      0.1764705926179886,
      0.7411805391311646,
      0.7212663888931274
    ],
    [
      -0.19284683465957642,
      0.19284683465957642,
      -0.15192604064941406,
      0.0,
      0.7464598417282104,
      0.5067920684814453
    ],
    [
      -0.033420380204916,
      0.033420380204916,
      0.007500410079956055,
      0.7647058963775635,
      0.25339603424072266,
      0.5067920684814453
    ],
    [
      -0.005422540009021759,
      0.005422540009021759,
      0.035498250275850296,
      0.8235294222831726,
      0.49649596214294434,
      0.4975503087043762
    ],
    [
      0.0008953100186772645,
      0.0008953100186772645,
      0.0418161004781723,
      0.8823529481887817,
      0.9820398688316345,
      0.7059681415557861
    ],
    [
      -0.03929036110639572,
      0.03929036110639572,
      0.0016304291784763336,
      0.4117647111415863,
      0.7415115237236023,
      0.7216500043869019
    ],
    [
      -0.03682120889425278,
      0.03682120889425278,
      0.004099581390619278,
      0.7058823704719543,
      0.748287558555603,
      0.7216500043869019
    ],
    [
      -0.03792580962181091,
      0.03792580962181091,
      0.002994980663061142,
      0.47058823704719543,
      0.7466310262680054,
      0.7192544341087341
    ],
    [
      -0.03723524883389473,
      0.03723524883389473,
      0.0036855414509773254,
      0.529411792755127,
      0.7482894659042358,
      0.721759557723999
    ],
    [
      -0.03955176845192909,
      0.03955176845192909,
      0.0013690218329429626,
      0.3529411852359772,
      0.7416991591453552,
      0.721759557723999
    ]
  ],
  "feature_names": [
    "charge",
    "abs_charge",
    "charge_centered",
    "charge_rank_norm",
    "wbo_sum",
    "wbo_max"
  ],
  "status": "ok",
  "error": null
}