{
  "canonical_smiles": "CC[C@@H](Cc1ccc2c(c1)OCO2)NC",
  "xtb_valid": true,
  "atom_valid_mask": [
    [
      1.0
    ],
    [
      1.0
    ],
    [
      1.0
    ],
    [
      1.0
    ],
    [
      1.0
    ],
    [
      1.0
    ],
    [
      1.0
    ],
    [
      1.0
    ],
    [
      1.0
    ],
    [
      1.0
    ],
    [
      1.0
    ],
    [
      1.0
    ],
    [
      1.0
    ],
    [
      1.0
    ],
    [
      1.0
    ]
  ],
  "atom_features": [
    [
      -0.11010821908712387,
      0.11010821908712387,
      -0.05097790062427521,
      0.2142857164144516,
      0.2547721266746521,
      0.5095442533493042
    ],
    [
      -0.06391937285661697,
      0.06391937285661697,
      -0.0047890543937683105,
      0.5,
      0.5012074112892151,
      0.5095442533493042
    ],
    [
      0.04471262916922569,
      0.04471262916922569,
      0.10384294390678406,
      0.7857142686843872,
      0.739342987537384,
      0.4996614158153534
    ],
    [
      -0.07782717794179916,
      0.07782717794179916,
      -0.0186968594789505,
      0.2857142984867096,
      0.49647238850593567,
      0.506790816783905
    ],
    [
      0.008983000181615353,
      0.008983000181615353,
      0.06811331957578659,
      0.7142857313156128,
      0.955756425857544,
      0.7069814801216125
    ],
    [
      -0.05619547888636589,
      0.05619547888636589,
      0.002934839576482773,
      0.5714285969734192,
      0.7101197242736816,
      0.7132579684257507
    ],
    [
      -0.06868623942136765,
      0.06868623942136765,
      -0.009555920958518982,
      0.4285714328289032,
      0.7058088779449463,
      0.7132579684257507
    ],
    [
      0.11689656972885132,
      0.11689656972885132,
      0.17602688074111938,
      0.8571428656578064,
      0.932703971862793,
      0.6983597874641418
    ],
    [
      0.12033578008413315,
      0.12033578008413315,
      0.1794660985469818,
      0.9285714030265808,
      0.9345992207527161,
      0.7008512020111084
    ],
    [
      -0.0693511888384819,
      0.0693511888384819,
      -0.01022087037563324,
      0.3571428656578064,
      0.6992959380149841,
      0.7008512020111084
    ],
    [
      -0.31035566329956055,
      0.31035566329956055,
      -0.2512253522872925,
      0.0714285746216774,
      0.4962269961833954,
      0.5090493559837341
    ],
    [
      0.2068263292312622,
      0.2068263292312622,
      0.2659566402435303,
      1.0,
      0.4832145571708679,
      0.48340460658073425
    ],
    [
      -0.31396737694740295,
      0.31396737694740295,
      -0.2548370659351349,
      0.0,
      0.4953874349594116,
      0.507750391960144
    ],
    [
      -0.2839530408382416,
      0.2839530408382416,
      -0.2248227298259735,
      0.1428571492433548,
      0.5062859058380127,
      0.5129104256629944
    ],
    [
      -0.03034530021250248,
      0.03034530021250248,
      0.028785018250346184,
      0.6428571343421936,
      0.2564552128314972,
      0.5129104256629944
    ]
  ],
  "feature_names": [
    "charge",
    "abs_charge",
    "charge_centered",
    "charge_rank_norm",
    "wbo_sum",
    "wbo_max"
  ],
  "status": "ok",
  "error": null
}