{
  "canonical_smiles": "C#CC1(O)CCC2C3CCC4=CC(=O)CCC4C3CCC21CC",
  "xtb_valid": true,
  "atom_valid_mask": [
    [
      1.0
    ],
    [
      1.0
    ],
    [
      1.0
    ],
    [
      1.0
    ],
    [
      1.0
    ],
    [
      1.0
    ],
    [
      1.0
    ],
    [
      1.0
    ],
    [
      1.0
    ],
    [
      1.0
    ],
    [
      1.0
    ],
    [
      1.0
    ],
    [
      1.0
    ],
    [
      1.0
    ],
    [
      1.0
    ],
    [
      1.0
    ],
    [
      1.0
    ],
    [
      1.0
    ],
    [
      1.0
    ],
    [
      1.0
    ],
    [
      1.0
    ],
    [
      1.0
    ],
    [
      1.0
    ]
  ],
  "atom_features": [
    [
      -0.11919531226158142,
      0.11919531226158142,
      -0.05076871067285538,
      0.09090909361839294,
      0.7264595031738281,
      1.4529190063476562
    ],
    [
      -0.029670629650354385,
      0.029670629650354385,
      0.03875597193837166,
      0.6363636255264282,
      0.9787548780441284,
      1.4529190063476562
    ],
    [
      0.15851405262947083,
      0.15851405262947083,
      0.22694066166877747,
      0.9545454382896423,
      0.9671980142593384,
      0.5045908093452454
    ],
    [
      -0.4939233064651489,
      0.4939233064651489,
      -0.4254966974258423,
      0.0,
      0.24368184804916382,
      0.48736369609832764
    ],
    [
      -0.07179530709981918,
      0.07179530709981918,
      -0.0033687055110931396,
      0.27272728085517883,
      0.4891110360622406,
      0.5002423524856567
    ],
    [
      -0.06548555940389633,
      0.06548555940389633,
      0.002941042184829712,
      0.3636363744735718,
      0.49921128153800964,
      0.5002423524856567
    ],
    [
      -0.027544649317860603,
      0.027544649317860603,
      0.04088195413351059,
      0.7272727489471436,
      0.737923800945282,
      0.49818021059036255
    ],
    [
      -0.02677330933511257,
      0.02677330933511257,
      0.04165329039096832,
      0.7727272510528564,
      0.7403662204742432,
      0.49762406945228577
    ],
    [
      -0.05946040898561478,
      0.05946040898561478,
      0.008966192603111267,
      0.5,
      0.4947108030319214,
      0.49762406945228577
    ],
    [
      -0.07040590792894363,
      0.07040590792894363,
      -0.0019793063402175903,
      0.3181818127632141,
      0.501869261264801,
      0.5119410157203674
    ],
    [
      0.039796631783246994,
      0.039796631783246994,
      0.10822322964668274,
      0.9090909361839294,
      0.94831782579422,
      0.8816683888435364
    ],
    [
      -0.08450278639793396,
      0.08450278639793396,
      -0.016076184809207916,
      0.22727273404598236,
      0.7115100622177124,
      0.8816683888435364
    ],
    [
      0.23653975129127502,
      0.23653975129127502,
      0.30496636033058167,
      1.0,
      0.952564537525177,
      0.865824282169342
    ],
    [
      -0.47686901688575745,
      0.47686901688575745,
      -0.4084424078464508,
      0.04545454680919647,
      0.432912141084671,
      0.865824282169342
    ],
    [
      -0.08605016767978668,
      0.08605016767978668,
      -0.01762356609106064,
      0.1818181872367859,
      0.5000092387199402,
      0.5020654797554016
    ],
    [
      -0.06475997716188431,
      0.06475997716188431,
      0.003666624426841736,
      0.40909090638160706,
      0.49984419345855713,
      0.5020654797554016
    ],
    [
      -0.027829740196466446,
      0.027829740196466446,
      0.0405968613922596,
      0.6818181872367859,
      0.7399061918258667,
      0.5030262470245361
    ],
    [
      -0.01897783949971199,
      0.01897783949971199,
      0.04944876208901405,
      0.8181818127632141,
      0.7326491475105286,
      0.4972735047340393
    ],
    [
      -0.06202214956283569,
      0.06202214956283569,
      0.00640445202589035,
      0.4545454680919647,
      0.49912431836128235,
      0.5009751319885254
    ],
    [
      -0.05924896150827408,
      0.05924896150827408,
      0.009177640080451965,
      0.5454545617103577,
      0.4985673725605011,
      0.5009751319885254
    ],
    [
      -0.00013671000488102436,
      0.00013671000488102436,
      0.06828989088535309,
      0.8636363744735718,
      0.966596782207489,
      0.4961595833301544
    ],
    [
      -0.057385411113500595,
      0.057385411113500595,
      0.011041190475225449,
      0.5909090638160706,
      0.49951520562171936,
      0.5098784565925598
    ],
    [
      -0.10662490129470825,
      0.10662490129470825,
      -0.03819829970598221,
      0.13636364042758942,
      0.2549392282962799,
      0.5098784565925598
    ]
  ],
  "feature_names": [
    "charge",
    "abs_charge",
    "charge_centered",
    "charge_rank_norm",
    "wbo_sum",
    "wbo_max"
  ],
  "status": "ok",
  "error": null
}