{
  "canonical_smiles": "COc1ccccc1C[C@@H](C)N",
  "xtb_valid": true,
  "atom_valid_mask": [
    [
      1.0
    ],
    [
      1.0
    ],
    [
      1.0
    ],
    [
      1.0
    ],
    [
      1.0
    ],
    [
      1.0
    ],
    [
      1.0
    ],
    [
      1.0
    ],
    [
      1.0
    ],
    [
      1.0
    ],
    [
      1.0
    ],
    [
      1.0
    ]
  ],
  "atom_features": [
    [
      0.023524390533566475,
      0.023524390533566475,
      0.09695073217153549,
      0.8181818127632141,
      0.24278514087200165,
      0.4855702817440033
    ],
    [
      -0.29964467883110046,
      0.29964467883110046,
      -0.2262183427810669,
      0.09090909361839294,
      0.5047420859336853,
      0.5239138603210449
    ],
    [
      0.13182616233825684,
      0.13182616233825684,
      0.2052524983882904,
      1.0,
      0.9409840703010559,
      0.6897215247154236
    ],
    [
      -0.07317488640546799,
      0.07317488640546799,
      0.0002514570951461792,
      0.27272728085517883,
      0.7294569611549377,
      0.7171722650527954
    ],
    [
      -0.0426369309425354,
      0.0426369309425354,
      0.030789412558078766,
      0.6363636255264282,
      0.7459574937820435,
      0.7202337980270386
    ],
    [
      -0.049141719937324524,
      0.049141719937324524,
      0.024284623563289642,
      0.4545454680919647,
      0.7185696363449097,
      0.7202337980270386
    ],
    [
      -0.04598639905452728,
      0.04598639905452728,
      0.027439944446086884,
      0.5454545617103577,
      0.7407365441322327,
      0.716905415058136
    ],
    [
      -0.01437699981033802,
      0.01437699981033802,
      0.059049345552921295,
      0.7272727489471436,
      0.970454216003418,
      0.7125476002693176
    ],
    [
      -0.07311265170574188,
      0.07311265170574188,
      0.00031369179487228394,
      0.3636363744735718,
      0.4971221387386322,
      0.5055192708969116
    ],
    [
      0.06930232048034668,
      0.06930232048034668,
      0.14272865653038025,
      0.9090909361839294,
      0.7474467158317566,
      0.503865122795105
    ],
    [
      -0.1189509779214859,
      0.1189509779214859,
      -0.045524634420871735,
      0.1818181872367859,
      0.2511516511440277,
      0.5023033022880554
    ],
    [
      -0.3887438476085663,
      0.3887438476085663,
      -0.3153175115585327,
      0.0,
      0.2519325613975525,
      0.503865122795105
    ]
  ],
  "feature_names": [
    "charge",
    "abs_charge",
    "charge_centered",
    "charge_rank_norm",
    "wbo_sum",
    "wbo_max"
  ],
  "status": "ok",
  "error": null
}