{
  "canonical_smiles": "Cc1nc2c([nH]1)c(=O)n(C)c(=O)n2Cc1ccco1",
  "xtb_valid": true,
  "atom_valid_mask": [
    [
      1.0
    ],
    [
      1.0
    ],
    [
      1.0
    ],
    [
      1.0
    ],
    [
      1.0
    ],
    [
      1.0
    ],
    [
      1.0
    ],
    [
      1.0
    ],
    [
      1.0
    ],
    [
      1.0
    ],
    [
      1.0
    ],
    [
      1.0
    ],
    [
      1.0
    ],
    [
      1.0
    ],
    [
      1.0
    ],
    [
      1.0
    ],
    [
      1.0
    ],
    [
      1.0
    ],
    [
      1.0
    ]
  ],
  "atom_features": [
    [
      -0.15113000571727753,
      0.15113000571727753,
      -0.08972088247537613,
      0.2222222238779068,
      0.2606660723686218,
      0.5213321447372437
    ],
    [
      0.15666301548480988,
      0.15666301548480988,
      0.21807214617729187,
      0.8888888955116272,
      0.9421511292457581,
      0.7346458435058594
    ],
    [
      -0.304550439119339,
      0.304550439119339,
      -0.2431413233280182,
      0.1111111119389534,
      0.6852202415466309,
      0.7346458435058594
    ],
    [
      0.12587714195251465,
      0.12587714195251465,
      0.18728625774383545,
      0.8333333134651184,
      0.9390913844108582,
      0.6821576356887817
    ],
    [
      -0.01875733956694603,
      0.01875733956694603,
      0.04265178367495537,
      0.6111111044883728,
      0.9155099987983704,
      0.6821576356887817
    ],
    [
      -0.11830420047044754,
      0.11830420047044754,
      -0.05689507722854614,
      0.2777777910232544,
      0.6062537431716919,
      0.6283242106437683
    ],
    [
      0.2644280195236206,
      0.2644280195236206,
      0.3258371353149414,
      0.9444444179534912,
      0.9577140212059021,
      0.794532299041748
    ],
    [
      -0.5063995122909546,
      0.5063995122909546,
      -0.4449903964996338,
      0.0,
      0.43253543972969055,
      0.794532299041748
    ],
    [
      -0.10922741144895554,
      0.10922741144895554,
      -0.04781828820705414,
      0.3333333432674408,
      0.8673425316810608,
      0.5562167763710022
    ],
    [
      -0.052010420709848404,
      0.052010420709848404,
      0.009398702532052994,
      0.5555555820465088,
      0.245420441031456,
      0.490840882062912
    ],
    [
      0.31029605865478516,
      0.31029605865478516,
      0.37170517444610596,
      1.0,
      0.9621362090110779,
      0.7954464554786682
    ],
    [
      -0.4946169853210449,
      0.4946169853210449,
      -0.4332078695297241,
      0.0555555559694767,
      0.46454155445098877,
      0.7954464554786682
    ],
    [
      -0.07844498008489609,
      0.07844498008489609,
      -0.01703585684299469,
      0.3888888955116272,
      0.8416740894317627,
      0.5746254324913025
    ],
    [
      -0.011425020173192024,
      0.011425020173192024,
      0.04998410493135452,
      0.6666666865348816,
      0.4901449978351593,
      0.5025460124015808
    ],
    [
      0.09862858802080154,
      0.09862858802080154,
      0.16003771126270294,
      0.7777777910232544,
      0.9605042338371277,
      0.7853767275810242
    ],
    [
      -0.06859850138425827,
      0.06859850138425827,
      -0.0071893781423568726,
      0.4444444477558136,
      0.7185161709785461,
      0.7853767275810242
    ],
    [
      -0.06613659113645554,
      0.06613659113645554,
      -0.004727467894554138,
      0.5,
      0.7262988686561584,
      0.800942063331604
    ],
    [
      0.056769680231809616,
      0.056769680231809616,
      0.11817879974842072,
      0.7222222089767456,
      0.7214099764823914,
      0.800942063331604
    ],
    [
      -0.19983434677124023,
      0.19983434677124023,
      -0.13842523097991943,
      0.1666666716337204,
      0.5608227252960205,
      0.5652186870574951
    ]
  ],
  "feature_names": [
    "charge",
    "abs_charge",
    "charge_centered",
    "charge_rank_norm",
    "wbo_sum",
    "wbo_max"
  ],
  "status": "ok",
  "error": null
}