{
  "canonical_smiles": "O=c1oc2ccccc2c(O)c1Cc1c(O)c2ccccc2oc1=O",
  "xtb_valid": true,
  "atom_valid_mask": [
    [
      1.0
    ],
    [
      1.0
    ],
    [
      1.0
    ],
    [
      1.0
    ],
    [
      1.0
    ],
    [
      1.0
    ],
    [
      1.0
    ],
    [
      1.0
    ],
    [
      1.0
    ],
    [
      1.0
    ],
    [
      1.0
    ],
    [
      1.0
    ],
    [
      1.0
    ],
    [
      1.0
    ],
    [
      1.0
    ],
    [
      1.0
    ],
    [
      1.0
    ],
    [
      1.0
    ],
    [
      1.0
    ],
    [
      1.0
    ],
    [
      1.0
    ],
    [
      1.0
    ],
    [
      1.0
    ],
    [
      1.0
    ],
    [
      1.0
    ]
  ],
  "atom_features": [
    [
      -0.48317423462867737,
      0.48317423462867737,
      -0.42144009470939636,
      0.0,
      0.43148431181907654,
      0.799710750579834
    ],
    [
      0.3374073803424835,
      0.3374073803424835,
      0.3991415202617645,
      0.9583333134651184,
      0.9450902342796326,
      0.799710750579834
    ],
    [
      -0.2670910954475403,
      0.2670910954475403,
      -0.20535694062709808,
      0.1666666716337204,
      0.5507441163063049,
      0.5378339886665344
    ],
    [
      0.13887859880924225,
      0.13887859880924225,
      0.20061275362968445,
      0.8333333134651184,
      0.9240808486938477,
      0.6864425539970398
    ],
    [
      -0.04559551924467087,
      0.04559551924467087,
      0.016138631850481033,
      0.375,
      0.7360434532165527,
      0.7278230786323547
    ],
    [
      -0.024909479543566704,
      0.024909479543566704,
      0.03682467341423035,
      0.625,
      0.7168178558349609,
      0.7278230786323547
    ],
    [
      -0.03465278819203377,
      0.03465278819203377,
      0.027081362903118134,
      0.4583333432674408,
      0.7201439142227173,
      0.7344751358032227
    ],
    [
      -0.024977199733257294,
      0.024977199733257294,
      0.03675695136189461,
      0.5833333134651184,
      0.7342590093612671,
      0.7344751358032227
    ],
    [
      -0.01216111984103918,
      0.01216111984103918,
      0.049573030322790146,
      0.7083333134651184,
      0.9438828825950623,
      0.6762215495109558
    ],
    [
      0.16133199632167816,
      0.16133199632167816,
      0.22306615114212036,
      0.875,
      0.9453840255737305,
      0.780805766582489
    ],
    [
      -0.4212498962879181,
      0.4212498962879181,
      -0.3595157563686371,
      0.0833333358168602,
      0.2798704504966736,
      0.5597409009933472
    ],
    [
      -0.06999415159225464,
      0.06999415159225464,
      -0.008260000497102737,
      0.2916666567325592,
      0.9155239462852478,
      0.780805766582489
    ],
    [
      -0.05368049070239067,
      0.05368049070239067,
      0.00805366039276123,
      0.3333333432674408,
      0.4975610375404358,
      0.4976065158843994
    ],
    [
      -0.07047518342733383,
      0.07047518342733383,
      -0.00874103233218193,
      0.25,
      0.9150892496109009,
      0.7807077765464783
    ],
    [
      0.16135652363300323,
      0.16135652363300323,
      0.22309067845344543,
      0.9166666865348816,
      0.9457250237464905,
      0.7807077765464783
    ],
    [
      -0.4201851189136505,
      0.4201851189136505,
      -0.3584509789943695,
      0.125,
      0.2799321115016937,
      0.5598642230033875
    ],
    [
      -0.011876890435814857,
      0.011876890435814857,
      0.049857258796691895,
      0.75,
      0.9436357617378235,
      0.674902081489563
    ],
    [
      -0.024652650579810143,
      0.024652650579810143,
      0.03708150237798691,
      0.6666666865348816,
      0.7341830134391785,
      0.7357944250106812
    ],
    [
      -0.0344625785946846,
      0.0344625785946846,
      0.0272715725004673,
      0.5,
      0.720450758934021,
      0.7357944250106812
    ],
    [
      -0.025019630789756775,
      0.025019630789756775,
      0.036714520305395126,
      0.5416666865348816,
      0.7163512110710144,
      0.7275953888893127
    ],
    [
      -0.045494429767131805,
      0.045494429767131805,
      0.016239721328020096,
      0.4166666567325592,
      0.7361079454421997,
      0.7275953888893127
    ],
    [
      0.13875271379947662,
      0.13875271379947662,
      0.20048686861991882,
      0.7916666865348816,
      0.9242071509361267,
      0.6869508624076843
    ],
    [
      -0.26652437448501587,
      0.26652437448501587,
      -0.20479021966457367,
      0.2083333283662796,
      0.5509507656097412,
      0.5385897755622864
    ],
    [
      0.3379160463809967,
      0.3379160463809967,
      0.3996501863002777,
      1.0,
      0.945247232913971,
      0.7999495267868042
    ],
    [
      -0.4828203320503235,
      0.4828203320503235,
      -0.4210861921310425,
      0.0416666679084301,
      0.43164461851119995,
      0.7999495267868042
    ]
  ],
  "feature_names": [
    "charge",
    "abs_charge",
    "charge_centered",
    "charge_rank_norm",
    "wbo_sum",
    "wbo_max"
  ],
  "status": "ok",
  "error": null
}