{
  "canonical_smiles": "COc1ccc(NS(=O)(=O)C(F)(F)F)cc1C[C@@H]1COc2ccc(OCc3nc4cc(F)c(F)cc4s3)cc2[C@@H]1O",
  "xtb_valid": true,
  "atom_valid_mask": [
    [
      1.0
    ],
    [
      1.0
    ],
    [
      1.0
    ],
    [
      1.0
    ],
    [
      1.0
    ],
    [
      1.0
    ],
    [
      1.0
    ],
    [
      1.0
    ],
    [
      1.0
    ],
    [
      1.0
    ],
    [
      1.0
    ],
    [
      1.0
    ],
    [
      1.0
    ],
    [
      1.0
    ],
    [
      1.0
    ],
    [
      1.0
    ],
    [
      1.0
    ],
    [
      1.0
    ],
    [
      1.0
    ],
    [
      1.0
    ],
    [
      1.0
    ],
    [
      1.0
    ],
    [
      1.0
    ],
    [
      1.0
    ],
    [
      1.0
    ],
    [
      1.0
    ],
    [
      1.0
    ],
    [
      1.0
    ],
    [
      1.0
    ],
    [
      1.0
    ],
    [
      1.0
    ],
    [
      1.0
    ],
    [
      1.0
    ],
    [
      1.0
    ],
    [
      1.0
    ],
    [
      1.0
    ],
    [
      1.0
    ],
    [
      1.0
    ],
    [
      1.0
    ],
    [
      1.0
    ],
    [
      1.0
    ]
  ],
  "atom_features": [
    [
      0.009978019632399082,
      0.009978019632399082,
      0.056727297604084015,
      0.625,
      0.24209712445735931,
      0.48419424891471863
    ],
    [
      -0.2778380513191223,
      0.2778380513191223,
      -0.2310887724161148,
      0.15000000596046448,
      0.5108205676078796,
      0.537446916103363
    ],
    [
      0.13856756687164307,
      0.13856756687164307,
      0.18531684577465057,
      0.8999999761581421,
      0.9428505301475525,
      0.6873883605003357
    ],
    [
      -0.06879858672618866,
      0.06879858672618866,
      -0.022049307823181152,
      0.375,
      0.7027251720428467,
      0.7180619835853577
    ],
    [
      -0.05528998002409935,
      0.05528998002409935,
      -0.008540701121091843,
      0.5249999761581421,
      0.7349602580070496,
      0.7180619835853577
    ],
    [
      0.0503825806081295,
      0.0503825806081295,
      0.09713186323642731,
      0.699999988079071,
      0.9450129270553589,
      0.700028121471405
    ],
    [
      -0.36670389771461487,
      0.36670389771461487,
      -0.31995463371276855,
      0.07500000298023224,
      0.4821878671646118,
      0.4985406994819641
    ],
    [
      1.240818977355957,
      1.240818977355957,
      1.287568211555481,
      1.0,
      1.1916284561157227,
      0.7954367995262146
    ],
    [
      -0.5986595153808594,
      0.5986595153808594,
      -0.5519102215766907,
      0.0,
      0.4250686466693878,
      0.7954367995262146
    ],
    [
      -0.5951904058456421,
      0.5951904058456421,
      -0.5484411120414734,
      0.02500000037252903,
      0.42310604453086853,
      0.791511595249176
    ],
    [
      0.3875860869884491,
      0.3875860869884491,
      0.4343353509902954,
      0.9750000238418579,
      0.8946805000305176,
      0.48722243309020996
    ],
    [
      -0.17068274319171906,
      0.17068274319171906,
      -0.12393346428871155,
      0.2750000059604645,
      0.24332402646541595,
      0.4866480529308319
    ],
    [
      -0.16989687085151672,
      0.16989687085151672,
      -0.12314759194850922,
      0.30000001192092896,
      0.24361121654510498,
      0.48722243309020996
    ],
    [
      -0.1792002022266388,
      0.1792002022266388,
      -0.1324509233236313,
      0.25,
      0.24250862002372742,
      0.48501724004745483
    ],
    [
      -0.061574310064315796,
      0.061574310064315796,
      -0.014825031161308289,
      0.4749999940395355,
      0.7046754956245422,
      0.7178938984870911
    ],
    [
      -0.005355650093406439,
      0.005355650093406439,
      0.04139363020658493,
      0.6000000238418579,
      0.968290388584137,
      0.7178938984870911
    ],
    [
      -0.07141590863466263,
      0.07141590863466263,
      -0.02466662973165512,
      0.3499999940395355,
      0.4979434311389923,
      0.5059905648231506
    ],
    [
      -0.03158387169241905,
      0.03158387169241905,
      0.015165407210588455,
      0.550000011920929,
      0.7361640930175781,
      0.4957998991012573
    ],
    [
      0.06935282051563263,
      0.06935282051563263,
      0.11610209941864014,
      0.75,
      0.48708534240722656,
      0.4957998991012573
    ],
    [
      -0.304092675447464,
      0.304092675447464,
      -0.2573434114456177,
      0.10000000149011612,
      0.5016933083534241,
      0.5250158309936523
    ],
    [
      0.1297810673713684,
      0.1297810673713684,
      0.17653034627437592,
      0.8500000238418579,
      0.9420747756958008,
      0.6807060241699219
    ],
    [
      -0.06268361210823059,
      0.06268361210823059,
      -0.015934333205223083,
      0.44999998807907104,
      0.7325870394706726,
      0.7335990071296692
    ],
    [
      -0.061529871076345444,
      0.061529871076345444,
      -0.014780592173337936,
      0.5,
      0.7309948801994324,
      0.7335990071296692
    ],
    [
      0.13287073373794556,
      0.13287073373794556,
      0.17962001264095306,
      0.875,
      0.9440405368804932,
      0.6944953203201294
    ],
    [
      -0.293697714805603,
      0.293697714805603,
      -0.24694843590259552,
      0.125,
      0.4987908899784088,
      0.5183760523796082
    ],
    [
      0.06887506693601608,
      0.06887506693601608,
      0.11562434583902359,
      0.7250000238418579,
      0.4920576512813568,
      0.5049095749855042
    ],
    [
      0.11617877334356308,
      0.11617877334356308,
      0.16292804479599,
      0.824999988079071,
      0.949164092540741,
      0.8079401850700378
    ],
    [
      -0.2537130117416382,
      0.2537130117416382,
      -0.20696373283863068,
      0.17499999701976776,
      0.7450934052467346,
      0.8079401850700378
    ],
    [
      0.07623571157455444,
      0.07623571157455444,
      0.12298499047756195,
      0.7749999761581421,
      0.9507449269294739,
      0.6606798768043518
    ],
    [
      -0.0645245909690857,
      0.0645245909690857,
      -0.017775312066078186,
      0.4000000059604645,
      0.719558596611023,
      0.7191671133041382
    ],
    [
      0.1579572707414627,
      0.1579572707414627,
      0.20470654964447021,
      0.925000011920929,
      0.9276425242424011,
      0.7191671133041382
    ],
    [
      -0.22987565398216248,
      0.22987565398216248,
      -0.18312637507915497,
      0.20000000298023224,
      0.23884376883506775,
      0.4776875376701355
    ],
    [
      0.15876618027687073,
      0.15876618027687073,
      0.20551545917987823,
      0.949999988079071,
      0.9243341684341431,
      0.7126283645629883
    ],
    [
      -0.2296822965145111,
      0.2296822965145111,
      -0.1829330176115036,
      0.22499999403953552,
      0.23880481719970703,
      0.47760963439941406
    ],
    [
      -0.06365714967250824,
      0.06365714967250824,
      -0.016907870769500732,
      0.42500001192092896,
      0.7260062098503113,
      0.7126283645629883
    ],
    [
      0.018504120409488678,
      0.018504120409488678,
      0.06525339931249619,
      0.6499999761581421,
      0.9454907774925232,
      0.6801137924194336
    ],
    [
      0.03588566184043884,
      0.03588566184043884,
      0.08263494074344635,
      0.675000011920929,
      0.6188913583755493,
      0.5854783654212952
    ],
    [
      -0.07458043098449707,
      0.07458043098449707,
      -0.027831152081489563,
      0.32499998807907104,
      0.7236104011535645,
      0.6995781064033508
    ],
    [
      -0.02747626043856144,
      0.02747626043856144,
      0.019273018464446068,
      0.574999988079071,
      0.9647421836853027,
      0.6995781064033508
    ],
    [
      0.11609727889299393,
      0.11609727889299393,
      0.16284656524658203,
      0.800000011920929,
      0.734821081161499,
      0.4960192143917084
    ],
    [
      -0.5068551301956177,
      0.5068551301956177,
      -0.460105836391449,
      0.05000000074505806,
