{
  "canonical_smiles": "OCCOCCN1CCN(C2=Nc3ccccc3Sc3ccccc32)CC1",
  "xtb_valid": true,
  "atom_valid_mask": [
    [
      1.0
    ],
    [
      1.0
    ],
    [
      1.0
    ],
    [
      1.0
    ],
    [
      1.0
    ],
    [
      1.0
    ],
    [
      1.0
    ],
    [
      1.0
    ],
    [
      1.0
    ],
    [
      1.0
    ],
    [
      1.0
    ],
    [
      1.0
    ],
    [
      1.0
    ],
    [
      1.0
    ],
    [
      1.0
    ],
    [
      1.0
    ],
    [
      1.0
    ],
    [
      1.0
    ],
    [
      1.0
    ],
    [
      1.0
    ],
    [
      1.0
    ],
    [
      1.0
    ],
    [
      1.0
    ],
    [
      1.0
    ],
    [
      1.0
    ],
    [
      1.0
    ],
    [
      1.0
    ]
  ],
  "atom_features": [
    [
      -0.5262277126312256,
      0.5262277126312256,
      -0.46923014521598816,
      0.0,
      0.24675999581813812,
      0.49351999163627625
    ],
    [
      0.0662301629781723,
      0.0662301629781723,
      0.12322773039340973,
      0.8846153616905212,
      0.4964480400085449,
      0.4993760883808136
    ],
    [
      0.06520426273345947,
      0.06520426273345947,
      0.1222018301486969,
      0.8461538553237915,
      0.49441757798194885,
      0.4993760883808136
    ],
    [
      -0.3497743308544159,
      0.3497743308544159,
      -0.29277676343917847,
      0.03846153989434242,
      0.48812997341156006,
      0.4894590377807617
    ],
    [
      0.07647372782230377,
      0.07647372782230377,
      0.1334712952375412,
      0.9230769276618958,
      0.4929492771625519,
      0.49909764528274536
    ],
    [
      -0.0020775299053639174,
      0.0020775299053639174,
      0.05492003262042999,
      0.6538461446762085,
      0.49953559041023254,
      0.4999735355377197
    ],
    [
      -0.19490757584571838,
      0.19490757584571838,
      -0.13791000843048096,
      0.1538461595773697,
      0.7484019994735718,
      0.4999735355377197
    ],
    [
      -0.004040120169520378,
      0.004040120169520378,
      0.0529574453830719,
      0.6153846383094788,
      0.4971992075443268,
      0.497482568025589
    ],
    [
      -0.008181770332157612,
      0.008181770332157612,
      0.04881579428911209,
      0.5769230723381042,
      0.49423131346702576,
      0.4969158470630646
    ],
    [
      -0.11627888679504395,
      0.11627888679504395,
      -0.05928132310509682,
      0.19230769574642181,
      0.818280041217804,
      0.5940086245536804
    ],
    [
      0.1551002860069275,
      0.1551002860069275,
      0.21209785342216492,
      1.0,
      0.9521517753601074,
      0.8099121451377869
    ],
    [
      -0.30468422174453735,
      0.30468422174453735,
      -0.24768665432929993,
      0.07692307978868484,
      0.7195034027099609,
      0.8099121451377869
    ],
    [
      0.07783579081296921,
      0.07783579081296921,
      0.13483335077762604,
      0.9615384340286255,
      0.9505665302276611,
      0.6771166920661926
    ],
    [
      -0.05218563973903656,
      0.05218563973903656,
      0.004811923950910568,
      0.23076923191547394,
      0.7282385230064392,
      0.726530909538269
    ],
    [
      -0.03895990923047066,
      0.03895990923047066,
      0.01803765445947647,
      0.38461539149284363,
      0.7195447683334351,
      0.726530909538269
    ],
    [
      -0.04419355094432831,
      0.04419355094432831,
      0.01280401274561882,
      0.26923078298568726,
      0.7148817777633667,
      0.7172049880027771
    ],
    [
      -0.04268968850374222,
      0.04268968850374222,
      0.01430787518620491,
      0.3076923191547394,
      0.7385021448135376,
      0.7172049880027771
    ],
    [
      0.02487817034125328,
      0.02487817034125328,
      0.08187573403120041,
      0.7692307829856873,
      0.9299720525741577,
      0.7069699168205261
    ],
    [
      -0.22730670869350433,
      0.22730670869350433,
      -0.1703091412782669,
      0.11538461595773697,
      0.4947819113731384,
      0.4980078935623169
    ],
    [
      0.051602739840745926,
      0.051602739840745926,
      0.10860030353069305,
      0.807692289352417,
      0.9423271417617798,
      0.7008736729621887
    ],
    [
      -0.0390629917383194,
      0.0390629917383194,
      0.01793457195162773,
      0.3461538553237915,
      0.7384339570999146,
      0.7212253212928772
    ],
    [
      -0.03265982121229172,
      0.03265982121229172,
      0.02433774247765541,
      0.5,
      0.7434430718421936,
      0.7212253212928772
    ],
    [
      -0.035305898636579514,
      0.035305898636579514,
      0.021691665053367615,
      0.4615384638309479,
      0.7188820838928223,
      0.7233554720878601
    ],
    [
      -0.03534844145178795,
      0.03534844145178795,
      0.02164912223815918,
      0.42307692766189575,
      0.7362223267555237,
      0.7233554720878601
    ],
    [
      -0.012835290282964706,
      0.012835290282964706,
      0.04416227340698242,
      0.5384615659713745,
      0.9658639430999756,
      0.6943202018737793
    ],
    [
      0.0037645199336111546,
      0.0037645199336111546,
      0.060762085020542145,
      0.692307710647583,
      0.49352097511291504,
      0.5025340914726257
    ],
    [
      0.006696110125631094,
      0.006696110125631094,
      0.06369367241859436,
      0.7307692170143127,
      0.5009409785270691,
      0.5025340914726257
    ]
  ],
  "feature_names": [
    "charge",
    "abs_charge",
    "charge_centered",
    "charge_rank_norm",
    "wbo_sum",
    "wbo_max"
  ],
  "status": "ok",
  "error": null
}