{
  "canonical_smiles": "CC1=C(C)C(=O)C(C(CCCCCC(=O)O)c2ccccc2)=C(C)C1=O",
  "xtb_valid": true,
  "atom_valid_mask": [
    [
      1.0
    ],
    [
      1.0
    ],
    [
      1.0
    ],
    [
      1.0
    ],
    [
      1.0
    ],
    [
      1.0
    ],
    [
      1.0
    ],
    [
      1.0
    ],
    [
      1.0
    ],
    [
      1.0
    ],
    [
      1.0
    ],
    [
      1.0
    ],
    [
      1.0
    ],
    [
      1.0
    ],
    [
      1.0
    ],
    [
      1.0
    ],
    [
      1.0
    ],
    [
      1.0
    ],
    [
      1.0
    ],
    [
      1.0
    ],
    [
      1.0
    ],
    [
      1.0
    ],
    [
      1.0
    ],
    [
      1.0
    ],
    [
      1.0
    ],
    [
      1.0
    ]
  ],
  "atom_features": [
    [
      -0.11898958683013916,
      0.11898958683013916,
      -0.049279943108558655,
      0.1599999964237213,
      0.2585316300392151,
      0.5170632600784302
    ],
    [
      -0.0063038598746061325,
      0.0063038598746061325,
      0.06340578198432922,
      0.7599999904632568,
      0.9416682720184326,
      0.8515021204948425
    ],
    [
      -0.004868660122156143,
      0.004868660122156143,
      0.06484098732471466,
      0.800000011920929,
      0.9395958185195923,
      0.8515021204948425
    ],
    [
      -0.11833679676055908,
      0.11833679676055908,
      -0.04862715303897858,
      0.20000000298023224,
      0.25860288739204407,
      0.5172057747840881
    ],
    [
      0.22470735013484955,
      0.22470735013484955,
      0.29441699385643005,
      0.9599999785423279,
      0.9498872756958008,
      0.8776448965072632
    ],
    [
      -0.39459699392318726,
      0.39459699392318726,
      -0.32488733530044556,
      0.11999999731779099,
      0.4388224482536316,
      0.8776448965072632
    ],
    [
      -0.010112769901752472,
      0.010112769901752472,
      0.05959687381982803,
      0.7200000286102295,
      0.9303010702133179,
      0.8552039265632629
    ],
    [
      -0.02120593935251236,
      0.02120593935251236,
      0.048503704369068146,
      0.6800000071525574,
      0.7339988350868225,
      0.49375221133232117
    ],
    [
      -0.05695531889796257,
      0.05695531889796257,
      0.012754324823617935,
      0.4399999976158142,
      0.49530091881752014,
      0.5030397772789001
    ],
    [
      -0.0584680512547493,
      0.0584680512547493,
      0.011241592466831207,
      0.4000000059604645,
      0.5033689737319946,
      0.5036982297897339
    ],
    [
      -0.06093969941139221,
      0.06093969941139221,
      0.008769944310188293,
      0.36000001430511475,
      0.5035172700881958,
      0.5036982297897339
    ],
    [
      -0.06217437982559204,
      0.06217437982559204,
      0.007535263895988464,
      0.3199999928474426,
      0.5027599930763245,
      0.5033362507820129
    ],
    [
      -0.09897907078266144,
      0.09897907078266144,
      -0.029269427061080933,
      0.2800000011920929,
      0.49990367889404297,
      0.502183735370636
    ],
    [
      0.3658541440963745,
      0.3658541440963745,
      0.4355638027191162,
      1.0,
      0.9654808044433594,
      0.8562464118003845
    ],
    [
      -0.48088502883911133,
      0.48088502883911133,
      -0.41117537021636963,
      0.0,
      0.47022971510887146,
      0.8562464118003845
    ],
    [
      -0.4296466112136841,
      0.4296466112136841,
      -0.3599369525909424,
      0.03999999910593033,
      0.33065226674079895,
      0.5770915150642395
    ],
    [
      0.010566789656877518,
      0.010566789656877518,
      0.08027642965316772,
      0.8799999952316284,
      0.9769378900527954,
      0.7089994549751282
    ],
    [
      -0.04392043128609657,
      0.04392043128609657,
      0.025789212435483932,
      0.47999998927116394,
      0.7414448261260986,
      0.7232732772827148
    ],
    [
      -0.036954790353775024,
      0.036954790353775024,
      0.03275485336780548,
      0.5600000023841858,
      0.7482092380523682,
      0.7232732772827148
    ],
    [
      -0.037725698202848434,
      0.037725698202848434,
      0.03198394551873207,
      0.5199999809265137,
      0.7465388774871826,
      0.7205172181129456
    ],
    [
      -0.03660273179411888,
      0.03660273179411888,
      0.033106911927461624,
      0.6000000238418579,
      0.7478693127632141,
      0.7205172181129456
    ],
    [
      -0.03643789887428284,
      0.03643789887428284,
      0.03327174484729767,
      0.6399999856948853,
      0.741690993309021,
      0.7191714644432068
    ],
    [
      -0.0032534899655729532,
      0.0032534899655729532,
      0.0664561539888382,
      0.8399999737739563,
      0.9412460327148438,
      0.8552039265632629
    ],
    [
      -0.11471299827098846,
      0.11471299827098846,
      -0.04500335454940796,
      0.23999999463558197,
      0.25882190465927124,
      0.5176438093185425
    ],
    [
      0.22347764670848846,
      0.22347764670848846,
      0.29318729043006897,
      0.9200000166893005,
      0.9492904543876648,
      0.8741654753684998
    ],
    [
      -0.4049857556819916,
      0.4049857556819916,
      -0.33527612686157227,
      0.07999999821186066,
      0.4370827376842499,
      0.8741654753684998
    ]
  ],
  "feature_names": [
    "charge",
    "abs_charge",
    "charge_centered",
    "charge_rank_norm",
    "wbo_sum",
    "wbo_max"
  ],
  "status": "ok",
  "error": null
}