{
  "canonical_smiles": "Nc1nc(-c2ccccc2)c(Br)c(=O)[nH]1",
  "xtb_valid": true,
  "atom_valid_mask": [
    [
      1.0
    ],
    [
      1.0
    ],
    [
      1.0
    ],
    [
      1.0
    ],
    [
      1.0
    ],
    [
      1.0
    ],
    [
      1.0
    ],
    [
      1.0
    ],
    [
      1.0
    ],
    [
      1.0
    ],
    [
      1.0
    ],
    [
      1.0
    ],
    [
      1.0
    ],
    [
      1.0
    ],
    [
      1.0
    ]
  ],
  "atom_features": [
    [
      -0.3072804808616638,
      0.3072804808616638,
      -0.24049785733222961,
      0.1428571492433548,
      0.31194430589675903,
      0.6238886117935181
    ],
    [
      0.2436828464269638,
      0.2436828464269638,
      0.3104654848575592,
      0.9285714030265808,
      0.9656038880348206,
      0.7273756265640259
    ],
    [
      -0.30948561429977417,
      0.30948561429977417,
      -0.24270299077033997,
      0.0714285746216774,
      0.6677238345146179,
      0.7273756265640259
    ],
    [
      0.09242607653141022,
      0.09242607653141022,
      0.15920871496200562,
      0.8571428656578064,
      0.9446261525154114,
      0.7785392999649048
    ],
    [
      0.010669860057532787,
      0.010669860057532787,
      0.07745248824357986,
      0.7142857313156128,
      0.9790963530540466,
      0.7005400061607361
    ],
    [
      -0.029751349240541458,
      0.029751349240541458,
      0.03703128173947334,
      0.5714285969734192,
      0.7387075424194336,
      0.7209203243255615
    ],
    [
      -0.03174255043268204,
      0.03174255043268204,
      0.035040080547332764,
      0.5,
      0.7482661008834839,
      0.7209203243255615
    ],
    [
      -0.032207001000642776,
      0.032207001000642776,
      0.034575629979372025,
      0.3571428656578064,
      0.7469620108604431,
      0.7196882963180542
    ],
    [
      -0.03175947815179825,
      0.03175947815179825,
      0.03502315282821655,
      0.4285714328289032,
      0.7483049035072327,
      0.7206928133964539
    ],
    [
      -0.029614249244332314,
      0.029614249244332314,
      0.03716838359832764,
      0.6428571343421936,
      0.7386773228645325,
      0.7206928133964539
    ],
    [
      0.01410198025405407,
      0.01410198025405407,
      0.08088461309671402,
      0.7857142686843872,
      0.9080651998519897,
      0.7785392999649048
    ],
    [
      -0.1775829792022705,
      0.1775829792022705,
      -0.1108003482222557,
      0.2857142984867096,
      0.2476404458284378,
      0.4952808916568756
    ],
    [
      0.2705400288105011,
      0.2705400288105011,
      0.3373226523399353,
      1.0,
      0.9629448056221008,
      0.8067156672477722
    ],
    [
      -0.5018608570098877,
      0.5018608570098877,
      -0.4350782334804535,
      0.0,
      0.4382792115211487,
      0.8067156672477722
    ],
    [
      -0.18187572062015533,
      0.18187572062015533,
      -0.11509308964014053,
      0.2142857164144516,
      0.6133250594139099,
      0.5799435377120972
    ]
  ],
  "feature_names": [
    "charge",
    "abs_charge",
    "charge_centered",
    "charge_rank_norm",
    "wbo_sum",
    "wbo_max"
  ],
  "status": "ok",
  "error": null
}