{
  "canonical_smiles": "COc1cc2c(cc1OC)C(=O)C(CC1CCN(Cc3ccccc3)CC1)C2",
  "xtb_valid": true,
  "atom_valid_mask": [
    [
      1.0
    ],
    [
      1.0
    ],
    [
      1.0
    ],
    [
      1.0
    ],
    [
      1.0
    ],
    [
      1.0
    ],
    [
      1.0
    ],
    [
      1.0
    ],
    [
      1.0
    ],
    [
      1.0
    ],
    [
      1.0
    ],
    [
      1.0
    ],
    [
      1.0
    ],
    [
      1.0
    ],
    [
      1.0
    ],
    [
      1.0
    ],
    [
      1.0
    ],
    [
      1.0
    ],
    [
      1.0
    ],
    [
      1.0
    ],
    [
      1.0
    ],
    [
      1.0
    ],
    [
      1.0
    ],
    [
      1.0
    ],
    [
      1.0
    ],
    [
      1.0
    ],
    [
      1.0
    ],
    [
      1.0
    ]
  ],
  "atom_features": [
    [
      0.014572219923138618,
      0.014572219923138618,
      0.06317512691020966,
      0.8148148059844971,
      0.24173644185066223,
      0.48347288370132446
    ],
    [
      -0.281170129776001,
      0.281170129776001,
      -0.2325672209262848,
      0.07407407462596893,
      0.5108526945114136,
      0.5382324457168579
    ],
    [
      0.1295173168182373,
      0.1295173168182373,
      0.1781202256679535,
      0.9629629850387573,
      0.9298195838928223,
      0.6924110651016235
    ],
    [
      -0.08027414977550507,
      0.08027414977550507,
      -0.03167124092578888,
      0.18518517911434174,
      0.6987876892089844,
      0.7051643133163452
    ],
    [
      0.007047730032354593,
      0.007047730032354593,
      0.05565064027905464,
      0.7407407164573669,
      0.9422664046287537,
      0.7051643133163452
    ],
    [
      -0.041085220873355865,
      0.041085220873355865,
      0.007517687976360321,
      0.4444444477558136,
      0.9399949908256531,
      0.6745402216911316
    ],
    [
      -0.060396790504455566,
      0.060396790504455566,
      -0.01179388165473938,
      0.29629629850387573,
      0.69231778383255,
      0.7100953459739685
    ],
    [
      0.11997070908546448,
      0.11997070908546448,
      0.16857361793518066,
      0.9259259104728699,
      0.9342467784881592,
      0.7100953459739685
    ],
    [
      -0.2902228832244873,
      0.2902228832244873,
      -0.24161997437477112,
      0.03703703731298447,
      0.5074803233146667,
      0.5294024348258972
    ],
    [
      0.02035992033779621,
      0.02035992033779621,
      0.06896282732486725,
      0.8888888955116272,
      0.24277912080287933,
      0.48555824160575867
    ],
    [
      0.23627978563308716,
      0.23627978563308716,
      0.28488269448280334,
      1.0,
      0.9461671710014343,
      0.8661802411079407
    ],
    [
      -0.46325016021728516,
      0.46325016021728516,
      -0.41464725136756897,
      0.0,
      0.43309012055397034,
      0.8661802411079407
    ],
    [
      -0.04706830903887749,
      0.04706830903887749,
      0.0015345998108386993,
      0.37037035822868347,
      0.7373498678207397,
      0.4959681034088135
    ],
    [
      -0.06385891139507294,
      0.06385891139507294,
      -0.01525600254535675,
      0.25925925374031067,
      0.4935384690761566,
      0.49757134914398193
    ],
    [
      -0.013079790398478508,
      0.013079790398478508,
      0.03552311658859253,
      0.6296296119689941,
      0.7459010481834412,
      0.5002280473709106
    ],
    [
      -0.05837225914001465,
      0.05837225914001465,
      -0.009769350290298462,
      0.3333333432674408,
      0.5008428692817688,
      0.5014576315879822
    ],
    [
      0.012305979616940022,
      0.012305979616940022,
      0.06090888753533363,
      0.7777777910232544,
      0.49980494379997253,
      0.5014576315879822
    ],
    [
      -0.1892467737197876,
      0.1892467737197876,
      -0.1406438648700714,
      0.1111111119389534,
      0.7474456429481506,
      0.5013118982315063
    ],
    [
      0.004441210068762302,
      0.004441210068762302,
      0.053044117987155914,
      0.6666666865348816,
      0.4986180365085602,
      0.5018088817596436
    ],
    [
      0.0066712298430502415,
      0.0066712298430502415,
      0.05527414008975029,
      0.7037037014961243,
      0.9848596453666687,
      0.7089582085609436
    ],
    [
      -0.041920121759176254,
      0.041920121759176254,
      0.006682787090539932,
      0.40740740299224854,
      0.7416825294494629,
      0.7193758487701416
    ],
    [
      -0.03694994002580643,
      0.03694994002580643,
      0.01165296882390976,
      0.5555555820465088,
      0.7484418153762817,
      0.7212765216827393
    ],
    [
      -0.03803573176264763,
      0.03803573176264763,
      0.010567177087068558,
      0.48148149251937866,
      0.7466206550598145,
      0.7212765216827393
    ],
    [
      -0.03585213050246239,
      0.03585213050246239,
      0.0127507783472538,
      0.5925925970077515,
      0.748465359210968,
      0.7249822616577148
    ],
    [
      -0.03789034113287926,
      0.03789034113287926,
      0.01071256771683693,
      0.5185185074806213,
      0.7425591945648193,
      0.7249822616577148
    ],
    [
      0.01694032922387123,
      0.01694032922387123,
      0.06554323434829712,
      0.8518518805503845,
      0.5013783574104309,
      0.5014448761940002
    ],
    [
      -0.06825631111860275,
      0.06825631111860275,
      -0.019653402268886566,
      0.2222222238779068,
      0.4977237582206726,
      0.5014448761940002
    ],
    [
      -0.08205807209014893,
      0.08205807209014893,
      -0.03345516324043274,
      0.14814814925193787,
      0.5034074187278748,
      0.510846734046936
    ]
  ],
  "feature_names": [
    "charge",
    "abs_charge",
    "charge_centered",
    "charge_rank_norm",
    "wbo_sum",
    "wbo_max"
  ],
  "status": "ok",
  "error": null
}