{
  "canonical_smiles": "O=C1CCc2cc(OCCCCc3nnnn3C3CCCCC3)ccc2N1",
  "xtb_valid": true,
  "atom_valid_mask": [
    [
      1.0
    ],
    [
      1.0
    ],
    [
      1.0
    ],
    [
      1.0
    ],
    [
      1.0
    ],
    [
      1.0
    ],
    [
      1.0
    ],
    [
      1.0
    ],
    [
      1.0
    ],
    [
      1.0
    ],
    [
      1.0
    ],
    [
      1.0
    ],
    [
      1.0
    ],
    [
      1.0
    ],
    [
      1.0
    ],
    [
      1.0
    ],
    [
      1.0
    ],
    [
      1.0
    ],
    [
      1.0
    ],
    [
      1.0
    ],
    [
      1.0
    ],
    [
      1.0
    ],
    [
      1.0
    ],
    [
      1.0
    ],
    [
      1.0
    ],
    [
      1.0
    ],
    [
      1.0
    ]
  ],
  "atom_features": [
    [
      -0.5244144797325134,
      0.5244144797325134,
      -0.4644252061843872,
      0.0,
      0.44900164008140564,
      0.8159114122390747
    ],
    [
      0.28133389353752136,
      0.28133389353752136,
      0.3413231670856476,
      1.0,
      0.9636790156364441,
      0.8159114122390747
    ],
    [
      -0.09057965129613876,
      0.09057965129613876,
      -0.03059038519859314,
      0.23076923191547394,
      0.4965648353099823,
      0.5013912916183472
    ],
    [
      -0.06873387098312378,
      0.06873387098312378,
      -0.008744604885578156,
      0.42307692766189575,
      0.5040082931518555,
      0.5066252946853638
    ],
    [
      -0.0009213099838234484,
      0.0009213099838234484,
      0.05906795710325241,
      0.7307692170143127,
      0.9465779662132263,
      0.7196084260940552
    ],
    [
      -0.06970325857400894,
      0.06970325857400894,
      -0.009713992476463318,
      0.38461539149284363,
      0.7243773937225342,
      0.7196084260940552
    ],
    [
      0.1354549080133438,
      0.1354549080133438,
      0.19544416666030884,
      0.9615384340286255,
      0.9453003406524658,
      0.685564398765564
    ],
    [
      -0.29655516147613525,
      0.29655516147613525,
      -0.23656588792800903,
      0.03846153989434242,
      0.5036288499832153,
      0.5284909605979919
    ],
    [
      0.07446768879890442,
      0.07446768879890442,
      0.13445696234703064,
      0.8846153616905212,
      0.4903466999530792,
      0.5019267201423645
    ],
    [
      -0.07034458965063095,
      0.07034458965063095,
      -0.010355323553085327,
      0.3461538553237915,
      0.5031300783157349,
      0.50433349609375
    ],
    [
      -0.06120140850543976,
      0.06120140850543976,
      -0.0012121424078941345,
      0.6153846383094788,
      0.5029502511024475,
      0.50433349609375
    ],
    [
      -0.0729624405503273,
      0.0729624405503273,
      -0.012973174452781677,
      0.26923078298568726,
      0.505643367767334,
      0.5097196698188782
    ],
    [
      0.13309435546398163,
      0.13309435546398163,
      0.19308361411094666,
      0.9230769276618958,
      0.9438894391059875,
      0.7556838989257812
    ],
    [
      -0.2401690036058426,
      0.2401690036058426,
      -0.18017974495887756,
      0.07692307978868484,
      0.7269119620323181,
      0.7556838989257812
    ],
    [
      -0.15156222879886627,
      0.15156222879886627,
      -0.09157296270132065,
      0.1538461595773697,
      0.7343032956123352,
      0.7609938979148865
    ],
    [
      -0.13694484531879425,
      0.13694484531879425,
      -0.07695557922124863,
      0.19230769574642181,
      0.7173526883125305,
      0.7609938979148865
    ],
    [
      0.054287221282720566,
      0.054287221282720566,
      0.11427648365497589,
      0.807692289352417,
      0.8916440010070801,
      0.6223753094673157
    ],
    [
      0.03296684846282005,
      0.03296684846282005,
      0.09295611083507538,
      0.7692307829856873,
      0.729983389377594,
      0.4930456280708313
    ],
    [
      -0.06342533230781555,
      0.06342533230781555,
      -0.003436066210269928,
      0.4615384638309479,
      0.4987804591655731,
      0.5045152902603149
    ],
    [
      -0.0628422424197197,
      0.0628422424197197,
      -0.0028529763221740723,
      0.5384615659713745,
      0.5046268105506897,
      0.5047383308410645
    ],
    [
      -0.06232811138033867,
      0.06232811138033867,
      -0.002338845282793045,
      0.5769230723381042,
      0.5046958327293396,
      0.5047383308410645
    ],
    [
      -0.05890725180506706,
      0.05890725180506706,
      0.0010820142924785614,
      0.692307710647583,
      0.5047304630279541,
      0.5048075914382935
    ],
    [
      -0.0629783496260643,
      0.0629783496260643,
      -0.0029890835285186768,
      0.5,
      0.4970000684261322,
      0.5048075914382935
    ],
    [
      -0.07293546199798584,
      0.07293546199798584,
      -0.012946195900440216,
      0.3076923191547394,
      0.7019119262695312,
      0.7182595133781433
    ],
    [
      -0.05940968170762062,
      0.05940968170762062,
      0.000579584389925003,
      0.6538461446762085,
      0.731018602848053,
      0.7182595133781433
    ],
    [
      0.05602214112877846,
      0.05602214112877846,
      0.11601141095161438,
      0.8461538553237915,
      0.9464319944381714,
      0.6911766529083252
    ],
    [
      -0.16041862964630127,
      0.16041862964630127,
      -0.10042936354875565,
      0.11538461595773697,
      0.618282675743103,
      0.6197083592414856
    ]
  ],
  "feature_names": [
    "charge",
    "abs_charge",
    "charge_centered",
    "charge_rank_norm",
    "wbo_sum",
    "wbo_max"
  ],
  "status": "ok",
  "error": null
}