{
  "canonical_smiles": "CN(C)CCOc1ccc(/C(=C(/CCCl)c2ccccc2)c2ccccc2)cc1",
  "xtb_valid": true,
  "atom_valid_mask": [
    [
      1.0
    ],
    [
      1.0
    ],
    [
      1.0
    ],
    [
      1.0
    ],
    [
      1.0
    ],
    [
      1.0
    ],
    [
      1.0
    ],
    [
      1.0
    ],
    [
      1.0
    ],
    [
      1.0
    ],
    [
      1.0
    ],
    [
      1.0
    ],
    [
      1.0
    ],
    [
      1.0
    ],
    [
      1.0
    ],
    [
      1.0
    ],
    [
      1.0
    ],
    [
      1.0
    ],
    [
      1.0
    ],
    [
      1.0
    ],
    [
      1.0
    ],
    [
      1.0
    ],
    [
      1.0
    ],
    [
      1.0
    ],
    [
      1.0
    ],
    [
      1.0
    ],
    [
      1.0
    ],
    [
      1.0
    ],
    [
      1.0
    ]
  ],
  "atom_features": [
    [
      -0.042510129511356354,
      0.042510129511356354,
      -0.0014525800943374634,
      0.2142857164144516,
      0.2525405287742615,
      0.505081057548523
    ],
    [
      -0.18985696136951447,
      0.18985696136951447,
      -0.14879941940307617,
      0.0714285746216774,
      0.7561670541763306,
      0.5062782168388367
    ],
    [
      -0.04149392992258072,
      0.04149392992258072,
      -0.0004363805055618286,
      0.25,
      0.25313910841941833,
      0.5062782168388367
    ],
    [
      0.001735019963234663,
      0.001735019963234663,
      0.04279256984591484,
      0.7857142686843872,
      0.49971485137939453,
      0.5009748339653015
    ],
    [
      0.07436753064393997,
      0.07436753064393997,
      0.11542508006095886,
      0.9642857313156128,
      0.4886745512485504,
      0.49845483899116516
    ],
    [
      -0.3096650540828705,
      0.3096650540828705,
      -0.268607497215271,
      0.0,
      0.5017800331115723,
      0.5246657729148865
    ],
    [
      0.14050209522247314,
      0.14050209522247314,
      0.18155965209007263,
      1.0,
      0.9454132318496704,
      0.6876213550567627
    ],
    [
      -0.0706079974770546,
      0.0706079974770546,
      -0.029550448060035706,
      0.1071428582072258,
      0.7291042804718018,
      0.7185817360877991
    ],
    [
      -0.03712274879217148,
      0.03712274879217148,
      0.003934800624847412,
      0.4642857015132904,
      0.7383310198783875,
      0.7185817360877991
    ],
    [
      0.006178980227559805,
      0.006178980227559805,
      0.04723652824759483,
      0.8214285969734192,
      0.9488261342048645,
      0.7023624777793884
    ],
    [
      -0.007267689798027277,
      0.007267689798027277,
      0.03378985822200775,
      0.7142857313156128,
      0.9537650346755981,
      0.9065865874290466
    ],
    [
      -0.0053398399613797665,
      0.0053398399613797665,
      0.035717710852622986,
      0.75,
      0.9559749364852905,
      0.9065865874290466
    ],
    [
      -0.06565994769334793,
      0.06565994769334793,
      -0.02460239827632904,
      0.1428571492433548,
      0.5004497766494751,
      0.503190815448761
    ],
    [
      0.03303894028067589,
      0.03303894028067589,
      0.07409648597240448,
      0.9285714030265808,
      0.4841690957546234,
      0.503190815448761
    ],
    [
      -0.24812676012516022,
      0.24812676012516022,
      -0.20706921815872192,
      0.0357142873108387,
      0.23257368803024292,
      0.46514737606048584
    ],
    [
      0.012895570136606693,
      0.012895570136606693,
      0.05395311862230301,
      0.8571428656578064,
      0.981011152267456,
      0.7001564502716064
    ],
    [
      -0.03799128904938698,
      0.03799128904938698,
      0.0030662603676319122,
      0.3214285671710968,
      0.73893803358078,
      0.7220499515533447
    ],
    [
      -0.03609289973974228,
      0.03609289973974228,
      0.004964649677276611,
      0.5,
      0.7481791973114014,
      0.7220499515533447
    ],
    [
      -0.037398021668195724,
      0.037398021668195724,
      0.003659527748823166,
      0.3928571343421936,
      0.7460933923721313,
      0.7192589044570923
    ],
    [
      -0.0356697216629982,
      0.0356697216629982,
      0.005387827754020691,
      0.5714285969734192,
      0.7482721209526062,
      0.721615731716156
    ],
    [
      -0.03423529863357544,
      0.03423529863357544,
      0.006822250783443451,
      0.6428571343421936,
      0.7386037707328796,
      0.721615731716156
    ],
    [
      0.016152849420905113,
      0.016152849420905113,
      0.05721040070056915,
      0.8928571343421936,
      0.9775574207305908,
      0.7005457878112793
    ],
    [
      -0.03811991959810257,
      0.03811991959810257,
      0.002937629818916321,
      0.2857142984867096,
      0.7389445900917053,
      0.7217405438423157
    ],
    [
      -0.035694021731615067,
      0.035694021731615067,
      0.005363527685403824,
      0.5357142686843872,
      0.7482044100761414,
      0.7217405438423157
    ],
    [
      -0.037243399769067764,
      0.037243399769067764,
      0.003814149647951126,
      0.4285714328289032,
      0.7464167475700378,
      0.7194942831993103
    ],
    [
      -0.03497022017836571,
      0.03497022017836571,
      0.006087329238653183,
      0.6071428656578064,
      0.7481903433799744,
      0.7209302186965942
    ],
    [
      -0.0322936587035656,
      0.0322936587035656,
      0.008763890713453293,
      0.6785714030265808,
      0.7386199831962585,
      0.7209302186965942
    ],
    [
      -0.037427760660648346,
      0.037427760660648346,
      0.0036297887563705444,
      0.3571428656578064,
      0.7379501461982727,
      0.7296066284179688
    ],
    [
      -0.06075264886021614,
      0.06075264886021614,
      -0.01969509944319725,
      0.1785714328289032,
      0.7319319248199463,
      0.7296066284179688
    ]
  ],
  "feature_names": [
    "charge",
    "abs_charge",
    "charge_centered",
    "charge_rank_norm",
    "wbo_sum",
    "wbo_max"
  ],
  "status": "ok",
  "error": null
}