{
  "canonical_smiles": "CC(N)(Cc1ccc(O)c(O)c1)C(=O)O",
  "xtb_valid": true,
  "atom_valid_mask": [
    [
      1.0
    ],
    [
      1.0
    ],
    [
      1.0
    ],
    [
      1.0
    ],
    [
      1.0
    ],
    [
      1.0
    ],
    [
      1.0
    ],
    [
      1.0
    ],
    [
      1.0
    ],
    [
      1.0
    ],
    [
      1.0
    ],
    [
      1.0
    ],
    [
      1.0
    ],
    [
      1.0
    ],
    [
      1.0
    ]
  ],
  "atom_features": [
    [
      -0.11515477299690247,
      0.11515477299690247,
      0.01409071683883667,
      0.3571428656578064,
      0.2439064383506775,
      0.487812876701355
    ],
    [
      0.0736425593495369,
      0.0736425593495369,
      0.20288804173469543,
      0.7857142686843872,
      0.9686800837516785,
      0.4956638216972351
    ],
    [
      -0.39298513531684875,
      0.39298513531684875,
      -0.2637396454811096,
      0.2857142984867096,
      0.24783191084861755,
      0.4956638216972351
    ],
    [
      -0.07676302641630173,
      0.07676302641630173,
      0.05248246341943741,
      0.5714285969734192,
      0.494061678647995,
      0.5046547651290894
    ],
    [
      -0.0011546299792826176,
      0.0011546299792826176,
      0.12809085845947266,
      0.7142857313156128,
      0.9566270112991333,
      0.704772412776947
    ],
    [
      -0.05828896164894104,
      0.05828896164894104,
      0.0709565281867981,
      0.6428571343421936,
      0.7108942270278931,
      0.7170160412788391
    ],
    [
      -0.08301068842411041,
      0.08301068842411041,
      0.04623480141162872,
      0.5,
      0.7052425742149353,
      0.7170160412788391
    ],
    [
      0.11962386965751648,
      0.11962386965751648,
      0.24886935949325562,
      0.8571428656578064,
      0.9397698044776917,
      0.6934691667556763
    ],
    [
      -0.45940157771110535,
      0.45940157771110535,
      -0.3301560878753662,
      0.0,
      0.2658117711544037,
      0.5316235423088074
    ],
    [
      0.12051445990800858,
      0.12051445990800858,
      0.24975994229316711,
      0.9285714030265808,
      0.9409160614013672,
      0.6952736377716064
    ],
    [
      -0.45747870206832886,
      0.45747870206832886,
      -0.3282332122325897,
      0.0714285746216774,
      0.26605576276779175,
      0.5321115255355835
    ],
    [
      -0.08408141881227493,
      0.08408141881227493,
      0.0451640710234642,
      0.4285714328289032,
      0.6995502710342407,
      0.703826904296875
    ],
    [
      0.35353776812553406,
      0.35353776812553406,
      0.4827832579612732,
      1.0,
      0.9595606327056885,
      0.8687938451766968
    ],
    [
      -0.4571356177330017,
      0.4571356177330017,
      -0.3278901278972626,
      0.1428571492433548,
      0.4776058495044708,
      0.8687938451766968
    ],
    [
      -0.4205465316772461,
      0.4205465316772461,
      -0.29130104184150696,
      0.2142857164144516,
      0.3331651985645294,
      0.579912543296814
    ]
  ],
  "feature_names": [
    "charge",
    "abs_charge",
    "charge_centered",
    "charge_rank_norm",
    "wbo_sum",
    "wbo_max"
  ],
  "status": "ok",
  "error": null
}