{
  "canonical_smiles": "Cn1c(N)nc2c3cccnc3ccc21",
  "xtb_valid": true,
  "atom_valid_mask": [
    [
      1.0
    ],
    [
      1.0
    ],
    [
      1.0
    ],
    [
      1.0
    ],
    [
      1.0
    ],
    [
      1.0
    ],
    [
      1.0
    ],
    [
      1.0
    ],
    [
      1.0
    ],
    [
      1.0
    ],
    [
      1.0
    ],
    [
      1.0
    ],
    [
      1.0
    ],
    [
      1.0
    ],
    [
      1.0
    ]
  ],
  "atom_features": [
    [
      -0.06534577161073685,
      0.06534577161073685,
      -0.004850391298532486,
      0.2857142984867096,
      0.24819132685661316,
      0.4963826537132263
    ],
    [
      -0.07369782775640488,
      0.07369782775640488,
      -0.013202447444200516,
      0.2142857164144516,
      0.8256475925445557,
      0.5853951573371887
    ],
    [
      0.21251702308654785,
      0.21251702308654785,
      0.2730123996734619,
      1.0,
      0.9541000127792358,
      0.7185478210449219
    ],
    [
      -0.31793227791786194,
      0.31793227791786194,
      -0.2574369013309479,
      0.0714285746216774,
      0.30212855339050293,
      0.6042571067810059
    ],
    [
      -0.37678468227386475,
      0.37678468227386475,
      -0.3162893056869507,
      0.0,
      0.664962649345398,
      0.7185478210449219
    ],
    [
      0.04844148829579353,
      0.04844148829579353,
      0.1089368686079979,
      0.7857142686843872,
      0.9343537092208862,
      0.6509283185005188
    ],
    [
      -0.018148699775338173,
      0.018148699775338173,
      0.04234667867422104,
      0.6428571343421936,
      0.940785825252533,
      0.6652058362960815
    ],
    [
      -0.021423369646072388,
      0.021423369646072388,
      0.03907201066613197,
      0.5714285969734192,
      0.7339044213294983,
      0.7444701194763184
    ],
    [
      -0.0505267009139061,
      0.0505267009139061,
      0.009968679398298264,
      0.5,
      0.7168364524841309,
      0.7444701194763184
    ],
    [
      0.04977265000343323,
      0.04977265000343323,
      0.11026802659034729,
      0.8571428656578064,
      0.7134155035018921,
      0.7376282811164856
    ],
    [
      -0.2836723029613495,
      0.2836723029613495,
      -0.22317692637443542,
      0.1428571492433548,
      0.7250845432281494,
      0.7376282811164856
    ],
    [
      0.08582694828510284,
      0.08582694828510284,
      0.1463223248720169,
      0.9285714030265808,
      0.9516903162002563,
      0.6544079780578613
    ],
    [
      -0.063762366771698,
      0.063762366771698,
      -0.003266986459493637,
      0.3571428656578064,
      0.7003679275512695,
      0.7617272734642029
    ],
    [
      -0.05469376966357231,
      0.05469376966357231,
      0.0058016106486320496,
      0.4285714328289032,
      0.7058897614479065,
      0.7617272734642029
    ],
    [
      0.02199885994195938,
      0.02199885994195938,
      0.08249424397945404,
      0.7142857313156128,
      0.9352489113807678,
      0.6509283185005188
    ]
  ],
  "feature_names": [
    "charge",
    "abs_charge",
    "charge_centered",
    "charge_rank_norm",
    "wbo_sum",
    "wbo_max"
  ],
  "status": "ok",
  "error": null
}