{
  "canonical_smiles": "CCCN1CCCC[C@H]1C(=O)Nc1c(C)cccc1C",
  "xtb_valid": true,
  "atom_valid_mask": [
    [
      1.0
    ],
    [
      1.0
    ],
    [
      1.0
    ],
    [
      1.0
    ],
    [
      1.0
    ],
    [
      1.0
    ],
    [
      1.0
    ],
    [
      1.0
    ],
    [
      1.0
    ],
    [
      1.0
    ],
    [
      1.0
    ],
    [
      1.0
    ],
    [
      1.0
    ],
    [
      1.0
    ],
    [
      1.0
    ],
    [
      1.0
    ],
    [
      1.0
    ],
    [
      1.0
    ],
    [
      1.0
    ],
    [
      1.0
    ]
  ],
  "atom_features": [
    [
      -0.10970038920640945,
      0.10970038920640945,
      -0.05072614550590515,
      0.21052631735801697,
      0.2547858655452728,
      0.5095717310905457
    ],
    [
      -0.060639020055532455,
      0.060639020055532455,
      -0.0016647763550281525,
      0.3684210479259491,
      0.5054436326026917,
      0.5095717310905457
    ],
    [
      0.014489440247416496,
      0.014489440247416496,
      0.07346368581056595,
      0.8421052694320679,
      0.5002083778381348,
      0.5013155341148376
    ],
    [
      -0.19145193696022034,
      0.19145193696022034,
      -0.13247770071029663,
      0.05263157933950424,
      0.7472338080406189,
      0.5004748702049255
    ],
    [
      0.013943609781563282,
      0.013943609781563282,
      0.07291785627603531,
      0.7894737124443054,
      0.5007187128067017,
      0.5009625554084778
    ],
    [
      -0.06544999033212662,
      0.06544999033212662,
      -0.0064757466316223145,
      0.31578946113586426,
      0.5015270709991455,
      0.502091646194458
    ],
    [
      -0.05762603133916855,
      0.05762603133916855,
      0.0013482123613357544,
      0.42105263471603394,
      0.503898024559021,
      0.5057044625282288
    ],
    [
      -0.056440938264131546,
      0.056440938264131546,
      0.002533305436372757,
      0.4736842215061188,
      0.49636226892471313,
      0.5057044625282288
    ],
    [
      0.02074578031897545,
      0.02074578031897545,
      0.07972002029418945,
      0.8947368264198303,
      0.7257740497589111,
      0.49489152431488037
    ],
    [
      0.2689215838909149,
      0.2689215838909149,
      0.3278958201408386,
      1.0,
      0.9591149687767029,
      0.8478275537490845
    ],
    [
      -0.46160218119621277,
      0.46160218119621277,
      -0.40262794494628906,
      0.0,
      0.466266006231308,
      0.8478275537490845
    ],
    [
      -0.181535005569458,
      0.181535005569458,
      -0.1225607618689537,
      0.10526315867900848,
      0.6060128211975098,
      0.6007659435272217
    ],
    [
      0.05555973947048187,
      0.05555973947048187,
      0.11453398317098618,
      0.9473684430122375,
      0.9401769042015076,
      0.6821085810661316
    ],
    [
      -0.006295329891145229,
      0.006295329891145229,
      0.0526789128780365,
      0.6842105388641357,
      0.9747829437255859,
      0.7116333842277527
    ],
    [
      -0.11989892274141312,
      0.11989892274141312,
      -0.060924679040908813,
      0.15789473056793213,
      0.2565787136554718,
      0.5131574273109436
    ],
    [
      -0.05077026039361954,
      0.05077026039361954,
      0.008203983306884766,
      0.5263158082962036,
      0.7385967969894409,
      0.7148424386978149
    ],
    [
      -0.04545579105615616,
      0.04545579105615616,
      0.013518452644348145,
      0.6315789222717285,
      0.7194439172744751,
      0.7240453958511353
    ],
    [
      -0.050087958574295044,
      0.050087958574295044,
      0.008886285126209259,
      0.5789473652839661,
      0.7391104102134705,
      0.7240453958511353
    ],
    [
      0.006185519974678755,
      0.006185519974678755,
      0.06515976041555405,
      0.7368420958518982,
      0.974043071269989,
      0.7010904550552368
    ],
    [
      -0.10237675905227661,
      0.10237675905227661,
      -0.04340251535177231,
      0.2631579041481018,
      0.2570846676826477,
      0.5141693353652954
    ]
  ],
  "feature_names": [
    "charge",
    "abs_charge",
    "charge_centered",
    "charge_rank_norm",
    "wbo_sum",
    "wbo_max"
  ],
  "status": "ok",
  "error": null
}