{
  "canonical_smiles": "COc1ccc(N2CCNCC2)cc1",
  "xtb_valid": true,
  "atom_valid_mask": [
    [
      1.0
    ],
    [
      1.0
    ],
    [
      1.0
    ],
    [
      1.0
    ],
    [
      1.0
    ],
    [
      1.0
    ],
    [
      1.0
    ],
    [
      1.0
    ],
    [
      1.0
    ],
    [
      1.0
    ],
    [
      1.0
    ],
    [
      1.0
    ],
    [
      1.0
    ],
    [
      1.0
    ]
  ],
  "atom_features": [
    [
      0.02733626961708069,
      0.02733626961708069,
      0.08461349457502365,
      0.8461538553237915,
      0.2436625361442566,
      0.4873250722885132
    ],
    [
      -0.3187742829322815,
      0.3187742829322815,
      -0.26149705052375793,
      0.0,
      0.5016756653785706,
      0.5160262584686279
    ],
    [
      0.12417095899581909,
      0.12417095899581909,
      0.18144819140434265,
      1.0,
      0.9413744211196899,
      0.68793785572052
    ],
    [
      -0.0656144991517067,
      0.0656144991517067,
      -0.008337274193763733,
      0.4615384638309479,
      0.7323154211044312,
      0.731253981590271
    ],
    [
      -0.06723298132419586,
      0.06723298132419586,
      -0.0099557563662529,
      0.38461539149284363,
      0.7244099378585815,
      0.731253981590271
    ],
    [
      0.0532015785574913,
      0.0532015785574913,
      0.11047880351543427,
      0.9230769276618958,
      0.9559469223022461,
      0.6706298589706421
    ],
    [
      -0.12411844730377197,
      0.12411844730377197,
      -0.06684122234582901,
      0.1538461595773697,
      0.7817436456680298,
      0.5748733282089233
    ],
    [
      -0.001578910043463111,
      0.001578910043463111,
      0.05569831654429436,
      0.6153846383094788,
      0.4981194734573364,
      0.5009092688560486
    ],
    [
      0.007354720029979944,
      0.007354720029979944,
      0.06463194638490677,
      0.7692307829856873,
      0.5012787580490112,
      0.5016483068466187
    ],
    [
      -0.29188272356987,
      0.29188272356987,
      -0.23460549116134644,
      0.07692307978868484,
      0.5042451620101929,
      0.5068420171737671
    ],
    [
      0.002809900091961026,
      0.002809900091961026,
      0.06008712574839592,
      0.692307710647583,
      0.501124382019043,
      0.5068420171737671
    ],
    [
      -0.0038058299105614424,
      0.0038058299105614424,
      0.0534713938832283,
      0.5384615659713745,
      0.494345486164093,
      0.4954068064689636
    ],
    [
      -0.06903886049985886,
      0.06903886049985886,
      -0.011761635541915894,
      0.3076923191547394,
      0.722873330116272,
      0.7205245494842529
    ],
    [
      -0.07470796257257462,
      0.07470796257257462,
      -0.017430737614631653,
      0.23076923191547394,
      0.7298188209533691,
      0.7205245494842529
    ]
  ],
  "feature_names": [
    "charge",
    "abs_charge",
    "charge_centered",
    "charge_rank_norm",
    "wbo_sum",
    "wbo_max"
  ],
  "status": "ok",
  "error": null
}