{
  "canonical_smiles": "Cc1cccc(C)c1OC[C@@H](C)N",
  "xtb_valid": true,
  "atom_valid_mask": [
    [
      1.0
    ],
    [
      1.0
    ],
    [
      1.0
    ],
    [
      1.0
    ],
    [
      1.0
    ],
    [
      1.0
    ],
    [
      1.0
    ],
    [
      1.0
    ],
    [
      1.0
    ],
    [
      1.0
    ],
    [
      1.0
    ],
    [
      1.0
    ],
    [
      1.0
    ]
  ],
  "atom_features": [
    [
      -0.10906217992305756,
      0.10906217992305756,
      -0.033266887068748474,
      0.25,
      0.25704148411750793,
      0.5140829682350159
    ],
    [
      -0.006603400222957134,
      0.006603400222957134,
      0.06919189542531967,
      0.75,
      0.9776958227157593,
      0.7059381604194641
    ],
    [
      -0.053789738565683365,
      0.053789738565683365,
      0.022005554288625717,
      0.5,
      0.7386726140975952,
      0.7193421721458435
    ],
    [
      -0.04719375818967819,
      0.04719375818967819,
      0.02860153466463089,
      0.5833333134651184,
      0.7452259063720703,
      0.7208884954452515
    ],
    [
      -0.054162461310625076,
      0.054162461310625076,
      0.021632831543684006,
      0.4166666567325592,
      0.7387847900390625,
      0.7208884954452515
    ],
    [
      -0.008946959860622883,
      0.008946959860622883,
      0.06684833019971848,
      0.6666666865348816,
      0.9778109192848206,
      0.7041899561882019
    ],
    [
      -0.10862060636281967,
      0.10862060636281967,
      -0.03282531350851059,
      0.3333333432674408,
      0.25671911239624023,
      0.5134382247924805
    ],
    [
      0.1169358491897583,
      0.1169358491897583,
      0.19273114204406738,
      1.0,
      0.9588078856468201,
      0.6859286427497864
    ],
    [
      -0.3358929455280304,
      0.3358929455280304,
      -0.2600976526737213,
      0.0833333358168602,
      0.48601996898651123,
      0.4985865652561188
    ],
    [
      0.08068492263555527,
      0.08068492263555527,
      0.15648022294044495,
      0.9166666865348816,
      0.4832996428012848,
      0.4931458830833435
    ],
    [
      0.050217319279909134,
      0.050217319279909134,
      0.12601260840892792,
      0.8333333134651184,
      0.7500007152557373,
      0.5070781707763672
    ],
    [
      -0.12354660034179688,
      0.12354660034179688,
      -0.04775130748748779,
      0.1666666716337204,
      0.24988870322704315,
      0.4997774064540863
    ],
    [
      -0.3853582441806793,
      0.3853582441806793,
      -0.30956295132637024,
      0.0,
      0.2535390853881836,
      0.5070781707763672
    ]
  ],
  "feature_names": [
    "charge",
    "abs_charge",
    "charge_centered",
    "charge_rank_norm",
    "wbo_sum",
    "wbo_max"
  ],
  "status": "ok",
  "error": null
}