{
  "canonical_smiles": "CN1C(=O)[C@H](O)N=C(c2ccccc2)c2cc(Cl)ccc21",
  "xtb_valid": true,
  "atom_valid_mask": [
    [
      1.0
    ],
    [
      1.0
    ],
    [
      1.0
    ],
    [
      1.0
    ],
    [
      1.0
    ],
    [
      1.0
    ],
    [
      1.0
    ],
    [
      1.0
    ],
    [
      1.0
    ],
    [
      1.0
    ],
    [
      1.0
    ],
    [
      1.0
    ],
    [
      1.0
    ],
    [
      1.0
    ],
    [
      1.0
    ],
    [
      1.0
    ],
    [
      1.0
    ],
    [
      1.0
    ],
    [
      1.0
    ],
    [
      1.0
    ],
    [
      1.0
    ]
  ],
  "atom_features": [
    [
      -0.06447631865739822,
      0.06447631865739822,
      -0.00850384309887886,
      0.25,
      0.24485552310943604,
      0.48971104621887207
    ],
    [
      -0.07332044094800949,
      0.07332044094800949,
      -0.017347965389490128,
      0.20000000298023224,
      0.8568096160888672,
      0.60776686668396
    ],
    [
      0.24672341346740723,
      0.24672341346740723,
      0.3026959002017975,
      1.0,
      0.9473510980606079,
      0.8322234749794006
    ],
    [
      -0.4710548222064972,
      0.4710548222064972,
      -0.41508233547210693,
      0.05000000074505806,
      0.45906877517700195,
      0.8322234749794006
    ],
    [
      0.172556534409523,
      0.172556534409523,
      0.22852900624275208,
      0.949999988079071,
      0.7283456921577454,
      0.5033061504364014
    ],
    [
      -0.4915837347507477,
      0.4915837347507477,
      -0.4356112480163574,
      0.0,
      0.2516530752182007,
      0.5033061504364014
    ],
    [
      -0.29371318221092224,
      0.29371318221092224,
      -0.23774071037769318,
      0.10000000149011612,
      0.6876750588417053,
      0.8766769170761108
    ],
    [
      0.10425157845020294,
      0.10425157845020294,
      0.160224050283432,
      0.8999999761581421,
      0.9528940916061401,
      0.8766769170761108
    ],
    [
      0.00885079987347126,
      0.00885079987347126,
      0.06482327729463577,
      0.75,
      0.9756509065628052,
      0.6934646368026733
    ],
    [
      -0.030670389533042908,
      0.030670389533042908,
      0.025302086025476456,
      0.550000011920929,
      0.7357771992683411,
      0.7238874435424805
    ],
    [
      -0.032501108944416046,
      0.032501108944416046,
      0.023471366614103317,
      0.44999998807907104,
      0.7479348182678223,
      0.7238874435424805
    ],
    [
      -0.029123829677700996,
      0.029123829677700996,
      0.026848645880818367,
      0.6000000238418579,
      0.7424300312995911,
      0.7173444032669067
    ],
    [
      -0.031185779720544815,
      0.031185779720544815,
      0.02478669583797455,
      0.5,
      0.7480196356773376,
      0.7249091863632202
    ],
    [
      -0.026392770931124687,
      0.026392770931124687,
      0.029579704627394676,
      0.6499999761581421,
      0.7356939911842346,
      0.7249091863632202
    ],
    [
      -0.013270439580082893,
      0.013270439580082893,
      0.04270203411579132,
      0.699999988079071,
      0.9350939393043518,
      0.691398561000824
    ],
    [
      -0.038751840591430664,
      0.038751840591430664,
      0.0172206349670887,
      0.4000000059604645,
      0.7268156409263611,
      0.7081646919250488
    ],
    [
      0.10280874371528625,
      0.10280874371528625,
      0.15878121554851532,
      0.8500000238418579,
      0.942477822303772,
      0.7081646919250488
    ],
    [
      -0.19121558964252472,
      0.19121558964252472,
      -0.13524311780929565,
      0.15000000596046448,
      0.24205096065998077,
      0.48410192131996155
    ],
    [
      -0.04089285060763359,
      0.04089285060763359,
      0.015079624950885773,
      0.3499999940395355,
      0.7100630402565002,
      0.7274370193481445
    ],
    [
      -0.04430254176259041,
      0.04430254176259041,
      0.011669933795928955,
      0.30000001192092896,
      0.7322240471839905,
      0.7274370193481445
    ],
    [
      0.06184273958206177,
      0.06184273958206177,
      0.11781521141529083,
      0.800000011920929,
      0.9391282200813293,
      0.6829429864883423
    ]
  ],
  "feature_names": [
    "charge",
    "abs_charge",
    "charge_centered",
    "charge_rank_norm",
    "wbo_sum",
    "wbo_max"
  ],
  "status": "ok",
  "error": null
}