{
  "canonical_smiles": "C[C@@H]1CO[C@@]2(c3ccccc3Cl)c3cc(Cl)ccc3NC(=O)CN12",
  "xtb_valid": true,
  "atom_valid_mask": [
    [
      1.0
    ],
    [
      1.0
    ],
    [
      1.0
    ],
    [
      1.0
    ],
    [
      1.0
    ],
    [
      1.0
    ],
    [
      1.0
    ],
    [
      1.0
    ],
    [
      1.0
    ],
    [
      1.0
    ],
    [
      1.0
    ],
    [
      1.0
    ],
    [
      1.0
    ],
    [
      1.0
    ],
    [
      1.0
    ],
    [
      1.0
    ],
    [
      1.0
    ],
    [
      1.0
    ],
    [
      1.0
    ],
    [
      1.0
    ],
    [
      1.0
    ],
    [
      1.0
    ],
    [
      1.0
    ],
    [
      1.0
    ]
  ],
  "atom_features": [
    [
      -0.12889190018177032,
      0.12889190018177032,
      -0.07951672375202179,
      0.260869562625885,
      0.2515890598297119,
      0.5031781196594238
    ],
    [
      0.05607051029801369,
      0.05607051029801369,
      0.10544568300247192,
      0.739130437374115,
      0.7433704137802124,
      0.5031781196594238
    ],
    [
      0.0756705030798912,
      0.0756705030798912,
      0.12504567205905914,
      0.8260869383811951,
      0.48930680751800537,
      0.4960196912288666
    ],
    [
      -0.357070654630661,
      0.357070654630661,
      -0.3076954782009125,
      0.043478261679410934,
      0.47821325063705444,
      0.48259392380714417
    ],
    [
      0.2002238780260086,
      0.2002238780260086,
      0.24959905445575714,
      0.95652174949646,
      0.9554939866065979,
      0.4829312860965729
    ],
    [
      -0.013017560355365276,
      0.013017560355365276,
      0.036357611417770386,
      0.6521739363670349,
      0.9612972140312195,
      0.701529860496521
    ],
    [
      -0.03330380842089653,
      0.03330380842089653,
      0.016071364283561707,
      0.52173912525177,
      0.7392664551734924,
      0.7213237285614014
    ],
    [
      -0.035402439534664154,
      0.035402439534664154,
      0.013972733169794083,
      0.47826087474823,
      0.7443646192550659,
      0.7213237285614014
    ],
    [
      -0.031128060072660446,
      0.031128060072660446,
      0.01824711263179779,
      0.5652173757553101,
      0.7458698153495789,
      0.7215063571929932
    ],
    [
      -0.043312329798936844,
      0.043312329798936844,
      0.006062842905521393,
      0.3478260934352875,
      0.7384591698646545,
      0.7215063571929932
    ],
    [
      0.09566382318735123,
      0.09566382318735123,
      0.14503899216651917,
      0.8695651888847351,
      0.9612109661102295,
      0.6997325420379639
    ],
    [
      -0.20417124032974243,
      0.20417124032974243,
      -0.1547960638999939,
      0.1304347813129425,
      0.23966901004314423,
      0.47933802008628845
    ],
    [
      -0.01571577973663807,
      0.01571577973663807,
      0.03365939110517502,
      0.6086956262588501,
      0.9551486968994141,
      0.7074291706085205
    ],
    [
      -0.035464588552713394,
      0.035464588552713394,
      0.013910584151744843,
      0.43478259444236755,
      0.7312187552452087,
      0.7074291706085205
    ],
    [
      0.09693314880132675,
      0.09693314880132675,
      0.1463083177804947,
      0.9130434989929199,
      0.9401860237121582,
      0.7022716403007507
    ],
    [
      -0.19892652332782745,
      0.19892652332782745,
      -0.14955134689807892,
      0.17391304671764374,
      0.24061498045921326,
      0.4812299609184265
    ],
    [
      -0.04258687049150467,
      0.04258687049150467,
      0.0067883022129535675,
      0.3913043439388275,
      0.7366431951522827,
      0.725317656993866
    ],
    [
      -0.052220720797777176,
      0.052220720797777176,
      -0.002845548093318939,
      0.30434781312942505,
      0.731330156326294,
      0.725317656993866
    ],
    [
      0.06799464672803879,
      0.06799464672803879,
      0.11736981570720673,
      0.782608687877655,
      0.9483360052108765,
      0.6846060752868652
    ],
    [
      -0.16266624629497528,
      0.16266624629497528,
      -0.11329106986522675,
      0.21739129722118378,
      0.6208846569061279,
      0.6169984340667725
    ],
    [
      0.27536553144454956,
      0.27536553144454956,
      0.3247407078742981,
      1.0,
      0.965735673904419,
      0.8316643834114075
    ],
    [
      -0.48071378469467163,
      0.48071378469467163,
      -0.4313386082649231,
      0.0,
      0.45840027928352356,
      0.8316643834114075
    ],
    [
      -0.011012289673089981,
      0.011012289673089981,
      0.038362883031368256,
      0.695652186870575,
      0.4901774227619171,
      0.4975462853908539
    ],
    [
      -0.20732145011425018,
      0.20732145011425018,
      -0.15794627368450165,
      0.08695652335882187,
      0.7340102791786194,
      0.4975462853908539
    ]
  ],
  "feature_names": [
    "charge",
    "abs_charge",
    "charge_centered",
    "charge_rank_norm",
    "wbo_sum",
    "wbo_max"
  ],
  "status": "ok",
  "error": null
}