{
  "canonical_smiles": "c1cnc(N2CCNCC2)nc1",
  "xtb_valid": true,
  "atom_valid_mask": [
    [
      1.0
    ],
    [
      1.0
    ],
    [
      1.0
    ],
    [
      1.0
    ],
    [
      1.0
    ],
    [
      1.0
    ],
    [
      1.0
    ],
    [
      1.0
    ],
    [
      1.0
    ],
    [
      1.0
    ],
    [
      1.0
    ],
    [
      1.0
    ]
  ],
  "atom_features": [
    [
      -0.06707488000392914,
      0.06707488000392914,
      -0.006198767572641373,
      0.3636363744735718,
      0.7129610776901245,
      0.7129611968994141
    ],
    [
      0.07436109334230423,
      0.07436109334230423,
      0.1352372020483017,
      0.8181818127632141,
      0.7414603233337402,
      0.7184755206108093
    ],
    [
      -0.31089621782302856,
      0.31089621782302856,
      -0.2500201165676117,
      0.09090909361839294,
      0.7141541242599487,
      0.7184755206108093
    ],
    [
      0.22716650366783142,
      0.22716650366783142,
      0.2880426049232483,
      1.0,
      0.9561010599136353,
      0.6583479642868042
    ],
    [
      -0.12067314237356186,
      0.12067314237356186,
      -0.059797029942274094,
      0.27272728085517883,
      0.7863476872444153,
      0.5955073237419128
    ],
    [
      -0.003578789997845888,
      0.003578789997845888,
      0.057297322899103165,
      0.7272727489471436,
      0.49238213896751404,
      0.4961704611778259
    ],
    [
      -0.004020660184323788,
      0.004020660184323788,
      0.0568554513156414,
      0.4545454680919647,
      0.5017145276069641,
      0.5072585940361023
    ],
    [
      -0.28165680170059204,
      0.28165680170059204,
      -0.22078068554401398,
      0.1818181872367859,
      0.5072587728500366,
      0.5072588920593262
    ],
    [
      -0.00400556018576026,
      0.00400556018576026,
      0.05687055364251137,
      0.5454545617103577,
      0.5017146468162537,
      0.5072588920593262
    ],
    [
      -0.003580939956009388,
      0.003580939956009388,
      0.05729517340660095,
      0.6363636255264282,
      0.49238231778144836,
      0.49617037177085876
    ],
    [
      -0.3109159767627716,
      0.3109159767627716,
      -0.25003987550735474,
      0.0,
      0.7141525149345398,
      0.7184740304946899
    ],
    [
      0.07436203211545944,
      0.07436203211545944,
      0.1352381408214569,
      0.9090909361839294,
      0.7414599657058716,
      0.7184740304946899
    ]
  ],
  "feature_names": [
    "charge",
    "abs_charge",
    "charge_centered",
    "charge_rank_norm",
    "wbo_sum",
    "wbo_max"
  ],
  "status": "ok",
  "error": null
}