{
  "canonical_smiles": "Cc1nccn1CC1CCc2c(c3ccccc3n2C)C1=O",
  "xtb_valid": true,
  "atom_valid_mask": [
    [
      1.0
    ],
    [
      1.0
    ],
    [
      1.0
    ],
    [
      1.0
    ],
    [
      1.0
    ],
    [
      1.0
    ],
    [
      1.0
    ],
    [
      1.0
    ],
    [
      1.0
    ],
    [
      1.0
    ],
    [
      1.0
    ],
    [
      1.0
    ],
    [
      1.0
    ],
    [
      1.0
    ],
    [
      1.0
    ],
    [
      1.0
    ],
    [
      1.0
    ],
    [
      1.0
    ],
    [
      1.0
    ],
    [
      1.0
    ],
    [
      1.0
    ],
    [
      1.0
    ]
  ],
  "atom_features": [
    [
      -0.1247355192899704,
      0.1247355192899704,
      -0.07468123733997345,
      0.095238097012043,
      0.25810399651527405,
      0.5162079930305481
    ],
    [
      0.12005142122507095,
      0.12005142122507095,
      0.1701056957244873,
      0.9523809552192688,
      0.9667912721633911,
      0.7532269358634949
    ],
    [
      -0.33122125267982483,
      0.33122125267982483,
      -0.2811669707298279,
      0.0476190485060215,
      0.6991513967514038,
      0.7532269358634949
    ],
    [
      0.005174189805984497,
      0.005174189805984497,
      0.05522846803069115,
      0.8095238208770752,
      0.7177714705467224,
      0.7904671430587769
    ],
    [
      -0.03399674966931343,
      0.03399674966931343,
      0.01605752855539322,
      0.6190476417541504,
      0.7214915752410889,
      0.7904671430587769
    ],
    [
      -0.03695210814476013,
      0.03695210814476013,
      0.013102170079946518,
      0.5714285969734192,
      0.8536231517791748,
      0.6130712628364563
    ],
    [
      0.0015239800559356809,
      0.0015239800559356809,
      0.051578257232904434,
      0.761904776096344,
      0.49214041233062744,
      0.492735356092453
    ],
    [
      -0.04249066859483719,
      0.04249066859483719,
      0.007563609629869461,
      0.4285714328289032,
      0.7333760857582092,
      0.49537184834480286
    ],
    [
      -0.06307852268218994,
      0.06307852268218994,
      -0.013024244457483292,
      0.2857142984867096,
      0.4976421594619751,
      0.4999125003814697
    ],
    [
      -0.07262531667947769,
      0.07262531667947769,
      -0.022571038454771042,
      0.190476194024086,
      0.5070554614067078,
      0.5141984224319458
    ],
    [
      0.049656301736831665,
      0.049656301736831665,
      0.09971058368682861,
      0.9047619104385376,
      0.9236332178115845,
      0.7030721306800842
    ],
    [
      -0.07064627856016159,
      0.07064627856016159,
      -0.02059200033545494,
      0.2380952388048172,
      0.927951991558075,
      0.7030721306800842
    ],
    [
      -0.008278739638626575,
      0.008278739638626575,
      0.04177553951740265,
      0.7142857313156128,
      0.9466277956962585,
      0.6693140268325806
    ],
    [
      -0.03978379815816879,
      0.03978379815816879,
      0.010270480066537857,
      0.523809552192688,
      0.7352652549743652,
      0.7404507398605347
    ],
    [
      -0.04288871958851814,
      0.04288871958851814,
      0.007165558636188507,
      0.380952388048172,
      0.7200838327407837,
      0.7404507398605347
    ],
    [
      -0.040459468960762024,
      0.040459468960762024,
      0.009594809263944626,
      0.4761904776096344,
      0.7179811596870422,
      0.736245334148407
    ],
    [
      -0.05384296178817749,
      0.05384296178817749,
      -0.0037886835634708405,
      0.3333333432674408,
      0.7343006134033203,
      0.736245334148407
    ],
    [
      0.03491180017590523,
      0.03491180017590523,
      0.08496607840061188,
      0.8571428656578064,
      0.9379918575286865,
      0.6715902090072632
    ],
    [
      -0.012275810353457928,
      0.012275810353457928,
      0.03777846693992615,
      0.6666666865348816,
      0.8470994830131531,
      0.6299959421157837
    ],
    [
      -0.07770337164402008,
      0.07770337164402008,
      -0.02764909341931343,
      0.1428571492433548,
      0.24824798107147217,
      0.49649596214294434
    ],
    [
      0.22306181490421295,
      0.22306181490421295,
      0.2731160819530487,
      1.0,
      0.9473146200180054,
      0.8492177128791809
    ],
    [
      -0.4845943748950958,
      0.4845943748950958,
      -0.4345400929450989,
      0.0,
      0.42460885643959045,
      0.8492177128791809
    ]
  ],
  "feature_names": [
    "charge",
    "abs_charge",
    "charge_centered",
    "charge_rank_norm",
    "wbo_sum",
    "wbo_max"
  ],
  "status": "ok",
  "error": null
}