{
  "canonical_smiles": "c1ccc2c(c1)cc1ccc3cccc4c5ccccc5c2c1c34",
  "xtb_valid": true,
  "atom_valid_mask": [
    [
      1.0
    ],
    [
      1.0
    ],
    [
      1.0
    ],
    [
      1.0
    ],
    [
      1.0
    ],
    [
      1.0
    ],
    [
      1.0
    ],
    [
      1.0
    ],
    [
      1.0
    ],
    [
      1.0
    ],
    [
      1.0
    ],
    [
      1.0
    ],
    [
      1.0
    ],
    [
      1.0
    ],
    [
      1.0
    ],
    [
      1.0
    ],
    [
      1.0
    ],
    [
      1.0
    ],
    [
      1.0
    ],
    [
      1.0
    ],
    [
      1.0
    ],
    [
      1.0
    ],
    [
      1.0
    ],
    [
      1.0
    ]
  ],
  "atom_features": [
    [
      -0.03520052880048752,
      0.03520052880048752,
      -0.014053871855139732,
      0.5652173757553101,
      0.7212855815887451,
      0.7602691650390625
    ],
    [
      -0.03697799891233444,
      0.03697799891233444,
      -0.015831341966986656,
      0.47826087474823,
      0.7166839241981506,
      0.7510657906532288
    ],
    [
      -0.04118404909968376,
      0.04118404909968376,
      -0.020037392154335976,
      0.3478260934352875,
      0.7368726134300232,
      0.7510657906532288
    ],
    [
      0.006357859820127487,
      0.006357859820127487,
      0.027504516765475273,
      0.782608687877655,
      0.9402792453765869,
      0.6585397720336914
    ],
    [
      0.014581349678337574,
      0.014581349678337574,
      0.035728007555007935,
      1.0,
      0.9573472142219543,
      0.6585609912872314
    ],
    [
      -0.04255694895982742,
      0.04255694895982742,
      -0.021410292014479637,
      0.1304347813129425,
      0.7320351004600525,
      0.7602691650390625
    ],
    [
      -0.04935191944241524,
      0.04935191944241524,
      -0.02820526249706745,
      0.0,
      0.7037516832351685,
      0.6983990669250488
    ],
    [
      0.010922440327703953,
      0.010922440327703953,
      0.03206909820437431,
      0.9130434989929199,
      0.956140398979187,
      0.6983990669250488
    ],
    [
      -0.043634168803691864,
      0.043634168803691864,
      -0.022487511858344078,
      0.043478261679410934,
      0.7087895274162292,
      0.8025521039962769
    ],
    [
      -0.04294513911008835,
      0.04294513911008835,
      -0.021798482164740562,
      0.08695652335882187,
      0.710085928440094,
      0.8025521039962769
    ],
    [
      0.013647650368511677,
      0.013647650368511677,
      0.03479430824518204,
      0.95652174949646,
      0.9544075727462769,
      0.6723544597625732
    ],
    [
      -0.04229049012064934,
      0.04229049012064934,
      -0.021143833175301552,
      0.21739129722118378,
      0.6975724101066589,
      0.7227903604507446
    ],
    [
      -0.037831228226423264,
      0.037831228226423264,
      -0.016684571281075478,
      0.3913043439388275,
      0.7219508290290833,
      0.7227903604507446
    ],
    [
      -0.042492181062698364,
      0.042492181062698364,
      -0.02134552411735058,
      0.17391304671764374,
      0.6974295377731323,
      0.7211112976074219
    ],
    [
      0.005018290132284164,
      0.005018290132284164,
      0.02616494707763195,
      0.739130437374115,
      0.9466935396194458,
      0.673747718334198
    ],
    [
      0.006609189789742231,
      0.006609189789742231,
      0.027755847200751305,
      0.8260869383811951,
      0.9453949928283691,
      0.6692340970039368
    ],
    [
      -0.041408721357584,
      0.041408721357584,
      -0.020262064412236214,
      0.30434781312942505,
      0.733553409576416,
      0.7392250299453735
    ],
    [
      -0.03574344888329506,
      0.03574344888329506,
      -0.014596791937947273,
      0.52173912525177,
      0.7194276452064514,
      0.7392250299453735
    ],
    [
      -0.0370035283267498,
      0.0370035283267498,
      -0.015856871381402016,
      0.43478259444236755,
      0.7192128896713257,
      0.7387955784797668
    ],
    [
      -0.042218469083309174,
      0.042218469083309174,
      -0.021071812137961388,
      0.260869562625885,
      0.7324559688568115,
      0.7387955784797668
    ],
    [
      0.008273500017821789,
      0.008273500017821789,
      0.029420156031847,
      0.8695651888847351,
      0.9459620714187622,
      0.6674687266349792
    ],
    [
      -0.004411130212247372,
      0.004411130212247372,
      0.01673552766442299,
      0.6086956262588501,
      0.951939046382904,
      0.6654478907585144
    ],
    [
      0.0014701399486511946,
      0.0014701399486511946,
      0.02261679619550705,
      0.695652186870575,
      0.9390413761138916,
      0.6654478907585144
    ],
    [
      0.0008497299859300256,
      0.0008497299859300256,
      0.021996386349201202,
      0.6521739363670349,
      0.9364098310470581,
      0.6401984095573425
    ]
  ],
  "feature_names": [
    "charge",
    "abs_charge",
    "charge_centered",
    "charge_rank_norm",
    "wbo_sum",
    "wbo_max"
  ],
  "status": "ok",
  "error": null
}