{
  "canonical_smiles": "CC(C)(C)NC[C@@H](O)COc1ccccc1C#N",
  "xtb_valid": true,
  "atom_valid_mask": [
    [
      1.0
    ],
    [
      1.0
    ],
    [
      1.0
    ],
    [
      1.0
    ],
    [
      1.0
    ],
    [
      1.0
    ],
    [
      1.0
    ],
    [
      1.0
    ],
    [
      1.0
    ],
    [
      1.0
    ],
    [
      1.0
    ],
    [
      1.0
    ],
    [
      1.0
    ],
    [
      1.0
    ],
    [
      1.0
    ],
    [
      1.0
    ],
    [
      1.0
    ],
    [
      1.0
    ]
  ],
  "atom_features": [
    [
      -0.12036693096160889,
      0.12036693096160889,
      -0.04435426741838455,
      0.29411765933036804,
      0.24919699132442474,
      0.4983939826488495
    ],
    [
      0.08830846101045609,
      0.08830846101045609,
      0.16432112455368042,
      0.8235294222831726,
      0.989992082118988,
      0.4983939826488495
    ],
    [
      -0.12309207022190094,
      0.12309207022190094,
      -0.047079406678676605,
      0.23529411852359772,
      0.24822816252708435,
      0.4964563250541687
    ],
    [
      -0.11765260994434357,
      0.11765260994434357,
      -0.04163994640111923,
      0.3529411852359772,
      0.24722522497177124,
      0.4944504499435425
    ],
    [
      -0.28471535444259644,
      0.28471535444259644,
      -0.2087026834487915,
      0.1764705926179886,
      0.4983711242675781,
      0.5060588121414185
    ],
    [
      -0.0046613700687885284,
      0.0046613700687885284,
      0.07135128974914551,
      0.6470588445663452,
      0.4988228678703308,
      0.5060588121414185
    ],
    [
      0.10446110367774963,
      0.10446110367774963,
      0.18047377467155457,
      0.8823529481887817,
      0.7402055859565735,
      0.4952163100242615
    ],
    [
      -0.5134009718894958,
      0.5134009718894958,
      -0.4373883008956909,
      0.0,
      0.24680396914482117,
      0.49360793828964233
    ],
    [
      0.0703955888748169,
      0.0703955888748169,
      0.14640825986862183,
      0.7647058963775635,
      0.48574817180633545,
      0.4952163100242615
    ],
    [
      -0.29796794056892395,
      0.29796794056892395,
      -0.22195526957511902,
      0.05882352963089943,
      0.5062175393104553,
      0.5361550450325012
    ],
    [
      0.15738049149513245,
      0.15738049149513245,
      0.23339316248893738,
      1.0,
      0.9328906536102295,
      0.6860264539718628
    ],
    [
      -0.06557129323482513,
      0.06557129323482513,
      0.0104413703083992,
      0.4117647111415863,
      0.7292935252189636,
      0.7199194431304932
    ],
    [
      -0.026773979887366295,
      0.026773979887366295,
      0.04923868179321289,
      0.529411792755127,
      0.7166686654090881,
      0.7199194431304932
    ],
    [
      -0.041766248643398285,
      0.041766248643398285,
      0.03424641489982605,
      0.47058823704719543,
      0.718795657157898,
      0.724173367023468
    ],
    [
      -0.023087359964847565,
      0.023087359964847565,
      0.05292530357837677,
      0.5882353186607361,
      0.7295086979866028,
      0.724173367023468
    ],
    [
      -0.0034810700453817844,
      0.0034810700453817844,
      0.07253159582614899,
      0.7058823704719543,
      0.9368651509284973,
      0.682202935218811
    ],
    [
      0.12560275197029114,
      0.12560275197029114,
      0.20161542296409607,
      0.9411764740943909,
      0.969769299030304,
      1.3916112184524536
    ],
    [
      -0.291839063167572,
      0.291839063167572,
      -0.2158263921737671,
      0.11764705926179886,
      0.6958056092262268,
      1.3916112184524536
    ]
  ],
  "feature_names": [
    "charge",
    "abs_charge",
    "charge_centered",
    "charge_rank_norm",
    "wbo_sum",
    "wbo_max"
  ],
  "status": "ok",
  "error": null
}