{
  "canonical_smiles": "CN(C)CC/C=C1/c2ccccc2COc2ccc(CC(=O)O)cc21",
  "xtb_valid": true,
  "atom_valid_mask": [
    [
      1.0
    ],
    [
      1.0
    ],
    [
      1.0
    ],
    [
      1.0
    ],
    [
      1.0
    ],
    [
      1.0
    ],
    [
      1.0
    ],
    [
      1.0
    ],
    [
      1.0
    ],
    [
      1.0
    ],
    [
      1.0
    ],
    [
      1.0
    ],
    [
      1.0
    ],
    [
      1.0
    ],
    [
      1.0
    ],
    [
      1.0
    ],
    [
      1.0
    ],
    [
      1.0
    ],
    [
      1.0
    ],
    [
      1.0
    ],
    [
      1.0
    ],
    [
      1.0
    ],
    [
      1.0
    ],
    [
      1.0
    ],
    [
      1.0
    ]
  ],
  "atom_features": [
    [
      -0.027577359229326248,
      0.027577359229326248,
      0.02955435961484909,
      0.625,
      0.25349512696266174,
      0.5069902539253235
    ],
    [
      -0.19594697654247284,
      0.19594697654247284,
      -0.1388152539730072,
      0.125,
      0.7560284733772278,
      0.5069902539253235
    ],
    [
      -0.03642696887254715,
      0.03642696887254715,
      0.02070474997162819,
      0.5833333134651184,
      0.2531011998653412,
      0.5062023997306824
    ],
    [
      0.00946751981973648,
      0.00946751981973648,
      0.06659923493862152,
      0.7916666865348816,
      0.4975317716598511,
      0.4988642632961273
    ],
    [
      -0.06287036836147308,
      0.06287036836147308,
      -0.005738649517297745,
      0.2083333283662796,
      0.5055035352706909,
      0.5148078203201294
    ],
    [
      -0.04126644879579544,
      0.04126644879579544,
      0.015865270048379898,
      0.4583333432674408,
      0.7091718912124634,
      0.9035359621047974
    ],
    [
      -0.0014341799542307854,
      0.0014341799542307854,
      0.05569753795862198,
      0.75,
      0.9653614163398743,
      0.9035359621047974
    ],
    [
      0.010293560102581978,
      0.010293560102581978,
      0.06742528080940247,
      0.875,
      0.9473381638526917,
      0.6895353198051453
    ],
    [
      -0.04146962985396385,
      0.04146962985396385,
      0.015662088990211487,
      0.4166666567325592,
      0.7361152768135071,
      0.7270095944404602
    ],
    [
      -0.038004711270332336,
      0.038004711270332336,
      0.019127007573843002,
      0.5,
      0.7463930249214172,
      0.7270095944404602
    ],
    [
      -0.03686685860157013,
      0.03686685860157013,
      0.02026486024260521,
      0.5416666865348816,
      0.7190202474594116,
      0.7246084809303284
    ],
    [
      -0.04613703861832619,
      0.04613703861832619,
      0.010994680225849152,
      0.3333333432674408,
      0.7413491606712341,
      0.7246084809303284
    ],
    [
      -0.00869006011635065,
      0.00869006011635065,
      0.04844165965914726,
      0.6666666865348816,
      0.9708473682403564,
      0.7024042010307312
    ],
    [
      0.0784817785024643,
      0.0784817785024643,
      0.13561350107192993,
      0.9166666865348816,
      0.48621106147766113,
      0.49826186895370483
    ],
    [
      -0.3380758464336395,
      0.3380758464336395,
      -0.2809441387653351,
      0.0833333358168602,
      0.4879002571105957,
      0.501640260219574
    ],
    [
      0.1327528953552246,
      0.1327528953552246,
      0.18988461792469025,
      0.9583333134651184,
      0.9376250505447388,
      0.6992402076721191
    ],
    [
      -0.060518790036439896,
      0.060518790036439896,
      -0.003387071192264557,
      0.25,
      0.7358161807060242,
      0.7191421985626221
    ],
    [
      -0.047642819583415985,
      0.047642819583415985,
      0.009488899260759354,
      0.2916666567325592,
      0.7382855415344238,
      0.7191421985626221
    ],
    [
      0.009946309961378574,
      0.009946309961378574,
      0.06707803159952164,
      0.8333333134651184,
      0.9578667283058167,
      0.7060539126396179
    ],
    [
      -0.10374637693166733,
      0.10374637693166733,
      -0.04661465808749199,
      0.1666666716337204,
      0.4980038106441498,
      0.5038036704063416
    ],
    [
      0.3671603500843048,
      0.3671603500843048,
      0.42429205775260925,
      1.0,
      0.9641435146331787,
      0.8599548935890198
    ],
    [
      -0.47242411971092224,
      0.47242411971092224,
      -0.4152924120426178,
      0.0,
      0.4722316265106201,
      0.8599548935890198
    ],
    [
      -0.4284698963165283,
      0.4284698963165283,
      -0.3713381886482239,
      0.0416666679084301,
      0.3303183317184448,
      0.5761283040046692
    ],
    [
      -0.04366958886384964,
      0.04366958886384964,
      0.013462129980325699,
      0.375,
      0.7304564714431763,
      0.7060539126396179
    ],
    [
      -0.0051573398523032665,
      0.0051573398523032665,
      0.051974378526210785,
      0.7083333134651184,
      0.9691309332847595,
      0.7016090154647827
    ]
  ],
  "feature_names": [
    "charge",
    "abs_charge",
    "charge_centered",
    "charge_rank_norm",
    "wbo_sum",
    "wbo_max"
  ],
  "status": "ok",
  "error": null
}