{
  "canonical_smiles": "CC(C)Cc1ccc([C@H](C)C(=O)O)cc1",
  "xtb_valid": true,
  "atom_valid_mask": [
    [
      1.0
    ],
    [
      1.0
    ],
    [
      1.0
    ],
    [
      1.0
    ],
    [
      1.0
    ],
    [
      1.0
    ],
    [
      1.0
    ],
    [
      1.0
    ],
    [
      1.0
    ],
    [
      1.0
    ],
    [
      1.0
    ],
    [
      1.0
    ],
    [
      1.0
    ],
    [
      1.0
    ],
    [
      1.0
    ]
  ],
  "atom_features": [
    [
      -0.11206299066543579,
      0.11206299066543579,
      -0.036219313740730286,
      0.1428571492433548,
      0.25197720527648926,
      0.5039544105529785
    ],
    [
      -0.006508629769086838,
      0.006508629769086838,
      0.06933504343032837,
      0.7857142686843872,
      0.7493987679481506,
      0.5048574805259705
    ],
    [
      -0.10919085144996643,
      0.10919085144996643,
      -0.033347174525260925,
      0.2142857164144516,
      0.25242874026298523,
      0.5048574805259705
    ],
    [
      -0.07067272812128067,
      0.07067272812128067,
      0.005170948803424835,
      0.3571428656578064,
      0.4981066584587097,
      0.5062276721000671
    ],
    [
      0.012115240097045898,
      0.012115240097045898,
      0.0879589170217514,
      0.9285714030265808,
      0.9840571880340576,
      0.7056481242179871
    ],
    [
      -0.04284629970788956,
      0.04284629970788956,
      0.03299737721681595,
      0.5714285969734192,
      0.7416170835494995,
      0.7246488332748413
    ],
    [
      -0.035890448838472366,
      0.035890448838472366,
      0.03995322808623314,
      0.7142857313156128,
      0.741974949836731,
      0.7246488332748413
    ],
    [
      0.003289970103651285,
      0.003289970103651285,
      0.07913364470005035,
      0.8571428656578064,
      0.9793820977210999,
      0.7069103121757507
    ],
    [
      -0.04132134094834328,
      0.04132134094834328,
      0.03452233597636223,
      0.6428571343421936,
      0.730704128742218,
      0.49447670578956604
    ],
    [
      -0.10635224729776382,
      0.10635224729776382,
      -0.03050857037305832,
      0.2857142984867096,
      0.24251651763916016,
      0.4850330352783203
    ],
    [
      0.36278098821640015,
      0.36278098821640015,
      0.43862468004226685,
      1.0,
      0.960290789604187,
      0.8603807687759399
    ],
    [
      -0.475055456161499,
      0.475055456161499,
      -0.3992117643356323,
      0.0,
      0.47270849347114563,
      0.8603807687759399
    ],
    [
      -0.4261471927165985,
      0.4261471927165985,
      -0.3503035306930542,
      0.0714285746216774,
      0.3316692113876343,
      0.5783022046089172
    ],
    [
      -0.04596405848860741,
      0.04596405848860741,
      0.0298796184360981,
      0.4285714328289032,
      0.7417140007019043,
      0.7216665744781494
    ],
    [
      -0.0438290499150753,
      0.0438290499150753,
      0.0320146270096302,
      0.5,
      0.7408715486526489,
      0.7216665744781494
    ]
  ],
  "feature_names": [
    "charge",
    "abs_charge",
    "charge_centered",
    "charge_rank_norm",
    "wbo_sum",
    "wbo_max"
  ],
  "status": "ok",
  "error": null
}