{
  "canonical_smiles": "COC1=C(OC)C(=O)C(CCCCCCCCCCO)=C(C)C1=O",
  "xtb_valid": true,
  "atom_valid_mask": [
    [
      1.0
    ],
    [
      1.0
    ],
    [
      1.0
    ],
    [
      1.0
    ],
    [
      1.0
    ],
    [
      1.0
    ],
    [
      1.0
    ],
    [
      1.0
    ],
    [
      1.0
    ],
    [
      1.0
    ],
    [
      1.0
    ],
    [
      1.0
    ],
    [
      1.0
    ],
    [
      1.0
    ],
    [
      1.0
    ],
    [
      1.0
    ],
    [
      1.0
    ],
    [
      1.0
    ],
    [
      1.0
    ],
    [
      1.0
    ],
    [
      1.0
    ],
    [
      1.0
    ],
    [
      1.0
    ],
    [
      1.0
    ]
  ],
  "atom_features": [
    [
      0.02570326067507267,
      0.02570326067507267,
      0.10026229918003082,
      0.782608687877655,
      0.23596656322479248,
      0.47193312644958496
    ],
    [
      -0.299946665763855,
      0.299946665763855,
      -0.22538763284683228,
      0.1304347813129425,
      0.49512067437171936,
      0.5183082222938538
    ],
    [
      0.1032063364982605,
      0.1032063364982605,
      0.1777653694152832,
      0.8695651888847351,
      0.9226045608520508,
      0.8175373077392578
    ],
    [
      0.10615219175815582,
      0.10615219175815582,
      0.18071123957633972,
      0.9130434989929199,
      0.9255923628807068,
      0.8175373077392578
    ],
    [
      -0.28705695271492004,
      0.28705695271492004,
      -0.21249791979789734,
      0.17391304671764374,
      0.5002044439315796,
      0.526742696762085
    ],
    [
      0.023657329380512238,
      0.023657329380512238,
      0.09821636974811554,
      0.739130437374115,
      0.2368330955505371,
      0.4736661911010742
    ],
    [
      0.21465082466602325,
      0.21465082466602325,
      0.28920987248420715,
      0.95652174949646,
      0.9475172758102417,
      0.8781415224075317
    ],
    [
      -0.3806142210960388,
      0.3806142210960388,
      -0.3060551881790161,
      0.08695652335882187,
      0.43907076120376587,
      0.8781415224075317
    ],
    [
      -0.008823550306260586,
      0.008823550306260586,
      0.06573548913002014,
      0.6521739363670349,
      0.9327355027198792,
      0.8469566702842712
    ],
    [
      -0.06499052047729492,
      0.06499052047729492,
      0.00956851989030838,
      0.30434781312942505,
      0.5038473606109619,
      0.5085257887840271
    ],
    [
      -0.0646309182047844,
      0.0646309182047844,
      0.009928122162818909,
      0.3478260934352875,
      0.5010477304458618,
      0.5029265880584717
    ],
    [
      -0.05894250050187111,
      0.05894250050187111,
      0.015616539865732193,
      0.6086956262588501,
      0.5031718611717224,
      0.5034171342849731
    ],
    [
      -0.06125177815556526,
      0.06125177815556526,
      0.01330726221203804,
      0.43478259444236755,
      0.5037316083908081,
      0.5040460228919983
    ],
    [
      -0.0636366531252861,
      0.0636366531252861,
      0.0109223872423172,
      0.3913043439388275,
      0.5030413269996643,
      0.5040460228919983
    ],
    [
      -0.06074512004852295,
      0.06074512004852295,
      0.013813920319080353,
      0.47826087474823,
      0.5034316182136536,
      0.5048267245292664
    ],
    [
      -0.06051136180758476,
      0.06051136180758476,
      0.01404767856001854,
      0.52173912525177,
      0.5036554336547852,
      0.5048267245292664
    ],
    [
      -0.06015390157699585,
      0.06015390157699585,
      0.014405138790607452,
      0.5652173757553101,
      0.5030973553657532,
      0.5037105679512024
    ],
    [
      -0.07073023170232773,
      0.07073023170232773,
      0.0038288086652755737,
      0.260869562625885,
      0.5022977590560913,
      0.5037105679512024
    ],
    [
      0.0820915475487709,
      0.0820915475487709,
      0.1566505879163742,
      0.8260869383811951,
      0.4980490803718567,
      0.5008849501609802
    ],
    [
      -0.514035701751709,
      0.514035701751709,
      -0.4394766688346863,
      0.0,
      0.24760662019252777,
      0.49521324038505554
    ],
    [
      0.0018132500117644668,
      0.0018132500117644668,
      0.07637228816747665,
      0.695652186870575,
      0.9374711513519287,
      0.8469566702842712
    ],
    [
      -0.1254693567752838,
      0.1254693567752838,
      -0.05091031640768051,
      0.21739129722118378,
      0.2588009834289551,
      0.5176019668579102
    ],
    [
      0.2161586433649063,
      0.2161586433649063,
      0.2907176911830902,
      1.0,
      0.9476909041404724,
      0.8756343722343445
    ],
    [
      -0.38131093978881836,
      0.38131093978881836,
      -0.30675190687179565,
      0.043478261679410934,
      0.43781718611717224,
      0.8756343722343445
    ]
  ],
  "feature_names": [
    "charge",
    "abs_charge",
    "charge_centered",
    "charge_rank_norm",
    "wbo_sum",
    "wbo_max"
  ],
  "status": "ok",
  "error": null
}