{
  "canonical_smiles": "COc1c(OC)c(OC)c2c(=O)cc(-c3ccc(O)cc3)oc2c1OC",
  "xtb_valid": true,
  "atom_valid_mask": [
    [
      1.0
    ],
    [
      1.0
    ],
    [
      1.0
    ],
    [
      1.0
    ],
    [
      1.0
    ],
    [
      1.0
    ],
    [
      1.0
    ],
    [
      1.0
    ],
    [
      1.0
    ],
    [
      1.0
    ],
    [
      1.0
    ],
    [
      1.0
    ],
    [
      1.0
    ],
    [
      1.0
    ],
    [
      1.0
    ],
    [
      1.0
    ],
    [
      1.0
    ],
    [
      1.0
    ],
    [
      1.0
    ],
    [
      1.0
    ],
    [
      1.0
    ],
    [
      1.0
    ],
    [
      1.0
    ],
    [
      1.0
    ],
    [
      1.0
    ],
    [
      1.0
    ]
  ],
  "atom_features": [
    [
      0.02525457926094532,
      0.02525457926094532,
      0.0823087990283966,
      0.6000000238418579,
      0.23485852777957916,
      0.4697170555591583
    ],
    [
      -0.30018019676208496,
      0.30018019676208496,
      -0.24312597513198853,
      0.20000000298023224,
      0.4925983250141144,
      0.515479564666748
    ],
    [
      0.10879354178905487,
      0.10879354178905487,
      0.1658477634191513,
      0.800000011920929,
      0.9297866821289062,
      0.6812928318977356
    ],
    [
      0.09627438336610794,
      0.09627438336610794,
      0.15332859754562378,
      0.7200000286102295,
      0.9282398223876953,
      0.6815645694732666
    ],
    [
      -0.306728333234787,
      0.306728333234787,
      -0.24967411160469055,
      0.07999999821186066,
      0.4918981194496155,
      0.5121142268180847
    ],
    [
      0.027443809434771538,
      0.027443809434771538,
      0.08449802547693253,
      0.6399999856948853,
      0.23584100604057312,
      0.47168201208114624
    ],
    [
      0.12666837871074677,
      0.12666837871074677,
      0.1837226003408432,
      0.8799999952316284,
      0.9283581376075745,
      0.6815645694732666
    ],
    [
      -0.30405107140541077,
      0.30405107140541077,
      -0.24699684977531433,
      0.11999999731779099,
      0.49354445934295654,
      0.5169216394424438
    ],
    [
      0.03327241167426109,
      0.03327241167426109,
      0.09032662957906723,
      0.6800000071525574,
      0.2350836545228958,
      0.4701673090457916
    ],
    [
      -0.06333650648593903,
      0.06333650648593903,
      -0.006282288581132889,
      0.36000001430511475,
      0.9225057363510132,
      0.6590285301208496
    ],
    [
      0.23456476628780365,
      0.23456476628780365,
      0.2916189730167389,
      1.0,
      0.9588502049446106,
      0.8350836038589478
    ],
    [
      -0.47132471203804016,
      0.47132471203804016,
      -0.4142704904079437,
      0.0,
      0.4175418019294739,
      0.8350836038589478
    ],
    [
      -0.1026148572564125,
      0.1026148572564125,
      -0.04556063935160637,
      0.2800000011920929,
      0.6868516206741333,
      0.8188393712043762
    ],
    [
      0.15374447405338287,
      0.15374447405338287,
      0.2107986956834793,
      0.9200000166893005,
      0.9362255334854126,
      0.8188393712043762
    ],
    [
      -0.006719740107655525,
      0.006719740107655525,
      0.05033447593450546,
      0.5199999809265137,
      0.9481287002563477,
      0.6874857544898987
    ],
    [
      -0.03338208049535751,
      0.03338208049535751,
      0.023672137409448624,
      0.4399999976158142,
      0.734671413898468,
      0.7339685559272766
    ],
    [
      -0.05606212839484215,
      0.05606212839484215,
      0.0009920895099639893,
      0.4000000059604645,
      0.7318532466888428,
      0.7339685559272766
    ],
    [
      0.15740051865577698,
      0.15740051865577698,
      0.2144547402858734,
      0.9599999785423279,
      0.9527530670166016,
      0.681398332118988
    ],
    [
      -0.4448297619819641,
      0.4448297619819641,
      -0.3877755403518677,
      0.03999999910593033,
      0.27275919914245605,
      0.5455183982849121
    ],
    [
      -0.07166799157857895,
      0.07166799157857895,
      -0.014613773673772812,
      0.3199999928474426,
      0.7309799194335938,
      0.7302770018577576
    ],
    [
      -0.028257930651307106,
      0.028257930651307106,
      0.02879628725349903,
      0.47999998927116394,
      0.7344555854797363,
      0.7302770018577576
    ],
    [
      -0.1942952424287796,
      0.1942952424287796,
      -0.13724102079868317,
      0.23999999463558197,
      0.5333225727081299,
      0.5367152690887451
    ],
    [
      0.11515974998474121,
      0.11515974998474121,
      0.17221397161483765,
      0.8399999737739563,
      0.9256852865219116,
      0.6590285301208496
    ],
    [
      0.10006009787321091,
      0.10006009787321091,
      0.15711431205272675,
      0.7599999904632568,
      0.9254024624824524,
      0.6812928318977356
    ],
    [
      -0.30186617374420166,
      0.30186617374420166,
      -0.24481195211410522,
      0.1599999964237213,
      0.49248990416526794,
      0.5138853192329407
    ],
    [
      0.02327031083405018,
      0.02327031083405018,
      0.08032453060150146,
      0.5600000023841858,
      0.2355472594499588,
      0.4710945188999176
    ]
  ],
  "feature_names": [
    "charge",
    "abs_charge",
    "charge_centered",
    "charge_rank_norm",
    "wbo_sum",
    "wbo_max"
  ],
  "status": "ok",
  "error": null
}