{
  "canonical_smiles": "O=c1[nH]c2ccccc2n1CCN1CCN(c2cccc(C(F)(F)F)c2)CC1",
  "xtb_valid": true,
  "atom_valid_mask": [
    [
      1.0
    ],
    [
      1.0
    ],
    [
      1.0
    ],
    [
      1.0
    ],
    [
      1.0
    ],
    [
      1.0
    ],
    [
      1.0
    ],
    [
      1.0
    ],
    [
      1.0
    ],
    [
      1.0
    ],
    [
      1.0
    ],
    [
      1.0
    ],
    [
      1.0
    ],
    [
      1.0
    ],
    [
      1.0
    ],
    [
      1.0
    ],
    [
      1.0
    ],
    [
      1.0
    ],
    [
      1.0
    ],
    [
      1.0
    ],
    [
      1.0
    ],
    [
      1.0
    ],
    [
      1.0
    ],
    [
      1.0
    ],
    [
      1.0
    ],
    [
      1.0
    ],
    [
      1.0
    ],
    [
      1.0
    ]
  ],
  "atom_features": [
    [
      -0.534592866897583,
      0.534592866897583,
      -0.4890739321708679,
      0.0,
      0.46519163250923157,
      0.7874891757965088
    ],
    [
      0.31630030274391174,
      0.31630030274391174,
      0.36181923747062683,
      0.9629629850387573,
      0.9642722606658936,
      0.7874891757965088
    ],
    [
      -0.19438575208187103,
      0.19438575208187103,
      -0.14886680245399475,
      0.14814814925193787,
      0.6009031534194946,
      0.5741133689880371
    ],
    [
      0.05586367845535278,
      0.05586367845535278,
      0.10138262808322906,
      0.8888888955116272,
      0.9433651566505432,
      0.6934981346130371
    ],
    [
      -0.055479031056165695,
      0.055479031056165695,
      -0.009960085153579712,
      0.37037035822868347,
      0.7325423955917358,
      0.7198609709739685
    ],
    [
      -0.04393567144870758,
      0.04393567144870758,
      0.0015832744538784027,
      0.5185185074806213,
      0.7161285281181335,
      0.7198609709739685
    ],
    [
      -0.04534906893968582,
      0.04534906893968582,
      0.00016987696290016174,
      0.48148149251937866,
      0.7155891060829163,
      0.7187821865081787
    ],
    [
      -0.050232719630002975,
      0.050232719630002975,
      -0.004713773727416992,
      0.40740740299224854,
      0.7322638630867004,
      0.7187821865081787
    ],
    [
      0.044665541499853134,
      0.044665541499853134,
      0.09018448740243912,
      0.8518518805503845,
      0.9393293857574463,
      0.6940197348594666
    ],
    [
      -0.09698227792978287,
      0.09698227792978287,
      -0.051463332027196884,
      0.2222222238779068,
      0.8399997353553772,
      0.5669419765472412
    ],
    [
      -0.0038681200239807367,
      0.0038681200239807367,
      0.04165082424879074,
      0.7407407164573669,
      0.4937719702720642,
      0.4945225119590759
    ],
    [
      0.005487069953233004,
      0.005487069953233004,
      0.0510060153901577,
      0.8148148059844971,
      0.49731069803237915,
      0.5015999674797058
    ],
    [
      -0.19271935522556305,
      0.19271935522556305,
      -0.14720040559768677,
      0.18518517911434174,
      0.7491974234580994,
      0.5015999674797058
    ],
    [
      -0.006693889852613211,
      0.006693889852613211,
      0.038825057446956635,
      0.7037037014961243,
      0.49774590134620667,
      0.4989987909793854
    ],
    [
      -0.00863977987319231,
      0.00863977987319231,
      0.03687916696071625,
      0.6666666865348816,
      0.49565523862838745,
      0.49649304151535034
    ],
    [
      -0.09042534977197647,
      0.09042534977197647,
      -0.04490640386939049,
      0.25925925374031067,
      0.7933869361877441,
      0.599751353263855
    ],
    [
      0.07317393273115158,
      0.07317393273115158,
      0.11869287490844727,
      0.9259259104728699,
      0.9586048722267151,
      0.6624712944030762
    ],
    [
      -0.05725368857383728,
      0.05725368857383728,
      -0.011734742671251297,
      0.29629629850387573,
      0.6953121423721313,
      0.7356371879577637
    ],
    [
      -0.033670708537101746,
      0.033670708537101746,
      0.011848237365484238,
      0.5925925970077515,
      0.7218173742294312,
      0.7356371879577637
    ],
    [
      -0.0460885688662529,
      0.0460885688662529,
      -0.0005696229636669159,
      0.4444444477558136,
      0.7037298679351807,
      0.7079975605010986
    ],
    [
      -0.03370920941233635,
      0.03370920941233635,
      0.011809736490249634,
      0.5555555820465088,
      0.9401311278343201,
      0.7067023515701294
    ],
    [
      0.4885576367378235,
      0.4885576367378235,
      0.5340765714645386,
      1.0,
      0.9345846176147461,
      0.47409775853157043
    ],
    [
      -0.23318910598754883,
      0.23318910598754883,
      -0.18767015635967255,
      0.07407407462596893,
      0.2321469485759735,
      0.464293897151947
    ],
    [
      -0.2290908247232437,
      0.2290908247232437,
      -0.18357187509536743,
      0.1111111119389534,
      0.23424671590328217,
      0.46849343180656433
    ],
    [
      -0.23540182411670685,
      0.23540182411670685,
      -0.18988287448883057,
      0.03703703731298447,
      0.2311421036720276,
      0.4622842073440552
    ],
    [
      -0.05711102858185768,
      0.05711102858185768,
      -0.011592082679271698,
      0.3333333432674408,
      0.6845868229866028,
      0.7067023515701294
    ],
    [
      -0.013220090419054031,
      0.013220090419054031,
      0.03229885548353195,
      0.6296296119689941,
      0.49694621562957764,
      0.5016874074935913
    ],
    [
      0.003460190026089549,
      0.003460190026089549,
      0.04897913709282875,
      0.7777777910232544,
      0.4997417628765106,
      0.5016874074935913
    ]
  ],
  "feature_names": [
    "charge",
    "abs_charge",
    "charge_centered",
    "charge_rank_norm",
    "wbo_sum",
    "wbo_max"
  ],
  "status": "ok",
  "error": null
}