{
  "canonical_smiles": "CC(C)n1c(/C=C/[C@H](O)C[C@H](O)CC(=O)O)c(-c2ccc(F)cc2)c2ccccc21",
  "xtb_valid": true,
  "atom_valid_mask": [
    [
      1.0
    ],
    [
      1.0
    ],
    [
      1.0
    ],
    [
      1.0
    ],
    [
      1.0
    ],
    [
      1.0
    ],
    [
      1.0
    ],
    [
      1.0
    ],
    [
      1.0
    ],
    [
      1.0
    ],
    [
      1.0
    ],
    [
      1.0
    ],
    [
      1.0
    ],
    [
      1.0
    ],
    [
      1.0
    ],
    [
      1.0
    ],
    [
      1.0
    ],
    [
      1.0
    ],
    [
      1.0
    ],
    [
      1.0
    ],
    [
      1.0
    ],
    [
      1.0
    ],
    [
      1.0
    ],
    [
      1.0
    ],
    [
      1.0
    ],
    [
      1.0
    ],
    [
      1.0
    ],
    [
      1.0
    ],
    [
      1.0
    ],
    [
      1.0
    ]
  ],
  "atom_features": [
    [
      -0.11915198713541031,
      0.11915198713541031,
      -0.04248084872961044,
      0.2068965584039688,
      0.250233918428421,
      0.500467836856842
    ],
    [
      0.042379848659038544,
      0.042379848659038544,
      0.11905098706483841,
      0.8620689511299133,
      0.7422321438789368,
      0.500467836856842
    ],
    [
      -0.11939641833305359,
      0.11939641833305359,
      -0.04272527992725372,
      0.17241379618644714,
      0.2500928044319153,
      0.5001856088638306
    ],
    [
      -0.05446697026491165,
      0.05446697026491165,
      0.022204168140888214,
      0.4137931168079376,
      0.8226510286331177,
      0.5812546014785767
    ],
    [
      0.037182051688432693,
      0.037182051688432693,
      0.11385318636894226,
      0.7931034564971924,
      0.9287920594215393,
      0.7355178594589233
    ],
    [
      -0.04048120975494385,
      0.04048120975494385,
      0.03618992865085602,
      0.6551724076271057,
      0.7365190982818604,
      0.9322264790534973
    ],
    [
      -0.05892743915319443,
      0.05892743915319443,
      0.017743699252605438,
      0.3103448152542114,
      0.7177833318710327,
      0.9322264790534973
    ],
    [
      0.11583585292100906,
      0.11583585292100906,
      0.19250699877738953,
      0.8965517282485962,
      0.7400199174880981,
      0.5033401250839233
    ],
    [
      -0.4987656772136688,
      0.4987656772136688,
      -0.42209452390670776,
      0.03448275849223137,
      0.24384166300296783,
      0.48768332600593567
    ],
    [
      -0.0774005725979805,
      0.0774005725979805,
      -0.0007294341921806335,
      0.27586206793785095,
      0.49149659276008606,
      0.49397680163383484
    ],
    [
      0.1225598007440567,
      0.1225598007440567,
      0.19923093914985657,
      0.931034505367279,
      0.7394527792930603,
      0.49436357617378235
    ],
    [
      -0.5193480253219604,
      0.5193480253219604,
      -0.4426769018173218,
      0.0,
      0.24718178808689117,
      0.49436357617378235
    ],
    [
      -0.1039842963218689,
      0.1039842963218689,
      -0.02731315791606903,
      0.24137930572032928,
      0.49457845091819763,
      0.49859166145324707
    ],
    [
      0.362530380487442,
      0.362530380487442,
      0.4392015337944031,
      1.0,
      0.9672983884811401,
      0.8537532687187195
    ],
    [
      -0.4796653389930725,
      0.4796653389930725,
      -0.40299421548843384,
      0.06896551698446274,
      0.46966880559921265,
      0.8537532687187195
    ],
    [
      -0.4204755127429962,
      0.4204755127429962,
      -0.34380435943603516,
      0.1034482792019844,
      0.333918035030365,
      0.5822517275810242
    ],
    [
      -0.04466608166694641,
      0.04466608166694641,
      0.032005056738853455,
      0.5517241358757019,
      0.9287190437316895,
      0.7355178594589233
    ],
    [
      0.01715359091758728,
      0.01715359091758728,
      0.09382472932338715,
      0.7586206793785095,
      0.9558032751083374,
      0.6955235004425049
    ],
    [
      -0.041083309799432755,
      0.041083309799432755,
      0.03558782860636711,
      0.6206896305084229,
      0.7363770604133606,
      0.7228662371635437
    ],
    [
      -0.057762641459703445,
      0.057762641459703445,
      0.01890849694609642,
      0.3448275923728943,
      0.737684965133667,
      0.7228662371635437
    ],
    [
      0.16472822427749634,
      0.16472822427749634,
      0.2413993626832962,
      0.9655172228813171,
      0.9301349520683289,
      0.698005735874176
    ],
    [
      -0.2668917179107666,
      0.2668917179107666,
      -0.19022057950496674,
      0.13793103396892548,
      0.2322336584329605,
      0.464467316865921
    ],
    [
      -0.057335760444402695,
      0.057335760444402695,
      0.01933537796139717,
      0.37931033968925476,
      0.737657904624939,
      0.7226161360740662
    ],
    [
      -0.03840167820453644,
      0.03840167820453644,
      0.03826946020126343,
      0.6896551847457886,
      0.7364233136177063,
      0.7226161360740662
    ],
    [
      -0.017222430557012558,
      0.017222430557012558,
      0.05944870784878731,
      0.7241379022598267,
      0.9445917010307312,
      0.6588420271873474
    ],
    [
      -0.04481441155076027,
      0.04481441155076027,
      0.0318567268550396,
      0.517241358757019,
      0.7336476445198059,
      0.7467998266220093
    ],
    [
      -0.04615553095936775,
      0.04615553095936775,
      0.030515607446432114,
      0.48275861144065857,
      0.7204819321632385,
      0.7467998266220093
    ],
    [
      -0.0437731109559536,
      0.0437731109559536,
      0.03289802744984627,
      0.5862069129943848,
      0.7170109152793884,
      0.7398578524589539
    ],
    [
      -0.0531558096408844,
      0.0531558096408844,
      0.023515328764915466,
      0.4482758641242981,
      0.7341902852058411,
      0.7398578524589539
    ],
    [
      0.04082183167338371,
      0.04082183167338371,
      0.11749297380447388,
      0.8275862336158752,
      0.9382081031799316,
      0.6668692827224731
    ]
  ],
  "feature_names": [
    "charge",
    "abs_charge",
    "charge_centered",
    "charge_rank_norm",
    "wbo_sum",
    "wbo_max"
  ],
  "status": "ok",
  "error": null
}