{
  "canonical_smiles": "O=C(O)C[C@H]1CCc2c1[nH]c1ccc(OCc3ccc(C4CCCC4)c(C(F)(F)F)c3)cc21",
  "xtb_valid": true,
  "atom_valid_mask": [
    [
      1.0
    ],
    [
      1.0
    ],
    [
      1.0
    ],
    [
      1.0
    ],
    [
      1.0
    ],
    [
      1.0
    ],
    [
      1.0
    ],
    [
      1.0
    ],
    [
      1.0
    ],
    [
      1.0
    ],
    [
      1.0
    ],
    [
      1.0
    ],
    [
      1.0
    ],
    [
      1.0
    ],
    [
      1.0
    ],
    [
      1.0
    ],
    [
      1.0
    ],
    [
      1.0
    ],
    [
      1.0
    ],
    [
      1.0
    ],
    [
      1.0
    ],
    [
      1.0
    ],
    [
      1.0
    ],
    [
      1.0
    ],
    [
      1.0
    ],
    [
      1.0
    ],
    [
      1.0
    ],
    [
      1.0
    ],
    [
      1.0
    ],
    [
      1.0
    ],
    [
      1.0
    ],
    [
      1.0
    ],
    [
      1.0
    ]
  ],
  "atom_features": [
    [
      -0.47422105073928833,
      0.47422105073928833,
      -0.4197022020816803,
      0.0,
      0.4721030294895172,
      0.858373761177063
    ],
    [
      0.36599183082580566,
      0.36599183082580566,
      0.4205106794834137,
      0.96875,
      0.9664649367332458,
      0.858373761177063
    ],
    [
      -0.4261009991168976,
      0.4261009991168976,
      -0.37158215045928955,
      0.03125,
      0.3319105803966522,
      0.5779889225959778
    ],
    [
      -0.09395670890808105,
      0.09395670890808105,
      -0.03943786025047302,
      0.21875,
      0.48973414301872253,
      0.4965672492980957
    ],
    [
      -0.017600130289793015,
      0.017600130289793015,
      0.03691871836781502,
      0.75,
      0.7394232153892517,
      0.5055330395698547
    ],
    [
      -0.07265275716781616,
      0.07265275716781616,
      -0.01813390851020813,
      0.3125,
      0.49436986446380615,
      0.4983274042606354
    ],
    [
      -0.05992436036467552,
      0.05992436036467552,
      -0.00540551170706749,
      0.46875,
      0.504124104976654,
      0.5099207758903503
    ],
    [
      -0.047171469777822495,
      0.047171469777822495,
      0.007347378879785538,
      0.53125,
      0.9423781633377075,
      0.7598587274551392
    ],
    [
      0.03336422145366669,
      0.03336422145366669,
      0.08788307011127472,
      0.84375,
      0.9331961274147034,
      0.7598587274551392
    ],
    [
      -0.1292807161808014,
      0.1292807161808014,
      -0.07476186752319336,
      0.1875,
      0.5891329050064087,
      0.6010004281997681
    ],
    [
      0.03389851003885269,
      0.03389851003885269,
      0.08841735869646072,
      0.875,
      0.9380860328674316,
      0.6795133352279663
    ],
    [
      -0.06201465055346489,
      0.06201465055346489,
      -0.007495801895856857,
      0.375,
      0.7347610592842102,
      0.7295836210250854
    ],
    [
      -0.07540719211101532,
      0.07540719211101532,
      -0.020888343453407288,
      0.25,
      0.7011216878890991,
      0.7295836210250854
    ],
    [
      0.12597554922103882,
      0.12597554922103882,
      0.18049439787864685,
      0.9375,
      0.9460528492927551,
      0.7076183557510376
    ],
    [
      -0.31333503127098083,
      0.31333503127098083,
      -0.2588161826133728,
      0.0625,
      0.49550390243530273,
      0.5118275284767151
    ],
    [
      0.06835242360830307,
      0.06835242360830307,
      0.1228712722659111,
      0.90625,
      0.48939234018325806,
      0.4996044337749481
    ],
    [
      0.011151899583637714,
      0.011151899583637714,
      0.06567075103521347,
      0.78125,
      0.9809772968292236,
      0.7118672132492065
    ],
    [
      -0.027113139629364014,
      0.027113139629364014,
      0.02740570902824402,
      0.65625,
      0.7397788763046265,
      0.7292724251747131
    ],
    [
      -0.0321817509829998,
      0.0321817509829998,
      0.02233709767460823,
      0.625,
      0.7408869862556458,
      0.7292724251747131
    ],
    [
      0.021473970264196396,
      0.021473970264196396,
      0.07599282264709473,
      0.8125,
      0.9712287783622742,
      0.6986134648323059
    ],
    [
      -0.022732840850949287,
      0.022732840850949287,
      0.031786009669303894,
      0.6875,
      0.7396982908248901,
      0.5039402842521667
    ],
    [
      -0.06239398941397667,
      0.06239398941397667,
      -0.007875140756368637,
      0.34375,
      0.4950650930404663,
      0.5022480487823486
    ],
    [
      -0.06144334003329277,
      0.06144334003329277,
      -0.006924491375684738,
      0.40625,
      0.5032163858413696,
      0.5041846632957458
    ],
    [
      -0.060611750930547714,
      0.060611750930547714,
      -0.006092902272939682,
      0.4375,
      0.5037937164306641,
      0.5041846632957458
    ],
    [
      -0.059772271662950516,
      0.059772271662950516,
      -0.0052534230053424835,
      0.5,
      0.4954884946346283,
      0.5034027695655823
    ],
    [
      -0.03860447183251381,
      0.03860447183251381,
      0.015914376825094223,
      0.5625,
      0.9575129151344299,
      0.7007249593734741
    ],
    [
      0.4907265305519104,
      0.4907265305519104,
      0.5452454090118408,
      1.0,
      0.9362142086029053,
      0.4745945930480957
    ],
    [
      -0.23008906841278076,
      0.23008906841278076,
      -0.17557021975517273,
      0.09375,
      0.23215655982494354,
      0.4643131196498871
    ],
    [
      -0.22629110515117645,
      0.22629110515117645,
      -0.17177225649356842,
      0.15625,
      0.23340347409248352,
      0.46680694818496704
    ],
    [
      -0.2298843413591385,
      0.2298843413591385,
      -0.17536549270153046,
      0.125,
      0.23335689306259155,
      0.4667137861251831
    ],
    [
      -0.03508619964122772,
      0.03508619964122772,
      0.01943264901638031,
      0.59375,
      0.7332400679588318,
      0.7118672132492065
    ],
    [
      -0.07377190887928009,
      0.07377190887928009,
      -0.019253060221672058,
      0.28125,
      0.7150923609733582,
      0.7076183557510376
    ],
    [
      -0.018415790051221848,
      0.018415790051221848,
      0.036103058606386185,
      0.71875,
      0.9482556581497192,
      0.6621411442756653
    ]
  ],
  "feature_names": [
    "charge",
    "abs_charge",
    "charge_centered",
    "charge_rank_norm",
    "wbo_sum",
    "wbo_max"
  ],
  "status": "ok",
  "error": null
}