{
  "canonical_smiles": "CC(=O)Nc1ccc2c(c1)Cc1ccccc1-2",
  "xtb_valid": true,
  "atom_valid_mask": [
    [
      1.0
    ],
    [
      1.0
    ],
    [
      1.0
    ],
    [
      1.0
    ],
    [
      1.0
    ],
    [
      1.0
    ],
    [
      1.0
    ],
    [
      1.0
    ],
    [
      1.0
    ],
    [
      1.0
    ],
    [
      1.0
    ],
    [
      1.0
    ],
    [
      1.0
    ],
    [
      1.0
    ],
    [
      1.0
    ],
    [
      1.0
    ],
    [
      1.0
    ]
  ],
  "atom_features": [
    [
      -0.16373038291931152,
      0.16373038291931152,
      -0.11115871369838715,
      0.125,
      0.24875998497009277,
      0.49751996994018555
    ],
    [
      0.28461953997612,
      0.28461953997612,
      0.3371911942958832,
      1.0,
      0.967286229133606,
      0.8277511596679688
    ],
    [
      -0.5026634335517883,
      0.5026634335517883,
      -0.45009177923202515,
      0.0,
      0.45471251010894775,
      0.8277511596679688
    ],
    [
      -0.17365239560604095,
      0.17365239560604095,
      -0.12108072638511658,
      0.0625,
      0.6138001084327698,
      0.6093013286590576
    ],
    [
      0.07013151049613953,
      0.07013151049613953,
      0.1227031797170639,
      0.9375,
      0.9497862458229065,
      0.6867939829826355
    ],
    [
      -0.05414658039808273,
      0.05414658039808273,
      -0.0015749149024486542,
      0.3125,
      0.7040994167327881,
      0.7214047908782959
    ],
    [
      -0.03927953913807869,
      0.03927953913807869,
      0.01329212635755539,
      0.625,
      0.7096306681632996,
      0.7214047908782959
    ],
    [
      -0.006679660174995661,
      0.006679660174995661,
      0.045892003923654556,
      0.6875,
      0.950217604637146,
      0.6978565454483032
    ],
    [
      0.004729149863123894,
      0.004729149863123894,
      0.057300813496112823,
      0.875,
      0.9462286829948425,
      0.728843092918396
    ],
    [
      -0.06796494126319885,
      0.06796494126319885,
      -0.015393275767564774,
      0.25,
      0.702498197555542,
      0.728843092918396
    ],
    [
      -0.08235026150941849,
      0.08235026150941849,
      -0.02977859601378441,
      0.1875,
      0.5072907209396362,
      0.5075076818466187
    ],
    [
      0.003083850024268031,
      0.003083850024268031,
      0.05565551668405533,
      0.8125,
      0.9709464907646179,
      0.7226698994636536
    ],
    [
      -0.04432016983628273,
      0.04432016983628273,
      0.008251495659351349,
      0.375,
      0.7429031729698181,
      0.7226698994636536
    ],
    [
      -0.039613328874111176,
      0.039613328874111176,
      0.012958336621522903,
      0.5,
      0.7146807312965393,
      0.716831624507904
    ],
    [
      -0.04126308858394623,
      0.04126308858394623,
      0.011308576911687851,
      0.4375,
      0.7449095845222473,
      0.7208032011985779
    ],
    [
      -0.03942475840449333,
      0.03942475840449333,
      0.013146907091140747,
      0.5625,
      0.7346046566963196,
      0.7208032011985779
    ],
    [
      -0.0011938400566577911,
      0.0011938400566577911,
      0.05137782543897629,
      0.75,
      0.9521182775497437,
      0.6977996230125427
    ]
  ],
  "feature_names": [
    "charge",
    "abs_charge",
    "charge_centered",
    "charge_rank_norm",
    "wbo_sum",
    "wbo_max"
  ],
  "status": "ok",
  "error": null
}