{
  "canonical_smiles": "COc1ccc2c(CN(C)C)cc(=O)oc2c1",
  "xtb_valid": true,
  "atom_valid_mask": [
    [
      1.0
    ],
    [
      1.0
    ],
    [
      1.0
    ],
    [
      1.0
    ],
    [
      1.0
    ],
    [
      1.0
    ],
    [
      1.0
    ],
    [
      1.0
    ],
    [
      1.0
    ],
    [
      1.0
    ],
    [
      1.0
    ],
    [
      1.0
    ],
    [
      1.0
    ],
    [
      1.0
    ],
    [
      1.0
    ],
    [
      1.0
    ],
    [
      1.0
    ]
  ],
  "atom_features": [
    [
      0.010518670082092285,
      0.010518670082092285,
      0.06398710608482361,
      0.75,
      0.24089017510414124,
      0.48178035020828247
    ],
    [
      -0.2794646620750427,
      0.2794646620750427,
      -0.2259962260723114,
      0.0625,
      0.5121861100196838,
      0.5425918698310852
    ],
    [
      0.15670037269592285,
      0.15670037269592285,
      0.21016880869865417,
      0.9375,
      0.9471765160560608,
      0.6823687553405762
    ],
    [
      -0.07041095197200775,
      0.07041095197200775,
      -0.016942519694566727,
      0.375,
      0.703464150428772,
      0.7375360131263733
    ],
    [
      -0.0376112200319767,
      0.0376112200319767,
      0.015857212245464325,
      0.5625,
      0.7340585589408875,
      0.7375360131263733
    ],
    [
      -0.015210799872875214,
      0.015210799872875214,
      0.03825763240456581,
      0.625,
      0.9434430599212646,
      0.675952136516571
    ],
    [
      0.03845136985182762,
      0.03845136985182762,
      0.09191980212926865,
      0.8125,
      0.9514463543891907,
      0.8395955562591553
    ],
    [
      -0.00671608978882432,
      0.00671608978882432,
      0.04675234109163284,
      0.6875,
      0.5037205219268799,
      0.506342887878418
    ],
    [
      -0.18311363458633423,
      0.18311363458633423,
      -0.1296451985836029,
      0.1875,
      0.7562411427497864,
      0.5061809420585632
    ],
    [
      -0.04519879072904587,
      0.04519879072904587,
      0.008269641548395157,
      0.4375,
      0.25260165333747864,
      0.5052033066749573
    ],
    [
      -0.04143773019313812,
      0.04143773019313812,
      0.012030702084302902,
      0.5,
      0.2530904710292816,
      0.5061809420585632
    ],
    [
      -0.08660697191953659,
      0.08660697191953659,
      -0.033138539642095566,
      0.25,
      0.6953542232513428,
      0.8395955562591553
    ],
    [
      0.34894904494285583,
      0.34894904494285583,
      0.40241748094558716,
      1.0,
      0.9524263143539429,
      0.8229325413703918
    ],
    [
      -0.49259570240974426,
      0.49259570240974426,
      -0.43912726640701294,
      0.0,
      0.44557103514671326,
      0.8229325413703918
    ],
    [
      -0.2731165587902069,
      0.2731165587902069,
      -0.21964812278747559,
      0.125,
      0.5505802035331726,
      0.5308071970939636
    ],
    [
      0.14256039261817932,
      0.14256039261817932,
      0.19602882862091064,
      0.875,
      0.9273815751075745,
      0.6986398696899414
    ],
    [
      -0.07466010749340057,
      0.07466010749340057,
      -0.02119167521595955,
      0.3125,
      0.7178187370300293,
      0.6986398696899414
    ]
  ],
  "feature_names": [
    "charge",
    "abs_charge",
    "charge_centered",
    "charge_rank_norm",
    "wbo_sum",
    "wbo_max"
  ],
  "status": "ok",
  "error": null
}