{
  "canonical_smiles": "CCCCOc1ccc2ccc(=O)oc2c1",
  "xtb_valid": true,
  "atom_valid_mask": [
    [
      1.0
    ],
    [
      1.0
    ],
    [
      1.0
    ],
    [
      1.0
    ],
    [
      1.0
    ],
    [
      1.0
    ],
    [
      1.0
    ],
    [
      1.0
    ],
    [
      1.0
    ],
    [
      1.0
    ],
    [
      1.0
    ],
    [
      1.0
    ],
    [
      1.0
    ],
    [
      1.0
    ],
    [
      1.0
    ],
    [
      1.0
    ]
  ],
  "atom_features": [
    [
      -0.11250139027833939,
      0.11250139027833939,
      -0.06031571328639984,
      0.20000000298023224,
      0.2551276683807373,
      0.5102553367614746
    ],
    [
      -0.060674820095300674,
      0.060674820095300674,
      -0.00848914310336113,
      0.5333333611488342,
      0.5067840814590454,
      0.5102553367614746
    ],
    [
      -0.07044906914234161,
      0.07044906914234161,
      -0.01826339215040207,
      0.4000000059604645,
      0.5010806322097778,
      0.5033128261566162
    ],
    [
      0.06425975263118744,
      0.06425975263118744,
      0.11644542962312698,
      0.800000011920929,
      0.4866454005241394,
      0.49884846806526184
    ],
    [
      -0.2802434265613556,
      0.2802434265613556,
      -0.22805774211883545,
      0.06666667014360428,
      0.5096825361251831,
      0.5449227094650269
    ],
    [
      0.1595425009727478,
      0.1595425009727478,
      0.21172818541526794,
      0.9333333373069763,
      0.9457482099533081,
      0.6792474985122681
    ],
    [
      -0.06698194146156311,
      0.06698194146156311,
      -0.014796264469623566,
      0.46666666865348816,
      0.7038080096244812,
      0.7402898669242859
    ],
    [
      -0.03737374022603035,
      0.03737374022603035,
      0.014811936765909195,
      0.6000000238418579,
      0.7325695157051086,
      0.7402898669242859
    ],
    [
      -0.006288600154221058,
      0.006288600154221058,
      0.04589707776904106,
      0.7333333492279053,
      0.9483710527420044,
      0.6715965867042542
    ],
    [
      -0.011610929854214191,
      0.011610929854214191,
      0.04057474806904793,
      0.6666666865348816,
      0.7190794348716736,
      0.8618729710578918
    ],
    [
      -0.07755818963050842,
      0.07755818963050842,
      -0.025372512638568878,
      0.2666666805744171,
      0.703548014163971,
      0.8618729710578918
    ],
    [
      0.3510838449001312,
      0.3510838449001312,
      0.40326952934265137,
      1.0,
      0.952620804309845,
      0.8277961015701294
    ],
    [
      -0.4871024489402771,
      0.4871024489402771,
      -0.43491676449775696,
      0.0,
      0.4489706754684448,
      0.8277961015701294
    ],
    [
      -0.2691529095172882,
      0.2691529095172882,
      -0.21696722507476807,
      0.13333334028720856,
      0.5524451732635498,
      0.5322223901748657
    ],
    [
      0.14483824372291565,
      0.14483824372291565,
      0.1970239281654358,
      0.8666666746139526,
      0.9265880584716797,
      0.701793909072876
    ],
    [
      -0.07475759088993073,
      0.07475759088993073,
      -0.02257191389799118,
      0.3333333432674408,
      0.7171469330787659,
      0.701793909072876
    ]
  ],
  "feature_names": [
    "charge",
    "abs_charge",
    "charge_centered",
    "charge_rank_norm",
    "wbo_sum",
    "wbo_max"
  ],
  "status": "ok",
  "error": null
}