{
  "canonical_smiles": "Cc1ccc(O)c(C(CCN(C(C)C)C(C)C)c2ccccc2)c1",
  "xtb_valid": true,
  "atom_valid_mask": [
    [
      1.0
    ],
    [
      1.0
    ],
    [
      1.0
    ],
    [
      1.0
    ],
    [
      1.0
    ],
    [
      1.0
    ],
    [
      1.0
    ],
    [
      1.0
    ],
    [
      1.0
    ],
    [
      1.0
    ],
    [
      1.0
    ],
    [
      1.0
    ],
    [
      1.0
    ],
    [
      1.0
    ],
    [
      1.0
    ],
    [
      1.0
    ],
    [
      1.0
    ],
    [
      1.0
    ],
    [
      1.0
    ],
    [
      1.0
    ],
    [
      1.0
    ],
    [
      1.0
    ],
    [
      1.0
    ],
    [
      1.0
    ]
  ],
  "atom_features": [
    [
      -0.1172703206539154,
      0.1172703206539154,
      -0.05702062323689461,
      0.1304347813129425,
      0.25632572174072266,
      0.5126514434814453
    ],
    [
      0.0013773699756711721,
      0.0013773699756711721,
      0.061627067625522614,
      0.782608687877655,
      0.9606263041496277,
      0.7055773735046387
    ],
    [
      -0.05118624120950699,
      0.05118624120950699,
      0.00906345620751381,
      0.43478259444236755,
      0.7391902208328247,
      0.723018229007721
    ],
    [
      -0.08101505786180496,
      0.08101505786180496,
      -0.020765360444784164,
      0.30434781312942505,
      0.7313621044158936,
      0.723018229007721
    ],
    [
      0.13294346630573273,
      0.13294346630573273,
      0.19319316744804382,
      1.0,
      0.9476410150527954,
      0.686494767665863
    ],
    [
      -0.44923168420791626,
      0.44923168420791626,
      -0.38898199796676636,
      0.0,
      0.2671331763267517,
      0.5342663526535034
    ],
    [
      -0.014993419870734215,
      0.014993419870734215,
      0.04525627940893173,
      0.739130437374115,
      0.9626926779747009,
      0.7083685398101807
    ],
    [
      -0.022480400279164314,
      0.022480400279164314,
      0.037769295275211334,
      0.695652186870575,
      0.7362587451934814,
      0.4917300045490265
    ],
    [
      -0.06296113133430481,
      0.06296113133430481,
      -0.002711433917284012,
      0.3478260934352875,
      0.4951312243938446,
      0.4996325373649597
    ],
    [
      0.01058667991310358,
      0.01058667991310358,
      0.0708363801240921,
      0.8260869383811951,
      0.49875056743621826,
      0.4996325373649597
    ],
    [
      -0.2060515582561493,
      0.2060515582561493,
      -0.1458018571138382,
      0.043478261679410934,
      0.7424554824829102,
      0.4978685677051544
    ],
    [
      0.05627615004777908,
      0.05627615004777908,
      0.11652584373950958,
      0.95652174949646,
      0.7484462261199951,
      0.5032435059547424
    ],
    [
      -0.1127316877245903,
      0.1127316877245903,
      -0.052481990307569504,
      0.17391304671764374,
      0.25044798851013184,
      0.5008959770202637
    ],
    [
      -0.11058835685253143,
      0.11058835685253143,
      -0.050338659435510635,
      0.21739129722118378,
      0.2516217529773712,
      0.5032435059547424
    ],
    [
      0.04545905068516731,
      0.04545905068516731,
      0.10570874810218811,
      0.9130434989929199,
      0.7469918131828308,
      0.5009814500808716
    ],
    [
      -0.10754221677780151,
      0.10754221677780151,
      -0.047292519360780716,
      0.260869562625885,
      0.24935641884803772,
      0.49871283769607544
    ],
    [
      -0.11759369820356369,
      0.11759369820356369,
      -0.05734400078654289,
      0.08695652335882187,
      0.2504907250404358,
      0.5009814500808716
    ],
    [
      0.012412870302796364,
      0.012412870302796364,
      0.07266256958246231,
      0.8695651888847351,
      0.9786030054092407,
      0.7065613865852356
    ],
    [
      -0.037327080965042114,
      0.037327080965042114,
      0.022922616451978683,
      0.6521739363670349,
      0.7414898872375488,
      0.7211458683013916
    ],
    [
      -0.03845755010843277,
      0.03845755010843277,
      0.021792147308588028,
      0.5652173757553101,
      0.7481215000152588,
      0.7211458683013916
    ],
    [
      -0.03975998982787132,
      0.03975998982787132,
      0.020489707589149475,
      0.52173912525177,
      0.7462878227233887,
      0.7194489240646362
    ],
    [
      -0.037944141775369644,
      0.037944141775369644,
      0.022305555641651154,
      0.6086956262588501,
      0.748254656791687,
      0.7227612137794495
    ],
    [
      -0.04259553179144859,
      0.04259553179144859,
      0.017654165625572205,
      0.47826087474823,
      0.7413364052772522,
      0.7227612137794495
    ],
    [
      -0.05531829968094826,
      0.05531829968094826,
      0.00493139773607254,
      0.3913043439388275,
      0.7335785031318665,
      0.7083685398101807
    ]
  ],
  "feature_names": [
    "charge",
    "abs_charge",
    "charge_centered",
    "charge_rank_norm",
    "wbo_sum",
    "wbo_max"
  ],
  "status": "ok",
  "error": null
}