{
  "canonical_smiles": "CC(C)n1nccc1-c1ncccc1COc1cccc(O)c1C=O",
  "xtb_valid": true,
  "atom_valid_mask": [
    [
      1.0
    ],
    [
      1.0
    ],
    [
      1.0
    ],
    [
      1.0
    ],
    [
      1.0
    ],
    [
      1.0
    ],
    [
      1.0
    ],
    [
      1.0
    ],
    [
      1.0
    ],
    [
      1.0
    ],
    [
      1.0
    ],
    [
      1.0
    ],
    [
      1.0
    ],
    [
      1.0
    ],
    [
      1.0
    ],
    [
      1.0
    ],
    [
      1.0
    ],
    [
      1.0
    ],
    [
      1.0
    ],
    [
      1.0
    ],
    [
      1.0
    ],
    [
      1.0
    ],
    [
      1.0
    ],
    [
      1.0
    ],
    [
      1.0
    ]
  ],
  "atom_features": [
    [
      -0.1227995827794075,
      0.1227995827794075,
      -0.06688930839300156,
      0.2083333283662796,
      0.2493593692779541,
      0.4987187385559082
    ],
    [
      0.03988910838961601,
      0.03988910838961601,
      0.09579938650131226,
      0.7083333134651184,
      0.7403942942619324,
      0.5003657341003418
    ],
    [
      -0.1225360706448555,
      0.1225360706448555,
      -0.06662579625844955,
      0.25,
      0.2501828670501709,
      0.5003657341003418
    ],
    [
      0.06707403808832169,
      0.06707403808832169,
      0.12298431247472763,
      0.7916666865348816,
      0.8550489544868469,
      0.6239342093467712
    ],
    [
      -0.24456240236759186,
      0.24456240236759186,
      -0.1886521279811859,
      0.1666666716337204,
      0.7138863801956177,
      0.7507999539375305
    ],
    [
      0.018986329436302185,
      0.018986329436302185,
      0.07489660382270813,
      0.6666666865348816,
      0.7195941209793091,
      0.7507999539375305
    ],
    [
      -0.08207123726606369,
      0.08207123726606369,
      -0.026160962879657745,
      0.2916666567325592,
      0.7070701122283936,
      0.7257519364356995
    ],
    [
      0.018855389207601547,
      0.018855389207601547,
      0.07476566731929779,
      0.625,
      0.9687398076057434,
      0.7257519364356995
    ],
    [
      0.08341877162456512,
      0.08341877162456512,
      0.13932904601097107,
      0.875,
      0.9704870581626892,
      0.6932183504104614
    ],
    [
      -0.2550988495349884,
      0.2550988495349884,
      -0.19918857514858246,
      0.125,
      0.7294689416885376,
      0.7129956483840942
    ],
    [
      0.0509127601981163,
      0.0509127601981163,
      0.10682303458452225,
      0.75,
      0.7418754696846008,
      0.7183387875556946
    ],
    [
      -0.04303155839443207,
      0.04303155839443207,
      0.012878715991973877,
      0.4583333432674408,
      0.7433939576148987,
      0.7183387875556946
    ],
    [
      -0.014914549887180328,
      0.014914549887180328,
      0.040995724499225616,
      0.5416666865348816,
      0.7385567426681519,
      0.7173312306404114
    ],
    [
      -0.008382880128920078,
      0.008382880128920078,
      0.04752739518880844,
      0.5833333134651184,
      0.970538854598999,
      0.7070584297180176
    ],
    [
      0.06770335882902145,
      0.06770335882902145,
      0.1236136332154274,
      0.8333333134651184,
      0.4883207082748413,
      0.5002451539039612
    ],
    [
      -0.28402259945869446,
      0.28402259945869446,
      -0.2281123250722885,
      0.0833333358168602,
      0.5068920254707336,
      0.5373877882957458
    ],
    [
      0.148996502161026,
      0.148996502161026,
      0.20490677654743195,
      0.9166666865348816,
      0.9360565543174744,
      0.6969651579856873
    ],
    [
      -0.07251322269439697,
      0.07251322269439697,
      -0.016602948307991028,
      0.3333333432674408,
      0.7014415264129639,
      0.7059178948402405
    ],
    [
      -0.02599908970296383,
      0.02599908970296383,
      0.029911184683442116,
      0.5,
      0.7159115076065063,
      0.7259051203727722
    ],
    [
      -0.06711036711931229,
      0.06711036711931229,
      -0.011200092732906342,
      0.375,
      0.703870415687561,
      0.7259051203727722
    ],
    [
      0.1678040623664856,
      0.1678040623664856,
      0.22371433675289154,
      0.9583333134651184,
      0.9443433284759521,
      0.6818357706069946
    ],
    [
      -0.43154826760292053,
      0.43154826760292053,
      -0.3756380081176758,
      0.0,
      0.28234219551086426,
      0.5646843910217285
    ],
    [
      -0.06546328216791153,
      0.06546328216791153,
      -0.009553007781505585,
      0.4166666567325592,
      0.9231341481208801,
      0.6421664953231812
    ],
    [
      0.20804491639137268,
      0.20804491639137268,
      0.26395517587661743,
      1.0,
      0.7189241647720337,
      0.8715066313743591
    ],
    [
      -0.42938804626464844,
      0.42938804626464844,
      -0.3734777569770813,
      0.0416666679084301,
      0.43575331568717957,
      0.8715066313743591
    ]
  ],
  "feature_names": [
    "charge",
    "abs_charge",
    "charge_centered",
    "charge_rank_norm",
    "wbo_sum",
    "wbo_max"
  ],
  "status": "ok",
  "error": null
}