{
  "canonical_smiles": "COc1ccnc(CS(=O)c2nc3ccc(OC(F)F)cc3[nH]2)c1OC",
  "xtb_valid": true,
  "atom_valid_mask": [
    [
      1.0
    ],
    [
      1.0
    ],
    [
      1.0
    ],
    [
      1.0
    ],
    [
      1.0
    ],
    [
      1.0
    ],
    [
      1.0
    ],
    [
      1.0
    ],
    [
      1.0
    ],
    [
      1.0
    ],
    [
      1.0
    ],
    [
      1.0
    ],
    [
      1.0
    ],
    [
      1.0
    ],
    [
      1.0
    ],
    [
      1.0
    ],
    [
      1.0
    ],
    [
      1.0
    ],
    [
      1.0
    ],
    [
      1.0
    ],
    [
      1.0
    ],
    [
      1.0
    ],
    [
      1.0
    ],
    [
      1.0
    ],
    [
      1.0
    ],
    [
      1.0
    ]
  ],
  "atom_features": [
    [
      0.011665759608149529,
      0.011665759608149529,
      0.062766432762146,
      0.5600000023841858,
      0.2404918521642685,
      0.480983704328537
    ],
    [
      -0.27764198184013367,
      0.27764198184013367,
      -0.22654131054878235,
      0.1599999964237213,
      0.5115973353385925,
      0.5422109961509705
    ],
    [
      0.13991892337799072,
      0.13991892337799072,
      0.19101959466934204,
      0.9200000166893005,
      0.9354941248893738,
      0.6805770397186279
    ],
    [
      -0.08112537115812302,
      0.08112537115812302,
      -0.030024699866771698,
      0.4000000059604645,
      0.7019416093826294,
      0.7233062386512756
    ],
    [
      0.03605318069458008,
      0.03605318069458008,
      0.0871538519859314,
      0.6399999856948853,
      0.7142443656921387,
      0.7233062386512756
    ],
    [
      -0.26923617720603943,
      0.26923617720603943,
      -0.2181355059146881,
      0.20000000298023224,
      0.6966766119003296,
      0.7051824331283569
    ],
    [
      0.06449030339717865,
      0.06449030339717865,
      0.11559097468852997,
      0.7599999904632568,
      0.9395554661750793,
      0.688170850276947
    ],
    [
      -0.08708508312702179,
      0.08708508312702179,
      -0.03598441183567047,
      0.36000001430511475,
      0.48576268553733826,
      0.5061437487602234
    ],
    [
      0.48141369223594666,
      0.48141369223594666,
      0.5325143337249756,
      1.0,
      0.8956728577613831,
      0.8606582283973694
    ],
    [
      -0.6048625707626343,
      0.6048625707626343,
      -0.553761899471283,
      0.0,
      0.4303291141986847,
      0.8606582283973694
    ],
    [
      0.10654471814632416,
      0.10654471814632416,
      0.15764538943767548,
      0.800000011920929,
      0.9274311661720276,
      0.7722533345222473
    ],
    [
      -0.3052031993865967,
      0.3052031993865967,
      -0.25410252809524536,
      0.07999999821186066,
      0.7182793021202087,
      0.7722533345222473
    ],
    [
      0.06341122090816498,
      0.06341122090816498,
      0.1145118921995163,
      0.7200000286102295,
      0.9475749135017395,
      0.6641152501106262
    ],
    [
      -0.047248728573322296,
      0.047248728573322296,
      0.003851942718029022,
      0.5199999809265137,
      0.7335644364356995,
      0.7402499914169312
    ],
    [
      -0.07379858940839767,
      0.07379858940839767,
      -0.022697918117046356,
      0.47999998927116394,
      0.7077339887619019,
      0.7402499914169312
    ],
    [
      0.1387605369091034,
      0.1387605369091034,
      0.1898612082004547,
      0.8799999952316284,
      0.9370827078819275,
      0.7046946287155151
    ],
    [
      -0.2853797376155853,
      0.2853797376155853,
      -0.234279066324234,
      0.11999999731779099,
      0.4952937662601471,
      0.49633467197418213
    ],
    [
      0.43409523367881775,
      0.43409523367881775,
      0.48519590497016907,
      0.9599999785423279,
      0.7196884155273438,
      0.49633467197418213
    ],
    [
      -0.23015420138835907,
      0.23015420138835907,
      -0.17905353009700775,
      0.23999999463558197,
      0.23452343046665192,
      0.46904686093330383
    ],
    [
      -0.22343826293945312,
      0.22343826293945312,
      -0.1723375916481018,
      0.2800000011920929,
      0.23699767887592316,
      0.4739953577518463
    ],
    [
      -0.07765325158834457,
      0.07765325158834457,
      -0.026552580296993256,
      0.4399999976158142,
      0.7187678217887878,
      0.7046946287155151
    ],
    [
      0.051784779876470566,
      0.051784779876470566,
      0.10288545489311218,
      0.6800000071525574,
      0.9424102306365967,
      0.6700774431228638
    ],
    [
      -0.11324778199195862,
      0.11324778199195862,
      -0.0621471107006073,
      0.3199999928474426,
      0.6326584815979004,
      0.617303192615509
    ],
    [
      0.10778786242008209,
      0.10778786242008209,
      0.1588885337114334,
      0.8399999737739563,
      0.926446795463562,
      0.6847963333129883
    ],
    [
      -0.31135717034339905,
      0.31135717034339905,
      -0.26025649905204773,
      0.03999999910593033,
      0.49845564365386963,
      0.5198971033096313
    ],
    [
      0.0228884294629097,
      0.0228884294629097,
      0.07398910075426102,
      0.6000000238418579,
      0.23850709199905396,
      0.4770141839981079
    ]
  ],
  "feature_names": [
    "charge",
    "abs_charge",
    "charge_centered",
    "charge_rank_norm",
    "wbo_sum",
    "wbo_max"
  ],
  "status": "ok",
  "error": null
}