{
  "canonical_smiles": "CCOc1ccc2nc3ccc(=O)cc-3oc2c1",
  "xtb_valid": true,
  "atom_valid_mask": [
    [
      1.0
    ],
    [
      1.0
    ],
    [
      1.0
    ],
    [
      1.0
    ],
    [
      1.0
    ],
    [
      1.0
    ],
    [
      1.0
    ],
    [
      1.0
    ],
    [
      1.0
    ],
    [
      1.0
    ],
    [
      1.0
    ],
    [
      1.0
    ],
    [
      1.0
    ],
    [
      1.0
    ],
    [
      1.0
    ],
    [
      1.0
    ],
    [
      1.0
    ],
    [
      1.0
    ]
  ],
  "atom_features": [
    [
      -0.12772850692272186,
      0.12772850692272186,
      -0.08185859024524689,
      0.23529411852359772,
      0.2530965805053711,
      0.5061931610107422
    ],
    [
      0.06689897179603577,
      0.06689897179603577,
      0.11276888847351074,
      0.7058823704719543,
      0.4896700978279114,
      0.5061931610107422
    ],
    [
      -0.27332648634910583,
      0.27332648634910583,
      -0.22745656967163086,
      0.05882352963089943,
      0.5114469528198242,
      0.5497468709945679
    ],
    [
      0.16196149587631226,
      0.16196149587631226,
      0.20783141255378723,
      0.9411764740943909,
      0.9439643025398254,
      0.6755344867706299
    ],
    [
      -0.06674326956272125,
      0.06674326956272125,
      -0.020873356610536575,
      0.4117647111415863,
      0.7028722763061523,
      0.7430972456932068
    ],
    [
      -0.04127157852053642,
      0.04127157852053642,
      0.004598334431648254,
      0.529411792755127,
      0.703603982925415,
      0.7430972456932068
    ],
    [
      0.056055501103401184,
      0.056055501103401184,
      0.10192541778087616,
      0.6470588445663452,
      0.9399124383926392,
      0.6641106605529785
    ],
    [
      -0.21541613340377808,
      0.21541613340377808,
      -0.1695462167263031,
      0.1764705926179886,
      0.6978105902671814,
      0.8091884255409241
    ],
    [
      0.09293530136346817,
      0.09293530136346817,
      0.13880521059036255,
      0.7647058963775635,
      0.9448066353797913,
      0.8091884255409241
    ],
    [
      -0.036984529346227646,
      0.036984529346227646,
      0.008885383605957031,
      0.5882353186607361,
      0.7192189693450928,
      0.8855607509613037
    ],
    [
      -0.055994559079408646,
      0.055994559079408646,
      -0.010124646127223969,
      0.47058823704719543,
      0.7089060544967651,
      0.8855607509613037
    ],
    [
      0.22878749668598175,
      0.22878749668598175,
      0.27465739846229553,
      1.0,
      0.9570664167404175,
      0.8297176957130432
    ],
    [
      -0.47167789936065674,
      0.47167789936065674,
      -0.42580798268318176,
      0.0,
      0.4148588478565216,
      0.8297176957130432
    ],
    [
      -0.0991903692483902,
      0.0991903692483902,
      -0.05332045629620552,
      0.29411765933036804,
      0.6853844523429871,
      0.8186050653457642
    ],
    [
      0.13371002674102783,
      0.13371002674102783,
      0.1795799434185028,
      0.8235294222831726,
      0.935447096824646,
      0.8186050653457642
    ],
    [
      -0.2325109839439392,
      0.2325109839439392,
      -0.18664106726646423,
      0.11764705926179886,
      0.5249918103218079,
      0.5252420902252197
    ],
    [
      0.13772247731685638,
      0.13772247731685638,
      0.18359239399433136,
      0.8823529481887817,
      0.9281173944473267,
      0.7017112970352173
    ],
    [
      -0.08288540691137314,
      0.08288540691137314,
      -0.03701549395918846,
      0.3529411852359772,
      0.6886228919029236,
      0.7017112970352173
    ]
  ],
  "feature_names": [
    "charge",
    "abs_charge",
    "charge_centered",
    "charge_rank_norm",
    "wbo_sum",
    "wbo_max"
  ],
  "status": "ok",
  "error": null
}