{
  "canonical_smiles": "O=C(c1cccs1)c1ccc(OCCCO)c(Cl)c1Cl",
  "xtb_valid": true,
  "atom_valid_mask": [
    [
      1.0
    ],
    [
      1.0
    ],
    [
      1.0
    ],
    [
      1.0
    ],
    [
      1.0
    ],
    [
      1.0
    ],
    [
      1.0
    ],
    [
      1.0
    ],
    [
      1.0
    ],
    [
      1.0
    ],
    [
      1.0
    ],
    [
      1.0
    ],
    [
      1.0
    ],
    [
      1.0
    ],
    [
      1.0
    ],
    [
      1.0
    ],
    [
      1.0
    ],
    [
      1.0
    ],
    [
      1.0
    ],
    [
      1.0
    ]
  ],
  "atom_features": [
    [
      -0.44200408458709717,
      0.44200408458709717,
      -0.3855181634426117,
      0.05263157933950424,
      0.42920973896980286,
      0.8584194779396057
    ],
    [
      0.24020275473594666,
      0.24020275473594666,
      0.29668867588043213,
      1.0,
      0.9533242583274841,
      0.8584194779396057
    ],
    [
      -0.011280830018222332,
      0.011280830018222332,
      0.04520507901906967,
      0.6315789222717285,
      0.9329164028167725,
      0.7357773780822754
    ],
    [
      -0.03371651843190193,
      0.03371651843190193,
      0.022769391536712646,
      0.42105263471603394,
      0.730706512928009,
      0.7357773780822754
    ],
    [
      -0.04567058011889458,
      0.04567058011889458,
      0.010815329849720001,
      0.3684210479259491,
      0.7235847115516663,
      0.7800492644309998
    ],
    [
      -0.0177823007106781,
      0.0177823007106781,
      0.03870360925793648,
      0.5789473652839661,
      0.7050440311431885,
      0.7800492644309998
    ],
    [
      0.05134192109107971,
      0.05134192109107971,
      0.10782782733440399,
      0.6842105388641357,
      0.6308039426803589,
      0.6300387978553772
    ],
    [
      -0.021228620782494545,
      0.021228620782494545,
      0.035257287323474884,
      0.5263158082962036,
      0.9318507313728333,
      0.6928281784057617
    ],
    [
      -0.03118899092078209,
      0.03118899092078209,
      0.02529691904783249,
      0.4736842215061188,
      0.7073816657066345,
      0.7219351530075073
    ],
    [
      -0.06404081732034683,
      0.06404081732034683,
      -0.007554907351732254,
      0.31578946113586426,
      0.7008116841316223,
      0.7219351530075073
    ],
    [
      0.1476030945777893,
      0.1476030945777893,
      0.2040890008211136,
      0.9473684430122375,
      0.9408999085426331,
      0.6796882748603821
    ],
    [
      -0.2710106074810028,
      0.2710106074810028,
      -0.21452470123767853,
      0.10526315867900848,
      0.5090659260749817,
      0.545415997505188
    ],
    [
      0.06478969007730484,
      0.06478969007730484,
      0.12127560377120972,
      0.7894737124443054,
      0.4861275851726532,
      0.4995393753051758
    ],
    [
      -0.0750194564461708,
      0.0750194564461708,
      -0.01853354647755623,
      0.2631579041481018,
      0.5017858147621155,
      0.5040322542190552
    ],
    [
      0.07476457953453064,
      0.07476457953453064,
      0.13125048577785492,
      0.8421052694320679,
      0.4993056356906891,
      0.5040322542190552
    ],
    [
      -0.5228500962257385,
      0.5228500962257385,
      -0.46636417508125305,
      0.0,
      0.2472895085811615,
      0.494579017162323
    ],
    [
      0.06357772648334503,
      0.06357772648334503,
      0.12006363272666931,
      0.7368420958518982,
      0.9178395867347717,
      0.6896806955337524
    ],
    [
      -0.1577729880809784,
      0.1577729880809784,
      -0.10128708183765411,
      0.21052631735801697,
      0.24465151131153107,
      0.48930302262306213
    ],
    [
      0.08652196079492569,
      0.08652196079492569,
      0.14300787448883057,
      0.8947368264198303,
      0.9290614128112793,
      0.6896806955337524
    ],
    [
      -0.1649540513753891,
      0.1649540513753891,
      -0.10846814513206482,
      0.15789473056793213,
      0.24439813196659088,
      0.48879626393318176
    ]
  ],
  "feature_names": [
    "charge",
    "abs_charge",
    "charge_centered",
    "charge_rank_norm",
    "wbo_sum",
    "wbo_max"
  ],
  "status": "ok",
  "error": null
}