{
  "canonical_smiles": "CCCCCCOc1ccc2ccc(=O)oc2c1",
  "xtb_valid": true,
  "atom_valid_mask": [
    [
      1.0
    ],
    [
      1.0
    ],
    [
      1.0
    ],
    [
      1.0
    ],
    [
      1.0
    ],
    [
      1.0
    ],
    [
      1.0
    ],
    [
      1.0
    ],
    [
      1.0
    ],
    [
      1.0
    ],
    [
      1.0
    ],
    [
      1.0
    ],
    [
      1.0
    ],
    [
      1.0
    ],
    [
      1.0
    ],
    [
      1.0
    ],
    [
      1.0
    ],
    [
      1.0
    ]
  ],
  "atom_features": [
    [
      -0.10973168164491653,
      0.10973168164491653,
      -0.056573256850242615,
      0.1764705926179886,
      0.2550842761993408,
      0.5101685523986816
    ],
    [
      -0.0580124594271183,
      0.0580124594271183,
      -0.004854034632444382,
      0.5882353186607361,
      0.506957471370697,
      0.5101685523986816
    ],
    [
      -0.06537073105573654,
      0.06537073105573654,
      -0.012212306261062622,
      0.529411792755127,
      0.5038493871688843,
      0.5039523243904114
    ],
    [
      -0.06680385023355484,
      0.06680385023355484,
      -0.01364542543888092,
      0.47058823704719543,
      0.5034717917442322,
      0.5039523243904114
    ],
    [
      -0.06968426704406738,
      0.06968426704406738,
      -0.016525842249393463,
      0.3529411852359772,
      0.5022131204605103,
      0.5029911994934082
    ],
    [
      0.07113125920295715,
      0.07113125920295715,
      0.12428968399763107,
      0.8235294222831726,
      0.4872027337551117,
      0.5014349818229675
    ],
    [
      -0.28231456875801086,
      0.28231456875801086,
      -0.22915613651275635,
      0.05882352963089943,
      0.5089315176010132,
      0.5448924899101257
    ],
    [
      0.15757516026496887,
      0.15757516026496887,
      0.2107335925102234,
      0.9411764740943909,
      0.9459842443466187,
      0.6798253059387207
    ],
    [
      -0.06873250007629395,
      0.06873250007629395,
      -0.015574075281620026,
      0.4117647111415863,
      0.7035655379295349,
      0.739880383014679
    ],
    [
      -0.036738570779561996,
      0.036738570779561996,
      0.016419854015111923,
      0.6470588445663452,
      0.7327908873558044,
      0.739880383014679
    ],
    [
      -0.006016440223902464,
      0.006016440223902464,
      0.04714198410511017,
      0.7647058963775635,
      0.9484675526618958,
      0.6720936298370361
    ],
    [
      -0.011530919931828976,
      0.011530919931828976,
      0.04162750393152237,
      0.7058823704719543,
      0.7191540002822876,
      0.8621856570243835
    ],
    [
      -0.07738445699214935,
      0.07738445699214935,
      -0.024226032197475433,
      0.23529411852359772,
      0.703636884689331,
      0.8621856570243835
    ],
    [
      0.35121268033981323,
      0.35121268033981323,
      0.40437111258506775,
      1.0,
      0.9526834487915039,
      0.8280509114265442
    ],
    [
      -0.4865284264087677,
      0.4865284264087677,
      -0.4333699941635132,
      0.0,
      0.4491161108016968,
      0.8280509114265442
    ],
    [
      -0.26870372891426086,
      0.26870372891426086,
      -0.21554529666900635,
      0.11764705926179886,
      0.5525318384170532,
      0.5322278141975403
    ],
    [
      0.14478127658367157,
      0.14478127658367157,
      0.1979396939277649,
      0.8823529481887817,
      0.9266294836997986,
      0.7018852829933167
    ],
    [
      -0.07399953901767731,
      0.07399953901767731,
      -0.020841114223003387,
      0.29411765933036804,
      0.7176591157913208,
      0.7018852829933167
    ]
  ],
  "feature_names": [
    "charge",
    "abs_charge",
    "charge_centered",
    "charge_rank_norm",
    "wbo_sum",
    "wbo_max"
  ],
  "status": "ok",
  "error": null
}