{
  "canonical_smiles": "CNc1cccc(-c2ccnc3c(C(=O)c4cccs4)cnn23)c1",
  "xtb_valid": true,
  "atom_valid_mask": [
    [
      1.0
    ],
    [
      1.0
    ],
    [
      1.0
    ],
    [
      1.0
    ],
    [
      1.0
    ],
    [
      1.0
    ],
    [
      1.0
    ],
    [
      1.0
    ],
    [
      1.0
    ],
    [
      1.0
    ],
    [
      1.0
    ],
    [
      1.0
    ],
    [
      1.0
    ],
    [
      1.0
    ],
    [
      1.0
    ],
    [
      1.0
    ],
    [
      1.0
    ],
    [
      1.0
    ],
    [
      1.0
    ],
    [
      1.0
    ],
    [
      1.0
    ],
    [
      1.0
    ],
    [
      1.0
    ],
    [
      1.0
    ]
  ],
  "atom_features": [
    [
      -0.04780291020870209,
      0.04780291020870209,
      -0.008613798767328262,
      0.3478260934352875,
      0.2531545162200928,
      0.5063090324401855
    ],
    [
      -0.20854604244232178,
      0.20854604244232178,
      -0.16935692727565765,
      0.1304347813129425,
      0.5405946969985962,
      0.5748804211616516
    ],
    [
      0.07415860146284103,
      0.07415860146284103,
      0.11334770917892456,
      0.8260869383811951,
      0.9611190557479858,
      0.6739492416381836
    ],
    [
      -0.057067811489105225,
      0.057067811489105225,
      -0.0178787000477314,
      0.30434781312942505,
      0.6992779970169067,
      0.7246068120002747
    ],
    [
      -0.03572487086057663,
      0.03572487086057663,
      0.0034642405807971954,
      0.47826087474823,
      0.7469195127487183,
      0.7246068120002747
    ],
    [
      -0.04308607056736946,
      0.04308607056736946,
      -0.003896959125995636,
      0.43478259444236755,
      0.7032037973403931,
      0.7175361514091492
    ],
    [
      0.004094549920409918,
      0.004094549920409918,
      0.04328365996479988,
      0.6521739363670349,
      0.9531610012054443,
      0.7033389210700989
    ],
    [
      0.08000250905752182,
      0.08000250905752182,
      0.11919161677360535,
      0.9130434989929199,
      0.937563419342041,
      0.794060230255127
    ],
    [
      -0.06794314086437225,
      0.06794314086437225,
      -0.02875402942299843,
      0.17391304671764374,
      0.7002025246620178,
      0.794060230255127
    ],
    [
      0.06605780869722366,
      0.06605780869722366,
      0.10524691641330719,
      0.782608687877655,
      0.706341028213501,
      0.8063373565673828
    ],
    [
      -0.24499593675136566,
      0.24499593675136566,
      -0.20580682158470154,
      0.043478261679410934,
      0.7128394246101379,
      0.8063373565673828
    ],
    [
      0.11957251280546188,
      0.11957251280546188,
      0.1587616205215454,
      0.95652174949646,
      0.951951265335083,
      0.6687002778053284
    ],
    [
      -0.06580875813961029,
      0.06580875813961029,
      -0.026619646698236465,
      0.21739129722118378,
      0.9291857481002808,
      0.6687002778053284
    ],
    [
      0.23342686891555786,
      0.23342686891555786,
      0.2726159691810608,
      1.0,
      0.9532805681228638,
      0.8425532579421997
    ],
    [
      -0.468814492225647,
      0.468814492225647,
      -0.42962539196014404,
      0.0,
      0.42127662897109985,
      0.8425532579421997
    ],
    [
      -0.008859200403094292,
      0.008859200403094292,
      0.030329911038279533,
      0.6086956262588501,
      0.959802508354187,
      0.7556204795837402
    ],
    [
      -0.034208089113235474,
      0.034208089113235474,
      0.0049810223281383514,
      0.52173912525177,
      0.7321876883506775,
      0.7556204795837402
    ],
    [
      -0.047488171607255936,
      0.047488171607255936,
      -0.00829906016588211,
      0.3913043439388275,
      0.7239648699760437,
      0.7915957570075989
    ],
    [
      -0.01918037049472332,
      0.01918037049472332,
      0.020008740946650505,
      0.5652173757553101,
      0.7299095392227173,
      0.7915957570075989
    ],
    [
      0.014011239632964134,
      0.014011239632964134,
      0.05320034921169281,
      0.695652186870575,
      0.623071551322937,
      0.616262674331665
    ],
    [
      0.0441746711730957,
      0.0441746711730957,
      0.08336378633975983,
      0.739130437374115,
      0.7078108191490173,
      0.7553939819335938
    ],
    [
      -0.23933972418308258,
      0.23933972418308258,
      -0.20015060901641846,
      0.08695652335882187,
      0.6961989402770996,
      0.7553939819335938
    ],
    [
      0.07734432816505432,
      0.07734432816505432,
      0.11653344333171844,
      0.8695651888847351,
      0.8585233688354492,
      0.5856174826622009
    ],
    [
      -0.06451618671417236,
      0.06451618671417236,
      -0.025327075272798538,
      0.260869562625885,
      0.714221715927124,
      0.7033389210700989
    ]
  ],
  "feature_names": [
    "charge",
    "abs_charge",
    "charge_centered",
    "charge_rank_norm",
    "wbo_sum",
    "wbo_max"
  ],
  "status": "ok",
  "error": null
}