{
  "canonical_smiles": "CC1=C(/C=C/C(C)=C/C=C/C(C)=C/C=O)C(C)(C)CCC1",
  "xtb_valid": true,
  "atom_valid_mask": [
    [
      1.0
    ],
    [
      1.0
    ],
    [
      1.0
    ],
    [
      1.0
    ],
    [
      1.0
    ],
    [
      1.0
    ],
    [
      1.0
    ],
    [
      1.0
    ],
    [
      1.0
    ],
    [
      1.0
    ],
    [
      1.0
    ],
    [
      1.0
    ],
    [
      1.0
    ],
    [
      1.0
    ],
    [
      1.0
    ],
    [
      1.0
    ],
    [
      1.0
    ],
    [
      1.0
    ],
    [
      1.0
    ],
    [
      1.0
    ],
    [
      1.0
    ]
  ],
  "atom_features": [
    [
      -0.11255726963281631,
      0.11255726963281631,
      -0.05546902120113373,
      0.15000000596046448,
      0.25542137026786804,
      0.5108427405357361
    ],
    [
      -0.004924470093101263,
      0.004924470093101263,
      0.052163779735565186,
      0.800000011920929,
      0.9615975618362427,
      0.9069229960441589
    ],
    [
      -0.017653420567512512,
      0.017653420567512512,
      0.039434827864170074,
      0.75,
      0.9567208290100098,
      0.9069229960441589
    ],
    [
      -0.030614040791988373,
      0.030614040791988373,
      0.026474207639694214,
      0.6499999761581421,
      0.709902286529541,
      0.8934717774391174
    ],
    [
      -0.047837089747190475,
      0.047837089747190475,
      0.009251158684492111,
      0.6000000238418579,
      0.7272406220436096,
      0.8934717774391174
    ],
    [
      0.018088899552822113,
      0.018088899552822113,
      0.0751771479845047,
      0.8500000238418579,
      0.9814204573631287,
      0.8366767764091492
    ],
    [
      -0.11441773176193237,
      0.11441773176193237,
      -0.057329483330249786,
      0.10000000149011612,
      0.25650322437286377,
      0.5130064487457275
    ],
    [
      -0.05359800159931183,
      0.05359800159931183,
      0.003490246832370758,
      0.5,
      0.7090861201286316,
      0.8366767764091492
    ],
    [
      -0.028893280774354935,
      0.028893280774354935,
      0.028194967657327652,
      0.699999988079071,
      0.7280555963516235,
      0.8746157884597778
    ],
    [
      -0.052173200994729996,
      0.052173200994729996,
      0.004915047436952591,
      0.550000011920929,
      0.7338743209838867,
      0.8746157884597778
    ],
    [
      0.06140093877911568,
      0.06140093877911568,
      0.11848919093608856,
      0.949999988079071,
      0.9497389793395996,
      0.842893660068512
    ],
    [
      -0.12468089163303375,
      0.12468089163303375,
      -0.06759264320135117,
      0.05000000074505806,
      0.25779989361763,
      0.51559978723526
    ],
    [
      -0.08634805679321289,
      0.08634805679321289,
      -0.029259808361530304,
      0.30000001192092896,
      0.7021905183792114,
      0.842893660068512
    ],
    [
      0.20767661929130554,
      0.20767661929130554,
      0.2647648751735687,
      1.0,
      0.7232633233070374,
      0.885039210319519
    ],
    [
      -0.4371211528778076,
      0.4371211528778076,
      -0.38003289699554443,
      0.0,
      0.4425196051597595,
      0.885039210319519
    ],
    [
      0.02299926057457924,
      0.02299926057457924,
      0.08008751273155212,
      0.8999999761581421,
      0.9802958965301514,
      0.4952363967895508
    ],
    [
      -0.10432416945695877,
      0.10432416945695877,
      -0.047235921025276184,
      0.25,
      0.24687376618385315,
      0.4937475323677063
    ],
    [
      -0.10631096363067627,
      0.10631096363067627,
      -0.04922271519899368,
      0.20000000298023224,
      0.2476181983947754,
      0.4952363967895508
    ],
    [
      -0.06482735276222229,
      0.06482735276222229,
      -0.007739104330539703,
      0.4000000059604645,
      0.4983910620212555,
      0.5053601264953613
    ],
    [
      -0.05726296827197075,
      0.05726296827197075,
      -0.00017471984028816223,
      0.44999998807907104,
      0.5044602751731873,
      0.5053601264953613
    ],
    [
      -0.0654749721288681,
      0.0654749721288681,
      -0.008386723697185516,
      0.3499999940395355,
      0.5044949054718018,
      0.5054293870925903
    ]
  ],
  "feature_names": [
    "charge",
    "abs_charge",
    "charge_centered",
    "charge_rank_norm",
    "wbo_sum",
    "wbo_max"
  ],
  "status": "ok",
  "error": null
}