{
  "canonical_smiles": "COc1ccc2[nH]cc(CCN)c2c1",
  "xtb_valid": true,
  "atom_valid_mask": [
    [
      1.0
    ],
    [
      1.0
    ],
    [
      1.0
    ],
    [
      1.0
    ],
    [
      1.0
    ],
    [
      1.0
    ],
    [
      1.0
    ],
    [
      1.0
    ],
    [
      1.0
    ],
    [
      1.0
    ],
    [
      1.0
    ],
    [
      1.0
    ],
    [
      1.0
    ],
    [
      1.0
    ]
  ],
  "atom_features": [
    [
      0.02734513022005558,
      0.02734513022005558,
      0.09717263281345367,
      0.8461538553237915,
      0.24366645514965057,
      0.48733291029930115
    ],
    [
      -0.3175547122955322,
      0.3175547122955322,
      -0.24772721529006958,
      0.07692307978868484,
      0.5022649765014648,
      0.5171970129013062
    ],
    [
      0.12695689499378204,
      0.12695689499378204,
      0.19678440690040588,
      1.0,
      0.9461696743965149,
      0.7056099772453308
    ],
    [
      -0.07650630176067352,
      0.07650630176067352,
      -0.0066787973046302795,
      0.23076923191547394,
      0.7020155787467957,
      0.7344987988471985
    ],
    [
      -0.06383437663316727,
      0.06383437663316727,
      0.0059931278228759766,
      0.4615384638309479,
      0.7344361543655396,
      0.7344987988471985
    ],
    [
      0.035978518426418304,
      0.035978518426418304,
      0.10580602288246155,
      0.9230769276618958,
      0.941841185092926,
      0.6710802316665649
    ],
    [
      -0.12424199283123016,
      0.12424199283123016,
      -0.05441448837518692,
      0.1538461595773697,
      0.5949698686599731,
      0.6046457290649414
    ],
    [
      -0.01235130988061428,
      0.01235130988061428,
      0.057476192712783813,
      0.692307710647583,
      0.6944139003753662,
      0.7841821312904358
    ],
    [
      -0.03978157043457031,
      0.03978157043457031,
      0.03004593402147293,
      0.5384615659713745,
      0.9481303691864014,
      0.7841821312904358
    ],
    [
      -0.06607566773891449,
      0.06607566773891449,
      0.0037518367171287537,
      0.38461539149284363,
      0.49914228916168213,
      0.5078397393226624
    ],
    [
      0.016739709302783012,
      0.016739709302783012,
      0.0865672156214714,
      0.7692307829856873,
      0.501274824142456,
      0.5121048092842102
    ],
    [
      -0.39161133766174316,
      0.39161133766174316,
      -0.3217838406562805,
      0.0,
      0.2560524046421051,
      0.5121048092842102
    ],
    [
      -0.02016020007431507,
      0.02016020007431507,
      0.04966730624437332,
      0.6153846383094788,
      0.9481767416000366,
      0.6648064255714417
    ],
    [
      -0.07248774915933609,
      0.07248774915933609,
      -0.0026602447032928467,
      0.3076923191547394,
      0.7168548107147217,
      0.7056099772453308
    ]
  ],
  "feature_names": [
    "charge",
    "abs_charge",
    "charge_centered",
    "charge_rank_norm",
    "wbo_sum",
    "wbo_max"
  ],
  "status": "ok",
  "error": null
}