{
  "canonical_smiles": "CN(C)N/N=C1\\N=CN=C1C(N)=O",
  "xtb_valid": true,
  "atom_valid_mask": [
    [
      1.0
    ],
    [
      1.0
    ],
    [
      1.0
    ],
    [
      1.0
    ],
    [
      1.0
    ],
    [
      1.0
    ],
    [
      1.0
    ],
    [
      1.0
    ],
    [
      1.0
    ],
    [
      1.0
    ],
    [
      1.0
    ],
    [
      1.0
    ],
    [
      1.0
    ]
  ],
  "atom_features": [
    [
      -0.060278479009866714,
      0.060278479009866714,
      0.025545138865709305,
      0.5833333134651184,
      0.24812239408493042,
      0.49624478816986084
    ],
    [
      -0.09497953951358795,
      0.09497953951358795,
      -0.009155921638011932,
      0.4166666567325592,
      0.7443633079528809,
      0.499281644821167
    ],
    [
      -0.06984920799732208,
      0.06984920799732208,
      0.015974409878253937,
      0.5,
      0.2496408224105835,
      0.499281644821167
    ],
    [
      0.021354930475354195,
      0.021354930475354195,
      0.10717854648828506,
      0.6666666865348816,
      0.5913743376731873,
      0.637471079826355
    ],
    [
      -0.14200562238693237,
      0.14200562238693237,
      -0.056182004511356354,
      0.3333333432674408,
      0.6997149586677551,
      0.7619587779045105
    ],
    [
      0.13473086059093475,
      0.13473086059093475,
      0.22055447101593018,
      0.8333333134651184,
      0.9634010195732117,
      0.7619587779045105
    ],
    [
      -0.3206515312194824,
      0.3206515312194824,
      -0.2348279058933258,
      0.0833333358168602,
      0.6942338943481445,
      0.8064572215080261
    ],
    [
      0.14724987745285034,
      0.14724987745285034,
      0.23307350277900696,
      0.9166666865348816,
      0.6997861862182617,
      0.8064572215080261
    ],
    [
      -0.2868955433368683,
      0.2868955433368683,
      -0.20107191801071167,
      0.25,
      0.6975216865539551,
      0.8019281625747681
    ],
    [
      0.060346849262714386,
      0.060346849262714386,
      0.1461704671382904,
      0.75,
      0.9119667410850525,
      0.8019281625747681
    ],
    [
      0.2824409008026123,
      0.2824409008026123,
      0.3682645261287689,
      1.0,
      0.9788567423820496,
      0.814163327217102
    ],
    [
      -0.2939724624156952,
      0.2939724624156952,
      -0.20814883708953857,
      0.1666666716337204,
      0.3817428946495056,
      0.652300238609314
    ],
    [
      -0.4931980073451996,
      0.4931980073451996,
      -0.40737438201904297,
      0.0,
      0.46267443895339966,
      0.814163327217102
    ]
  ],
  "feature_names": [
    "charge",
    "abs_charge",
    "charge_centered",
    "charge_rank_norm",
    "wbo_sum",
    "wbo_max"
  ],
  "status": "ok",
  "error": null
}