{
  "canonical_smiles": "N#Cc1ccccc1-c1cc(-c2ccccn2)cn(-c2ccccc2)c1=O",
  "xtb_valid": true,
  "atom_valid_mask": [
    [
      1.0
    ],
    [
      1.0
    ],
    [
      1.0
    ],
    [
      1.0
    ],
    [
      1.0
    ],
    [
      1.0
    ],
    [
      1.0
    ],
    [
      1.0
    ],
    [
      1.0
    ],
    [
      1.0
    ],
    [
      1.0
    ],
    [
      1.0
    ],
    [
      1.0
    ],
    [
      1.0
    ],
    [
      1.0
    ],
    [
      1.0
    ],
    [
      1.0
    ],
    [
      1.0
    ],
    [
      1.0
    ],
    [
      1.0
    ],
    [
      1.0
    ],
    [
      1.0
    ],
    [
      1.0
    ],
    [
      1.0
    ],
    [
      1.0
    ],
    [
      1.0
    ],
    [
      1.0
    ]
  ],
  "atom_features": [
    [
      -0.2918126583099365,
      0.2918126583099365,
      -0.25907957553863525,
      0.03846153989434242,
      0.6966478824615479,
      1.3932957649230957
    ],
    [
      0.12155812978744507,
      0.12155812978744507,
      0.15429121255874634,
      0.9615384340286255,
      0.9693135619163513,
      1.3932957649230957
    ],
    [
      0.01822553016245365,
      0.01822553016245365,
      0.05095861107110977,
      0.7307692170143127,
      0.9445838928222656,
      0.6800000667572021
    ],
    [
      -0.020588649436831474,
      0.020588649436831474,
      0.012144429609179497,
      0.6153846383094788,
      0.7294225096702576,
      0.7252851724624634
    ],
    [
      -0.03052831068634987,
      0.03052831068634987,
      0.0022047683596611023,
      0.4615384638309479,
      0.7454604506492615,
      0.7252851724624634
    ],
    [
      -0.024130340665578842,
      0.024130340665578842,
      0.008602738380432129,
      0.5769230723381042,
      0.7169649600982666,
      0.7194176912307739
    ],
    [
      -0.03140167146921158,
      0.03140167146921158,
      0.0013314075767993927,
      0.42307692766189575,
      0.7377302050590515,
      0.7194176912307739
    ],
    [
      0.03370780870318413,
      0.03370780870318413,
      0.0664408877491951,
      0.807692289352417,
      0.9642954468727112,
      0.7024829387664795
    ],
    [
      -0.025955520570278168,
      0.025955520570278168,
      0.006777558475732803,
      0.5384615659713745,
      0.9349133372306824,
      0.8284705281257629
    ],
    [
      -0.028428180143237114,
      0.028428180143237114,
      0.004304898902773857,
      0.5,
      0.7094265818595886,
      0.8284705281257629
    ],
    [
      -0.010830700397491455,
      0.010830700397491455,
      0.021902378648519516,
      0.692307710647583,
      0.950078547000885,
      0.7919795513153076
    ],
    [
      0.09321632981300354,
      0.09321632981300354,
      0.1259494125843048,
      0.9230769276618958,
      0.9764206409454346,
      0.6948227286338806
    ],
    [
      -0.045068029314279556,
      0.045068029314279556,
      -0.012334950268268585,
      0.11538461595773697,
      0.7357974648475647,
      0.7224794626235962
    ],
    [
      -0.015199690125882626,
      0.015199690125882626,
      0.01753338798880577,
      0.6538461446762085,
      0.7456671595573425,
      0.7224794626235962
    ],
    [
      -0.042436178773641586,
      0.042436178773641586,
      -0.009703099727630615,
      0.19230769574642181,
      0.7418409585952759,
      0.7173820734024048
    ],
    [
      0.05377738177776337,
      0.05377738177776337,
      0.08651046454906464,
      0.8461538553237915,
      0.743987500667572,
      0.7173820734024048
    ],
    [
      -0.2613159716129303,
      0.2613159716129303,
      -0.22858288884162903,
      0.07692307978868484,
      0.7295394539833069,
      0.7163003087043762
    ],
    [
      0.022378280758857727,
      0.022378280758857727,
      0.0551113598048687,
      0.7692307829856873,
      0.6912644505500793,
      0.7919795513153076
    ],
    [
      -0.03958319127559662,
      0.03958319127559662,
      -0.006850112229585648,
      0.23076923191547394,
      0.8636199235916138,
      0.5905493497848511
    ],
    [
      0.06638334691524506,
      0.06638334691524506,
      0.09911642968654633,
      0.8846153616905212,
      0.9454244375228882,
      0.6969820857048035
    ],
    [
      -0.031492941081523895,
      0.031492941081523895,
      0.0012401379644870758,
      0.38461539149284363,
      0.7356933951377869,
      0.7194963693618774
    ],
    [
      -0.03168056160211563,
      0.03168056160211563,
      0.00105251744389534,
      0.3461538553237915,
      0.7474687695503235,
      0.7200142741203308
    ],
    [
      -0.03312272951006889,
      0.03312272951006889,
      -0.00038965046405792236,
      0.26923078298568726,
      0.7187512516975403,
      0.7200142741203308
    ],
    [
      -0.032866038382053375,
      0.032866038382053375,
      -0.00013295933604240417,
      0.3076923191547394,
      0.7475979924201965,
      0.7227994203567505
    ],
    [
      -0.044440511614084244,
      0.044440511614084244,
      -0.011707432568073273,
      0.1538461595773697,
      0.7354151010513306,
      0.7227994203567505
    ],
    [
      0.26189979910850525,
      0.26189979910850525,
      0.2946328818798065,
      1.0,
      0.949208676815033,
      0.8044012188911438
    ],
    [
      -0.5140578150749207,
      0.5140578150749207,
      -0.4813247323036194,
      0.0,
      0.43801048398017883,
      0.8044012188911438
    ]
  ],
  "feature_names": [
    "charge",
    "abs_charge",
    "charge_centered",
    "charge_rank_norm",
    "wbo_sum",
    "wbo_max"
  ],
  "status": "ok",
  "error": null
}