{
  "canonical_smiles": "CCOP(=O)(OCC)Oc1ccc([N+](=O)[O-])cc1",
  "xtb_valid": true,
  "atom_valid_mask": [
    [
      1.0
    ],
    [
      1.0
    ],
    [
      1.0
    ],
    [
      1.0
    ],
    [
      1.0
    ],
    [
      1.0
    ],
    [
      1.0
    ],
    [
      1.0
    ],
    [
      1.0
    ],
    [
      1.0
    ],
    [
      1.0
    ],
    [
      1.0
    ],
    [
      1.0
    ],
    [
      1.0
    ],
    [
      1.0
    ],
    [
      1.0
    ],
    [
      1.0
    ],
    [
      1.0
    ]
  ],
  "atom_features": [
    [
      -0.13624857366085052,
      0.13624857366085052,
      -0.0753149688243866,
      0.3529411852359772,
      0.25469648838043213,
      0.5093929767608643
    ],
    [
      0.07956338673830032,
      0.07956338673830032,
      0.14049699902534485,
      0.7647058963775635,
      0.481841117143631,
      0.5093929767608643
    ],
    [
      -0.3127562701702118,
      0.3127562701702118,
      -0.25182265043258667,
      0.23529411852359772,
      0.522035539150238,
      0.5897818207740784
    ],
    [
      0.7097758054733276,
      0.7097758054733276,
      0.7707093954086304,
      1.0,
      1.3194899559020996,
      0.8941671848297119
    ],
    [
      -0.5529630184173584,
      0.5529630184173584,
      -0.4920293986797333,
      0.0,
      0.44708359241485596,
      0.8941671848297119
    ],
    [
      -0.3232573866844177,
      0.3232573866844177,
      -0.2623237669467926,
      0.1764705926179886,
      0.5220029950141907,
      0.590313732624054
    ],
    [
      0.0811091735959053,
      0.0811091735959053,
      0.14204278588294983,
      0.8235294222831726,
      0.48079878091812134,
      0.5079053044319153
    ],
    [
      -0.13492311537265778,
      0.13492311537265778,
      -0.07398951053619385,
      0.4117647111415863,
      0.25395265221595764,
      0.5079053044319153
    ],
    [
      -0.2677243649959564,
      0.2677243649959564,
      -0.2067907601594925,
      0.29411765933036804,
      0.5312753915786743,
      0.5647169947624207
    ],
    [
      0.1710115373134613,
      0.1710115373134613,
      0.23194514214992523,
      0.8823529481887817,
      0.9308465719223022,
      0.6857295632362366
    ],
    [
      -0.04912777990102768,
      0.04912777990102768,
      0.011805828660726547,
      0.47058823704719543,
      0.707895040512085,
      0.7300605177879333
    ],
    [
      -0.015093100257217884,
      0.015093100257217884,
      0.04584050923585892,
      0.6470588445663452,
      0.7324264049530029,
      0.7300605177879333
    ],
    [
      0.016754860058426857,
      0.016754860058426857,
      0.07768847048282623,
      0.7058823704719543,
      0.9261189103126526,
      0.6843212246894836
    ],
    [
      0.5572434663772583,
      0.5572434663772583,
      0.618177056312561,
      0.9411764740943909,
      0.9607188105583191,
      0.7173898220062256
    ],
    [
      -0.43053942918777466,
      0.43053942918777466,
      -0.36960580945014954,
      0.05882352963089943,
      0.4426024556159973,
      0.7173898220062256
    ],
    [
      -0.42793524265289307,
      0.42793524265289307,
      -0.36700162291526794,
      0.11764705926179886,
      0.4426005482673645,
      0.71738600730896
    ],
    [
      -0.016329729929566383,
      0.016329729929566383,
      0.044603876769542694,
      0.5882353186607361,
      0.7080156803131104,
      0.7347764372825623
    ],
    [
      -0.04536519944667816,
      0.04536519944667816,
      0.015568409115076065,
      0.529411792755127,
      0.7316886186599731,
      0.7347764372825623
    ]
  ],
  "feature_names": [
    "charge",
    "abs_charge",
    "charge_centered",
    "charge_rank_norm",
    "wbo_sum",
    "wbo_max"
  ],
  "status": "ok",
  "error": null
}