{
  "canonical_smiles": "CN1CCN(C(=O)O[C@H]2c3nccnc3C(=O)N2c2ccc(Cl)cn2)CC1",
  "xtb_valid": true,
  "atom_valid_mask": [
    [
      1.0
    ],
    [
      1.0
    ],
    [
      1.0
    ],
    [
      1.0
    ],
    [
      1.0
    ],
    [
      1.0
    ],
    [
      1.0
    ],
    [
      1.0
    ],
    [
      1.0
    ],
    [
      1.0
    ],
    [
      1.0
    ],
    [
      1.0
    ],
    [
      1.0
    ],
    [
      1.0
    ],
    [
      1.0
    ],
    [
      1.0
    ],
    [
      1.0
    ],
    [
      1.0
    ],
    [
      1.0
    ],
    [
      1.0
    ],
    [
      1.0
    ],
    [
      1.0
    ],
    [
      1.0
    ],
    [
      1.0
    ],
    [
      1.0
    ],
    [
      1.0
    ],
    [
      1.0
    ]
  ],
  "atom_features": [
    [
      -0.04629835858941078,
      0.04629835858941078,
      -0.0014305487275123596,
      0.42307692766189575,
      0.2533220052719116,
      0.5066440105438232
    ],
    [
      -0.1833183467388153,
      0.1833183467388153,
      -0.1384505331516266,
      0.23076923191547394,
      0.7529016137123108,
      0.5066440105438232
    ],
    [
      -0.00998879037797451,
      0.00998879037797451,
      0.03487902134656906,
      0.5,
      0.49920764565467834,
      0.5010746717453003
    ],
    [
      -0.0027835399378091097,
      0.0027835399378091097,
      0.04208426922559738,
      0.6153846383094788,
      0.4919203519821167,
      0.4973406493663788
    ],
    [
      -0.1078539565205574,
      0.1078539565205574,
      -0.06298615038394928,
      0.3076923191547394,
      0.8424152135848999,
      0.6232133507728577
    ],
    [
      0.39259952306747437,
      0.39259952306747437,
      0.4374673366546631,
      1.0,
      0.9644439816474915,
      0.7903575301170349
    ],
    [
      -0.5228286385536194,
      0.5228286385536194,
      -0.47796082496643066,
      0.0,
      0.46800926327705383,
      0.7903575301170349
    ],
    [
      -0.28334492444992065,
      0.28334492444992065,
      -0.23847711086273193,
      0.07692307978868484,
      0.5236199498176575,
      0.5153171420097351
    ],
    [
      0.18028438091278076,
      0.18028438091278076,
      0.22515219449996948,
      0.9230769276618958,
      0.7242806553840637,
      0.48796626925468445
    ],
    [
      0.07504971325397491,
      0.07504971325397491,
      0.11991752684116364,
      0.807692289352417,
      0.9640320539474487,
      0.7101757526397705
    ],
    [
      -0.20755158364772797,
      0.20755158364772797,
      -0.16268377006053925,
      0.1538461595773697,
      0.7377070188522339,
      0.7146586775779724
    ],
    [
      0.05288232862949371,
      0.05288232862949371,
      0.09775014221668243,
      0.7307692170143127,
      0.7342864274978638,
      0.7146586775779724
    ],
    [
      0.048671938478946686,
      0.048671938478946686,
      0.09353974461555481,
      0.692307710647583,
      0.7383840680122375,
      0.7220926880836487
    ],
    [
      -0.1911950409412384,
      0.1911950409412384,
      -0.14632722735404968,
      0.19230769574642181,
      0.7351539731025696,
      0.7220926880836487
    ],
    [
      0.057495661079883575,
      0.057495661079883575,
      0.1023634672164917,
      0.7692307829856873,
      0.9638234376907349,
      0.6976355910301208
    ],
    [
      0.2743220925331116,
      0.2743220925331116,
      0.3191899061203003,
      0.9615384340286255,
      0.9598362445831299,
      0.8424366116523743
    ],
    [
      -0.42483869194984436,
      0.42483869194984436,
      -0.37997087836265564,
      0.03846153989434242,
      0.46224796772003174,
      0.8424366116523743
    ],
    [
      -0.09736388921737671,
      0.09736388921737671,
      -0.05249607935547829,
      0.3461538553237915,
      0.8398303985595703,
      0.5763854384422302
    ],
    [
      0.15660618245601654,
      0.15660618245601654,
      0.20147399604320526,
      0.8846153616905212,
      0.9479215741157532,
      0.6823767423629761
    ],
    [
      -0.05046917870640755,
      0.05046917870640755,
      -0.005601368844509125,
      0.38461539149284363,
      0.7302567362785339,
      0.7270799279212952
    ],
    [
      -0.02390008047223091,
      0.02390008047223091,
      0.02096772938966751,
      0.4615384638309479,
      0.7354674935340881,
      0.7270799279212952
    ],
    [
      0.09491237998008728,
      0.09491237998008728,
      0.139780193567276,
      0.8461538553237915,
      0.9419259428977966,
      0.7013037800788879
    ],
    [
      -0.17206397652626038,
      0.17206397652626038,
      -0.12719616293907166,
      0.26923078298568726,
      0.24442549049854279,
      0.48885098099708557
    ],
    [
      0.04332162067294121,
      0.04332162067294121,
      0.08818943053483963,
      0.6538461446762085,
      0.7335739135742188,
      0.7107235193252563
    ],
    [
      -0.25456953048706055,
      0.25456953048706055,
      -0.20970171689987183,
      0.11538461595773697,
      0.7216291427612305,
      0.7107235193252563
    ],
    [
      -0.006064469926059246,
      0.006064469926059246,
      0.0388033390045166,
      0.5384615659713745,
      0.4942395091056824,
      0.5016326308250427
    ],
    [
      -0.0031438900623470545,
      0.0031438900623470545,
      0.04172391816973686,
      0.5769230723381042,
      0.4998585879802704,
      0.5016326308250427
    ]
  ],
  "feature_names": [
    "charge",
    "abs_charge",
    "charge_centered",
    "charge_rank_norm",
    "wbo_sum",
    "wbo_max"
  ],
  "status": "ok",
  "error": null
}